	// 1114.3.0
	 #pragma once
const uint32_t mesh_frag_spv[] = {
	0x07230203,0x00010000,0x0008000b,0x00000f0b,0x00000000,0x00020011,0x00000001,0x00020011,
	0x00000002,0x00020011,0x00000032,0x0006000b,0x00000001,0x4c534c47,0x6474732e,0x3035342e,
	0x00000000,0x0003000e,0x00000000,0x00000001,0x0010000f,0x00000004,0x00000004,0x6e69616d,
	0x00000000,0x000002d9,0x0000037f,0x0000052a,0x0000055a,0x00000837,0x00000874,0x000008d7,
	0x000008eb,0x00000a7d,0x00000a95,0x00000a99,0x00030010,0x00000004,0x00000007,0x00030003,
	0x00000002,0x000001c2,0x00040005,0x00000004,0x6e69616d,0x00000000,0x00050005,0x0000000c,
	0x6f436469,0x28726f6c,0x003b3169,0x00030005,0x0000000b,0x00006469,0x00070005,0x00000011,
	0x656e696c,0x6f547261,0x62677253,0x33667628,0x0000003b,0x00030005,0x00000010,0x00000063,
	0x00070005,0x00000014,0x70727570,0x4365736f,0x726f6c6f,0x3b316928,0x00000000,0x00030005,
	0x00000013,0x00000070,0x00060005,0x00000017,0x646e696b,0x6f6c6f43,0x31692872,0x0000003b,
	0x00030005,0x00000016,0x0000006b,0x00090005,0x00000025,0x706d6173,0x6455656c,0x73286d69,
	0x3b313241,0x763b3169,0x763b3266,0x003b3466,0x00030005,0x00000021,0x00786574,0x00040005,
	0x00000022,0x746f6c73,0x00000000,0x00030005,0x00000023,0x00007675,0x00040005,0x00000024,
	0x7373696d,0x00676e69,0x00070005,0x0000002b,0x706d6f63,0x46657475,0x66762830,0x31663b33,
	0x0000003b,0x00040005,0x00000029,0x65736162,0x00000000,0x00050005,0x0000002a,0x6174656d,
	0x63696c6c,0x00000000,0x00080005,0x00000030,0x74736964,0x75626972,0x6e6f6974,0x28584747,
	0x663b3166,0x00003b31,0x00030005,0x0000002e,0x00486f4e,0x00050005,0x0000002f,0x67756f72,
	0x73656e68,0x00000073,0x00090005,0x00000034,0x6d6f6567,0x79727465,0x6c686353,0x476b6369,
	0x66285847,0x31663b31,0x0000003b,0x00030005,0x00000032,0x00586f4e,0x00050005,0x00000033,
	0x67756f72,0x73656e68,0x00000073,0x00080005,0x00000039,0x73657266,0x536c656e,0x696c6863,
	0x66286b63,0x66763b31,0x00003b33,0x00030005,0x00000037,0x00486f56,0x00030005,0x00000038,
	0x00003066,0x00070005,0x0000003b,0x6574614d,0x6c616972,0x50786554,0x6d617261,0x00000000,
	0x00050006,0x0000003b,0x00000000,0x65736162,0x00307655,0x00050006,0x0000003b,0x00000001,
	0x65736162,0x00317655,0x00050006,0x0000003b,0x00000002,0x7655726d,0x00000030,0x00050006,
	0x0000003b,0x00000003,0x7655726d,0x00000031,0x00060006,0x0000003b,0x00000004,0x6d726f6e,
	0x76556c61,0x00000030,0x00060006,0x0000003b,0x00000005,0x6d726f6e,0x76556c61,0x00000031,
	0x00060006,0x0000003b,0x00000006,0x73696d65,0x65766973,0x00307655,0x00060006,0x0000003b,
	0x00000007,0x73696d65,0x65766973,0x00317655,0x00050006,0x0000003b,0x00000008,0x70736964,
	0x00307655,0x00050006,0x0000003b,0x00000009,0x70736964,0x00317655,0x00060006,0x0000003b,
	0x0000000a,0x65736162,0x6c616353,0x00000065,0x00060006,0x0000003b,0x0000000b,0x65736162,
	0x73616942,0x00000000,0x00060006,0x0000003b,0x0000000c,0x6d726f6e,0x63536c61,0x00656c61,
	0x00060006,0x0000003b,0x0000000d,0x6d726f6e,0x69426c61,0x00007361,0x00070006,0x0000003b,
	0x0000000e,0x73696d65,0x65766973,0x6c616353,0x00000065,0x00070006,0x0000003b,0x0000000f,
	0x73696d65,0x65766973,0x73616942,0x00000000,0x00050006,0x0000003b,0x00000010,0x6c616373,
	0x00307261,0x00050006,0x0000003b,0x00000011,0x6c616373,0x00317261,0x00050006,0x0000003b,
	0x00000012,0x65537675,0x00007374,0x00060006,0x0000003b,0x00000013,0x63657073,0x61726150,
	0x0000736d,0x00060006,0x0000003b,0x00000014,0x6361706f,0x55797469,0x00003076,0x00060006,
	0x0000003b,0x00000015,0x6361706f,0x55797469,0x00003176,0x00070006,0x0000003b,0x00000016,
	0x6361706f,0x50797469,0x6d617261,0x00000073,0x00060006,0x0000003b,0x00000017,0x6d696475,
	0x746f6c53,0x00003073,0x00060006,0x0000003b,0x00000018,0x6d696475,0x746f6c53,0x00003173,
	0x00060006,0x0000003b,0x00000019,0x67756f72,0x30765568,0x00000000,0x00060006,0x0000003b,
	0x0000001a,0x67756f72,0x31765568,0x00000000,0x00060006,0x0000003b,0x0000001b,0x74616f63,
	0x61726150,0x0000736d,0x00060006,0x0000003b,0x0000001c,0x74616f63,0x6f6c6f43,0x00000072,
	0x00070006,0x0000003b,0x0000001d,0x6c63636f,0x6f697375,0x3076556e,0x00000000,0x00070006,
	0x0000003b,0x0000001e,0x6c63636f,0x6f697375,0x3176556e,0x00000000,0x00070006,0x0000003b,
	0x0000001f,0x6c63636f,0x6f697375,0x7261506e,0x00736d61,0x00070006,0x0000003b,0x00000020,
	0x63657073,0x6f6c6f43,0x30765572,0x00000000,0x00070006,0x0000003b,0x00000021,0x63657073,
	0x6f6c6f43,0x31765572,0x00000000,0x00070006,0x0000003b,0x00000022,0x74616f63,0x67696557,
	0x76557468,0x00000030,0x00070006,0x0000003b,0x00000023,0x74616f63,0x67696557,0x76557468,
	0x00000031,0x00070006,0x0000003b,0x00000024,0x74616f63,0x6f6c6f43,0x30765572,0x00000000,
	0x00070006,0x0000003b,0x00000025,0x74616f63,0x6f6c6f43,0x31765572,0x00000000,0x00070006,
	0x0000003b,0x00000026,0x74616f63,0x67756f52,0x30765568,0x00000000,0x00070006,0x0000003b,
	0x00000027,0x74616f63,0x67756f52,0x31765568,0x00000000,0x00070006,0x0000003b,0x00000028,
	0x74616f63,0x50786554,0x6d617261,0x00000073,0x00060006,0x0000003b,0x00000029,0x72747865,
	0x53765561,0x00737465,0x00070006,0x0000003b,0x0000002a,0x63657073,0x6f6c6f43,0x61635372,
	0x0000656c,0x00070006,0x0000003b,0x0000002b,0x63657073,0x6f6c6f43,0x61694272,0x00000073,
	0x00070006,0x0000003b,0x0000002c,0x74616f63,0x67696557,0x63537468,0x00656c61,0x00070006,
	0x0000003b,0x0000002d,0x74616f63,0x67696557,0x69427468,0x00007361,0x00070006,0x0000003b,
	0x0000002e,0x74616f63,0x6f6c6f43,0x61635372,0x0000656c,0x00070006,0x0000003b,0x0000002f,
	0x74616f63,0x6f6c6f43,0x61694272,0x00000073,0x00070006,0x0000003b,0x00000030,0x74616f63,
	0x67756f52,0x61635368,0x0000656c,0x00070006,0x0000003b,0x00000031,0x74616f63,0x67756f52,
	0x61694268,0x00000073,0x00070006,0x0000003b,0x00000032,0x74616f63,0x6d726f4e,0x76556c61,
	0x00000030,0x00070006,0x0000003b,0x00000033,0x74616f63,0x6d726f4e,0x76556c61,0x00000031,
	0x00070006,0x0000003b,0x00000034,0x74616f63,0x6d726f4e,0x63536c61,0x00656c61,0x00070006,
	0x0000003b,0x00000035,0x74616f63,0x6d726f4e,0x69426c61,0x00007361,0x00080006,0x0000003b,
	0x00000036,0x616d6573,0x6369746e,0x6d696455,0x746f6c53,0x00000073,0x00080006,0x0000003b,
	0x00000037,0x616d6573,0x6369746e,0x6d696455,0x746f6c53,0x00003273,0x00070006,0x0000003b,
	0x00000038,0x78657470,0x65736142,0x6f666e49,0x00000000,0x00070006,0x0000003b,0x00000039,
	0x78657470,0x6174654d,0x666e496c,0x0000006f,0x00070006,0x0000003b,0x0000003a,0x78657470,
	0x67756f52,0x666e4968,0x0000006f,0x00070006,0x0000003b,0x0000003b,0x78657470,0x6d726f4e,
	0x6e496c61,0x00006f66,0x00080006,0x0000003b,0x0000003c,0x78657470,0x73696d45,0x65766973,
	0x6f666e49,0x00000000,0x00070006,0x0000003b,0x0000003d,0x78657470,0x6361704f,0x49797469,
	0x006f666e,0x00080006,0x0000003b,0x0000003e,0x78657470,0x6c63634f,0x6f697375,0x666e496e,
	0x0000006f,0x00060005,0x0000003d,0x5474616d,0x61507865,0x286d6172,0x00000000,0x00080005,
	0x00000043,0x726f6678,0x2876556d,0x3b326676,0x3b346676,0x3b346676,0x00000000,0x00030005,
	0x00000040,0x00007675,0x00040005,0x00000041,0x30776f72,0x00000000,0x00040005,0x00000042,
	0x31776f72,0x00000000,0x00070005,0x00000048,0x6e616863,0x4f6c656e,0x66762866,0x31663b34,
	0x0000003b,0x00030005,0x00000046,0x00000063,0x00030005,0x00000047,0x00666863,0x00070005,
	0x0000004c,0x72756f73,0x61466563,0x6f466563,0x65745072,0x00002878,0x00070005,0x00000055,
	0x78657470,0x73287655,0x763b3132,0x763b3266,0x003b3466,0x00030005,0x00000052,0x00786574,
	0x00030005,0x00000053,0x00007675,0x00040005,0x00000054,0x6f666e69,0x00000000,0x00080005,
	0x00000059,0x706d6173,0x6142656c,0x6f436573,0x28726f6c,0x3b326676,0x00000000,0x00030005,
	0x00000058,0x00007675,0x00070005,0x0000005c,0x706d6173,0x654d656c,0x6c6c6174,0x76286369,
	0x003b3266,0x00030005,0x0000005b,0x00007675,0x00080005,0x0000005f,0x706d6173,0x6f52656c,
	0x6e686775,0x28737365,0x3b326676,0x00000000,0x00030005,0x0000005e,0x00007675,0x00070005,
	0x00000062,0x706d6173,0x6f4e656c,0x6c616d72,0x32667628,0x0000003b,0x00030005,0x00000061,
	0x00007675,0x00070005,0x00000065,0x706d6173,0x6d45656c,0x69737369,0x76286576,0x003b3266,
	0x00030005,0x00000064,0x00007675,0x00080005,0x00000068,0x6c707061,0x616f4379,0x726f4e74,
	0x4d6c616d,0x76287061,0x003b3366,0x00030005,0x00000067,0x0000006e,0x00070005,0x0000006c,
	0x706d6173,0x704f656c,0x74696361,0x66762879,0x00003b32,0x00030005,0x0000006b,0x00007675,
	0x00080005,0x0000006f,0x706d6173,0x634f656c,0x73756c63,0x286e6f69,0x3b326676,0x00000000,
	0x00030005,0x0000006e,0x00007675,0x00110005,0x0000007e,0x706d6173,0x6f43656c,0x63537461,
	0x72616c61,0x6d696455,0x31327328,0x3241733b,0x31623b31,0x3b31663b,0x3b346676,0x3b346676,
	0x663b3166,0x66763b31,0x66763b34,0x00003b34,0x00030005,0x00000074,0x00786574,0x00040005,
	0x00000075,0x6d696475,0x00786554,0x00050005,0x00000076,0x6964726f,0x7972616e,0x00000000,
	0x00030005,0x00000077,0x00776f72,0x00030005,0x00000078,0x00307675,0x00030005,0x00000079,
	0x00317675,0x00040005,0x0000007a,0x65537675,0x00000074,0x00040005,0x0000007b,0x6e616863,
	0x006c656e,0x00040005,0x0000007c,0x6c616373,0x00000065,0x00040005,0x0000007d,0x73616962,
	0x00000000,0x000e0005,0x00000088,0x706d6173,0x6f43656c,0x6f437461,0x55726f6c,0x286d6964,
	0x663b3162,0x66763b31,0x66763b34,0x31663b34,0x3466763b,0x3466763b,0x0000003b,0x00050005,
	0x00000081,0x6964726f,0x7972616e,0x00000000,0x00030005,0x00000082,0x00776f72,0x00030005,
	0x00000083,0x00307675,0x00030005,0x00000084,0x00317675,0x00040005,0x00000085,0x65537675,
	0x00000074,0x00040005,0x00000086,0x6c616373,0x00000065,0x00040005,0x00000087,0x73616962,
	0x00000000,0x00090005,0x0000008e,0x706d6173,0x6853656c,0x776f6461,0x33667628,0x3366763b,
	0x3366763b,0x0000003b,0x00050005,0x0000008b,0x6c726f77,0x736f5064,0x00000000,0x00040005,
	0x0000008c,0x6d726f6e,0x00006c61,0x00050005,0x0000008d,0x6867696c,0x72694474,0x00000000,
	0x00070005,0x00000091,0x6c707061,0x726f4e79,0x4d6c616d,0x76287061,0x003b3366,0x00030005,
	0x00000090,0x0000006e,0x00030005,0x0000009c,0x00000068,0x00030005,0x000000bc,0x00006f6c,
	0x00030005,0x000000c0,0x00006968,0x00040005,0x00000116,0x656c6974,0x00000000,0x00030005,
	0x0000011a,0x00786469,0x00040005,0x0000012d,0x6579616c,0x00000072,0x00060005,0x0000012e,
	0x69645575,0x74754c6d,0x616c7441,0x00000073,0x00030005,0x0000014c,0x00007073,0x00070005,
	0x0000014d,0x6574614d,0x6c616972,0x50786554,0x6d617261,0x00000000,0x00050006,0x0000014d,
	0x00000000,0x65736162,0x00307655,0x00050006,0x0000014d,0x00000001,0x65736162,0x00317655,
	0x00050006,0x0000014d,0x00000002,0x7655726d,0x00000030,0x00050006,0x0000014d,0x00000003,
	0x7655726d,0x00000031,0x00060006,0x0000014d,0x00000004,0x6d726f6e,0x76556c61,0x00000030,
	0x00060006,0x0000014d,0x00000005,0x6d726f6e,0x76556c61,0x00000031,0x00060006,0x0000014d,
	0x00000006,0x73696d65,0x65766973,0x00307655,0x00060006,0x0000014d,0x00000007,0x73696d65,
	0x65766973,0x00317655,0x00050006,0x0000014d,0x00000008,0x70736964,0x00307655,0x00050006,
	0x0000014d,0x00000009,0x70736964,0x00317655,0x00060006,0x0000014d,0x0000000a,0x65736162,
	0x6c616353,0x00000065,0x00060006,0x0000014d,0x0000000b,0x65736162,0x73616942,0x00000000,
	0x00060006,0x0000014d,0x0000000c,0x6d726f6e,0x63536c61,0x00656c61,0x00060006,0x0000014d,
	0x0000000d,0x6d726f6e,0x69426c61,0x00007361,0x00070006,0x0000014d,0x0000000e,0x73696d65,
	0x65766973,0x6c616353,0x00000065,0x00070006,0x0000014d,0x0000000f,0x73696d65,0x65766973,
	0x73616942,0x00000000,0x00050006,0x0000014d,0x00000010,0x6c616373,0x00307261,0x00050006,
	0x0000014d,0x00000011,0x6c616373,0x00317261,0x00050006,0x0000014d,0x00000012,0x65537675,
	0x00007374,0x00060006,0x0000014d,0x00000013,0x63657073,0x61726150,0x0000736d,0x00060006,
	0x0000014d,0x00000014,0x6361706f,0x55797469,0x00003076,0x00060006,0x0000014d,0x00000015,
	0x6361706f,0x55797469,0x00003176,0x00070006,0x0000014d,0x00000016,0x6361706f,0x50797469,
	0x6d617261,0x00000073,0x00060006,0x0000014d,0x00000017,0x6d696475,0x746f6c53,0x00003073,
	0x00060006,0x0000014d,0x00000018,0x6d696475,0x746f6c53,0x00003173,0x00060006,0x0000014d,
	0x00000019,0x67756f72,0x30765568,0x00000000,0x00060006,0x0000014d,0x0000001a,0x67756f72,
	0x31765568,0x00000000,0x00060006,0x0000014d,0x0000001b,0x74616f63,0x61726150,0x0000736d,
	0x00060006,0x0000014d,0x0000001c,0x74616f63,0x6f6c6f43,0x00000072,0x00070006,0x0000014d,
	0x0000001d,0x6c63636f,0x6f697375,0x3076556e,0x00000000,0x00070006,0x0000014d,0x0000001e,
	0x6c63636f,0x6f697375,0x3176556e,0x00000000,0x00070006,0x0000014d,0x0000001f,0x6c63636f,
	0x6f697375,0x7261506e,0x00736d61,0x00070006,0x0000014d,0x00000020,0x63657073,0x6f6c6f43,
	0x30765572,0x00000000,0x00070006,0x0000014d,0x00000021,0x63657073,0x6f6c6f43,0x31765572,
	0x00000000,0x00070006,0x0000014d,0x00000022,0x74616f63,0x67696557,0x76557468,0x00000030,
	0x00070006,0x0000014d,0x00000023,0x74616f63,0x67696557,0x76557468,0x00000031,0x00070006,
	0x0000014d,0x00000024,0x74616f63,0x6f6c6f43,0x30765572,0x00000000,0x00070006,0x0000014d,
	0x00000025,0x74616f63,0x6f6c6f43,0x31765572,0x00000000,0x00070006,0x0000014d,0x00000026,
	0x74616f63,0x67756f52,0x30765568,0x00000000,0x00070006,0x0000014d,0x00000027,0x74616f63,
	0x67756f52,0x31765568,0x00000000,0x00070006,0x0000014d,0x00000028,0x74616f63,0x50786554,
	0x6d617261,0x00000073,0x00060006,0x0000014d,0x00000029,0x72747865,0x53765561,0x00737465,
	0x00070006,0x0000014d,0x0000002a,0x63657073,0x6f6c6f43,0x61635372,0x0000656c,0x00070006,
	0x0000014d,0x0000002b,0x63657073,0x6f6c6f43,0x61694272,0x00000073,0x00070006,0x0000014d,
	0x0000002c,0x74616f63,0x67696557,0x63537468,0x00656c61,0x00070006,0x0000014d,0x0000002d,
	0x74616f63,0x67696557,0x69427468,0x00007361,0x00070006,0x0000014d,0x0000002e,0x74616f63,
	0x6f6c6f43,0x61635372,0x0000656c,0x00070006,0x0000014d,0x0000002f,0x74616f63,0x6f6c6f43,
	0x61694272,0x00000073,0x00070006,0x0000014d,0x00000030,0x74616f63,0x67756f52,0x61635368,
	0x0000656c,0x00070006,0x0000014d,0x00000031,0x74616f63,0x67756f52,0x61694268,0x00000073,
	0x00070006,0x0000014d,0x00000032,0x74616f63,0x6d726f4e,0x76556c61,0x00000030,0x00070006,
	0x0000014d,0x00000033,0x74616f63,0x6d726f4e,0x76556c61,0x00000031,0x00070006,0x0000014d,
	0x00000034,0x74616f63,0x6d726f4e,0x63536c61,0x00656c61,0x00070006,0x0000014d,0x00000035,
	0x74616f63,0x6d726f4e,0x69426c61,0x00007361,0x00080006,0x0000014d,0x00000036,0x616d6573,
	0x6369746e,0x6d696455,0x746f6c53,0x00000073,0x00080006,0x0000014d,0x00000037,0x616d6573,
	0x6369746e,0x6d696455,0x746f6c53,0x00003273,0x00070006,0x0000014d,0x00000038,0x78657470,
	0x65736142,0x6f666e49,0x00000000,0x00070006,0x0000014d,0x00000039,0x78657470,0x6174654d,
	0x666e496c,0x0000006f,0x00070006,0x0000014d,0x0000003a,0x78657470,0x67756f52,0x666e4968,
	0x0000006f,0x00070006,0x0000014d,0x0000003b,0x78657470,0x6d726f4e,0x6e496c61,0x00006f66,
	0x00080006,0x0000014d,0x0000003c,0x78657470,0x73696d45,0x65766973,0x6f666e49,0x00000000,
	0x00070006,0x0000014d,0x0000003d,0x78657470,0x6361704f,0x49797469,0x006f666e,0x00080006,
	0x0000014d,0x0000003e,0x78657470,0x6c63634f,0x6f697375,0x666e496e,0x0000006f,0x00040005,
	0x0000014f,0x5474614d,0x00007865,0x00040006,0x0000014f,0x00000000,0x00000070,0x00030005,
	0x00000151,0x0070746d,0x00060005,0x00000154,0x68737550,0x736e6f43,0x746e6174,0x00000073,
	0x00050006,0x00000154,0x00000000,0x65646f6d,0x0000006c,0x00060006,0x00000154,0x00000001,
	0x65736162,0x6f6c6f43,0x00000072,0x00050006,0x00000154,0x00000002,0x4174616d,0x00007875,
	0x00060006,0x00000154,0x00000003,0x73696d65,0x65766973,0x00000000,0x00040006,0x00000154,
	0x00000004,0x00736469,0x00030005,0x00000156,0x00006370,0x00040005,0x00000168,0x6e65706f,
	0x00726250,0x00030005,0x0000016d,0x00726f69,0x00030005,0x0000017a,0x00000064,0x00050005,
	0x00000180,0x6c656964,0x72746365,0x00006369,0x00030005,0x00000197,0x00000061,0x00030005,
	0x0000019d,0x00003261,0x00030005,0x000001a1,0x00000064,0x00030005,0x000001b4,0x00000072,
	0x00030005,0x000001b7,0x0000006b,0x00030005,0x000001c8,0x00000066,0x00030005,0x000002a6,
	0x00006863,0x00040005,0x000002cc,0x65736162,0x00000000,0x00040005,0x000002d4,0x65636146,
	0x00000073,0x00050006,0x000002d4,0x00000000,0x65636166,0x00006449,0x00030005,0x000002d6,
	0x00000000,0x00060005,0x000002d9,0x505f6c67,0x696d6972,0x65766974,0x00004449,0x00040005,
	0x000002f1,0x65636166,0x00000000,0x00040005,0x000002fc,0x657a6973,0x00000000,0x00040005,
	0x00000300,0x65736162,0x00000000,0x00050005,0x00000309,0x706d6f63,0x6e656e6f,0x00000074,
	0x00030005,0x00000311,0x00006f6c,0x00030005,0x00000316,0x00000061,0x00030005,0x00000324,
	0x00000062,0x00040005,0x00000337,0x756c6176,0x00000065,0x00030005,0x00000355,0x00007870,
	0x00030005,0x00000378,0x0000006d,0x00030005,0x0000037a,0x00767573,0x00040005,0x0000037f,
	0x31565576,0x00000000,0x00030005,0x00000385,0x00767574,0x00040005,0x00000386,0x61726170,
	0x0000006d,0x00040005,0x00000388,0x61726170,0x0000006d,0x00040005,0x0000038b,0x61726170,
	0x0000006d,0x00050005,0x0000038f,0x78657470,0x65636146,0x00000000,0x00040005,0x00000391,
	0x78657470,0x00007655,0x00050005,0x00000393,0x696c6176,0x65745064,0x00000078,0x00040005,
	0x000003a9,0x65736162,0x00000000,0x00040005,0x000003b2,0x657a6973,0x00000000,0x00060005,
	0x000003b3,0x73614275,0x6c6f4365,0x6554726f,0x00000078,0x00050005,0x000003b7,0x706d6f63,
	0x6e656e6f,0x00000074,0x00030005,0x000003bf,0x00006f6c,0x00030005,0x000003c4,0x00000061,
	0x00030005,0x000003d2,0x00000062,0x00040005,0x000003e2,0x756c6176,0x00007365,0x00030005,
	0x000003f1,0x00007870,0x00030005,0x00000413,0x00000063,0x00070005,0x00000423,0x73614275,
	0x6c6f4365,0x6455726f,0x65546d69,0x00000078,0x00040005,0x00000429,0x61726170,0x0000006d,
	0x00040005,0x0000042a,0x61726170,0x0000006d,0x00040005,0x0000042c,0x61726170,0x0000006d,
	0x00030005,0x0000043d,0x0000006d,0x00030005,0x0000043f,0x00767573,0x00030005,0x00000447,
	0x00767574,0x00040005,0x00000448,0x61726170,0x0000006d,0x00040005,0x0000044a,0x61726170,
	0x0000006d,0x00040005,0x0000044d,0x61726170,0x0000006d,0x00060005,0x00000451,0x74654d75,
	0x696c6c61,0x78655463,0x00000000,0x00040005,0x00000452,0x61726170,0x0000006d,0x00040005,
	0x00000454,0x61726170,0x0000006d,0x00070005,0x0000045f,0x74654d75,0x696c6c61,0x69645563,
	0x7865546d,0x00000000,0x00040005,0x00000464,0x61726170,0x0000006d,0x00040005,0x00000465,
	0x61726170,0x0000006d,0x00040005,0x00000467,0x61726170,0x0000006d,0x00030005,0x00000470,
	0x0000006d,0x00030005,0x00000472,0x00767573,0x00030005,0x0000047a,0x00767574,0x00040005,
	0x0000047b,0x61726170,0x0000006d,0x00040005,0x0000047d,0x61726170,0x0000006d,0x00040005,
	0x00000480,0x61726170,0x0000006d,0x00060005,0x00000484,0x756f5275,0x656e6867,0x65547373,
	0x00000078,0x00040005,0x00000485,0x61726170,0x0000006d,0x00040005,0x00000487,0x61726170,
	0x0000006d,0x00070005,0x00000493,0x756f5275,0x656e6867,0x64557373,0x65546d69,0x00000078,
	0x00040005,0x00000499,0x61726170,0x0000006d,0x00040005,0x0000049a,0x61726170,0x0000006d,
	0x00040005,0x0000049c,0x61726170,0x0000006d,0x00030005,0x000004a5,0x0000006d,0x00030005,
	0x000004a7,0x00767573,0x00030005,0x000004af,0x00767574,0x00040005,0x000004b0,0x61726170,
	0x0000006d,0x00040005,0x000004b2,0x61726170,0x0000006d,0x00040005,0x000004b5,0x61726170,
	0x0000006d,0x00050005,0x000004b9,0x726f4e75,0x546c616d,0x00007865,0x00040005,0x000004ba,
	0x61726170,0x0000006d,0x00040005,0x000004bc,0x61726170,0x0000006d,0x00030005,0x000004c0,
	0x00000063,0x00060005,0x000004c8,0x726f4e75,0x556c616d,0x546d6964,0x00007865,0x00040005,
	0x000004ce,0x61726170,0x0000006d,0x00040005,0x000004cf,0x61726170,0x0000006d,0x00040005,
	0x000004d1,0x61726170,0x0000006d,0x00030005,0x000004e1,0x0000006d,0x00030005,0x000004e3,
	0x00767573,0x00030005,0x000004eb,0x00767574,0x00040005,0x000004ec,0x61726170,0x0000006d,
	0x00040005,0x000004ee,0x61726170,0x0000006d,0x00040005,0x000004f1,0x61726170,0x0000006d,
	0x00060005,0x000004f5,0x696d4575,0x76697373,0x78655465,0x00000000,0x00040005,0x000004f6,
	0x61726170,0x0000006d,0x00040005,0x000004f8,0x61726170,0x0000006d,0x00030005,0x000004fc,
	0x00000063,0x00070005,0x00000504,0x696d4575,0x76697373,0x69645565,0x7865546d,0x00000000,
	0x00040005,0x00000509,0x61726170,0x0000006d,0x00040005,0x0000050a,0x61726170,0x0000006d,
	0x00040005,0x0000050c,0x61726170,0x0000006d,0x00030005,0x0000051c,0x0000006d,0x00030005,
	0x00000525,0x00767573,0x00030005,0x0000052a,0x00565576,0x00030005,0x0000052e,0x00007675,
	0x00040005,0x0000052f,0x61726170,0x0000006d,0x00040005,0x00000531,0x61726170,0x0000006d,
	0x00040005,0x00000534,0x61726170,0x0000006d,0x00060005,0x00000538,0x706d6173,0x4e64656c,
	0x616d726f,0x0000006c,0x00070005,0x0000053f,0x616f4375,0x726f4e74,0x556c616d,0x546d6964,
	0x00007865,0x00040005,0x00000544,0x61726170,0x0000006d,0x00040005,0x00000545,0x61726170,
	0x0000006d,0x00040005,0x00000547,0x61726170,0x0000006d,0x00060005,0x0000054a,0x616f4375,
	0x726f4e74,0x546c616d,0x00007865,0x00030005,0x0000054f,0x00006d6e,0x00030005,0x00000558,
	0x00317064,0x00050005,0x0000055a,0x726f5776,0x6f50646c,0x00000073,0x00030005,0x0000055d,
	0x00327064,0x00030005,0x00000560,0x00317564,0x00030005,0x00000563,0x00327564,0x00030005,
	0x00000566,0x00000072,0x00030005,0x00000572,0x00000074,0x00030005,0x00000592,0x00000062,
	0x00030005,0x000005ba,0x0000006d,0x00030005,0x000005bc,0x00767573,0x00030005,0x000005c4,
	0x00767574,0x00040005,0x000005c5,0x61726170,0x0000006d,0x00040005,0x000005c7,0x61726170,
	0x0000006d,0x00040005,0x000005ca,0x61726170,0x0000006d,0x00050005,0x000005ce,0x61704f75,
	0x79746963,0x00786554,0x00040005,0x000005cf,0x61726170,0x0000006d,0x00040005,0x000005d1,
	0x61726170,0x0000006d,0x00030005,0x000005d5,0x00000063,0x00060005,0x000005dd,0x61704f75,
	0x79746963,0x6d696455,0x00786554,0x00040005,0x000005e2,0x61726170,0x0000006d,0x00040005,
	0x000005e3,0x61726170,0x0000006d,0x00040005,0x000005e5,0x61726170,0x0000006d,0x00040005,
	0x000005ec,0x61726170,0x0000006d,0x00040005,0x000005ee,0x61726170,0x0000006d,0x00030005,
	0x00000603,0x0000006d,0x00030005,0x00000605,0x00767573,0x00030005,0x0000060d,0x00767574,
	0x00040005,0x0000060e,0x61726170,0x0000006d,0x00040005,0x00000610,0x61726170,0x0000006d,
	0x00040005,0x00000613,0x61726170,0x0000006d,0x00030005,0x00000617,0x00000063,0x00070005,
	0x00000620,0x63634f75,0x6973756c,0x64556e6f,0x65546d69,0x00000078,0x00040005,0x00000625,
	0x61726170,0x0000006d,0x00040005,0x00000626,0x61726170,0x0000006d,0x00040005,0x00000628,
	0x61726170,0x0000006d,0x00060005,0x0000062b,0x63634f75,0x6973756c,0x65546e6f,0x00000078,
	0x00040005,0x00000630,0x61726170,0x0000006d,0x00040005,0x00000632,0x61726170,0x0000006d,
	0x00040005,0x0000063f,0x6d696475,0x00000000,0x00030005,0x0000064d,0x00767573,0x00030005,
	0x00000654,0x00007675,0x00040005,0x00000655,0x61726170,0x0000006d,0x00040005,0x00000657,
	0x61726170,0x0000006d,0x00040005,0x00000659,0x61726170,0x0000006d,0x00030005,0x0000065c,
	0x00000063,0x00040005,0x00000664,0x61726170,0x0000006d,0x00040005,0x00000665,0x61726170,
	0x0000006d,0x00040005,0x00000667,0x61726170,0x0000006d,0x00040005,0x00000677,0x61726170,
	0x0000006d,0x00040005,0x00000678,0x61726170,0x0000006d,0x00040005,0x0000067d,0x6d696475,
	0x00000000,0x00030005,0x0000068b,0x00767573,0x00030005,0x00000692,0x00007675,0x00040005,
	0x00000693,0x61726170,0x0000006d,0x00040005,0x00000695,0x61726170,0x0000006d,0x00040005,
	0x00000697,0x61726170,0x0000006d,0x00030005,0x0000069a,0x00000063,0x00070005,0x0000069f,
	0x616f4375,0x6c6f4374,0x6455726f,0x65546d69,0x00000078,0x00040005,0x000006a3,0x61726170,
	0x0000006d,0x00040005,0x000006a4,0x61726170,0x0000006d,0x00040005,0x000006a6,0x61726170,
	0x0000006d,0x00060005,0x000006a9,0x616f4375,0x6c6f4374,0x6554726f,0x00000078,0x00050005,
	0x000006b6,0x74736152,0x694c7265,0x00746867,0x00070006,0x000006b6,0x00000000,0x69736f70,
	0x6e6f6974,0x65707954,0x00000000,0x00070006,0x000006b6,0x00000001,0x65726964,0x6f697463,
	0x676e416e,0x0000656c,0x00070006,0x000006b6,0x00000002,0x6f6c6f63,0x66694472,0x65737566,
	0x00000000,0x00070006,0x000006b6,0x00000003,0x63657073,0x72616c75,0x70616853,0x00000065,
	0x00040005,0x000006bc,0x6d617246,0x00000065,0x00050006,0x000006bc,0x00000000,0x70736964,
	0x00000000,0x00060006,0x000006bc,0x00000001,0x77656976,0x6a6f7250,0x00000000,0x00050006,
	0x000006bc,0x00000002,0x506d6163,0x0000736f,0x00060006,0x000006bc,0x00000003,0x6e656373,
	0x6e694d65,0x00000000,0x00060006,0x000006bc,0x00000004,0x6e656373,0x74784565,0x00746e65,
	0x00060006,0x000006bc,0x00000005,0x6867696c,0x72694474,0x00000000,0x00060006,0x000006bc,
	0x00000006,0x6867696c,0x6c6f4374,0x0000726f,0x00070006,0x000006bc,0x00000007,0x74736172,
	0x694c7265,0x73746867,0x00000000,0x00070006,0x000006bc,0x00000008,0x74736172,0x694c7265,
	0x49746867,0x006f666e,0x00050006,0x000006bc,0x00000009,0x65646f6d,0x00000000,0x00050006,
	0x000006bc,0x0000000a,0x52766e65,0x0000746f,0x00060006,0x000006bc,0x0000000b,0x436c6269,
	0x726f6c6f,0x00000000,0x00060006,0x000006bc,0x0000000c,0x506c6269,0x6d617261,0x00000073,
	0x00070006,0x000006bc,0x0000000d,0x64616873,0x6956776f,0x72507765,0x00006a6f,0x00080006,
	0x000006bc,0x0000000e,0x6e696f70,0x61685374,0x4c776f64,0x74686769,0x00000000,0x00080006,
	0x000006bc,0x0000000f,0x6e696f70,0x61685374,0x56776f64,0x50776569,0x006a6f72,0x00030005,
	0x000006be,0x00007266,0x00030005,0x000006c5,0x00000064,0x00030005,0x000006cb,0x00000061,
	0x00040005,0x000006ce,0x65636166,0x00000000,0x00040005,0x000006f7,0x70696c63,0x00000000,
	0x00030005,0x00000702,0x00000070,0x00040005,0x00000716,0x73616962,0x00000000,0x00060005,
	0x00000727,0x696f5075,0x6853746e,0x776f6461,0x0070614d,0x00040005,0x00000736,0x70696c63,
	0x00000000,0x00030005,0x0000073f,0x00000070,0x00040005,0x00000772,0x73616962,0x00000000,
	0x00040005,0x0000077a,0x65786574,0x0000006c,0x00050005,0x0000077b,0x61685375,0x4d776f64,
	0x00007061,0x00040005,0x00000782,0x69736976,0x00656c62,0x00030005,0x00000783,0x00000079,
	0x00030005,0x0000078c,0x00000078,0x00030005,0x000007ba,0x0000006d,0x00050005,0x000007bc,
	0x72756f73,0x76556563,0x00000000,0x00050005,0x000007c4,0x6d726f6e,0x76556c61,0x00000000,
	0x00040005,0x000007c5,0x61726170,0x0000006d,0x00040005,0x000007c7,0x61726170,0x0000006d,
	0x00040005,0x000007ca,0x61726170,0x0000006d,0x00030005,0x000007ce,0x00317064,0x00030005,
	0x000007d1,0x00327064,0x00030005,0x000007d4,0x00317564,0x00030005,0x000007d7,0x00327564,
	0x00030005,0x000007da,0x00000072,0x00030005,0x000007e6,0x00000074,0x00030005,0x00000805,
	0x00000062,0x00030005,0x0000080e,0x00006d6e,0x00040005,0x0000080f,0x61726170,0x0000006d,
	0x00040005,0x00000828,0x7361624e,0x00000065,0x00050005,0x00000837,0x726f4e76,0x576c616d,
	0x00000000,0x00030005,0x0000083b,0x0000004e,0x00040005,0x0000083c,0x61726170,0x0000006d,
	0x00040005,0x0000083f,0x74616f63,0x0000004e,0x00040005,0x00000840,0x61726170,0x0000006d,
	0x00040005,0x00000867,0x6f65674e,0x00000000,0x00050005,0x00000874,0x4374756f,0x726f6c6f,
	0x00000000,0x00040005,0x00000891,0x61726170,0x0000006d,0x00030005,0x000008ad,0x00000064,
	0x00040005,0x000008d7,0x6c6f4376,0x0000726f,0x00040005,0x000008db,0x61726170,0x0000006d,
	0x00060005,0x000008eb,0x465f6c67,0x746e6f72,0x69636146,0x0000676e,0x00030005,0x000008f9,
	0x0000006d,0x00030005,0x000008fb,0x00007472,0x00040005,0x000008fc,0x61726170,0x0000006d,
	0x00040005,0x00000902,0x61726170,0x0000006d,0x00040005,0x00000904,0x61726170,0x0000006d,
	0x00030005,0x0000091a,0x0000006d,0x00030005,0x0000091c,0x0000746d,0x00040005,0x0000091d,
	0x61726170,0x0000006d,0x00040005,0x00000922,0x61726170,0x0000006d,0x00040005,0x00000924,
	0x61726170,0x0000006d,0x00040005,0x0000093d,0x61726170,0x0000006d,0x00040005,0x0000094c,
	0x6361706f,0x00797469,0x00040005,0x0000094f,0x61726170,0x0000006d,0x00040005,0x00000954,
	0x61726170,0x0000006d,0x00030005,0x00000990,0x00000063,0x00030005,0x00000996,0x0000006b,
	0x00040005,0x000009ac,0x61726170,0x0000006d,0x00040005,0x000009b9,0x61726170,0x0000006d,
	0x00040005,0x000009e7,0x61726170,0x0000006d,0x00040005,0x000009f7,0x61726170,0x0000006d,
	0x00040005,0x00000a03,0x656c6974,0x00000000,0x00040005,0x00000a0e,0x61726170,0x0000006d,
	0x00040005,0x00000a21,0x65736162,0x00000000,0x00040005,0x00000a2c,0x61726170,0x0000006d,
	0x00030005,0x00000a3a,0x00007564,0x00030005,0x00000a3d,0x00007664,0x00040005,0x00000a40,
	0x72417675,0x00006165,0x00050005,0x00000a4d,0x6c726f77,0x65724164,0x00000061,0x00030005,
	0x00000a54,0x00006474,0x00030005,0x00000a5b,0x00000063,0x00030005,0x00000a7c,0x00000063,
	0x00050005,0x00000a7d,0x726f4d76,0x6e496870,0x00006c66,0x00050005,0x00000a95,0x6d6f4476,
	0x6e696f4a,0x00000074,0x00040005,0x00000a96,0x61726170,0x0000006d,0x00050005,0x00000a99,
	0x6d6f4476,0x67696557,0x00007468,0x00030005,0x00000aa9,0x00317064,0x00030005,0x00000aac,
	0x00327064,0x00030005,0x00000aaf,0x00317564,0x00030005,0x00000ab2,0x00327564,0x00030005,
	0x00000ab5,0x00000072,0x00030005,0x00000ac1,0x00000054,0x00030005,0x00000ae7,0x0000006e,
	0x00030005,0x00000aea,0x00000063,0x00040005,0x00000b04,0x61726170,0x0000006d,0x00050005,
	0x00000b0b,0x65736162,0x706d6153,0x0000656c,0x00040005,0x00000b0c,0x61726170,0x0000006d,
	0x00040005,0x00000b0f,0x6361706f,0x00797469,0x00040005,0x00000b15,0x61726170,0x0000006d,
	0x00040005,0x00000b2f,0x65736162,0x00000000,0x00030005,0x00000b39,0x0000006d,0x00030005,
	0x00000b3b,0x0000746d,0x00040005,0x00000b3c,0x61726170,0x0000006d,0x00030005,0x00000b3f,
	0x00007472,0x00040005,0x00000b40,0x61726170,0x0000006d,0x00050005,0x00000b43,0x6174656d,
	0x63696c6c,0x00000000,0x00040005,0x00000b46,0x61726170,0x0000006d,0x00040005,0x00000b48,
	0x61726170,0x0000006d,0x00050005,0x00000b53,0x67756f72,0x73656e68,0x00000073,0x00040005,
	0x00000b56,0x61726170,0x0000006d,0x00040005,0x00000b58,0x61726170,0x0000006d,0x00050005,
	0x00000b63,0x73696d65,0x65766973,0x00000000,0x00040005,0x00000b67,0x61726170,0x0000006d,
	0x00030005,0x00000b6c,0x00000056,0x00030005,0x00000b73,0x0000664e,0x00040005,0x00000b80,
	0x74616f63,0x0000664e,0x00030005,0x00000b8d,0x00566f4e,0x00030005,0x00000b92,0x00686772,
	0x00030005,0x00000b96,0x0074656d,0x00030005,0x00000b99,0x00003046,0x00040005,0x00000b9a,
	0x61726170,0x0000006d,0x00040005,0x00000b9c,0x61726170,0x0000006d,0x00030005,0x00000b9f,
	0x00726270,0x00040005,0x00000bad,0x63657073,0x00637253,0x00040005,0x00000bb5,0x63657073,
	0x00007655,0x00040005,0x00000bb6,0x61726170,0x0000006d,0x00040005,0x00000bb8,0x61726170,
	0x0000006d,0x00040005,0x00000bbb,0x61726170,0x0000006d,0x00060005,0x00000bbf,0x6964726f,
	0x7972616e,0x63657053,0x00000000,0x00050005,0x00000bc5,0x6d696475,0x63657053,0x00000000,
	0x00050005,0x00000bce,0x63657073,0x706d6153,0x0000656c,0x00080005,0x00000bd3,0x65705375,
	0x616c7563,0x6c6f4372,0x6455726f,0x65546d69,0x00000078,0x00040005,0x00000bd8,0x61726170,
	0x0000006d,0x00040005,0x00000bd9,0x61726170,0x0000006d,0x00040005,0x00000bdb,0x61726170,
	0x0000006d,0x00070005,0x00000bde,0x65705375,0x616c7563,0x6c6f4372,0x6554726f,0x00000078,
	0x00040005,0x00000be3,0x53736168,0x00636570,0x00050005,0x00000c04,0x6f636e65,0x49646564,
	0x0000726f,0x00030005,0x00000c08,0x00726f69,0x00030005,0x00000c14,0x00000064,0x00050005,
	0x00000c23,0x74616f63,0x67696557,0x00007468,0x00060005,0x00000c26,0x616f4375,0x69655774,
	0x54746867,0x00007865,0x00070005,0x00000c27,0x616f4375,0x69655774,0x55746867,0x546d6964,
	0x00007865,0x00040005,0x00000c2d,0x61726170,0x0000006d,0x00040005,0x00000c2e,0x61726170,
	0x0000006d,0x00040005,0x00000c31,0x61726170,0x0000006d,0x00040005,0x00000c34,0x61726170,
	0x0000006d,0x00040005,0x00000c37,0x61726170,0x0000006d,0x00040005,0x00000c3a,0x61726170,
	0x0000006d,0x00040005,0x00000c3d,0x61726170,0x0000006d,0x00040005,0x00000c40,0x61726170,
	0x0000006d,0x00060005,0x00000c46,0x74616f63,0x67756f52,0x73656e68,0x00000073,0x00070005,
	0x00000c49,0x616f4375,0x756f5274,0x656e6867,0x65547373,0x00000078,0x00080005,0x00000c4a,
	0x616f4375,0x756f5274,0x656e6867,0x64557373,0x65546d69,0x00000078,0x00040005,0x00000c50,
	0x61726170,0x0000006d,0x00040005,0x00000c51,0x61726170,0x0000006d,0x00040005,0x00000c54,
	0x61726170,0x0000006d,0x00040005,0x00000c57,0x61726170,0x0000006d,0x00040005,0x00000c5a,
	0x61726170,0x0000006d,0x00040005,0x00000c5d,0x61726170,0x0000006d,0x00040005,0x00000c60,
	0x61726170,0x0000006d,0x00040005,0x00000c63,0x61726170,0x0000006d,0x00050005,0x00000c69,
	0x74616f63,0x746e6954,0x00000000,0x00040005,0x00000c72,0x61726170,0x0000006d,0x00040005,
	0x00000c73,0x61726170,0x0000006d,0x00040005,0x00000c76,0x61726170,0x0000006d,0x00040005,
	0x00000c79,0x61726170,0x0000006d,0x00040005,0x00000c7c,0x61726170,0x0000006d,0x00040005,
	0x00000c7f,0x61726170,0x0000006d,0x00040005,0x00000c82,0x61726170,0x0000006d,0x00040005,
	0x00000caa,0x74616f63,0x00726f49,0x00040005,0x00000cae,0x74616f63,0x00000044,0x00040005,
	0x00000cb4,0x65726964,0x00007463,0x00050005,0x00000cb6,0x6867696c,0x73614d74,0x0000006b,
	0x00030005,0x00000cbb,0x0000696c,0x00030005,0x00000cce,0x00007470,0x00030005,0x00000cd2,
	0x00006164,0x00030005,0x00000cd6,0x0000636c,0x00030005,0x00000cda,0x00007373,0x00050005,
	0x00000cde,0x6867696c,0x70795474,0x00000065,0x00050005,0x00000ce3,0x65747461,0x7461756e,
	0x006e6f69,0x00030005,0x00000ce8,0x0000004c,0x00040005,0x00000ced,0x694c6f74,0x00746867,
	0x00040005,0x00000cf2,0x74736964,0x00000032,0x00040005,0x00000cfd,0x70616873,0x00000065,
	0x00040005,0x00000d06,0x656e6f63,0x00736f43,0x00040005,0x00000d0d,0x6574756f,0x00000072,
	0x00040005,0x00000d14,0x656e6e69,0x00000072,0x00030005,0x00000d2e,0x004c6f4e,0x00030005,
	0x00000d3b,0x00000048,0x00030005,0x00000d40,0x00486f4e,0x00030005,0x00000d45,0x00486f56,
	0x00030005,0x00000d4a,0x00000046,0x00040005,0x00000d4b,0x61726170,0x0000006d,0x00040005,
	0x00000d4d,0x61726170,0x0000006d,0x00050005,0x00000d50,0x63657073,0x72616c75,0x00000000,
	0x00040005,0x00000d51,0x61726170,0x0000006d,0x00040005,0x00000d53,0x61726170,0x0000006d,
	0x00040005,0x00000d56,0x61726170,0x0000006d,0x00040005,0x00000d58,0x61726170,0x0000006d,
	0x00040005,0x00000d5c,0x61726170,0x0000006d,0x00040005,0x00000d5e,0x61726170,0x0000006d,
	0x00040005,0x00000d6c,0x66666964,0x00657375,0x00040005,0x00000d76,0x74616f63,0x004c6f4e,
	0x00040005,0x00000d7b,0x74616f63,0x00566f4e,0x00040005,0x00000d80,0x74616f63,0x00486f4e,
	0x00040005,0x00000d85,0x74616f63,0x00000046,0x00040005,0x00000d8a,0x61726170,0x0000006d,
	0x00040005,0x00000d8c,0x61726170,0x0000006d,0x00060005,0x00000d8e,0x74616f63,0x63657053,
	0x72616c75,0x00000000,0x00040005,0x00000d8f,0x61726170,0x0000006d,0x00040005,0x00000d91,
	0x61726170,0x0000006d,0x00040005,0x00000d94,0x61726170,0x0000006d,0x00040005,0x00000d96,
	0x61726170,0x0000006d,0x00040005,0x00000d9a,0x61726170,0x0000006d,0x00040005,0x00000d9c,
	0x61726170,0x0000006d,0x00050005,0x00000da9,0x65736162,0x66647242,0x00000000,0x00050005,
	0x00000db8,0x74616f63,0x66647242,0x00000000,0x00050005,0x00000dc1,0x69736976,0x696c6962,
	0x00007974,0x00040005,0x00000dcc,0x61726170,0x0000006d,0x00040005,0x00000dce,0x61726170,
	0x0000006d,0x00040005,0x00000dd0,0x61726170,0x0000006d,0x00030005,0x00000dee,0x0000004c,
	0x00050005,0x00000e04,0x6867696c,0x6c6f4374,0x0000726f,0x00030005,0x00000e15,0x004c6f4e,
	0x00030005,0x00000e1a,0x00000048,0x00030005,0x00000e1f,0x00486f4e,0x00030005,0x00000e24,
	0x00486f56,0x00030005,0x00000e29,0x00000046,0x00040005,0x00000e2a,0x61726170,0x0000006d,
	0x00040005,0x00000e2c,0x61726170,0x0000006d,0x00050005,0x00000e2f,0x63657073,0x72616c75,
	0x00000000,0x00040005,0x00000e30,0x61726170,0x0000006d,0x00040005,0x00000e32,0x61726170,
	0x0000006d,0x00040005,0x00000e35,0x61726170,0x0000006d,0x00040005,0x00000e37,0x61726170,
	0x0000006d,0x00040005,0x00000e3b,0x61726170,0x0000006d,0x00040005,0x00000e3d,0x61726170,
	0x0000006d,0x00040005,0x00000e4a,0x66666964,0x00657375,0x00030005,0x00000e60,0x0000654e,
	0x00030005,0x00000e6d,0x00006552,0x00030005,0x00000e7d,0x00727269,0x00060005,0x00000e7e,
	0x72724975,0x61696461,0x4d65636e,0x00007061,0x00040005,0x00000e83,0x66657270,0x00000000,
	0x00060005,0x00000e84,0x65725075,0x746c6966,0x64657265,0x0070614d,0x00030005,0x00000e8e,
	0x00676664,0x00050005,0x00000e8f,0x64724275,0x74754c66,0x00000000,0x00040005,0x00000e99,
	0x65736162,0x006c6249,0x00050005,0x00000eab,0x74616f63,0x66657250,0x00000000,0x00040005,
	0x00000eb5,0x74616f63,0x00676644,0x00040005,0x00000ebf,0x74616f63,0x00003046,0x00040005,
	0x00000ec4,0x74616f63,0x006c6249,0x00040005,0x00000ed3,0x69626d61,0x00746e65,0x00040005,
	0x00000ee8,0x61726170,0x0000006d,0x00030005,0x00000eee,0x00000063,0x00040005,0x00000ef8,
	0x61726170,0x0000006d,0x00040047,0x0000012e,0x00000022,0x00000000,0x00040047,0x0000012e,
	0x00000021,0x00000005,0x00050048,0x0000014d,0x00000000,0x00000023,0x00000000,0x00050048,
	0x0000014d,0x00000001,0x00000023,0x00000010,0x00050048,0x0000014d,0x00000002,0x00000023,
	0x00000020,0x00050048,0x0000014d,0x00000003,0x00000023,0x00000030,0x00050048,0x0000014d,
	0x00000004,0x00000023,0x00000040,0x00050048,0x0000014d,0x00000005,0x00000023,0x00000050,
	0x00050048,0x0000014d,0x00000006,0x00000023,0x00000060,0x00050048,0x0000014d,0x00000007,
	0x00000023,0x00000070,0x00050048,0x0000014d,0x00000008,0x00000023,0x00000080,0x00050048,
	0x0000014d,0x00000009,0x00000023,0x00000090,0x00050048,0x0000014d,0x0000000a,0x00000023,
	0x000000a0,0x00050048,0x0000014d,0x0000000b,0x00000023,0x000000b0,0x00050048,0x0000014d,
	0x0000000c,0x00000023,0x000000c0,0x00050048,0x0000014d,0x0000000d,0x00000023,0x000000d0,
	0x00050048,0x0000014d,0x0000000e,0x00000023,0x000000e0,0x00050048,0x0000014d,0x0000000f,
	0x00000023,0x000000f0,0x00050048,0x0000014d,0x00000010,0x00000023,0x00000100,0x00050048,
	0x0000014d,0x00000011,0x00000023,0x00000110,0x00050048,0x0000014d,0x00000012,0x00000023,
	0x00000120,0x00050048,0x0000014d,0x00000013,0x00000023,0x00000130,0x00050048,0x0000014d,
	0x00000014,0x00000023,0x00000140,0x00050048,0x0000014d,0x00000015,0x00000023,0x00000150,
	0x00050048,0x0000014d,0x00000016,0x00000023,0x00000160,0x00050048,0x0000014d,0x00000017,
	0x00000023,0x00000170,0x00050048,0x0000014d,0x00000018,0x00000023,0x00000180,0x00050048,
	0x0000014d,0x00000019,0x00000023,0x00000190,0x00050048,0x0000014d,0x0000001a,0x00000023,
	0x000001a0,0x00050048,0x0000014d,0x0000001b,0x00000023,0x000001b0,0x00050048,0x0000014d,
	0x0000001c,0x00000023,0x000001c0,0x00050048,0x0000014d,0x0000001d,0x00000023,0x000001d0,
	0x00050048,0x0000014d,0x0000001e,0x00000023,0x000001e0,0x00050048,0x0000014d,0x0000001f,
	0x00000023,0x000001f0,0x00050048,0x0000014d,0x00000020,0x00000023,0x00000200,0x00050048,
	0x0000014d,0x00000021,0x00000023,0x00000210,0x00050048,0x0000014d,0x00000022,0x00000023,
	0x00000220,0x00050048,0x0000014d,0x00000023,0x00000023,0x00000230,0x00050048,0x0000014d,
	0x00000024,0x00000023,0x00000240,0x00050048,0x0000014d,0x00000025,0x00000023,0x00000250,
	0x00050048,0x0000014d,0x00000026,0x00000023,0x00000260,0x00050048,0x0000014d,0x00000027,
	0x00000023,0x00000270,0x00050048,0x0000014d,0x00000028,0x00000023,0x00000280,0x00050048,
	0x0000014d,0x00000029,0x00000023,0x00000290,0x00050048,0x0000014d,0x0000002a,0x00000023,
	0x000002a0,0x00050048,0x0000014d,0x0000002b,0x00000023,0x000002b0,0x00050048,0x0000014d,
	0x0000002c,0x00000023,0x000002c0,0x00050048,0x0000014d,0x0000002d,0x00000023,0x000002d0,
	0x00050048,0x0000014d,0x0000002e,0x00000023,0x000002e0,0x00050048,0x0000014d,0x0000002f,
	0x00000023,0x000002f0,0x00050048,0x0000014d,0x00000030,0x00000023,0x00000300,0x00050048,
	0x0000014d,0x00000031,0x00000023,0x00000310,0x00050048,0x0000014d,0x00000032,0x00000023,
	0x00000320,0x00050048,0x0000014d,0x00000033,0x00000023,0x00000330,0x00050048,0x0000014d,
	0x00000034,0x00000023,0x00000340,0x00050048,0x0000014d,0x00000035,0x00000023,0x00000350,
	0x00050048,0x0000014d,0x00000036,0x00000023,0x00000360,0x00050048,0x0000014d,0x00000037,
	0x00000023,0x00000370,0x00050048,0x0000014d,0x00000038,0x00000023,0x00000380,0x00050048,
	0x0000014d,0x00000039,0x00000023,0x00000390,0x00050048,0x0000014d,0x0000003a,0x00000023,
	0x000003a0,0x00050048,0x0000014d,0x0000003b,0x00000023,0x000003b0,0x00050048,0x0000014d,
	0x0000003c,0x00000023,0x000003c0,0x00050048,0x0000014d,0x0000003d,0x00000023,0x000003d0,
	0x00050048,0x0000014d,0x0000003e,0x00000023,0x000003e0,0x00040047,0x0000014e,0x00000006,
	0x000003f0,0x00040048,0x0000014f,0x00000000,0x00000018,0x00050048,0x0000014f,0x00000000,
	0x00000023,0x00000000,0x00030047,0x0000014f,0x00000003,0x00040047,0x00000151,0x00000022,
	0x00000003,0x00040047,0x00000151,0x00000021,0x00000000,0x00040048,0x00000154,0x00000000,
	0x00000005,0x00050048,0x00000154,0x00000000,0x00000023,0x00000000,0x00050048,0x00000154,
	0x00000000,0x00000007,0x00000010,0x00050048,0x00000154,0x00000001,0x00000023,0x00000040,
	0x00050048,0x00000154,0x00000002,0x00000023,0x00000050,0x00050048,0x00000154,0x00000003,
	0x00000023,0x00000060,0x00050048,0x00000154,0x00000004,0x00000023,0x00000070,0x00030047,
	0x00000154,0x00000002,0x00040047,0x000002d3,0x00000006,0x00000004,0x00040048,0x000002d4,
	0x00000000,0x00000018,0x00050048,0x000002d4,0x00000000,0x00000023,0x00000000,0x00030047,
	0x000002d4,0x00000003,0x00040047,0x000002d6,0x00000022,0x00000001,0x00040047,0x000002d6,
	0x00000021,0x00000006,0x00030047,0x000002d9,0x0000000e,0x00040047,0x000002d9,0x0000000b,
	0x00000007,0x00040047,0x0000037f,0x0000001e,0x00000005,0x00040047,0x000003b3,0x00000022,
	0x00000000,0x00040047,0x000003b3,0x00000021,0x00000000,0x00040047,0x00000423,0x00000022,
	0x00000000,0x00040047,0x00000423,0x00000021,0x00000004,0x00040047,0x00000451,0x00000022,
	0x00000000,0x00040047,0x00000451,0x00000021,0x00000001,0x00040047,0x0000045f,0x00000022,
	0x00000000,0x00040047,0x0000045f,0x00000021,0x00000006,0x00040047,0x00000484,0x00000022,
	0x00000000,0x00040047,0x00000484,0x00000021,0x0000000b,0x00040047,0x00000493,0x00000022,
	0x00000000,0x00040047,0x00000493,0x00000021,0x0000000f,0x00040047,0x000004b9,0x00000022,
	0x00000000,0x00040047,0x000004b9,0x00000021,0x00000003,0x00040047,0x000004c8,0x00000022,
	0x00000000,0x00040047,0x000004c8,0x00000021,0x00000007,0x00040047,0x000004f5,0x00000022,
	0x00000000,0x00040047,0x000004f5,0x00000021,0x00000002,0x00040047,0x00000504,0x00000022,
	0x00000000,0x00040047,0x00000504,0x00000021,0x00000008,0x00040047,0x0000052a,0x0000001e,
	0x00000001,0x00040047,0x0000053f,0x00000022,0x00000000,0x00040047,0x0000053f,0x00000021,
	0x0000001e,0x00040047,0x0000054a,0x00000022,0x00000000,0x00040047,0x0000054a,0x00000021,
	0x00000018,0x00040047,0x0000055a,0x0000001e,0x00000002,0x00040047,0x000005ce,0x00000022,
	0x00000000,0x00040047,0x000005ce,0x00000021,0x00000009,0x00040047,0x000005dd,0x00000022,
	0x00000000,0x00040047,0x000005dd,0x00000021,0x0000000a,0x00040047,0x00000620,0x00000022,
	0x00000000,0x00040047,0x00000620,0x00000021,0x00000012,0x00040047,0x0000062b,0x00000022,
	0x00000000,0x00040047,0x0000062b,0x00000021,0x00000011,0x00040047,0x0000069f,0x00000022,
	0x00000000,0x00040047,0x0000069f,0x00000021,0x0000001c,0x00040047,0x000006a9,0x00000022,
	0x00000000,0x00040047,0x000006a9,0x00000021,0x00000016,0x00050048,0x000006b6,0x00000000,
	0x00000023,0x00000000,0x00050048,0x000006b6,0x00000001,0x00000023,0x00000010,0x00050048,
	0x000006b6,0x00000002,0x00000023,0x00000020,0x00050048,0x000006b6,0x00000003,0x00000023,
	0x00000030,0x00040047,0x000006b8,0x00000006,0x00000040,0x00040047,0x000006bb,0x00000006,
	0x00000040,0x00050048,0x000006bc,0x00000000,0x00000023,0x00000000,0x00040048,0x000006bc,
	0x00000001,0x00000005,0x00050048,0x000006bc,0x00000001,0x00000023,0x00000010,0x00050048,
	0x000006bc,0x00000001,0x00000007,0x00000010,0x00050048,0x000006bc,0x00000002,0x00000023,
	0x00000050,0x00050048,0x000006bc,0x00000003,0x00000023,0x00000060,0x00050048,0x000006bc,
	0x00000004,0x00000023,0x00000070,0x00050048,0x000006bc,0x00000005,0x00000023,0x00000080,
	0x00050048,0x000006bc,0x00000006,0x00000023,0x00000090,0x00050048,0x000006bc,0x00000007,
	0x00000023,0x000000a0,0x00050048,0x000006bc,0x00000008,0x00000023,0x000004a0,0x00050048,
	0x000006bc,0x00000009,0x00000023,0x000004b0,0x00040048,0x000006bc,0x0000000a,0x00000005,
	0x00050048,0x000006bc,0x0000000a,0x00000023,0x000004c0,0x00050048,0x000006bc,0x0000000a,
	0x00000007,0x00000010,0x00050048,0x000006bc,0x0000000b,0x00000023,0x00000500,0x00050048,
	0x000006bc,0x0000000c,0x00000023,0x00000510,0x00040048,0x000006bc,0x0000000d,0x00000005,
	0x00050048,0x000006bc,0x0000000d,0x00000023,0x00000520,0x00050048,0x000006bc,0x0000000d,
	0x00000007,0x00000010,0x00050048,0x000006bc,0x0000000e,0x00000023,0x00000560,0x00040048,
	0x000006bc,0x0000000f,0x00000005,0x00050048,0x000006bc,0x0000000f,0x00000023,0x00000570,
	0x00050048,0x000006bc,0x0000000f,0x00000007,0x00000010,0x00030047,0x000006bc,0x00000002,
	0x00040047,0x000006be,0x00000022,0x00000002,0x00040047,0x000006be,0x00000021,0x00000000,
	0x00040047,0x00000727,0x00000022,0x00000000,0x00040047,0x00000727,0x00000021,0x00000019,
	0x00040047,0x0000077b,0x00000022,0x00000000,0x00040047,0x0000077b,0x00000021,0x00000013,
	0x00040047,0x00000837,0x0000001e,0x00000000,0x00040047,0x00000874,0x0000001e,0x00000000,
	0x00040047,0x000008d7,0x0000001e,0x00000007,0x00040047,0x000008eb,0x0000000b,0x00000011,
	0x00040047,0x00000a7d,0x0000001e,0x00000006,0x00030047,0x00000a95,0x0000000e,0x00040047,
	0x00000a95,0x0000001e,0x00000003,0x00040047,0x00000a99,0x0000001e,0x00000004,0x00040047,
	0x00000bd3,0x00000022,0x00000000,0x00040047,0x00000bd3,0x00000021,0x0000001a,0x00040047,
	0x00000bde,0x00000022,0x00000000,0x00040047,0x00000bde,0x00000021,0x00000014,0x00040047,
	0x00000c26,0x00000022,0x00000000,0x00040047,0x00000c26,0x00000021,0x00000015,0x00040047,
	0x00000c27,0x00000022,0x00000000,0x00040047,0x00000c27,0x00000021,0x0000001b,0x00040047,
	0x00000c49,0x00000022,0x00000000,0x00040047,0x00000c49,0x00000021,0x00000017,0x00040047,
	0x00000c4a,0x00000022,0x00000000,0x00040047,0x00000c4a,0x00000021,0x0000001d,0x00040047,
	0x00000e7e,0x00000022,0x00000000,0x00040047,0x00000e7e,0x00000021,0x0000000c,0x00040047,
	0x00000e84,0x00000022,0x00000000,0x00040047,0x00000e84,0x00000021,0x0000000d,0x00040047,
	0x00000e8f,0x00000022,0x00000000,0x00040047,0x00000e8f,0x00000021,0x0000000e,0x00020013,
	0x00000002,0x00030021,0x00000003,0x00000002,0x00040015,0x00000006,0x00000020,0x00000001,
	0x00040020,0x00000007,0x00000007,0x00000006,0x00030016,0x00000008,0x00000020,0x00040017,
	0x00000009,0x00000008,0x00000003,0x00040021,0x0000000a,0x00000009,0x00000007,0x00040020,
	0x0000000e,0x00000007,0x00000009,0x00040021,0x0000000f,0x00000009,0x0000000e,0x00090019,
	0x00000019,0x00000008,0x00000001,0x00000000,0x00000001,0x00000000,0x00000001,0x00000000,
	0x0003001b,0x0000001a,0x00000019,0x00040020,0x0000001b,0x00000000,0x0000001a,0x00040017,
	0x0000001c,0x00000008,0x00000002,0x00040020,0x0000001d,0x00000007,0x0000001c,0x00040017,
	0x0000001e,0x00000008,0x00000004,0x00040020,0x0000001f,0x00000007,0x0000001e,0x00070021,
	0x00000020,0x0000001e,0x0000001b,0x00000007,0x0000001d,0x0000001f,0x00040020,0x00000027,
	0x00000007,0x00000008,0x00050021,0x00000028,0x00000009,0x0000000e,0x00000027,0x00050021,
	0x0000002d,0x00000008,0x00000027,0x00000027,0x00050021,0x00000036,0x00000009,0x00000027,
	0x0000000e,0x0041001e,0x0000003b,0x0000001e,0x0000001e,0x0000001e,0x0000001e,0x0000001e,
	0x0000001e,0x0000001e,0x0000001e,0x0000001e,0x0000001e,0x0000001e,0x0000001e,0x0000001e,
	0x0000001e,0x0000001e,0x0000001e,0x0000001e,0x0000001e,0x0000001e,0x0000001e,0x0000001e,
	0x0000001e,0x0000001e,0x0000001e,0x0000001e,0x0000001e,0x0000001e,0x0000001e,0x0000001e,
	0x0000001e,0x0000001e,0x0000001e,0x0000001e,0x0000001e,0x0000001e,0x0000001e,0x0000001e,
	0x0000001e,0x0000001e,0x0000001e,0x0000001e,0x0000001e,0x0000001e,0x0000001e,0x0000001e,
	0x0000001e,0x0000001e,0x0000001e,0x0000001e,0x0000001e,0x0000001e,0x0000001e,0x0000001e,
	0x0000001e,0x0000001e,0x0000001e,0x0000001e,0x0000001e,0x0000001e,0x0000001e,0x0000001e,
	0x0000001e,0x0000001e,0x00030021,0x0000003c,0x0000003b,0x00060021,0x0000003f,0x0000001c,
	0x0000001d,0x0000001f,0x0000001f,0x00050021,0x00000045,0x00000008,0x0000001f,0x00000027,
	0x00040015,0x0000004a,0x00000020,0x00000000,0x00030021,0x0000004b,0x0000004a,0x00090019,
	0x0000004e,0x00000008,0x00000001,0x00000000,0x00000000,0x00000000,0x00000001,0x00000000,
	0x0003001b,0x0000004f,0x0000004e,0x00040020,0x00000050,0x00000000,0x0000004f,0x00060021,
	0x00000051,0x0000001c,0x00000050,0x0000001d,0x0000001f,0x00040021,0x00000057,0x0000001e,
	0x0000001d,0x00040021,0x0000006a,0x00000008,0x0000001d,0x00020014,0x00000071,0x00040020,
	0x00000072,0x00000007,0x00000071,0x000d0021,0x00000073,0x00000008,0x00000050,0x0000001b,
	0x00000072,0x00000027,0x0000001f,0x0000001f,0x00000027,0x00000027,0x0000001f,0x0000001f,
	0x000a0021,0x00000080,0x00000009,0x00000072,0x00000027,0x0000001f,0x0000001f,0x00000027,
	0x0000001f,0x0000001f,0x00060021,0x0000008a,0x00000008,0x0000000e,0x0000000e,0x0000000e,
	0x0004002b,0x00000006,0x00000094,0x00000000,0x0004002b,0x00000008,0x00000098,0x3ee66666,
	0x0006002c,0x00000009,0x00000099,0x00000098,0x00000098,0x00000098,0x00040020,0x0000009b,
	0x00000007,0x0000004a,0x0004002b,0x0000004a,0x0000009f,0x00000001,0x0004002b,0x0000004a,
	0x000000a1,0x9e3779b1,0x0004002b,0x0000004a,0x000000a4,0x000000ff,0x0004002b,0x00000006,
	0x000000a8,0x00000008,0x0004002b,0x00000006,0x000000ad,0x00000010,0x0004002b,0x00000008,
	0x000000b2,0x3b808081,0x0004002b,0x00000008,0x000000b7,0x00000000,0x0004002b,0x00000008,
	0x000000b8,0x3f800000,0x0004002b,0x00000008,0x000000be,0x414eb852,0x0004002b,0x00000008,
	0x000000c1,0x3f870a3d,0x0004002b,0x00000008,0x000000c3,0x3ed55555,0x0006002c,0x00000009,
	0x000000c4,0x000000c3,0x000000c3,0x000000c3,0x0004002b,0x00000008,0x000000c7,0x3d6147ae,
	0x0004002b,0x00000008,0x000000cd,0x3b4d2e1c,0x0006002c,0x00000009,0x000000ce,0x000000cd,
	0x000000cd,0x000000cd,0x00040017,0x000000cf,0x00000071,0x00000003,0x0004002b,0x00000006,
	0x000000d5,0x00000001,0x0004002b,0x00000008,0x000000d9,0x3e4ccccd,0x0004002b,0x00000008,
	0x000000da,0x3f4ccccd,0x0004002b,0x00000008,0x000000db,0x3e99999a,0x0006002c,0x00000009,
	0x000000dc,0x000000d9,0x000000da,0x000000db,0x0004002b,0x00000006,0x000000df,0x00000002,
	0x0004002b,0x00000008,0x000000e3,0x3f733333,0x0006002c,0x00000009,0x000000e4,0x000000d9,
	0x00000098,0x000000e3,0x0004002b,0x00000006,0x000000e7,0x00000003,0x0004002b,0x00000008,
	0x000000eb,0x3f400000,0x0004002b,0x00000008,0x000000ec,0x3dcccccd,0x0006002c,0x00000009,
	0x000000ed,0x000000e3,0x000000eb,0x000000ec,0x0004002b,0x00000008,0x000000ef,0x3f000000,
	0x0006002c,0x00000009,0x000000f0,0x000000ef,0x000000ef,0x000000ef,0x0006002c,0x00000009,
	0x000000f7,0x000000d9,0x000000da,0x000000da,0x0004002b,0x00000008,0x000000fd,0x3f59999a,
	0x0006002c,0x00000009,0x000000fe,0x000000fd,0x000000db,0x000000fd,0x0004002b,0x00000008,
	0x00000104,0x3f19999a,0x0004002b,0x00000008,0x00000105,0x3e19999a,0x0006002c,0x00000009,
	0x00000106,0x000000e3,0x00000104,0x00000105,0x0004002b,0x00000006,0x00000109,0x00000004,
	0x0004002b,0x00000008,0x0000010d,0x3ecccccd,0x0006002c,0x00000009,0x0000010e,0x000000ef,
	0x000000fd,0x0000010d,0x0004002b,0x00000008,0x00000110,0x3eb33333,0x0006002c,0x00000009,
	0x00000111,0x00000110,0x00000110,0x00000110,0x00040017,0x00000114,0x00000006,0x00000002,
	0x00040020,0x00000115,0x00000007,0x00000114,0x0004002b,0x0000004a,0x0000011b,0x00000000,
	0x0004002b,0x00000006,0x00000120,0x0000000a,0x0004002b,0x00000006,0x00000126,0x00000064,
	0x0004003b,0x00000050,0x0000012e,0x00000000,0x0004002b,0x00000008,0x00000136,0x437f0000,
	0x0041001e,0x0000014d,0x0000001e,0x0000001e,0x0000001e,0x0000001e,0x0000001e,0x0000001e,
	0x0000001e,0x0000001e,0x0000001e,0x0000001e,0x0000001e,0x0000001e,0x0000001e,0x0000001e,
	0x0000001e,0x0000001e,0x0000001e,0x0000001e,0x0000001e,0x0000001e,0x0000001e,0x0000001e,
	0x0000001e,0x0000001e,0x0000001e,0x0000001e,0x0000001e,0x0000001e,0x0000001e,0x0000001e,
	0x0000001e,0x0000001e,0x0000001e,0x0000001e,0x0000001e,0x0000001e,0x0000001e,0x0000001e,
	0x0000001e,0x0000001e,0x0000001e,0x0000001e,0x0000001e,0x0000001e,0x0000001e,0x0000001e,
	0x0000001e,0x0000001e,0x0000001e,0x0000001e,0x0000001e,0x0000001e,0x0000001e,0x0000001e,
	0x0000001e,0x0000001e,0x0000001e,0x0000001e,0x0000001e,0x0000001e,0x0000001e,0x0000001e,
	0x0000001e,0x0003001d,0x0000014e,0x0000014d,0x0003001e,0x0000014f,0x0000014e,0x00040020,
	0x00000150,0x00000002,0x0000014f,0x0004003b,0x00000150,0x00000151,0x00000002,0x00040018,
	0x00000152,0x0000001e,0x00000004,0x00040017,0x00000153,0x00000006,0x00000004,0x0007001e,
	0x00000154,0x00000152,0x0000001e,0x0000001e,0x0000001e,0x00000153,0x00040020,0x00000155,
	0x00000009,0x00000154,0x0004003b,0x00000155,0x00000156,0x00000009,0x00040020,0x00000157,
	0x00000009,0x00000006,0x0004002b,0x00000006,0x0000015b,0x00000013,0x00040020,0x0000015c,
	0x00000002,0x0000001e,0x0004002b,0x0000004a,0x0000015f,0x00000003,0x0004002b,0x00000008,
	0x0000016b,0x42c80000,0x0006002c,0x00000009,0x0000018c,0x000000b8,0x000000b8,0x000000b8,
	0x0004002b,0x00000008,0x0000019b,0x3b03126f,0x0004002b,0x00000008,0x000001aa,0x40490fdb,
	0x0004002b,0x00000008,0x000001af,0x358637bd,0x0004002b,0x00000008,0x000001bb,0x3e000000,
	0x0004002b,0x00000008,0x000001cc,0x40a00000,0x00040020,0x000001d9,0x00000002,0x0000014d,
	0x00040020,0x000001dc,0x00000007,0x0000003b,0x0004002b,0x00000006,0x000001e9,0x00000005,
	0x0004002b,0x00000006,0x000001ec,0x00000006,0x0004002b,0x00000006,0x000001ef,0x00000007,
	0x0004002b,0x00000006,0x000001f4,0x00000009,0x0004002b,0x00000006,0x000001f9,0x0000000b,
	0x0004002b,0x00000006,0x000001fc,0x0000000c,0x0004002b,0x00000006,0x000001ff,0x0000000d,
	0x0004002b,0x00000006,0x00000202,0x0000000e,0x0004002b,0x00000006,0x00000205,0x0000000f,
	0x0004002b,0x00000006,0x0000020a,0x00000011,0x0004002b,0x00000006,0x0000020d,0x00000012,
	0x0004002b,0x00000006,0x00000212,0x00000014,0x0004002b,0x00000006,0x00000215,0x00000015,
	0x0004002b,0x00000006,0x00000218,0x00000016,0x0004002b,0x00000006,0x0000021b,0x00000017,
	0x0004002b,0x00000006,0x0000021e,0x00000018,0x0004002b,0x00000006,0x00000221,0x00000019,
	0x0004002b,0x00000006,0x00000224,0x0000001a,0x0004002b,0x00000006,0x00000227,0x0000001b,
	0x0004002b,0x00000006,0x0000022a,0x0000001c,0x0004002b,0x00000006,0x0000022d,0x0000001d,
	0x0004002b,0x00000006,0x00000230,0x0000001e,0x0004002b,0x00000006,0x00000233,0x0000001f,
	0x0004002b,0x00000006,0x00000236,0x00000020,0x0004002b,0x00000006,0x00000239,0x00000021,
	0x0004002b,0x00000006,0x0000023c,0x00000022,0x0004002b,0x00000006,0x0000023f,0x00000023,
	0x0004002b,0x00000006,0x00000242,0x00000024,0x0004002b,0x00000006,0x00000245,0x00000025,
	0x0004002b,0x00000006,0x00000248,0x00000026,0x0004002b,0x00000006,0x0000024b,0x00000027,
	0x0004002b,0x00000006,0x0000024e,0x00000028,0x0004002b,0x00000006,0x00000251,0x00000029,
	0x0004002b,0x00000006,0x00000254,0x0000002a,0x0004002b,0x00000006,0x00000257,0x0000002b,
	0x0004002b,0x00000006,0x0000025a,0x0000002c,0x0004002b,0x00000006,0x0000025d,0x0000002d,
	0x0004002b,0x00000006,0x00000260,0x0000002e,0x0004002b,0x00000006,0x00000263,0x0000002f,
	0x0004002b,0x00000006,0x00000266,0x00000030,0x0004002b,0x00000006,0x00000269,0x00000031,
	0x0004002b,0x00000006,0x0000026c,0x00000032,0x0004002b,0x00000006,0x0000026f,0x00000033,
	0x0004002b,0x00000006,0x00000272,0x00000034,0x0004002b,0x00000006,0x00000275,0x00000035,
	0x0004002b,0x00000006,0x00000278,0x00000036,0x0004002b,0x00000006,0x0000027b,0x00000037,
	0x0004002b,0x00000006,0x0000027e,0x00000038,0x0004002b,0x00000006,0x00000281,0x00000039,
	0x0004002b,0x00000006,0x00000284,0x0000003a,0x0004002b,0x00000006,0x00000287,0x0000003b,
	0x0004002b,0x00000006,0x0000028a,0x0000003c,0x0004002b,0x00000006,0x0000028d,0x0000003d,
	0x0004002b,0x00000006,0x00000290,0x0000003e,0x0004002b,0x0000004a,0x000002b5,0x00000002,
	0x0004002b,0x00000006,0x000002c6,0x00000080,0x0004002b,0x00000006,0x000002d0,0x00ffffff,
	0x0003001d,0x000002d3,0x0000004a,0x0003001e,0x000002d4,0x000002d3,0x00040020,0x000002d5,
	0x00000002,0x000002d4,0x0004003b,0x000002d5,0x000002d6,0x00000002,0x00040020,0x000002d8,
	0x00000001,0x00000006,0x0004003b,0x000002d8,0x000002d9,0x00000001,0x00040020,0x000002dd,
	0x00000002,0x0000004a,0x0004002b,0x0000004a,0x00000334,0x00000004,0x0004001c,0x00000335,
	0x0000004a,0x00000334,0x00040020,0x00000336,0x00000007,0x00000335,0x0004002b,0x0000004a,
	0x00000341,0x00000008,0x0005002c,0x0000001c,0x00000371,0x000000ef,0x000000ef,0x00040020,
	0x0000037e,0x00000001,0x0000001c,0x0004003b,0x0000037e,0x0000037f,0x00000001,0x00040017,
	0x00000382,0x00000071,0x00000002,0x0004003b,0x00000050,0x000003b3,0x00000000,0x0004003b,
	0x0000001b,0x00000423,0x00000000,0x0007002c,0x0000001e,0x00000428,0x000000b8,0x000000b7,
	0x000000b8,0x000000b8,0x0004003b,0x00000050,0x00000451,0x00000000,0x0004003b,0x0000001b,
	0x0000045f,0x00000000,0x0004003b,0x00000050,0x00000484,0x00000000,0x0004002b,0x00000006,
	0x0000048d,0x00000200,0x0004003b,0x0000001b,0x00000493,0x00000000,0x0007002c,0x0000001e,
	0x00000498,0x000000b8,0x000000b8,0x000000b8,0x000000b8,0x0004003b,0x00000050,0x000004b9,
	0x00000000,0x0004003b,0x0000001b,0x000004c8,0x00000000,0x0007002c,0x0000001e,0x000004cd,
	0x000000ef,0x000000ef,0x000000b8,0x000000b8,0x0004003b,0x00000050,0x000004f5,0x00000000,
	0x0004003b,0x0000001b,0x00000504,0x00000000,0x0004003b,0x0000037e,0x0000052a,0x00000001,
	0x0004003b,0x0000001b,0x0000053f,0x00000000,0x0004003b,0x00000050,0x0000054a,0x00000000,
	0x00040020,0x00000559,0x00000001,0x00000009,0x0004003b,0x00000559,0x0000055a,0x00000001,
	0x0004002b,0x00000008,0x0000057e,0x322bcc77,0x0004002b,0x00000008,0x00000599,0xbf800000,
	0x00040018,0x0000059f,0x00000009,0x00000003,0x0004002b,0x00000006,0x000005b4,0x00000040,
	0x0004003b,0x00000050,0x000005ce,0x00000000,0x0004003b,0x0000001b,0x000005dd,0x00000000,
	0x0004002b,0x00000006,0x000005fd,0x00000400,0x0004002b,0x00000006,0x0000061a,0x00000800,
	0x0004003b,0x0000001b,0x00000620,0x00000000,0x0004003b,0x00000050,0x0000062b,0x00000000,
	0x0004003b,0x0000001b,0x0000069f,0x00000000,0x0004003b,0x00000050,0x000006a9,0x00000000,
	0x0006001e,0x000006b6,0x0000001e,0x0000001e,0x0000001e,0x0000001e,0x0004002b,0x0000004a,
	0x000006b7,0x00000010,0x0004001c,0x000006b8,0x000006b6,0x000006b7,0x00040017,0x000006b9,
	0x0000004a,0x00000004,0x0004002b,0x0000004a,0x000006ba,0x00000006,0x0004001c,0x000006bb,
	0x00000152,0x000006ba,0x0012001e,0x000006bc,0x0000001e,0x00000152,0x0000001e,0x0000001e,
	0x0000001e,0x0000001e,0x0000001e,0x000006b8,0x000006b9,0x00000153,0x00000152,0x0000001e,
	0x0000001e,0x00000152,0x0000001e,0x000006bb,0x00040020,0x000006bd,0x00000002,0x000006bc,
	0x0004003b,0x000006bd,0x000006be,0x00000002,0x00040020,0x000006bf,0x00000002,0x00000008,
	0x00040020,0x000006f9,0x00000002,0x00000152,0x0004002b,0x00000008,0x00000717,0x39b78034,
	0x0004002b,0x00000008,0x00000718,0x3ac49ba6,0x00090019,0x00000724,0x00000008,0x00000003,
	0x00000000,0x00000000,0x00000000,0x00000001,0x00000000,0x0003001b,0x00000725,0x00000724,
	0x00040020,0x00000726,0x00000000,0x00000725,0x0004003b,0x00000726,0x00000727,0x00000000,
	0x0005002c,0x0000001c,0x00000762,0x000000b7,0x000000b7,0x0005002c,0x0000001c,0x0000076b,
	0x000000b8,0x000000b8,0x0004003b,0x00000050,0x0000077b,0x00000000,0x0004002b,0x00000006,
	0x00000784,0xffffffff,0x0004002b,0x00000008,0x000007ae,0x41100000,0x0004003b,0x00000559,
	0x00000837,0x00000001,0x00040020,0x00000843,0x00000002,0x00000006,0x00040020,0x00000873,
	0x00000003,0x0000001e,0x0004003b,0x00000873,0x00000874,0x00000003,0x0004002b,0x00000008,
	0x000008b6,0x3a83126f,0x00040020,0x000008d2,0x00000009,0x0000001e,0x00040020,0x000008d6,
	0x00000001,0x0000001e,0x0004003b,0x000008d6,0x000008d7,0x00000001,0x00040020,0x000008ea,
	0x00000001,0x00000071,0x0004003b,0x000008ea,0x000008eb,0x00000001,0x0004002b,0x00000008,
	0x000008ed,0x3f333333,0x0007002c,0x0000001e,0x000008ee,0x000000ec,0x000008ed,0x000000ec,
	0x000000b8,0x0007002c,0x0000001e,0x000008ef,0x000008ed,0x000000ec,0x000000ec,0x000000b8,
	0x00040017,0x000008f0,0x00000071,0x00000004,0x00040020,0x000008ff,0x00000009,0x00000008,
	0x00040020,0x00000958,0x00000001,0x00000008,0x0004002b,0x00000008,0x00000964,0x3fc00000,
	0x0004002b,0x00000008,0x00000993,0x41800000,0x0004002b,0x00000008,0x0000099c,0x40000000,
	0x0004002b,0x00000008,0x0000099e,0x3e800000,0x0007002c,0x0000001e,0x000009cb,0x000000e3,
	0x000000ec,0x000000fd,0x000000b8,0x0007002c,0x0000001e,0x000009cc,0x000000d9,0x000000d9,
	0x000000d9,0x000000b8,0x0004002b,0x00000008,0x000009d9,0x3f0ccccd,0x0007002c,0x0000001e,
	0x000009da,0x000000e3,0x000009d9,0x000000ec,0x000000b8,0x0007002c,0x0000001e,0x00000a33,
	0x00000098,0x00000098,0x00000098,0x000000b8,0x0004002b,0x00000008,0x00000a57,0x2b8cbccc,
	0x0004003b,0x00000958,0x00000a7d,0x00000001,0x0004002b,0x00000008,0x00000a82,0x38d1b717,
	0x0004003b,0x000002d8,0x00000a95,0x00000001,0x0004003b,0x00000958,0x00000a99,0x00000001,
	0x0004002b,0x00000008,0x00000af2,0x41000000,0x0004002b,0x00000008,0x00000b94,0x3ca3d70a,
	0x0004002b,0x00000006,0x00000bc2,0x00001000,0x0004003b,0x0000001b,0x00000bd3,0x00000000,
	0x0004003b,0x00000050,0x00000bde,0x00000000,0x0004003b,0x00000050,0x00000c26,0x00000000,
	0x0004003b,0x0000001b,0x00000c27,0x00000000,0x0004002b,0x00000006,0x00000c2a,0x00002000,
	0x0004003b,0x00000050,0x00000c49,0x00000000,0x0004003b,0x0000001b,0x00000c4a,0x00000000,
	0x0004002b,0x00000006,0x00000c4d,0x00008000,0x0004002b,0x00000006,0x00000c6f,0x00004000,
	0x0006002c,0x00000009,0x00000cb5,0x000000b7,0x000000b7,0x000000b7,0x0004002b,0x00000008,
	0x00000d10,0x43340000,0x0004002b,0x00000008,0x00000d22,0x3727c5ac,0x0004002b,0x00000008,
	0x00000d64,0x40800000,0x0004002b,0x00000008,0x00000dff,0x3e9b28d0,0x0004002b,0x00000008,
	0x00000e00,0x3f014cae,0x0004002b,0x00000008,0x00000e01,0x3f4ee116,0x0006002c,0x00000009,
	0x00000e02,0x00000dff,0x00000e00,0x00000e01,0x0004003b,0x00000726,0x00000e7e,0x00000000,
	0x0004003b,0x00000726,0x00000e84,0x00000000,0x0004003b,0x00000050,0x00000e8f,0x00000000,
	0x0004002b,0x00000008,0x00000ee3,0x3df5c28f,0x00050036,0x00000002,0x00000004,0x00000000,
	0x00000003,0x000200f8,0x00000005,0x0004003b,0x0000000e,0x00000828,0x00000007,0x0004003b,
	0x0000000e,0x0000082d,0x00000007,0x0004003b,0x0000000e,0x0000083b,0x00000007,0x0004003b,
	0x0000000e,0x0000083c,0x00000007,0x0004003b,0x0000000e,0x0000083f,0x00000007,0x0004003b,
	0x0000000e,0x00000840,0x00000007,0x0004003b,0x0000000e,0x00000867,0x00000007,0x0004003b,
	0x00000007,0x00000891,0x00000007,0x0004003b,0x00000027,0x000008ad,0x00000007,0x0004003b,
	0x0000001d,0x000008db,0x00000007,0x0004003b,0x000001dc,0x000008f9,0x00000007,0x0004003b,
	0x0000001f,0x000008fb,0x00000007,0x0004003b,0x0000001d,0x000008fc,0x00000007,0x0004003b,
	0x0000001f,0x00000902,0x00000007,0x0004003b,0x00000027,0x00000904,0x00000007,0x0004003b,
	0x000001dc,0x0000091a,0x00000007,0x0004003b,0x0000001f,0x0000091c,0x00000007,0x0004003b,
	0x0000001d,0x0000091d,0x00000007,0x0004003b,0x0000001f,0x00000922,0x00000007,0x0004003b,
	0x00000027,0x00000924,0x00000007,0x0004003b,0x0000001d,0x0000093d,0x00000007,0x0004003b,
	0x00000027,0x0000094c,0x00000007,0x0004003b,0x0000001d,0x0000094f,0x00000007,0x0004003b,
	0x0000001d,0x00000954,0x00000007,0x0004003b,0x0000001d,0x00000990,0x00000007,0x0004003b,
	0x00000027,0x00000996,0x00000007,0x0004003b,0x00000007,0x000009ac,0x00000007,0x0004003b,
	0x00000007,0x000009b9,0x00000007,0x0004003b,0x00000007,0x000009e7,0x00000007,0x0004003b,
	0x00000007,0x000009f7,0x00000007,0x0004003b,0x00000007,0x00000a03,0x00000007,0x0004003b,
	0x00000007,0x00000a0e,0x00000007,0x0004003b,0x00000007,0x00000a21,0x00000007,0x0004003b,
	0x00000007,0x00000a2c,0x00000007,0x0004003b,0x0000001d,0x00000a3a,0x00000007,0x0004003b,
	0x0000001d,0x00000a3d,0x00000007,0x0004003b,0x00000027,0x00000a40,0x00000007,0x0004003b,
	0x00000027,0x00000a4d,0x00000007,0x0004003b,0x00000027,0x00000a54,0x00000007,0x0004003b,
	0x00000027,0x00000a5b,0x00000007,0x0004003b,0x00000027,0x00000a7c,0x00000007,0x0004003b,
	0x00000007,0x00000a96,0x00000007,0x0004003b,0x0000000e,0x00000aa9,0x00000007,0x0004003b,
	0x0000000e,0x00000aac,0x00000007,0x0004003b,0x0000001d,0x00000aaf,0x00000007,0x0004003b,
	0x0000001d,0x00000ab2,0x00000007,0x0004003b,0x00000027,0x00000ab5,0x00000007,0x0004003b,
	0x0000000e,0x00000ac1,0x00000007,0x0004003b,0x0000000e,0x00000ace,0x00000007,0x0004003b,
	0x0000000e,0x00000ae7,0x00000007,0x0004003b,0x00000027,0x00000aea,0x00000007,0x0004003b,
	0x00000007,0x00000b04,0x00000007,0x0004003b,0x0000001f,0x00000b0b,0x00000007,0x0004003b,
	0x0000001d,0x00000b0c,0x00000007,0x0004003b,0x00000027,0x00000b0f,0x00000007,0x0004003b,
	0x0000001d,0x00000b15,0x00000007,0x0004003b,0x0000000e,0x00000b2f,0x00000007,0x0004003b,
	0x000001dc,0x00000b39,0x00000007,0x0004003b,0x0000001f,0x00000b3b,0x00000007,0x0004003b,
	0x0000001d,0x00000b3c,0x00000007,0x0004003b,0x0000001f,0x00000b3f,0x00000007,0x0004003b,
	0x0000001d,0x00000b40,0x00000007,0x0004003b,0x00000027,0x00000b43,0x00000007,0x0004003b,
	0x0000001f,0x00000b46,0x00000007,0x0004003b,0x00000027,0x00000b48,0x00000007,0x0004003b,
	0x00000027,0x00000b53,0x00000007,0x0004003b,0x0000001f,0x00000b56,0x00000007,0x0004003b,
	0x00000027,0x00000b58,0x00000007,0x0004003b,0x0000000e,0x00000b63,0x00000007,0x0004003b,
	0x0000001d,0x00000b67,0x00000007,0x0004003b,0x0000000e,0x00000b6c,0x00000007,0x0004003b,
	0x0000000e,0x00000b73,0x00000007,0x0004003b,0x0000000e,0x00000b78,0x00000007,0x0004003b,
	0x0000000e,0x00000b80,0x00000007,0x0004003b,0x0000000e,0x00000b85,0x00000007,0x0004003b,
	0x00000027,0x00000b8d,0x00000007,0x0004003b,0x00000027,0x00000b92,0x00000007,0x0004003b,
	0x00000027,0x00000b96,0x00000007,0x0004003b,0x0000000e,0x00000b99,0x00000007,0x0004003b,
	0x0000000e,0x00000b9a,0x00000007,0x0004003b,0x00000027,0x00000b9c,0x00000007,0x0004003b,
	0x000001dc,0x00000b9f,0x00000007,0x0004003b,0x0000001d,0x00000bad,0x00000007,0x0004003b,
	0x0000001d,0x00000bb5,0x00000007,0x0004003b,0x0000001d,0x00000bb6,0x00000007,0x0004003b,
	0x0000001f,0x00000bb8,0x00000007,0x0004003b,0x0000001f,0x00000bbb,0x00000007,0x0004003b,
	0x00000072,0x00000bbf,0x00000007,0x0004003b,0x00000072,0x00000bc5,0x00000007,0x0004003b,
	0x0000001f,0x00000bce,0x00000007,0x0004003b,0x0000001f,0x00000bd0,0x00000007,0x0004003b,
	0x00000007,0x00000bd8,0x00000007,0x0004003b,0x0000001d,0x00000bd9,0x00000007,0x0004003b,
	0x0000001f,0x00000bdb,0x00000007,0x0004003b,0x00000072,0x00000be3,0x00000007,0x0004003b,
	0x00000027,0x00000c04,0x00000007,0x0004003b,0x00000027,0x00000c08,0x00000007,0x0004003b,
	0x00000027,0x00000c0b,0x00000007,0x0004003b,0x00000027,0x00000c14,0x00000007,0x0004003b,
	0x00000027,0x00000c23,0x00000007,0x0004003b,0x00000072,0x00000c2d,0x00000007,0x0004003b,
	0x00000027,0x00000c2e,0x00000007,0x0004003b,0x0000001f,0x00000c31,0x00000007,0x0004003b,
	0x0000001f,0x00000c34,0x00000007,0x0004003b,0x00000027,0x00000c37,0x00000007,0x0004003b,
	0x00000027,0x00000c3a,0x00000007,0x0004003b,0x0000001f,0x00000c3d,0x00000007,0x0004003b,
	0x0000001f,0x00000c40,0x00000007,0x0004003b,0x00000027,0x00000c46,0x00000007,0x0004003b,
	0x00000072,0x00000c50,0x00000007,0x0004003b,0x00000027,0x00000c51,0x00000007,0x0004003b,
	0x0000001f,0x00000c54,0x00000007,0x0004003b,0x0000001f,0x00000c57,0x00000007,0x0004003b,
	0x00000027,0x00000c5a,0x00000007,0x0004003b,0x00000027,0x00000c5d,0x00000007,0x0004003b,
	0x0000001f,0x00000c60,0x00000007,0x0004003b,0x0000001f,0x00000c63,0x00000007,0x0004003b,
	0x0000000e,0x00000c69,0x00000007,0x0004003b,0x00000072,0x00000c72,0x00000007,0x0004003b,
	0x00000027,0x00000c73,0x00000007,0x0004003b,0x0000001f,0x00000c76,0x00000007,0x0004003b,
	0x0000001f,0x00000c79,0x00000007,0x0004003b,0x00000027,0x00000c7c,0x00000007,0x0004003b,
	0x0000001f,0x00000c7f,0x00000007,0x0004003b,0x0000001f,0x00000c82,0x00000007,0x0004003b,
	0x00000027,0x00000caa,0x00000007,0x0004003b,0x00000027,0x00000cae,0x00000007,0x0004003b,
	0x0000000e,0x00000cb4,0x00000007,0x0004003b,0x0000009b,0x00000cb6,0x00000007,0x0004003b,
	0x0000009b,0x00000cbb,0x00000007,0x0004003b,0x0000001f,0x00000cce,0x00000007,0x0004003b,
	0x0000001f,0x00000cd2,0x00000007,0x0004003b,0x0000001f,0x00000cd6,0x00000007,0x0004003b,
	0x0000001f,0x00000cda,0x00000007,0x0004003b,0x00000007,0x00000cde,0x00000007,0x0004003b,
	0x00000027,0x00000ce3,0x00000007,0x0004003b,0x0000000e,0x00000ce8,0x00000007,0x0004003b,
	0x0000000e,0x00000ced,0x00000007,0x0004003b,0x00000027,0x00000cf2,0x00000007,0x0004003b,
	0x00000027,0x00000cfd,0x00000007,0x0004003b,0x00000027,0x00000d06,0x00000007,0x0004003b,
	0x00000027,0x00000d0d,0x00000007,0x0004003b,0x00000027,0x00000d14,0x00000007,0x0004003b,
	0x00000027,0x00000d2e,0x00000007,0x0004003b,0x0000000e,0x00000d3b,0x00000007,0x0004003b,
	0x00000027,0x00000d40,0x00000007,0x0004003b,0x00000027,0x00000d45,0x00000007,0x0004003b,
	0x0000000e,0x00000d4a,0x00000007,0x0004003b,0x00000027,0x00000d4b,0x00000007,0x0004003b,
	0x0000000e,0x00000d4d,0x00000007,0x0004003b,0x0000000e,0x00000d50,0x00000007,0x0004003b,
	0x00000027,0x00000d51,0x00000007,0x0004003b,0x00000027,0x00000d53,0x00000007,0x0004003b,
	0x00000027,0x00000d56,0x00000007,0x0004003b,0x00000027,0x00000d58,0x00000007,0x0004003b,
	0x00000027,0x00000d5c,0x00000007,0x0004003b,0x00000027,0x00000d5e,0x00000007,0x0004003b,
	0x0000000e,0x00000d6c,0x00000007,0x0004003b,0x00000027,0x00000d76,0x00000007,0x0004003b,
	0x00000027,0x00000d7b,0x00000007,0x0004003b,0x00000027,0x00000d80,0x00000007,0x0004003b,
	0x0000000e,0x00000d85,0x00000007,0x0004003b,0x00000027,0x00000d8a,0x00000007,0x0004003b,
	0x0000000e,0x00000d8c,0x00000007,0x0004003b,0x0000000e,0x00000d8e,0x00000007,0x0004003b,
	0x00000027,0x00000d8f,0x00000007,0x0004003b,0x00000027,0x00000d91,0x00000007,0x0004003b,
	0x00000027,0x00000d94,0x00000007,0x0004003b,0x00000027,0x00000d96,0x00000007,0x0004003b,
	0x00000027,0x00000d9a,0x00000007,0x0004003b,0x00000027,0x00000d9c,0x00000007,0x0004003b,
	0x0000000e,0x00000da9,0x00000007,0x0004003b,0x0000000e,0x00000db8,0x00000007,0x0004003b,
	0x00000027,0x00000dc1,0x00000007,0x0004003b,0x00000027,0x00000dc9,0x00000007,0x0004003b,
	0x0000000e,0x00000dcc,0x00000007,0x0004003b,0x0000000e,0x00000dce,0x00000007,0x0004003b,
	0x0000000e,0x00000dd0,0x00000007,0x0004003b,0x0000000e,0x00000dee,0x00000007,0x0004003b,
	0x0000000e,0x00000df7,0x00000007,0x0004003b,0x0000000e,0x00000e04,0x00000007,0x0004003b,
	0x0000000e,0x00000e0d,0x00000007,0x0004003b,0x00000027,0x00000e15,0x00000007,0x0004003b,
	0x0000000e,0x00000e1a,0x00000007,0x0004003b,0x00000027,0x00000e1f,0x00000007,0x0004003b,
	0x00000027,0x00000e24,0x00000007,0x0004003b,0x0000000e,0x00000e29,0x00000007,0x0004003b,
	0x00000027,0x00000e2a,0x00000007,0x0004003b,0x0000000e,0x00000e2c,0x00000007,0x0004003b,
	0x0000000e,0x00000e2f,0x00000007,0x0004003b,0x00000027,0x00000e30,0x00000007,0x0004003b,
	0x00000027,0x00000e32,0x00000007,0x0004003b,0x00000027,0x00000e35,0x00000007,0x0004003b,
	0x00000027,0x00000e37,0x00000007,0x0004003b,0x00000027,0x00000e3b,0x00000007,0x0004003b,
	0x00000027,0x00000e3d,0x00000007,0x0004003b,0x0000000e,0x00000e4a,0x00000007,0x0004003b,
	0x0000000e,0x00000e60,0x00000007,0x0004003b,0x0000000e,0x00000e6d,0x00000007,0x0004003b,
	0x0000000e,0x00000e7d,0x00000007,0x0004003b,0x0000000e,0x00000e83,0x00000007,0x0004003b,
	0x0000001d,0x00000e8e,0x00000007,0x0004003b,0x0000000e,0x00000e99,0x00000007,0x0004003b,
	0x0000000e,0x00000eab,0x00000007,0x0004003b,0x0000001d,0x00000eb5,0x00000007,0x0004003b,
	0x0000000e,0x00000ebf,0x00000007,0x0004003b,0x0000000e,0x00000ec4,0x00000007,0x0004003b,
	0x0000000e,0x00000ed3,0x00000007,0x0004003b,0x0000001d,0x00000ee8,0x00000007,0x0004003b,
	0x0000000e,0x00000eee,0x00000007,0x0004003b,0x0000000e,0x00000ef8,0x00000007,0x00060041,
	0x00000157,0x00000829,0x00000156,0x00000109,0x0000009f,0x0004003d,0x00000006,0x0000082a,
	0x00000829,0x000500c7,0x00000006,0x0000082b,0x0000082a,0x000000d5,0x000500ab,0x00000071,
	0x0000082c,0x0000082b,0x00000094,0x000300f7,0x0000082f,0x00000000,0x000400fa,0x0000082c,
	0x0000082e,0x00000836,0x000200f8,0x0000082e,0x0004003d,0x00000009,0x00000830,0x0000055a,
	0x000400cf,0x00000009,0x00000831,0x00000830,0x0004003d,0x00000009,0x00000832,0x0000055a,
	0x000400d0,0x00000009,0x00000833,0x00000832,0x0007000c,0x00000009,0x00000834,0x00000001,
	0x00000044,0x00000831,0x00000833,0x0006000c,0x00000009,0x00000835,0x00000001,0x00000045,
	0x00000834,0x0003003e,0x0000082d,0x00000835,0x000200f9,0x0000082f,0x000200f8,0x00000836,
	0x0004003d,0x00000009,0x00000838,0x00000837,0x0006000c,0x00000009,0x00000839,0x00000001,
	0x00000045,0x00000838,0x0003003e,0x0000082d,0x00000839,0x000200f9,0x0000082f,0x000200f8,
	0x0000082f,0x0004003d,0x00000009,0x0000083a,0x0000082d,0x0003003e,0x00000828,0x0000083a,
	0x0004003d,0x00000009,0x0000083d,0x00000828,0x0003003e,0x0000083c,0x0000083d,0x00050039,
	0x00000009,0x0000083e,0x00000091,0x0000083c,0x0003003e,0x0000083b,0x0000083e,0x0004003d,
	0x00000009,0x00000841,0x0000083b,0x0003003e,0x00000840,0x00000841,0x00050039,0x00000009,
	0x00000842,0x00000068,0x00000840,0x0003003e,0x0000083f,0x00000842,0x00060041,0x00000843,
	0x00000844,0x000006be,0x000001f4,0x0000011b,0x0004003d,0x00000006,0x00000845,0x00000844,
	0x000500ab,0x00000071,0x00000846,0x00000845,0x00000094,0x000300f7,0x00000848,0x00000000,
	0x000400fa,0x00000846,0x00000847,0x00000848,0x000200f8,0x00000847,0x00060041,0x00000843,
	0x00000849,0x000006be,0x000001f4,0x0000011b,0x0004003d,0x00000006,0x0000084a,0x00000849,
	0x000500ab,0x00000071,0x0000084b,0x0000084a,0x00000242,0x000200f9,0x00000848,0x000200f8,
	0x00000848,0x000700f5,0x00000071,0x0000084c,0x00000846,0x0000082f,0x0000084b,0x00000847,
	0x000300f7,0x0000084e,0x00000000,0x000400fa,0x0000084c,0x0000084d,0x0000084e,0x000200f8,
	0x0000084d,0x00060041,0x00000843,0x0000084f,0x000006be,0x000001f4,0x0000011b,0x0004003d,
	0x00000006,0x00000850,0x0000084f,0x000500ab,0x00000071,0x00000851,0x00000850,0x00000245,
	0x000200f9,0x0000084e,0x000200f8,0x0000084e,0x000700f5,0x00000071,0x00000852,0x0000084c,
	0x00000848,0x00000851,0x0000084d,0x000300f7,0x00000854,0x00000000,0x000400fa,0x00000852,
	0x00000853,0x00000854,0x000200f8,0x00000853,0x00060041,0x00000843,0x00000855,0x000006be,
	0x000001f4,0x0000011b,0x0004003d,0x00000006,0x00000856,0x00000855,0x000500ab,0x00000071,
	0x00000857,0x00000856,0x00000248,0x000200f9,0x00000854,0x000200f8,0x00000854,0x000700f5,
	0x00000071,0x00000858,0x00000852,0x0000084e,0x00000857,0x00000853,0x000300f7,0x0000085a,
	0x00000000,0x000400fa,0x00000858,0x00000859,0x0000085a,0x000200f8,0x00000859,0x00060041,
	0x00000843,0x0000085b,0x000006be,0x000001f4,0x0000011b,0x0004003d,0x00000006,0x0000085c,
	0x0000085b,0x000500ab,0x00000071,0x0000085d,0x0000085c,0x0000024b,0x000200f9,0x0000085a,
	0x000200f8,0x0000085a,0x000700f5,0x00000071,0x0000085e,0x00000858,0x00000854,0x0000085d,
	0x00000859,0x000300f7,0x00000860,0x00000000,0x000400fa,0x0000085e,0x0000085f,0x00000860,
	0x000200f8,0x0000085f,0x00060041,0x00000843,0x00000861,0x000006be,0x000001f4,0x0000011b,
	0x0004003d,0x00000006,0x00000862,0x00000861,0x000500ab,0x00000071,0x00000863,0x00000862,
	0x0000024e,0x000200f9,0x00000860,0x000200f8,0x00000860,0x000700f5,0x00000071,0x00000864,
	0x0000085e,0x0000085a,0x00000863,0x0000085f,0x000300f7,0x00000866,0x00000000,0x000400fa,
	0x00000864,0x00000865,0x00000866,0x000200f8,0x00000865,0x0004003d,0x00000009,0x00000868,
	0x0000055a,0x000400cf,0x00000009,0x00000869,0x00000868,0x0004003d,0x00000009,0x0000086a,
	0x0000055a,0x000400d0,0x00000009,0x0000086b,0x0000086a,0x0007000c,0x00000009,0x0000086c,
	0x00000001,0x00000044,0x00000869,0x0000086b,0x0006000c,0x00000009,0x0000086d,0x00000001,
	0x00000045,0x0000086c,0x0003003e,0x00000867,0x0000086d,0x00060041,0x00000843,0x0000086e,
	0x000006be,0x000001f4,0x0000011b,0x0004003d,0x00000006,0x0000086f,0x0000086e,0x000500aa,
	0x00000071,0x00000870,0x0000086f,0x000000df,0x000300f7,0x00000872,0x00000000,0x000400fa,
	0x00000870,0x00000871,0x00000872,0x000200f8,0x00000871,0x0004003d,0x00000009,0x00000875,
	0x0000083b,0x0005008e,0x00000009,0x00000876,0x00000875,0x000000ef,0x00060050,0x00000009,
	0x00000877,0x000000ef,0x000000ef,0x000000ef,0x00050081,0x00000009,0x00000878,0x00000876,
	0x00000877,0x00050051,0x00000008,0x00000879,0x00000878,0x00000000,0x00050051,0x00000008,
	0x0000087a,0x00000878,0x00000001,0x00050051,0x00000008,0x0000087b,0x00000878,0x00000002,
	0x00070050,0x0000001e,0x0000087c,0x00000879,0x0000087a,0x0000087b,0x000000b8,0x0003003e,
	0x00000874,0x0000087c,0x000100fd,0x000200f8,0x00000872,0x00060041,0x00000843,0x0000087e,
	0x000006be,0x000001f4,0x0000011b,0x0004003d,0x00000006,0x0000087f,0x0000087e,0x000500aa,
	0x00000071,0x00000880,0x0000087f,0x0000023f,0x000300f7,0x00000882,0x00000000,0x000400fa,
	0x00000880,0x00000881,0x00000882,0x000200f8,0x00000881,0x0004003d,0x00000009,0x00000883,
	0x0000083f,0x0005008e,0x00000009,0x00000884,0x00000883,0x000000ef,0x00060050,0x00000009,
	0x00000885,0x000000ef,0x000000ef,0x000000ef,0x00050081,0x00000009,0x00000886,0x00000884,
	0x00000885,0x00050051,0x00000008,0x00000887,0x00000886,0x00000000,0x00050051,0x00000008,
	0x00000888,0x00000886,0x00000001,0x00050051,0x00000008,0x00000889,0x00000886,0x00000002,
	0x00070050,0x0000001e,0x0000088a,0x00000887,0x00000888,0x00000889,0x000000b8,0x0003003e,
	0x00000874,0x0000088a,0x000100fd,0x000200f8,0x00000882,0x00060041,0x00000843,0x0000088c,
	0x000006be,0x000001f4,0x0000011b,0x0004003d,0x00000006,0x0000088d,0x0000088c,0x000500aa,
	0x00000071,0x0000088e,0x0000088d,0x000000e7,0x000300f7,0x00000890,0x00000000,0x000400fa,
	0x0000088e,0x0000088f,0x00000890,0x000200f8,0x0000088f,0x00060041,0x00000157,0x00000892,
	0x00000156,0x00000109,0x0000011b,0x0004003d,0x00000006,0x00000893,0x00000892,0x0003003e,
	0x00000891,0x00000893,0x00050039,0x00000009,0x00000894,0x0000000c,0x00000891,0x00050051,
	0x00000008,0x00000895,0x00000894,0x00000000,0x00050051,0x00000008,0x00000896,0x00000894,
	0x00000001,0x00050051,0x00000008,0x00000897,0x00000894,0x00000002,0x00070050,0x0000001e,
	0x00000898,0x00000895,0x00000896,0x00000897,0x000000b8,0x0003003e,0x00000874,0x00000898,
	0x000100fd,0x000200f8,0x00000890,0x00060041,0x00000843,0x0000089a,0x000006be,0x000001f4,
	0x0000011b,0x0004003d,0x00000006,0x0000089b,0x0000089a,0x000500aa,0x00000071,0x0000089c,
	0x0000089b,0x00000109,0x000300f7,0x0000089e,0x00000000,0x000400fa,0x0000089c,0x0000089d,
	0x0000089e,0x000200f8,0x0000089d,0x0004003d,0x00000009,0x0000089f,0x00000867,0x0005008e,
	0x00000009,0x000008a0,0x0000089f,0x000000ef,0x00060050,0x00000009,0x000008a1,0x000000ef,
	0x000000ef,0x000000ef,0x00050081,0x00000009,0x000008a2,0x000008a0,0x000008a1,0x00050051,
	0x00000008,0x000008a3,0x000008a2,0x00000000,0x00050051,0x00000008,0x000008a4,0x000008a2,
	0x00000001,0x00050051,0x00000008,0x000008a5,0x000008a2,0x00000002,0x00070050,0x0000001e,
	0x000008a6,0x000008a3,0x000008a4,0x000008a5,0x000000b8,0x0003003e,0x00000874,0x000008a6,
	0x000100fd,0x000200f8,0x0000089e,0x00060041,0x00000843,0x000008a8,0x000006be,0x000001f4,
	0x0000011b,0x0004003d,0x00000006,0x000008a9,0x000008a8,0x000500aa,0x00000071,0x000008aa,
	0x000008a9,0x000001ec,0x000300f7,0x000008ac,0x00000000,0x000400fa,0x000008aa,0x000008ab,
	0x000008ac,0x000200f8,0x000008ab,0x00050041,0x0000015c,0x000008ae,0x000006be,0x000000df,
	0x0004003d,0x0000001e,0x000008af,0x000008ae,0x0008004f,0x00000009,0x000008b0,0x000008af,
	0x000008af,0x00000000,0x00000001,0x00000002,0x0004003d,0x00000009,0x000008b1,0x0000055a,
	0x00050083,0x00000009,0x000008b2,0x000008b0,0x000008b1,0x0006000c,0x00000008,0x000008b3,
	0x00000001,0x00000042,0x000008b2,0x00060041,0x000006bf,0x000008b4,0x000006be,0x000000df,
	0x0000015f,0x0004003d,0x00000008,0x000008b5,0x000008b4,0x0007000c,0x00000008,0x000008b7,
	0x00000001,0x00000028,0x000008b5,0x000008b6,0x00050088,0x00000008,0x000008b8,0x000008b3,
	0x000008b7,0x0008000c,0x00000008,0x000008b9,0x00000001,0x0000002b,0x000008b8,0x000000b7,
	0x000000b8,0x0003003e,0x000008ad,0x000008b9,0x0004003d,0x00000008,0x000008ba,0x000008ad,
	0x00050083,0x00000008,0x000008bb,0x000000b8,0x000008ba,0x00060050,0x00000009,0x000008bc,
	0x000008bb,0x000008bb,0x000008bb,0x00050051,0x00000008,0x000008bd,0x000008bc,0x00000000,
	0x00050051,0x00000008,0x000008be,0x000008bc,0x00000001,0x00050051,0x00000008,0x000008bf,
	0x000008bc,0x00000002,0x00070050,0x0000001e,0x000008c0,0x000008bd,0x000008be,0x000008bf,
	0x000000b8,0x0003003e,0x00000874,0x000008c0,0x000100fd,0x000200f8,0x000008ac,0x00060041,
	0x00000843,0x000008c2,0x000006be,0x000001f4,0x0000011b,0x0004003d,0x00000006,0x000008c3,
	0x000008c2,0x000500aa,0x00000071,0x000008c4,0x000008c3,0x000001e9,0x000300f7,0x000008c6,
	0x00000000,0x000400fa,0x000008c4,0x000008c5,0x000008c6,0x000200f8,0x000008c5,0x0004003d,
	0x0000001c,0x000008c7,0x0000052a,0x0006000c,0x0000001c,0x000008c8,0x00000001,0x0000000a,
	0x000008c7,0x00050051,0x00000008,0x000008c9,0x000008c8,0x00000000,0x00050051,0x00000008,
	0x000008ca,0x000008c8,0x00000001,0x00070050,0x0000001e,0x000008cb,0x000008c9,0x000008ca,
	0x000000b7,0x000000b8,0x0003003e,0x00000874,0x000008cb,0x000100fd,0x000200f8,0x000008c6,
	0x00060041,0x00000843,0x000008cd,0x000006be,0x000001f4,0x0000011b,0x0004003d,0x00000006,
	0x000008ce,0x000008cd,0x000500aa,0x00000071,0x000008cf,0x000008ce,0x000001ef,0x000300f7,
	0x000008d1,0x00000000,0x000400fa,0x000008cf,0x000008d0,0x000008d1,0x000200f8,0x000008d0,
	0x00050041,0x000008d2,0x000008d3,0x00000156,0x000000d5,0x0004003d,0x0000001e,0x000008d4,
	0x000008d3,0x0008004f,0x00000009,0x000008d5,0x000008d4,0x000008d4,0x00000000,0x00000001,
	0x00000002,0x0004003d,0x0000001e,0x000008d8,0x000008d7,0x0008004f,0x00000009,0x000008d9,
	0x000008d8,0x000008d8,0x00000000,0x00000001,0x00000002,0x00050085,0x00000009,0x000008da,
	0x000008d5,0x000008d9,0x0004003d,0x0000001c,0x000008dc,0x0000052a,0x0003003e,0x000008db,
	0x000008dc,0x00050039,0x0000001e,0x000008dd,0x00000059,0x000008db,0x0008004f,0x00000009,
	0x000008de,0x000008dd,0x000008dd,0x00000000,0x00000001,0x00000002,0x00050085,0x00000009,
	0x000008df,0x000008da,0x000008de,0x00050051,0x00000008,0x000008e0,0x000008df,0x00000000,
	0x00050051,0x00000008,0x000008e1,0x000008df,0x00000001,0x00050051,0x00000008,0x000008e2,
	0x000008df,0x00000002,0x00070050,0x0000001e,0x000008e3,0x000008e0,0x000008e1,0x000008e2,
	0x000000b8,0x0003003e,0x00000874,0x000008e3,0x000100fd,0x000200f8,0x000008d1,0x00060041,
	0x00000843,0x000008e5,0x000006be,0x000001f4,0x0000011b,0x0004003d,0x00000006,0x000008e6,
	0x000008e5,0x000500aa,0x00000071,0x000008e7,0x000008e6,0x000000a8,0x000300f7,0x000008e9,
	0x00000000,0x000400fa,0x000008e7,0x000008e8,0x000008e9,0x000200f8,0x000008e8,0x0004003d,
	0x00000071,0x000008ec,0x000008eb,0x00070050,0x000008f0,0x000008f1,0x000008ec,0x000008ec,
	0x000008ec,0x000008ec,0x000600a9,0x0000001e,0x000008f2,0x000008f1,0x000008ee,0x000008ef,
	0x0003003e,0x00000874,0x000008f2,0x000100fd,0x000200f8,0x000008e9,0x00060041,0x00000843,
	0x000008f4,0x000006be,0x000001f4,0x0000011b,0x0004003d,0x00000006,0x000008f5,0x000008f4,
	0x000500aa,0x00000071,0x000008f6,0x000008f5,0x000001f4,0x000300f7,0x000008f8,0x00000000,
	0x000400fa,0x000008f6,0x000008f7,0x000008f8,0x000200f8,0x000008f7,0x00040039,0x0000003b,
	0x000008fa,0x0000003d,0x0003003e,0x000008f9,0x000008fa,0x0004003d,0x0000001c,0x000008fd,
	0x0000052a,0x0003003e,0x000008fc,0x000008fd,0x00050039,0x0000001e,0x000008fe,0x0000005f,
	0x000008fc,0x0003003e,0x000008fb,0x000008fe,0x00060041,0x000008ff,0x00000900,0x00000156,
	0x000000df,0x0000009f,0x0004003d,0x00000008,0x00000901,0x00000900,0x0004003d,0x0000001e,
	0x00000903,0x000008fb,0x0003003e,0x00000902,0x00000903,0x00060041,0x00000027,0x00000905,
	0x000008f9,0x000000ad,0x0000009f,0x0004003d,0x00000008,0x00000906,0x00000905,0x0003003e,
	0x00000904,0x00000906,0x00060039,0x00000008,0x00000907,0x00000048,0x00000902,0x00000904,
	0x00060041,0x00000027,0x00000908,0x000008f9,0x0000020a,0x0000011b,0x0004003d,0x00000008,
	0x00000909,0x00000908,0x00050085,0x00000008,0x0000090a,0x00000907,0x00000909,0x00060041,
	0x00000027,0x0000090b,0x000008f9,0x0000020a,0x0000009f,0x0004003d,0x00000008,0x0000090c,
	0x0000090b,0x00050081,0x00000008,0x0000090d,0x0000090a,0x0000090c,0x00050085,0x00000008,
	0x0000090e,0x00000901,0x0000090d,0x00060050,0x00000009,0x0000090f,0x0000090e,0x0000090e,
	0x0000090e,0x00050051,0x00000008,0x00000910,0x0000090f,0x00000000,0x00050051,0x00000008,
	0x00000911,0x0000090f,0x00000001,0x00050051,0x00000008,0x00000912,0x0000090f,0x00000002,
	0x00070050,0x0000001e,0x00000913,0x00000910,0x00000911,0x00000912,0x000000b8,0x0003003e,
	0x00000874,0x00000913,0x000100fd,0x000200f8,0x000008f8,0x00060041,0x00000843,0x00000915,
	0x000006be,0x000001f4,0x0000011b,0x0004003d,0x00000006,0x00000916,0x00000915,0x000500aa,
	0x00000071,0x00000917,0x00000916,0x00000120,0x000300f7,0x00000919,0x00000000,0x000400fa,
	0x00000917,0x00000918,0x00000919,0x000200f8,0x00000918,0x00040039,0x0000003b,0x0000091b,
	0x0000003d,0x0003003e,0x0000091a,0x0000091b,0x0004003d,0x0000001c,0x0000091e,0x0000052a,
	0x0003003e,0x0000091d,0x0000091e,0x00050039,0x0000001e,0x0000091f,0x0000005c,0x0000091d,
	0x0003003e,0x0000091c,0x0000091f,0x00060041,0x000008ff,0x00000920,0x00000156,0x000000df,
	0x0000011b,0x0004003d,0x00000008,0x00000921,0x00000920,0x0004003d,0x0000001e,0x00000923,
	0x0000091c,0x0003003e,0x00000922,0x00000923,0x00060041,0x00000027,0x00000925,0x0000091a,
	0x000000ad,0x0000011b,0x0004003d,0x00000008,0x00000926,0x00000925,0x0003003e,0x00000924,
	0x00000926,0x00060039,0x00000008,0x00000927,0x00000048,0x00000922,0x00000924,0x00060041,
	0x00000027,0x00000928,0x0000091a,0x000000ad,0x000002b5,0x0004003d,0x00000008,0x00000929,
	0x00000928,0x00050085,0x00000008,0x0000092a,0x00000927,0x00000929,0x00060041,0x00000027,
	0x0000092b,0x0000091a,0x000000ad,0x0000015f,0x0004003d,0x00000008,0x0000092c,0x0000092b,
	0x00050081,0x00000008,0x0000092d,0x0000092a,0x0000092c,0x00050085,0x00000008,0x0000092e,
	0x00000921,0x0000092d,0x00060050,0x00000009,0x0000092f,0x0000092e,0x0000092e,0x0000092e,
	0x00050051,0x00000008,0x00000930,0x0000092f,0x00000000,0x00050051,0x00000008,0x00000931,
	0x0000092f,0x00000001,0x00050051,0x00000008,0x00000932,0x0000092f,0x00000002,0x00070050,
	0x0000001e,0x00000933,0x00000930,0x00000931,0x00000932,0x000000b8,0x0003003e,0x00000874,
	0x00000933,0x000100fd,0x000200f8,0x00000919,0x00060041,0x00000843,0x00000935,0x000006be,
	0x000001f4,0x0000011b,0x0004003d,0x00000006,0x00000936,0x00000935,0x000500aa,0x00000071,
	0x00000937,0x00000936,0x000001f9,0x000300f7,0x00000939,0x00000000,0x000400fa,0x00000937,
	0x00000938,0x00000939,0x000200f8,0x00000938,0x00050041,0x000008d2,0x0000093a,0x00000156,
	0x000000e7,0x0004003d,0x0000001e,0x0000093b,0x0000093a,0x0008004f,0x00000009,0x0000093c,
	0x0000093b,0x0000093b,0x00000000,0x00000001,0x00000002,0x0004003d,0x0000001c,0x0000093e,
	0x0000052a,0x0003003e,0x0000093d,0x0000093e,0x00050039,0x0000001e,0x0000093f,0x00000065,
	0x0000093d,0x0008004f,0x00000009,0x00000940,0x0000093f,0x0000093f,0x00000000,0x00000001,
	0x00000002,0x00050085,0x00000009,0x00000941,0x0000093c,0x00000940,0x00050051,0x00000008,
	0x00000942,0x00000941,0x00000000,0x00050051,0x00000008,0x00000943,0x00000941,0x00000001,
	0x00050051,0x00000008,0x00000944,0x00000941,0x00000002,0x00070050,0x0000001e,0x00000945,
	0x00000942,0x00000943,0x00000944,0x000000b8,0x0003003e,0x00000874,0x00000945,0x000100fd,
	0x000200f8,0x00000939,0x00060041,0x00000843,0x00000947,0x000006be,0x000001f4,0x0000011b,
	0x0004003d,0x00000006,0x00000948,0x00000947,0x000500aa,0x00000071,0x00000949,0x00000948,
	0x000001fc,0x000300f7,0x0000094b,0x00000000,0x000400fa,0x00000949,0x0000094a,0x0000094b,
	0x000200f8,0x0000094a,0x00060041,0x000008ff,0x0000094d,0x00000156,0x000000d5,0x0000015f,
	0x0004003d,0x00000008,0x0000094e,0x0000094d,0x0004003d,0x0000001c,0x00000950,0x0000052a,
	0x0003003e,0x0000094f,0x00000950,0x00050039,0x0000001e,0x00000951,0x00000059,0x0000094f,
	0x00050051,0x00000008,0x00000952,0x00000951,0x00000003,0x00050085,0x00000008,0x00000953,
	0x0000094e,0x00000952,0x0004003d,0x0000001c,0x00000955,0x0000052a,0x0003003e,0x00000954,
	0x00000955,0x00050039,0x00000008,0x00000956,0x0000006c,0x00000954,0x00050085,0x00000008,
	0x00000957,0x00000953,0x00000956,0x00050041,0x00000958,0x00000959,0x000008d7,0x0000015f,
	0x0004003d,0x00000008,0x0000095a,0x00000959,0x00050085,0x00000008,0x0000095b,0x00000957,
	0x0000095a,0x0008000c,0x00000008,0x0000095c,0x00000001,0x0000002b,0x0000095b,0x000000b7,
	0x000000b8,0x0003003e,0x0000094c,0x0000095c,0x00060041,0x000008ff,0x0000095d,0x00000156,
	0x000000df,0x000002b5,0x0004003d,0x00000008,0x0000095e,0x0000095d,0x000500ba,0x00000071,
	0x0000095f,0x0000095e,0x000000ef,0x000300f7,0x00000961,0x00000000,0x000400fa,0x0000095f,
	0x00000960,0x00000961,0x000200f8,0x00000960,0x00060041,0x000008ff,0x00000962,0x00000156,
	0x000000df,0x000002b5,0x0004003d,0x00000008,0x00000963,0x00000962,0x000500b8,0x00000071,
	0x00000965,0x00000963,0x00000964,0x000200f9,0x00000961,0x000200f8,0x00000961,0x000700f5,
	0x00000071,0x00000966,0x0000095f,0x0000094a,0x00000965,0x00000960,0x000300f7,0x00000968,
	0x00000000,0x000400fa,0x00000966,0x00000967,0x00000968,0x000200f8,0x00000967,0x0004003d,
	0x00000008,0x00000969,0x0000094c,0x00060041,0x000008ff,0x0000096a,0x00000156,0x000000df,
	0x0000015f,0x0004003d,0x00000008,0x0000096b,0x0000096a,0x000500be,0x00000071,0x0000096c,
	0x00000969,0x0000096b,0x000600a9,0x00000008,0x0000096d,0x0000096c,0x000000b8,0x000000b7,
	0x0003003e,0x0000094c,0x0000096d,0x000200f9,0x00000968,0x000200f8,0x00000968,0x0004003d,
	0x00000008,0x0000096e,0x0000094c,0x00060050,0x00000009,0x0000096f,0x0000096e,0x0000096e,
	0x0000096e,0x00050051,0x00000008,0x00000970,0x0000096f,0x00000000,0x00050051,0x00000008,
	0x00000971,0x0000096f,0x00000001,0x00050051,0x00000008,0x00000972,0x0000096f,0x00000002,
	0x00070050,0x0000001e,0x00000973,0x00000970,0x00000971,0x00000972,0x000000b8,0x0003003e,
	0x00000874,0x00000973,0x000100fd,0x000200f8,0x0000094b,0x00060041,0x00000843,0x00000975,
	0x000006be,0x000001f4,0x0000011b,0x0004003d,0x00000006,0x00000976,0x00000975,0x000500aa,
	0x00000071,0x00000977,0x00000976,0x000001ff,0x000300f7,0x00000979,0x00000000,0x000400fa,
	0x00000977,0x00000978,0x00000979,0x000200f8,0x00000978,0x0004003d,0x00000009,0x0000097a,
	0x0000055a,0x00050041,0x0000015c,0x0000097b,0x000006be,0x000000e7,0x0004003d,0x0000001e,
	0x0000097c,0x0000097b,0x0008004f,0x00000009,0x0000097d,0x0000097c,0x0000097c,0x00000000,
	0x00000001,0x00000002,0x00050083,0x00000009,0x0000097e,0x0000097a,0x0000097d,0x00050041,
	0x0000015c,0x0000097f,0x000006be,0x00000109,0x0004003d,0x0000001e,0x00000980,0x0000097f,
	0x0008004f,0x00000009,0x00000981,0x00000980,0x00000980,0x00000000,0x00000001,0x00000002,
	0x00050088,0x00000009,0x00000982,0x0000097e,0x00000981,0x00060050,0x00000009,0x00000983,
	0x000000b7,0x000000b7,0x000000b7,0x00060050,0x00000009,0x00000984,0x000000b8,0x000000b8,
	0x000000b8,0x0008000c,0x00000009,0x00000985,0x00000001,0x0000002b,0x00000982,0x00000983,
	0x00000984,0x00050051,0x00000008,0x00000986,0x00000985,0x00000000,0x00050051,0x00000008,
	0x00000987,0x00000985,0x00000001,0x00050051,0x00000008,0x00000988,0x00000985,0x00000002,
	0x00070050,0x0000001e,0x00000989,0x00000986,0x00000987,0x00000988,0x000000b8,0x0003003e,
	0x00000874,0x00000989,0x000100fd,0x000200f8,0x00000979,0x00060041,0x00000843,0x0000098b,
	0x000006be,0x000001f4,0x0000011b,0x0004003d,0x00000006,0x0000098c,0x0000098b,0x000500aa,
	0x00000071,0x0000098d,0x0000098c,0x0000021b,0x000300f7,0x0000098f,0x00000000,0x000400fa,
	0x0000098d,0x0000098e,0x0000098f,0x000200f8,0x0000098e,0x0004003d,0x0000001c,0x00000991,
	0x0000052a,0x0006000c,0x0000001c,0x00000992,0x00000001,0x0000000a,0x00000991,0x0005008e,
	0x0000001c,0x00000994,0x00000992,0x00000993,0x0006000c,0x0000001c,0x00000995,0x00000001,
	0x00000008,0x00000994,0x0003003e,0x00000990,0x00000995,0x00050041,0x00000027,0x00000997,
	0x00000990,0x0000011b,0x0004003d,0x00000008,0x00000998,0x00000997,0x00050041,0x00000027,
	0x00000999,0x00000990,0x0000009f,0x0004003d,0x00000008,0x0000099a,0x00000999,0x00050081,
	0x00000008,0x0000099b,0x00000998,0x0000099a,0x0005008d,0x00000008,0x0000099d,0x0000099b,
	0x0000099c,0x0003003e,0x00000996,0x0000099d,0x0004003d,0x00000008,0x0000099f,0x00000996,
	0x0008000c,0x00000008,0x000009a0,0x00000001,0x0000002e,0x0000099e,0x000000fd,0x0000099f,
	0x00060050,0x00000009,0x000009a1,0x000009a0,0x000009a0,0x000009a0,0x00050051,0x00000008,
	0x000009a2,0x000009a1,0x00000000,0x00050051,0x00000008,0x000009a3,0x000009a1,0x00000001,
	0x00050051,0x00000008,0x000009a4,0x000009a1,0x00000002,0x00070050,0x0000001e,0x000009a5,
	0x000009a2,0x000009a3,0x000009a4,0x000000b8,0x0003003e,0x00000874,0x000009a5,0x000100fd,
	0x000200f8,0x0000098f,0x00060041,0x00000843,0x000009a7,0x000006be,0x000001f4,0x0000011b,
	0x0004003d,0x00000006,0x000009a8,0x000009a7,0x000500aa,0x00000071,0x000009a9,0x000009a8,
	0x00000205,0x000300f7,0x000009ab,0x00000000,0x000400fa,0x000009a9,0x000009aa,0x000009ab,
	0x000200f8,0x000009aa,0x0004003d,0x00000006,0x000009ad,0x000002d9,0x0003003e,0x000009ac,
	0x000009ad,0x00050039,0x00000009,0x000009ae,0x0000000c,0x000009ac,0x00050051,0x00000008,
	0x000009af,0x000009ae,0x00000000,0x00050051,0x00000008,0x000009b0,0x000009ae,0x00000001,
	0x00050051,0x00000008,0x000009b1,0x000009ae,0x00000002,0x00070050,0x0000001e,0x000009b2,
	0x000009af,0x000009b0,0x000009b1,0x000000b8,0x0003003e,0x00000874,0x000009b2,0x000100fd,
	0x000200f8,0x000009ab,0x00060041,0x00000843,0x000009b4,0x000006be,0x000001f4,0x0000011b,
	0x0004003d,0x00000006,0x000009b5,0x000009b4,0x000500aa,0x00000071,0x000009b6,0x000009b5,
	0x000000ad,0x000300f7,0x000009b8,0x00000000,0x000400fa,0x000009b6,0x000009b7,0x000009b8,
	0x000200f8,0x000009b7,0x00060041,0x00000157,0x000009ba,0x00000156,0x00000109,0x000002b5,
	0x0004003d,0x00000006,0x000009bb,0x000009ba,0x0003003e,0x000009b9,0x000009bb,0x00050039,
	0x00000009,0x000009bc,0x0000000c,0x000009b9,0x00050051,0x00000008,0x000009bd,0x000009bc,
	0x00000000,0x00050051,0x00000008,0x000009be,0x000009bc,0x00000001,0x00050051,0x00000008,
	0x000009bf,0x000009bc,0x00000002,0x00070050,0x0000001e,0x000009c0,0x000009bd,0x000009be,
	0x000009bf,0x000000b8,0x0003003e,0x00000874,0x000009c0,0x000100fd,0x000200f8,0x000009b8,
	0x00060041,0x00000843,0x000009c2,0x000006be,0x000001f4,0x0000011b,0x0004003d,0x00000006,
	0x000009c3,0x000009c2,0x000500aa,0x00000071,0x000009c4,0x000009c3,0x0000015b,0x000300f7,
	0x000009c6,0x00000000,0x000400fa,0x000009c4,0x000009c5,0x000009c6,0x000200f8,0x000009c5,
	0x00060041,0x00000157,0x000009c7,0x00000156,0x00000109,0x0000009f,0x0004003d,0x00000006,
	0x000009c8,0x000009c7,0x000500c7,0x00000006,0x000009c9,0x000009c8,0x000000d5,0x000500ab,
	0x00000071,0x000009ca,0x000009c9,0x00000094,0x00070050,0x000008f0,0x000009cd,0x000009ca,
	0x000009ca,0x000009ca,0x000009ca,0x000600a9,0x0000001e,0x000009ce,0x000009cd,0x000009cb,
	0x000009cc,0x0003003e,0x00000874,0x000009ce,0x000100fd,0x000200f8,0x000009c6,0x00060041,
	0x00000843,0x000009d0,0x000006be,0x000001f4,0x0000011b,0x0004003d,0x00000006,0x000009d1,
	0x000009d0,0x000500aa,0x00000071,0x000009d2,0x000009d1,0x00000212,0x000300f7,0x000009d4,
	0x00000000,0x000400fa,0x000009d2,0x000009d3,0x000009d4,0x000200f8,0x000009d3,0x00060041,
	0x00000157,0x000009d5,0x00000156,0x00000109,0x0000009f,0x0004003d,0x00000006,0x000009d6,
	0x000009d5,0x000500c7,0x00000006,0x000009d7,0x000009d6,0x000000df,0x000500ab,0x00000071,
	0x000009d8,0x000009d7,0x00000094,0x00070050,0x000008f0,0x000009db,0x000009d8,0x000009d8,
	0x000009d8,0x000009d8,0x000600a9,0x0000001e,0x000009dc,0x000009db,0x000009da,0x000009cc,
	0x0003003e,0x00000874,0x000009dc,0x000100fd,0x000200f8,0x000009d4,0x00060041,0x00000843,
	0x000009de,0x000006be,0x000001f4,0x0000011b,0x0004003d,0x00000006,0x000009df,0x000009de,
	0x000500aa,0x00000071,0x000009e0,0x000009df,0x0000020d,0x000300f7,0x000009e2,0x00000000,
	0x000400fa,0x000009e0,0x000009e1,0x000009e2,0x000200f8,0x000009e1,0x00060041,0x00000157,
	0x000009e3,0x00000156,0x00000109,0x0000009f,0x0004003d,0x00000006,0x000009e4,0x000009e3,
	0x000500c3,0x00000006,0x000009e5,0x000009e4,0x000000df,0x000500c7,0x00000006,0x000009e6,
	0x000009e5,0x000000e7,0x0003003e,0x000009e7,0x000009e6,0x00050039,0x00000009,0x000009e8,
	0x00000014,0x000009e7,0x00050051,0x00000008,0x000009e9,0x000009e8,0x00000000,0x00050051,
	0x00000008,0x000009ea,0x000009e8,0x00000001,0x00050051,0x00000008,0x000009eb,0x000009e8,
	0x00000002,0x00070050,0x0000001e,0x000009ec,0x000009e9,0x000009ea,0x000009eb,0x000000b8,
	0x0003003e,0x00000874,0x000009ec,0x000100fd,0x000200f8,0x000009e2,0x00060041,0x00000843,
	0x000009ee,0x000006be,0x000001f4,0x0000011b,0x0004003d,0x00000006,0x000009ef,0x000009ee,
	0x000500aa,0x00000071,0x000009f0,0x000009ef,0x0000022d,0x000300f7,0x000009f2,0x00000000,
	0x000400fa,0x000009f0,0x000009f1,0x000009f2,0x000200f8,0x000009f1,0x00060041,0x00000157,
	0x000009f3,0x00000156,0x00000109,0x0000009f,0x0004003d,0x00000006,0x000009f4,0x000009f3,
	0x000500c3,0x00000006,0x000009f5,0x000009f4,0x00000109,0x000500c7,0x00000006,0x000009f6,
	0x000009f5,0x000001ef,0x0003003e,0x000009f7,0x000009f6,0x00050039,0x00000009,0x000009f8,
	0x00000017,0x000009f7,0x00050051,0x00000008,0x000009f9,0x000009f8,0x00000000,0x00050051,
	0x00000008,0x000009fa,0x000009f8,0x00000001,0x00050051,0x00000008,0x000009fb,0x000009f8,
	0x00000002,0x00070050,0x0000001e,0x000009fc,0x000009f9,0x000009fa,0x000009fb,0x000000b8,
	0x0003003e,0x00000874,0x000009fc,0x000100fd,0x000200f8,0x000009f2,0x00060041,0x00000843,
	0x000009fe,0x000006be,0x000001f4,0x0000011b,0x0004003d,0x00000006,0x000009ff,0x000009fe,
	0x000500aa,0x00000071,0x00000a00,0x000009ff,0x00000230,0x000300f7,0x00000a02,0x00000000,
	0x000400fa,0x00000a00,0x00000a01,0x00000a02,0x000200f8,0x00000a01,0x00050041,0x00000958,
	0x00000a04,0x0000052a,0x0000011b,0x0004003d,0x00000008,0x00000a05,0x00000a04,0x0006000c,
	0x00000008,0x00000a06,0x00000001,0x00000008,0x00000a05,0x0004006e,0x00000006,0x00000a07,
	0x00000a06,0x00050041,0x00000958,0x00000a08,0x0000052a,0x0000009f,0x0004003d,0x00000008,
	0x00000a09,0x00000a08,0x0006000c,0x00000008,0x00000a0a,0x00000001,0x00000008,0x00000a09,
	0x0004006e,0x00000006,0x00000a0b,0x00000a0a,0x00050084,0x00000006,0x00000a0c,0x00000120,
	0x00000a0b,0x00050080,0x00000006,0x00000a0d,0x00000a07,0x00000a0c,0x0003003e,0x00000a03,
	0x00000a0d,0x0004003d,0x00000006,0x00000a0f,0x00000a03,0x0003003e,0x00000a0e,0x00000a0f,
	0x00050039,0x00000009,0x00000a10,0x0000000c,0x00000a0e,0x00050051,0x00000008,0x00000a11,
	0x00000a10,0x00000000,0x00050051,0x00000008,0x00000a12,0x00000a10,0x00000001,0x00050051,
	0x00000008,0x00000a13,0x00000a10,0x00000002,0x00070050,0x0000001e,0x00000a14,0x00000a11,
	0x00000a12,0x00000a13,0x000000b8,0x0003003e,0x00000874,0x00000a14,0x000100fd,0x000200f8,
	0x00000a02,0x00060041,0x00000843,0x00000a16,0x000006be,0x000001f4,0x0000011b,0x0004003d,
	0x00000006,0x00000a17,0x00000a16,0x000500aa,0x00000071,0x00000a18,0x00000a17,0x0000023c,
	0x000300f7,0x00000a1a,0x00000000,0x000400fa,0x00000a18,0x00000a19,0x00000a1a,0x000200f8,
	0x00000a19,0x00060041,0x00000157,0x00000a1b,0x00000156,0x00000109,0x0000009f,0x0004003d,
	0x00000006,0x00000a1c,0x00000a1b,0x000500c7,0x00000006,0x00000a1d,0x00000a1c,0x000002c6,
	0x000500ab,0x00000071,0x00000a1e,0x00000a1d,0x00000094,0x000300f7,0x00000a20,0x00000000,
	0x000400fa,0x00000a1e,0x00000a1f,0x00000a32,0x000200f8,0x00000a1f,0x00060041,0x00000157,
	0x00000a22,0x00000156,0x00000109,0x0000009f,0x0004003d,0x00000006,0x00000a23,0x00000a22,
	0x000500c3,0x00000006,0x00000a24,0x00000a23,0x000000a8,0x000500c7,0x00000006,0x00000a25,
	0x00000a24,0x000002d0,0x0003003e,0x00000a21,0x00000a25,0x0004003d,0x00000006,0x00000a26,
	0x00000a21,0x0004003d,0x00000006,0x00000a27,0x000002d9,0x00050080,0x00000006,0x00000a28,
	0x00000a26,0x00000a27,0x00060041,0x000002dd,0x00000a29,0x000002d6,0x00000094,0x00000a28,
	0x0004003d,0x0000004a,0x00000a2a,0x00000a29,0x0004007c,0x00000006,0x00000a2b,0x00000a2a,
	0x0003003e,0x00000a2c,0x00000a2b,0x00050039,0x00000009,0x00000a2d,0x0000000c,0x00000a2c,
	0x00050051,0x00000008,0x00000a2e,0x00000a2d,0x00000000,0x00050051,0x00000008,0x00000a2f,
	0x00000a2d,0x00000001,0x00050051,0x00000008,0x00000a30,0x00000a2d,0x00000002,0x00070050,
	0x0000001e,0x00000a31,0x00000a2e,0x00000a2f,0x00000a30,0x000000b8,0x0003003e,0x00000874,
	0x00000a31,0x000200f9,0x00000a20,0x000200f8,0x00000a32,0x0003003e,0x00000874,0x00000a33,
	0x000200f9,0x00000a20,0x000200f8,0x00000a20,0x000100fd,0x000200f8,0x00000a1a,0x00060041,
	0x00000843,0x00000a35,0x000006be,0x000001f4,0x0000011b,0x0004003d,0x00000006,0x00000a36,
	0x00000a35,0x000500aa,0x00000071,0x00000a37,0x00000a36,0x00000239,0x000300f7,0x00000a39,
	0x00000000,0x000400fa,0x00000a37,0x00000a38,0x00000a39,0x000200f8,0x00000a38,0x0004003d,
	0x0000001c,0x00000a3b,0x0000052a,0x000400cf,0x0000001c,0x00000a3c,0x00000a3b,0x0003003e,
	0x00000a3a,0x00000a3c,0x0004003d,0x0000001c,0x00000a3e,0x0000052a,0x000400d0,0x0000001c,
	0x00000a3f,0x00000a3e,0x0003003e,0x00000a3d,0x00000a3f,0x00050041,0x00000027,0x00000a41,
	0x00000a3a,0x0000011b,0x0004003d,0x00000008,0x00000a42,0x00000a41,0x00050041,0x00000027,
	0x00000a43,0x00000a3d,0x0000009f,0x0004003d,0x00000008,0x00000a44,0x00000a43,0x00050085,
	0x00000008,0x00000a45,0x00000a42,0x00000a44,0x00050041,0x00000027,0x00000a46,0x00000a3d,
	0x0000011b,0x0004003d,0x00000008,0x00000a47,0x00000a46,0x00050041,0x00000027,0x00000a48,
	0x00000a3a,0x0000009f,0x0004003d,0x00000008,0x00000a49,0x00000a48,0x00050085,0x00000008,
	0x00000a4a,0x00000a47,0x00000a49,0x00050083,0x00000008,0x00000a4b,0x00000a45,0x00000a4a,
	0x0006000c,0x00000008,0x00000a4c,0x00000001,0x00000004,0x00000a4b,0x0003003e,0x00000a40,
	0x00000a4c,0x0004003d,0x00000009,0x00000a4e,0x0000055a,0x000400cf,0x00000009,0x00000a4f,
	0x00000a4e,0x0004003d,0x00000009,0x00000a50,0x0000055a,0x000400d0,0x00000009,0x00000a51,
	0x00000a50,0x0007000c,0x00000009,0x00000a52,0x00000001,0x00000044,0x00000a4f,0x00000a51,
	0x0006000c,0x00000008,0x00000a53,0x00000001,0x00000042,0x00000a52,0x0003003e,0x00000a4d,
	0x00000a53,0x0004003d,0x00000008,0x00000a55,0x00000a40,0x0004003d,0x00000008,0x00000a56,
	0x00000a4d,0x0007000c,0x00000008,0x00000a58,0x00000001,0x00000028,0x00000a56,0x00000a57,
	0x00050088,0x00000008,0x00000a59,0x00000a55,0x00000a58,0x0006000c,0x00000008,0x00000a5a,
	0x00000001,0x0000001f,0x00000a59,0x0003003e,0x00000a54,0x00000a5a,0x0004003d,0x00000008,
	0x00000a5c,0x00000a54,0x00060041,0x000006bf,0x00000a5d,0x000006be,0x000000df,0x0000015f,
	0x0004003d,0x00000008,0x00000a5e,0x00000a5d,0x00050085,0x00000008,0x00000a5f,0x00000a5c,
	0x00000a5e,0x00050085,0x00000008,0x00000a60,0x00000a5f,0x000000ef,0x0008000c,0x00000008,
	0x00000a61,0x00000001,0x0000002b,0x00000a60,0x000000b7,0x000000b8,0x0003003e,0x00000a5b,
	0x00000a61,0x0004003d,0x00000008,0x00000a62,0x00000a5b,0x0004003d,0x00000008,0x00000a63,
	0x00000a5b,0x00050083,0x00000008,0x00000a64,0x00000a63,0x000000ef,0x0006000c,0x00000008,
	0x00000a65,0x00000001,0x00000004,0x00000a64,0x00050085,0x00000008,0x00000a66,0x00000a65,
	0x0000099c,0x00050083,0x00000008,0x00000a67,0x000000b8,0x00000a66,0x0004003d,0x00000008,
	0x00000a68,0x00000a5b,0x00050083,0x00000008,0x00000a69,0x000000b8,0x00000a68,0x00070050,
	0x0000001e,0x00000a6a,0x00000a62,0x00000a67,0x00000a69,0x000000b8,0x0003003e,0x00000874,
	0x00000a6a,0x000100fd,0x000200f8,0x00000a39,0x00060041,0x00000843,0x00000a6c,0x000006be,
	0x000001f4,0x0000011b,0x0004003d,0x00000006,0x00000a6d,0x00000a6c,0x000500aa,0x00000071,
	0x00000a6e,0x00000a6d,0x00000233,0x000300f7,0x00000a70,0x00000000,0x000400fa,0x00000a6e,
	0x00000a6f,0x00000a70,0x000200f8,0x00000a6f,0x0004003d,0x0000001c,0x00000a71,0x0000037f,
	0x0006000c,0x0000001c,0x00000a72,0x00000001,0x0000000a,0x00000a71,0x00050051,0x00000008,
	0x00000a73,0x00000a72,0x00000000,0x00050051,0x00000008,0x00000a74,0x00000a72,0x00000001,
	0x00070050,0x0000001e,0x00000a75,0x00000a73,0x00000a74,0x000000b7,0x000000b8,0x0003003e,
	0x00000874,0x00000a75,0x000100fd,0x000200f8,0x00000a70,0x00060041,0x00000843,0x00000a77,
	0x000006be,0x000001f4,0x0000011b,0x0004003d,0x00000006,0x00000a78,0x00000a77,0x000500aa,
	0x00000071,0x00000a79,0x00000a78,0x00000236,0x000300f7,0x00000a7b,0x00000000,0x000400fa,
	0x00000a79,0x00000a7a,0x00000a7b,0x000200f8,0x00000a7a,0x0004003d,0x00000008,0x00000a7e,
	0x00000a7d,0x00060041,0x000006bf,0x00000a7f,0x000006be,0x000000df,0x0000015f,0x0004003d,
	0x00000008,0x00000a80,0x00000a7f,0x00050085,0x00000008,0x00000a81,0x00000a80,0x000000ec,
	0x0007000c,0x00000008,0x00000a83,0x00000001,0x00000028,0x00000a81,0x00000a82,0x00050088,
	0x00000008,0x00000a84,0x00000a7e,0x00000a83,0x0008000c,0x00000008,0x00000a85,0x00000001,
	0x0000002b,0x00000a84,0x000000b7,0x000000b8,0x0003003e,0x00000a7c,0x00000a85,0x0004003d,
	0x00000008,0x00000a86,0x00000a7c,0x0004003d,0x00000008,0x00000a87,0x00000a7c,0x00050083,
	0x00000008,0x00000a88,0x00000a87,0x000000ef,0x0006000c,0x00000008,0x00000a89,0x00000001,
	0x00000004,0x00000a88,0x00050085,0x00000008,0x00000a8a,0x00000a89,0x0000099c,0x00050083,
	0x00000008,0x00000a8b,0x000000b8,0x00000a8a,0x0004003d,0x00000008,0x00000a8c,0x00000a7c,
	0x00050083,0x00000008,0x00000a8d,0x000000b8,0x00000a8c,0x00070050,0x0000001e,0x00000a8e,
	0x00000a86,0x00000a8b,0x00000a8d,0x000000b8,0x0003003e,0x00000874,0x00000a8e,0x000100fd,
	0x000200f8,0x00000a7b,0x00060041,0x00000843,0x00000a90,0x000006be,0x000001f4,0x0000011b,
	0x0004003d,0x00000006,0x00000a91,0x00000a90,0x000500aa,0x00000071,0x00000a92,0x00000a91,
	0x00000215,0x000300f7,0x00000a94,0x00000000,0x000400fa,0x00000a92,0x00000a93,0x00000a94,
	0x000200f8,0x00000a93,0x0004003d,0x00000006,0x00000a97,0x00000a95,0x0003003e,0x00000a96,
	0x00000a97,0x00050039,0x00000009,0x00000a98,0x0000000c,0x00000a96,0x0004003d,0x00000008,
	0x00000a9a,0x00000a99,0x0008000c,0x00000008,0x00000a9b,0x00000001,0x0000002b,0x00000a9a,
	0x000000b7,0x000000b8,0x00050085,0x00000008,0x00000a9c,0x000008ed,0x00000a9b,0x00050081,
	0x00000008,0x00000a9d,0x000000db,0x00000a9c,0x0005008e,0x00000009,0x00000a9e,0x00000a98,
	0x00000a9d,0x00050051,0x00000008,0x00000a9f,0x00000a9e,0x00000000,0x00050051,0x00000008,
	0x00000aa0,0x00000a9e,0x00000001,0x00050051,0x00000008,0x00000aa1,0x00000a9e,0x00000002,
	0x00070050,0x0000001e,0x00000aa2,0x00000a9f,0x00000aa0,0x00000aa1,0x000000b8,0x0003003e,
	0x00000874,0x00000aa2,0x000100fd,0x000200f8,0x00000a94,0x00060041,0x00000843,0x00000aa4,
	0x000006be,0x000001f4,0x0000011b,0x0004003d,0x00000006,0x00000aa5,0x00000aa4,0x000500aa,
	0x00000071,0x00000aa6,0x00000aa5,0x00000218,0x000300f7,0x00000aa8,0x00000000,0x000400fa,
	0x00000aa6,0x00000aa7,0x00000aa8,0x000200f8,0x00000aa7,0x0004003d,0x00000009,0x00000aaa,
	0x0000055a,0x000400cf,0x00000009,0x00000aab,0x00000aaa,0x0003003e,0x00000aa9,0x00000aab,
	0x0004003d,0x00000009,0x00000aad,0x0000055a,0x000400d0,0x00000009,0x00000aae,0x00000aad,
	0x0003003e,0x00000aac,0x00000aae,0x0004003d,0x0000001c,0x00000ab0,0x0000052a,0x000400cf,
	0x0000001c,0x00000ab1,0x00000ab0,0x0003003e,0x00000aaf,0x00000ab1,0x0004003d,0x0000001c,
	0x00000ab3,0x0000052a,0x000400d0,0x0000001c,0x00000ab4,0x00000ab3,0x0003003e,0x00000ab2,
	0x00000ab4,0x00050041,0x00000027,0x00000ab6,0x00000aaf,0x0000011b,0x0004003d,0x00000008,
	0x00000ab7,0x00000ab6,0x00050041,0x00000027,0x00000ab8,0x00000ab2,0x0000009f,0x0004003d,
	0x00000008,0x00000ab9,0x00000ab8,0x00050085,0x00000008,0x00000aba,0x00000ab7,0x00000ab9,
	0x00050041,0x00000027,0x00000abb,0x00000ab2,0x0000011b,0x0004003d,0x00000008,0x00000abc,
	0x00000abb,0x00050041,0x00000027,0x00000abd,0x00000aaf,0x0000009f,0x0004003d,0x00000008,
	0x00000abe,0x00000abd,0x00050085,0x00000008,0x00000abf,0x00000abc,0x00000abe,0x00050083,
	0x00000008,0x00000ac0,0x00000aba,0x00000abf,0x0003003e,0x00000ab5,0x00000ac0,0x0004003d,
	0x00000009,0x00000ac2,0x00000aa9,0x00050041,0x00000027,0x00000ac3,0x00000ab2,0x0000009f,
	0x0004003d,0x00000008,0x00000ac4,0x00000ac3,0x0005008e,0x00000009,0x00000ac5,0x00000ac2,
	0x00000ac4,0x0004003d,0x00000009,0x00000ac6,0x00000aac,0x00050041,0x00000027,0x00000ac7,
	0x00000aaf,0x0000009f,0x0004003d,0x00000008,0x00000ac8,0x00000ac7,0x0005008e,0x00000009,
	0x00000ac9,0x00000ac6,0x00000ac8,0x00050083,0x00000009,0x00000aca,0x00000ac5,0x00000ac9,
	0x0003003e,0x00000ac1,0x00000aca,0x0004003d,0x00000008,0x00000acb,0x00000ab5,0x0006000c,
	0x00000008,0x00000acc,0x00000001,0x00000004,0x00000acb,0x000500ba,0x00000071,0x00000acd,
	0x00000acc,0x0000057e,0x000300f7,0x00000ad0,0x00000000,0x000400fa,0x00000acd,0x00000acf,
	0x00000ad5,0x000200f8,0x00000acf,0x0004003d,0x00000009,0x00000ad1,0x00000ac1,0x0004003d,
	0x00000008,0x00000ad2,0x00000ab5,0x00060050,0x00000009,0x00000ad3,0x00000ad2,0x00000ad2,
	0x00000ad2,0x00050088,0x00000009,0x00000ad4,0x00000ad1,0x00000ad3,0x0003003e,0x00000ace,
	0x00000ad4,0x000200f9,0x00000ad0,0x000200f8,0x00000ad5,0x0004003d,0x00000009,0x00000ad6,
	0x00000aa9,0x0003003e,0x00000ace,0x00000ad6,0x000200f9,0x00000ad0,0x000200f8,0x00000ad0,
	0x0004003d,0x00000009,0x00000ad7,0x00000ace,0x0003003e,0x00000ac1,0x00000ad7,0x0004003d,
	0x00000009,0x00000ad8,0x00000ac1,0x0006000c,0x00000009,0x00000ad9,0x00000001,0x00000045,
	0x00000ad8,0x0005008e,0x00000009,0x00000ada,0x00000ad9,0x000000ef,0x00060050,0x00000009,
	0x00000adb,0x000000ef,0x000000ef,0x000000ef,0x00050081,0x00000009,0x00000adc,0x00000ada,
	0x00000adb,0x00050051,0x00000008,0x00000add,0x00000adc,0x00000000,0x00050051,0x00000008,
	0x00000ade,0x00000adc,0x00000001,0x00050051,0x00000008,0x00000adf,0x00000adc,0x00000002,
	0x00070050,0x0000001e,0x00000ae0,0x00000add,0x00000ade,0x00000adf,0x000000b8,0x0003003e,
	0x00000874,0x00000ae0,0x000100fd,0x000200f8,0x00000aa8,0x00060041,0x00000843,0x00000ae2,
	0x000006be,0x000001f4,0x0000011b,0x0004003d,0x00000006,0x00000ae3,0x00000ae2,0x000500aa,
	0x00000071,0x00000ae4,0x00000ae3,0x00000221,0x000300f7,0x00000ae6,0x00000000,0x000400fa,
	0x00000ae4,0x00000ae5,0x00000ae6,0x000200f8,0x00000ae5,0x0004003d,0x00000009,0x00000ae8,
	0x00000837,0x0006000c,0x00000009,0x00000ae9,0x00000001,0x00000045,0x00000ae8,0x0003003e,
	0x00000ae7,0x00000ae9,0x0004003d,0x00000009,0x00000aeb,0x00000ae7,0x000400cf,0x00000009,
	0x00000aec,0x00000aeb,0x0006000c,0x00000008,0x00000aed,0x00000001,0x00000042,0x00000aec,
	0x0004003d,0x00000009,0x00000aee,0x00000ae7,0x000400d0,0x00000009,0x00000aef,0x00000aee,
	0x0006000c,0x00000008,0x00000af0,0x00000001,0x00000042,0x00000aef,0x00050081,0x00000008,
	0x00000af1,0x00000aed,0x00000af0,0x00050085,0x00000008,0x00000af3,0x00000af1,0x00000af2,
	0x0008000c,0x00000008,0x00000af4,0x00000001,0x0000002b,0x00000af3,0x000000b7,0x000000b8,
	0x0003003e,0x00000aea,0x00000af4,0x0004003d,0x00000008,0x00000af5,0x00000aea,0x0004003d,
	0x00000008,0x00000af6,0x00000aea,0x00050083,0x00000008,0x00000af7,0x00000af6,0x000000ef,
	0x0006000c,0x00000008,0x00000af8,0x00000001,0x00000004,0x00000af7,0x00050085,0x00000008,
	0x00000af9,0x00000af8,0x0000099c,0x00050083,0x00000008,0x00000afa,0x000000b8,0x00000af9,
	0x0004003d,0x00000008,0x00000afb,0x00000aea,0x00050083,0x00000008,0x00000afc,0x000000b8,
	0x00000afb,0x00070050,0x0000001e,0x00000afd,0x00000af5,0x00000afa,0x00000afc,0x000000b8,
	0x0003003e,0x00000874,0x00000afd,0x000100fd,0x000200f8,0x00000ae6,0x00060041,0x00000843,
	0x00000aff,0x000006be,0x000001f4,0x0000011b,0x0004003d,0x00000006,0x00000b00,0x00000aff,
	0x000500aa,0x00000071,0x00000b01,0x00000b00,0x00000224,0x000300f7,0x00000b03,0x00000000,
	0x000400fa,0x00000b01,0x00000b02,0x00000b03,0x000200f8,0x00000b02,0x0003003e,0x00000b04,
	0x00000784,0x00050039,0x00000009,0x00000b05,0x0000000c,0x00000b04,0x00050051,0x00000008,
	0x00000b06,0x00000b05,0x00000000,0x00050051,0x00000008,0x00000b07,0x00000b05,0x00000001,
	0x00050051,0x00000008,0x00000b08,0x00000b05,0x00000002,0x00070050,0x0000001e,0x00000b09,
	0x00000b06,0x00000b07,0x00000b08,0x000000b8,0x0003003e,0x00000874,0x00000b09,0x000100fd,
	0x000200f8,0x00000b03,0x000200f9,0x00000866,0x000200f8,0x00000866,0x0004003d,0x0000001c,
	0x00000b0d,0x0000052a,0x0003003e,0x00000b0c,0x00000b0d,0x00050039,0x0000001e,0x00000b0e,
	0x00000059,0x00000b0c,0x0003003e,0x00000b0b,0x00000b0e,0x00060041,0x000008ff,0x00000b10,
	0x00000156,0x000000d5,0x0000015f,0x0004003d,0x00000008,0x00000b11,0x00000b10,0x00050041,
	0x00000027,0x00000b12,0x00000b0b,0x0000015f,0x0004003d,0x00000008,0x00000b13,0x00000b12,
	0x00050085,0x00000008,0x00000b14,0x00000b11,0x00000b13,0x0004003d,0x0000001c,0x00000b16,
	0x0000052a,0x0003003e,0x00000b15,0x00000b16,0x00050039,0x00000008,0x00000b17,0x0000006c,
	0x00000b15,0x00050085,0x00000008,0x00000b18,0x00000b14,0x00000b17,0x00050041,0x00000958,
	0x00000b19,0x000008d7,0x0000015f,0x0004003d,0x00000008,0x00000b1a,0x00000b19,0x00050085,
	0x00000008,0x00000b1b,0x00000b18,0x00000b1a,0x0008000c,0x00000008,0x00000b1c,0x00000001,
	0x0000002b,0x00000b1b,0x000000b7,0x000000b8,0x0003003e,0x00000b0f,0x00000b1c,0x00060041,
	0x000008ff,0x00000b1d,0x00000156,0x000000df,0x000002b5,0x0004003d,0x00000008,0x00000b1e,
	0x00000b1d,0x000500ba,0x00000071,0x00000b1f,0x00000b1e,0x000000ef,0x000300f7,0x00000b21,
	0x00000000,0x000400fa,0x00000b1f,0x00000b20,0x00000b21,0x000200f8,0x00000b20,0x00060041,
	0x000008ff,0x00000b22,0x00000156,0x000000df,0x000002b5,0x0004003d,0x00000008,0x00000b23,
	0x00000b22,0x000500b8,0x00000071,0x00000b24,0x00000b23,0x00000964,0x000200f9,0x00000b21,
	0x000200f8,0x00000b21,0x000700f5,0x00000071,0x00000b25,0x00000b1f,0x00000866,0x00000b24,
	0x00000b20,0x000300f7,0x00000b27,0x00000000,0x000400fa,0x00000b25,0x00000b26,0x00000b27,
	0x000200f8,0x00000b26,0x0004003d,0x00000008,0x00000b28,0x00000b0f,0x00060041,0x000008ff,
	0x00000b29,0x00000156,0x000000df,0x0000015f,0x0004003d,0x00000008,0x00000b2a,0x00000b29,
	0x000500b8,0x00000071,0x00000b2b,0x00000b28,0x00000b2a,0x000300f7,0x00000b2d,0x00000000,
	0x000400fa,0x00000b2b,0x00000b2c,0x00000b2d,0x000200f8,0x00000b2c,0x000100fc,0x000200f8,
	0x00000b2d,0x0003003e,0x00000b0f,0x000000b8,0x000200f9,0x00000b27,0x000200f8,0x00000b27,
	0x00050041,0x000008d2,0x00000b30,0x00000156,0x000000d5,0x0004003d,0x0000001e,0x00000b31,
	0x00000b30,0x0008004f,0x00000009,0x00000b32,0x00000b31,0x00000b31,0x00000000,0x00000001,
	0x00000002,0x0004003d,0x0000001e,0x00000b33,0x000008d7,0x0008004f,0x00000009,0x00000b34,
	0x00000b33,0x00000b33,0x00000000,0x00000001,0x00000002,0x00050085,0x00000009,0x00000b35,
	0x00000b32,0x00000b34,0x0004003d,0x0000001e,0x00000b36,0x00000b0b,0x0008004f,0x00000009,
	0x00000b37,0x00000b36,0x00000b36,0x00000000,0x00000001,0x00000002,0x00050085,0x00000009,
	0x00000b38,0x00000b35,0x00000b37,0x0003003e,0x00000b2f,0x00000b38,0x00040039,0x0000003b,
	0x00000b3a,0x0000003d,0x0003003e,0x00000b39,0x00000b3a,0x0004003d,0x0000001c,0x00000b3d,
	0x0000052a,0x0003003e,0x00000b3c,0x00000b3d,0x00050039,0x0000001e,0x00000b3e,0x0000005c,
	0x00000b3c,0x0003003e,0x00000b3b,0x00000b3e,0x0004003d,0x0000001c,0x00000b41,0x0000052a,
	0x0003003e,0x00000b40,0x00000b41,0x00050039,0x0000001e,0x00000b42,0x0000005f,0x00000b40,
	0x0003003e,0x00000b3f,0x00000b42,0x00060041,0x000008ff,0x00000b44,0x00000156,0x000000df,
	0x0000011b,0x0004003d,0x00000008,0x00000b45,0x00000b44,0x0004003d,0x0000001e,0x00000b47,
	0x00000b3b,0x0003003e,0x00000b46,0x00000b47,0x00060041,0x00000027,0x00000b49,0x00000b39,
	0x000000ad,0x0000011b,0x0004003d,0x00000008,0x00000b4a,0x00000b49,0x0003003e,0x00000b48,
	0x00000b4a,0x00060039,0x00000008,0x00000b4b,0x00000048,0x00000b46,0x00000b48,0x00060041,
	0x00000027,0x00000b4c,0x00000b39,0x000000ad,0x000002b5,0x0004003d,0x00000008,0x00000b4d,
	0x00000b4c,0x00050085,0x00000008,0x00000b4e,0x00000b4b,0x00000b4d,0x00060041,0x00000027,
	0x00000b4f,0x00000b39,0x000000ad,0x0000015f,0x0004003d,0x00000008,0x00000b50,0x00000b4f,
	0x00050081,0x00000008,0x00000b51,0x00000b4e,0x00000b50,0x00050085,0x00000008,0x00000b52,
	0x00000b45,0x00000b51,0x0003003e,0x00000b43,0x00000b52,0x00060041,0x000008ff,0x00000b54,
	0x00000156,0x000000df,0x0000009f,0x0004003d,0x00000008,0x00000b55,0x00000b54,0x0004003d,
	0x0000001e,0x00000b57,0x00000b3f,0x0003003e,0x00000b56,0x00000b57,0x00060041,0x00000027,
	0x00000b59,0x00000b39,0x000000ad,0x0000009f,0x0004003d,0x00000008,0x00000b5a,0x00000b59,
	0x0003003e,0x00000b58,0x00000b5a,0x00060039,0x00000008,0x00000b5b,0x00000048,0x00000b56,
	0x00000b58,0x00060041,0x00000027,0x00000b5c,0x00000b39,0x0000020a,0x0000011b,0x0004003d,
	0x00000008,0x00000b5d,0x00000b5c,0x00050085,0x00000008,0x00000b5e,0x00000b5b,0x00000b5d,
	0x00060041,0x00000027,0x00000b5f,0x00000b39,0x0000020a,0x0000009f,0x0004003d,0x00000008,
	0x00000b60,0x00000b5f,0x00050081,0x00000008,0x00000b61,0x00000b5e,0x00000b60,0x00050085,
	0x00000008,0x00000b62,0x00000b55,0x00000b61,0x0003003e,0x00000b53,0x00000b62,0x00050041,
	0x000008d2,0x00000b64,0x00000156,0x000000e7,0x0004003d,0x0000001e,0x00000b65,0x00000b64,
	0x0008004f,0x00000009,0x00000b66,0x00000b65,0x00000b65,0x00000000,0x00000001,0x00000002,
	0x0004003d,0x0000001c,0x00000b68,0x0000052a,0x0003003e,0x00000b67,0x00000b68,0x00050039,
	0x0000001e,0x00000b69,0x00000065,0x00000b67,0x0008004f,0x00000009,0x00000b6a,0x00000b69,
	0x00000b69,0x00000000,0x00000001,0x00000002,0x00050085,0x00000009,0x00000b6b,0x00000b66,
	0x00000b6a,0x0003003e,0x00000b63,0x00000b6b,0x00050041,0x0000015c,0x00000b6d,0x000006be,
	0x000000df,0x0004003d,0x0000001e,0x00000b6e,0x00000b6d,0x0008004f,0x00000009,0x00000b6f,
	0x00000b6e,0x00000b6e,0x00000000,0x00000001,0x00000002,0x0004003d,0x00000009,0x00000b70,
	0x0000055a,0x00050083,0x00000009,0x00000b71,0x00000b6f,0x00000b70,0x0006000c,0x00000009,
	0x00000b72,0x00000001,0x00000045,0x00000b71,0x0003003e,0x00000b6c,0x00000b72,0x0004003d,
	0x00000009,0x00000b74,0x0000083b,0x0004003d,0x00000009,0x00000b75,0x00000b6c,0x00050094,
	0x00000008,0x00000b76,0x00000b74,0x00000b75,0x000500b8,0x00000071,0x00000b77,0x00000b76,
	0x000000b7,0x000300f7,0x00000b7a,0x00000000,0x000400fa,0x00000b77,0x00000b79,0x00000b7d,
	0x000200f8,0x00000b79,0x0004003d,0x00000009,0x00000b7b,0x0000083b,0x0004007f,0x00000009,
	0x00000b7c,0x00000b7b,0x0003003e,0x00000b78,0x00000b7c,0x000200f9,0x00000b7a,0x000200f8,
	0x00000b7d,0x0004003d,0x00000009,0x00000b7e,0x0000083b,0x0003003e,0x00000b78,0x00000b7e,
	0x000200f9,0x00000b7a,0x000200f8,0x00000b7a,0x0004003d,0x00000009,0x00000b7f,0x00000b78,
	0x0003003e,0x00000b73,0x00000b7f,0x0004003d,0x00000009,0x00000b81,0x0000083f,0x0004003d,
	0x00000009,0x00000b82,0x00000b6c,0x00050094,0x00000008,0x00000b83,0x00000b81,0x00000b82,
	0x000500b8,0x00000071,0x00000b84,0x00000b83,0x000000b7,0x000300f7,0x00000b87,0x00000000,
	0x000400fa,0x00000b84,0x00000b86,0x00000b8a,0x000200f8,0x00000b86,0x0004003d,0x00000009,
	0x00000b88,0x0000083f,0x0004007f,0x00000009,0x00000b89,0x00000b88,0x0003003e,0x00000b85,
	0x00000b89,0x000200f9,0x00000b87,0x000200f8,0x00000b8a,0x0004003d,0x00000009,0x00000b8b,
	0x0000083f,0x0003003e,0x00000b85,0x00000b8b,0x000200f9,0x00000b87,0x000200f8,0x00000b87,
	0x0004003d,0x00000009,0x00000b8c,0x00000b85,0x0003003e,0x00000b80,0x00000b8c,0x0004003d,
	0x00000009,0x00000b8e,0x00000b73,0x0004003d,0x00000009,0x00000b8f,0x00000b6c,0x00050094,
	0x00000008,0x00000b90,0x00000b8e,0x00000b8f,0x0007000c,0x00000008,0x00000b91,0x00000001,
	0x00000028,0x00000b90,0x00000a82,0x0003003e,0x00000b8d,0x00000b91,0x0004003d,0x00000008,
	0x00000b93,0x00000b53,0x0008000c,0x00000008,0x00000b95,0x00000001,0x0000002b,0x00000b93,
	0x00000b94,0x000000b8,0x0003003e,0x00000b92,0x00000b95,0x0004003d,0x00000008,0x00000b97,
	0x00000b43,0x0008000c,0x00000008,0x00000b98,0x00000001,0x0000002b,0x00000b97,0x000000b7,
	0x000000b8,0x0003003e,0x00000b96,0x00000b98,0x0004003d,0x00000009,0x00000b9b,0x00000b2f,
	0x0003003e,0x00000b9a,0x00000b9b,0x0004003d,0x00000008,0x00000b9d,0x00000b96,0x0003003e,
	0x00000b9c,0x00000b9d,0x00060039,0x00000009,0x00000b9e,0x0000002b,0x00000b9a,0x00000b9c,
	0x0003003e,0x00000b99,0x00000b9e,0x00040039,0x0000003b,0x00000ba0,0x0000003d,0x0003003e,
	0x00000b9f,0x00000ba0,0x00060041,0x00000027,0x00000ba1,0x00000b9f,0x0000015b,0x0000015f,
	0x0004003d,0x00000008,0x00000ba2,0x00000ba1,0x000500b8,0x00000071,0x00000ba3,0x00000ba2,
	0x000000b7,0x000400a8,0x00000071,0x00000ba4,0x00000ba3,0x000300f7,0x00000ba6,0x00000000,
	0x000400fa,0x00000ba4,0x00000ba5,0x00000ba6,0x000200f8,0x00000ba5,0x00060041,0x00000027,
	0x00000ba7,0x00000b9f,0x0000015b,0x0000015f,0x0004003d,0x00000008,0x00000ba8,0x00000ba7,
	0x000500ba,0x00000071,0x00000ba9,0x00000ba8,0x0000016b,0x000200f9,0x00000ba6,0x000200f8,
	0x00000ba6,0x000700f5,0x00000071,0x00000baa,0x00000ba3,0x00000b87,0x00000ba9,0x00000ba5,
	0x000300f7,0x00000bac,0x00000000,0x000400fa,0x00000baa,0x00000bab,0x00000bac,0x000200f8,
	0x00000bab,0x00060041,0x00000027,0x00000bae,0x00000b9f,0x00000251,0x0000011b,0x0004003d,
	0x00000008,0x00000baf,0x00000bae,0x000500ba,0x00000071,0x00000bb0,0x00000baf,0x000000ef,
	0x0004003d,0x0000001c,0x00000bb1,0x0000037f,0x0004003d,0x0000001c,0x00000bb2,0x0000052a,
	0x00050050,0x00000382,0x00000bb3,0x00000bb0,0x00000bb0,0x000600a9,0x0000001c,0x00000bb4,
	0x00000bb3,0x00000bb1,0x00000bb2,0x0003003e,0x00000bad,0x00000bb4,0x0004003d,0x0000001c,
	0x00000bb7,0x00000bad,0x0003003e,0x00000bb6,0x00000bb7,0x00050041,0x0000001f,0x00000bb9,
	0x00000b9f,0x00000236,0x0004003d,0x0000001e,0x00000bba,0x00000bb9,0x0003003e,0x00000bb8,
	0x00000bba,0x00050041,0x0000001f,0x00000bbc,0x00000b9f,0x00000239,0x0004003d,0x0000001e,
	0x00000bbd,0x00000bbc,0x0003003e,0x00000bbb,0x00000bbd,0x00070039,0x0000001c,0x00000bbe,
	0x00000043,0x00000bb6,0x00000bb8,0x00000bbb,0x0003003e,0x00000bb5,0x00000bbe,0x00060041,
	0x00000157,0x00000bc0,0x00000156,0x00000109,0x0000015f,0x0004003d,0x00000006,0x00000bc1,
	0x00000bc0,0x000500c7,0x00000006,0x00000bc3,0x00000bc1,0x00000bc2,0x000500ab,0x00000071,
	0x00000bc4,0x00000bc3,0x00000094,0x0003003e,0x00000bbf,0x00000bc4,0x0004003d,0x00000071,
	0x00000bc6,0x00000bbf,0x000400a8,0x00000071,0x00000bc7,0x00000bc6,0x000300f7,0x00000bc9,
	0x00000000,0x000400fa,0x00000bc7,0x00000bc8,0x00000bc9,0x000200f8,0x00000bc8,0x00060041,
	0x00000027,0x00000bca,0x00000b9f,0x0000021e,0x0000015f,0x0004003d,0x00000008,0x00000bcb,
	0x00000bca,0x000500be,0x00000071,0x00000bcc,0x00000bcb,0x000000b7,0x000200f9,0x00000bc9,
	0x000200f8,0x00000bc9,0x000700f5,0x00000071,0x00000bcd,0x00000bc7,0x00000bab,0x00000bcc,
	0x00000bc8,0x0003003e,0x00000bc5,0x00000bcd,0x0004003d,0x00000071,0x00000bcf,0x00000bc5,
	0x000300f7,0x00000bd2,0x00000000,0x000400fa,0x00000bcf,0x00000bd1,0x00000bdd,0x000200f8,
	0x00000bd1,0x00060041,0x00000027,0x00000bd4,0x00000b9f,0x0000021e,0x0000015f,0x0004003d,
	0x00000008,0x00000bd5,0x00000bd4,0x00050081,0x00000008,0x00000bd6,0x00000bd5,0x000000ef,
	0x0004006e,0x00000006,0x00000bd7,0x00000bd6,0x0003003e,0x00000bd8,0x00000bd7,0x0004003d,
	0x0000001c,0x00000bda,0x00000bb5,0x0003003e,0x00000bd9,0x00000bda,0x0003003e,0x00000bdb,
	0x00000498,0x00080039,0x0000001e,0x00000bdc,0x00000025,0x00000bd3,0x00000bd8,0x00000bd9,
	0x00000bdb,0x0003003e,0x00000bd0,0x00000bdc,0x000200f9,0x00000bd2,0x000200f8,0x00000bdd,
	0x0004003d,0x0000004f,0x00000bdf,0x00000bde,0x0004003d,0x0000001c,0x00000be0,0x00000bb5,
	0x00050057,0x0000001e,0x00000be1,0x00000bdf,0x00000be0,0x0003003e,0x00000bd0,0x00000be1,
	0x000200f9,0x00000bd2,0x000200f8,0x00000bd2,0x0004003d,0x0000001e,0x00000be2,0x00000bd0,
	0x0003003e,0x00000bce,0x00000be2,0x0004003d,0x00000071,0x00000be4,0x00000bc5,0x0004003d,
	0x00000071,0x00000be5,0x00000bbf,0x000500a6,0x00000071,0x00000be6,0x00000be4,0x00000be5,
	0x0003003e,0x00000be3,0x00000be6,0x0004003d,0x00000071,0x00000be7,0x00000be3,0x000300f7,
	0x00000be9,0x00000000,0x000400fa,0x00000be7,0x00000be8,0x00000be9,0x000200f8,0x00000be8,
	0x0004003d,0x0000001e,0x00000bea,0x00000bce,0x00050041,0x0000001f,0x00000beb,0x00000b9f,
	0x00000254,0x0004003d,0x0000001e,0x00000bec,0x00000beb,0x00050085,0x0000001e,0x00000bed,
	0x00000bea,0x00000bec,0x00050041,0x0000001f,0x00000bee,0x00000b9f,0x00000257,0x0004003d,
	0x0000001e,0x00000bef,0x00000bee,0x00050081,0x0000001e,0x00000bf0,0x00000bed,0x00000bef,
	0x0008004f,0x00000009,0x00000bf1,0x00000bf0,0x00000bf0,0x00000000,0x00000001,0x00000002,
	0x0004003d,0x00000009,0x00000bf2,0x00000b99,0x00050085,0x00000009,0x00000bf3,0x00000bf2,
	0x00000bf1,0x0003003e,0x00000b99,0x00000bf3,0x000200f9,0x00000be9,0x000200f8,0x00000be9,
	0x000200f9,0x00000bac,0x000200f8,0x00000bac,0x00060041,0x00000843,0x00000bf4,0x000006be,
	0x000001f4,0x0000011b,0x0004003d,0x00000006,0x00000bf5,0x00000bf4,0x000500aa,0x00000071,
	0x00000bf6,0x00000bf5,0x0000024b,0x000300f7,0x00000bf8,0x00000000,0x000400fa,0x00000bf6,
	0x00000bf7,0x00000bf8,0x000200f8,0x00000bf7,0x0004003d,0x00000009,0x00000bf9,0x00000b99,
	0x00050051,0x00000008,0x00000bfa,0x00000bf9,0x00000000,0x00050051,0x00000008,0x00000bfb,
	0x00000bf9,0x00000001,0x00050051,0x00000008,0x00000bfc,0x00000bf9,0x00000002,0x00070050,
	0x0000001e,0x00000bfd,0x00000bfa,0x00000bfb,0x00000bfc,0x000000b8,0x0003003e,0x00000874,
	0x00000bfd,0x000100fd,0x000200f8,0x00000bf8,0x00060041,0x00000843,0x00000bff,0x000006be,
	0x000001f4,0x0000011b,0x0004003d,0x00000006,0x00000c00,0x00000bff,0x000500aa,0x00000071,
	0x00000c01,0x00000c00,0x0000024e,0x000300f7,0x00000c03,0x00000000,0x000400fa,0x00000c01,
	0x00000c02,0x00000c03,0x000200f8,0x00000c02,0x00060041,0x00000027,0x00000c05,0x00000b9f,
	0x0000015b,0x0000015f,0x0004003d,0x00000008,0x00000c06,0x00000c05,0x0006000c,0x00000008,
	0x00000c07,0x00000001,0x00000004,0x00000c06,0x0003003e,0x00000c04,0x00000c07,0x0004003d,
	0x00000008,0x00000c09,0x00000c04,0x000500ba,0x00000071,0x00000c0a,0x00000c09,0x0000016b,
	0x000300f7,0x00000c0d,0x00000000,0x000400fa,0x00000c0a,0x00000c0c,0x00000c10,0x000200f8,
	0x00000c0c,0x0004003d,0x00000008,0x00000c0e,0x00000c04,0x00050083,0x00000008,0x00000c0f,
	0x00000c0e,0x0000016b,0x0003003e,0x00000c0b,0x00000c0f,0x000200f9,0x00000c0d,0x000200f8,
	0x00000c10,0x0004003d,0x00000008,0x00000c11,0x00000c04,0x0003003e,0x00000c0b,0x00000c11,
	0x000200f9,0x00000c0d,0x000200f8,0x00000c0d,0x0004003d,0x00000008,0x00000c12,0x00000c0b,
	0x0007000c,0x00000008,0x00000c13,0x00000001,0x00000028,0x00000c12,0x000000b8,0x0003003e,
	0x00000c08,0x00000c13,0x0004003d,0x00000008,0x00000c15,0x00000c08,0x00050083,0x00000008,
	0x00000c16,0x00000c15,0x000000b8,0x0004003d,0x00000008,0x00000c17,0x00000c08,0x00050081,
	0x00000008,0x00000c18,0x00000c17,0x000000b8,0x00050088,0x00000008,0x00000c19,0x00000c16,
	0x00000c18,0x0003003e,0x00000c14,0x00000c19,0x0004003d,0x00000008,0x00000c1a,0x00000c14,
	0x0004003d,0x00000008,0x00000c1b,0x00000c14,0x00050085,0x00000008,0x00000c1c,0x00000c1a,
	0x00000c1b,0x00060050,0x00000009,0x00000c1d,0x00000c1c,0x00000c1c,0x00000c1c,0x00050051,
	0x00000008,0x00000c1e,0x00000c1d,0x00000000,0x00050051,0x00000008,0x00000c1f,0x00000c1d,
	0x00000001,0x00050051,0x00000008,0x00000c20,0x00000c1d,0x00000002,0x00070050,0x0000001e,
	0x00000c21,0x00000c1e,0x00000c1f,0x00000c20,0x000000b8,0x0003003e,0x00000874,0x00000c21,
	0x000100fd,0x000200f8,0x00000c03,0x00060041,0x00000027,0x00000c24,0x00000b9f,0x00000227,
	0x0000011b,0x0004003d,0x00000008,0x00000c25,0x00000c24,0x00060041,0x00000157,0x00000c28,
	0x00000156,0x00000109,0x0000015f,0x0004003d,0x00000006,0x00000c29,0x00000c28,0x000500c7,
	0x00000006,0x00000c2b,0x00000c29,0x00000c2a,0x000500ab,0x00000071,0x00000c2c,0x00000c2b,
	0x00000094,0x0003003e,0x00000c2d,0x00000c2c,0x00060041,0x00000027,0x00000c2f,0x00000b9f,
	0x00000278,0x0000009f,0x0004003d,0x00000008,0x00000c30,0x00000c2f,0x0003003e,0x00000c2e,
	0x00000c30,0x00050041,0x0000001f,0x00000c32,0x00000b9f,0x0000023c,0x0004003d,0x0000001e,
	0x00000c33,0x00000c32,0x0003003e,0x00000c31,0x00000c33,0x00050041,0x0000001f,0x00000c35,
	0x00000b9f,0x0000023f,0x0004003d,0x0000001e,0x00000c36,0x00000c35,0x0003003e,0x00000c34,
	0x00000c36,0x00060041,0x00000027,0x00000c38,0x00000b9f,0x0000024e,0x000002b5,0x0004003d,
	0x00000008,0x00000c39,0x00000c38,0x0003003e,0x00000c37,0x00000c39,0x00060041,0x00000027,
	0x00000c3b,0x00000b9f,0x0000024e,0x0000011b,0x0004003d,0x00000008,0x00000c3c,0x00000c3b,
	0x0003003e,0x00000c3a,0x00000c3c,0x00050041,0x0000001f,0x00000c3e,0x00000b9f,0x0000025a,
	0x0004003d,0x0000001e,0x00000c3f,0x00000c3e,0x0003003e,0x00000c3d,0x00000c3f,0x00050041,
	0x0000001f,0x00000c41,0x00000b9f,0x0000025d,0x0004003d,0x0000001e,0x00000c42,0x00000c41,
	0x0003003e,0x00000c40,0x00000c42,0x000e0039,0x00000008,0x00000c43,0x0000007e,0x00000c26,
	0x00000c27,0x00000c2d,0x00000c2e,0x00000c31,0x00000c34,0x00000c37,0x00000c3a,0x00000c3d,
	0x00000c40,0x00050085,0x00000008,0x00000c44,0x00000c25,0x00000c43,0x0008000c,0x00000008,
	0x00000c45,0x00000001,0x0000002b,0x00000c44,0x000000b7,0x000000b8,0x0003003e,0x00000c23,
	0x00000c45,0x00060041,0x00000027,0x00000c47,0x00000b9f,0x00000227,0x0000009f,0x0004003d,
	0x00000008,0x00000c48,0x00000c47,0x00060041,0x00000157,0x00000c4b,0x00000156,0x00000109,
	0x0000015f,0x0004003d,0x00000006,0x00000c4c,0x00000c4b,0x000500c7,0x00000006,0x00000c4e,
	0x00000c4c,0x00000c4d,0x000500ab,0x00000071,0x00000c4f,0x00000c4e,0x00000094,0x0003003e,
	0x00000c50,0x00000c4f,0x00060041,0x00000027,0x00000c52,0x00000b9f,0x00000278,0x0000015f,
	0x0004003d,0x00000008,0x00000c53,0x00000c52,0x0003003e,0x00000c51,0x00000c53,0x00050041,
	0x0000001f,0x00000c55,0x00000b9f,0x00000248,0x0004003d,0x0000001e,0x00000c56,0x00000c55,
	0x0003003e,0x00000c54,0x00000c56,0x00050041,0x0000001f,0x00000c58,0x00000b9f,0x0000024b,
	0x0004003d,0x0000001e,0x00000c59,0x00000c58,0x0003003e,0x00000c57,0x00000c59,0x00060041,
	0x00000027,0x00000c5b,0x00000b9f,0x0000024e,0x0000015f,0x0004003d,0x00000008,0x00000c5c,
	0x00000c5b,0x0003003e,0x00000c5a,0x00000c5c,0x00060041,0x00000027,0x00000c5e,0x00000b9f,
	0x0000024e,0x0000009f,0x0004003d,0x00000008,0x00000c5f,0x00000c5e,0x0003003e,0x00000c5d,
	0x00000c5f,0x00050041,0x0000001f,0x00000c61,0x00000b9f,0x00000266,0x0004003d,0x0000001e,
	0x00000c62,0x00000c61,0x0003003e,0x00000c60,0x00000c62,0x00050041,0x0000001f,0x00000c64,
	0x00000b9f,0x00000269,0x0004003d,0x0000001e,0x00000c65,0x00000c64,0x0003003e,0x00000c63,
	0x00000c65,0x000e0039,0x00000008,0x00000c66,0x0000007e,0x00000c49,0x00000c4a,0x00000c50,
	0x00000c51,0x00000c54,0x00000c57,0x00000c5a,0x00000c5d,0x00000c60,0x00000c63,0x00050085,
	0x00000008,0x00000c67,0x00000c48,0x00000c66,0x0008000c,0x00000008,0x00000c68,0x00000001,
	0x0000002b,0x00000c67,0x00000b94,0x000000b8,0x0003003e,0x00000c46,0x00000c68,0x00050041,
	0x0000001f,0x00000c6a,0x00000b9f,0x0000022a,0x0004003d,0x0000001e,0x00000c6b,0x00000c6a,
	0x0008004f,0x00000009,0x00000c6c,0x00000c6b,0x00000c6b,0x00000000,0x00000001,0x00000002,
	0x00060041,0x00000157,0x00000c6d,0x00000156,0x00000109,0x0000015f,0x0004003d,0x00000006,
	0x00000c6e,0x00000c6d,0x000500c7,0x00000006,0x00000c70,0x00000c6e,0x00000c6f,0x000500ab,
	0x00000071,0x00000c71,0x00000c70,0x00000094,0x0003003e,0x00000c72,0x00000c71,0x00060041,
	0x00000027,0x00000c74,0x00000b9f,0x00000278,0x000002b5,0x0004003d,0x00000008,0x00000c75,
	0x00000c74,0x0003003e,0x00000c73,0x00000c75,0x00050041,0x0000001f,0x00000c77,0x00000b9f,
	0x00000242,0x0004003d,0x0000001e,0x00000c78,0x00000c77,0x0003003e,0x00000c76,0x00000c78,
	0x00050041,0x0000001f,0x00000c7a,0x00000b9f,0x00000245,0x0004003d,0x0000001e,0x00000c7b,
	0x00000c7a,0x0003003e,0x00000c79,0x00000c7b,0x00060041,0x00000027,0x00000c7d,0x00000b9f,
	0x00000251,0x0000009f,0x0004003d,0x00000008,0x00000c7e,0x00000c7d,0x0003003e,0x00000c7c,
	0x00000c7e,0x00050041,0x0000001f,0x00000c80,0x00000b9f,0x00000260,0x0004003d,0x0000001e,
	0x00000c81,0x00000c80,0x0003003e,0x00000c7f,0x00000c81,0x00050041,0x0000001f,0x00000c83,
	0x00000b9f,0x00000263,0x0004003d,0x0000001e,0x00000c84,0x00000c83,0x0003003e,0x00000c82,
	0x00000c84,0x000b0039,0x00000009,0x00000c85,0x00000088,0x00000c72,0x00000c73,0x00000c76,
	0x00000c79,0x00000c7c,0x00000c7f,0x00000c82,0x00050085,0x00000009,0x00000c86,0x00000c6c,
	0x00000c85,0x0003003e,0x00000c69,0x00000c86,0x00060041,0x00000843,0x00000c87,0x000006be,
	0x000001f4,0x0000011b,0x0004003d,0x00000006,0x00000c88,0x00000c87,0x000500aa,0x00000071,
	0x00000c89,0x00000c88,0x00000242,0x000300f7,0x00000c8b,0x00000000,0x000400fa,0x00000c89,
	0x00000c8a,0x00000c8b,0x000200f8,0x00000c8a,0x0004003d,0x00000008,0x00000c8c,0x00000c23,
	0x00060050,0x00000009,0x00000c8d,0x00000c8c,0x00000c8c,0x00000c8c,0x00050051,0x00000008,
	0x00000c8e,0x00000c8d,0x00000000,0x00050051,0x00000008,0x00000c8f,0x00000c8d,0x00000001,
	0x00050051,0x00000008,0x00000c90,0x00000c8d,0x00000002,0x00070050,0x0000001e,0x00000c91,
	0x00000c8e,0x00000c8f,0x00000c90,0x000000b8,0x0003003e,0x00000874,0x00000c91,0x000100fd,
	0x000200f8,0x00000c8b,0x00060041,0x00000843,0x00000c93,0x000006be,0x000001f4,0x0000011b,
	0x0004003d,0x00000006,0x00000c94,0x00000c93,0x000500aa,0x00000071,0x00000c95,0x00000c94,
	0x00000245,0x000300f7,0x00000c97,0x00000000,0x000400fa,0x00000c95,0x00000c96,0x00000c97,
	0x000200f8,0x00000c96,0x0004003d,0x00000009,0x00000c98,0x00000c69,0x00050051,0x00000008,
	0x00000c99,0x00000c98,0x00000000,0x00050051,0x00000008,0x00000c9a,0x00000c98,0x00000001,
	0x00050051,0x00000008,0x00000c9b,0x00000c98,0x00000002,0x00070050,0x0000001e,0x00000c9c,
	0x00000c99,0x00000c9a,0x00000c9b,0x000000b8,0x0003003e,0x00000874,0x00000c9c,0x000100fd,
	0x000200f8,0x00000c97,0x00060041,0x00000843,0x00000c9e,0x000006be,0x000001f4,0x0000011b,
	0x0004003d,0x00000006,0x00000c9f,0x00000c9e,0x000500aa,0x00000071,0x00000ca0,0x00000c9f,
	0x00000248,0x000300f7,0x00000ca2,0x00000000,0x000400fa,0x00000ca0,0x00000ca1,0x00000ca2,
	0x000200f8,0x00000ca1,0x0004003d,0x00000008,0x00000ca3,0x00000c46,0x00060050,0x00000009,
	0x00000ca4,0x00000ca3,0x00000ca3,0x00000ca3,0x00050051,0x00000008,0x00000ca5,0x00000ca4,
	0x00000000,0x00050051,0x00000008,0x00000ca6,0x00000ca4,0x00000001,0x00050051,0x00000008,
	0x00000ca7,0x00000ca4,0x00000002,0x00070050,0x0000001e,0x00000ca8,0x00000ca5,0x00000ca6,
	0x00000ca7,0x000000b8,0x0003003e,0x00000874,0x00000ca8,0x000100fd,0x000200f8,0x00000ca2,
	0x00060041,0x00000027,0x00000cab,0x00000b9f,0x00000227,0x000002b5,0x0004003d,0x00000008,
	0x00000cac,0x00000cab,0x0007000c,0x00000008,0x00000cad,0x00000001,0x00000028,0x00000cac,
	0x000000b8,0x0003003e,0x00000caa,0x00000cad,0x0004003d,0x00000008,0x00000caf,0x00000caa,
	0x00050083,0x00000008,0x00000cb0,0x00000caf,0x000000b8,0x0004003d,0x00000008,0x00000cb1,
	0x00000caa,0x00050081,0x00000008,0x00000cb2,0x00000cb1,0x000000b8,0x00050088,0x00000008,
	0x00000cb3,0x00000cb0,0x00000cb2,0x0003003e,0x00000cae,0x00000cb3,0x0003003e,0x00000cb4,
	0x00000cb5,0x00060041,0x00000157,0x00000cb7,0x00000156,0x00000109,0x0000015f,0x0004003d,
	0x00000006,0x00000cb8,0x00000cb7,0x0004007c,0x0000004a,0x00000cb9,0x00000cb8,0x000500c2,
	0x0000004a,0x00000cba,0x00000cb9,0x000006b7,0x0003003e,0x00000cb6,0x00000cba,0x0003003e,
	0x00000cbb,0x0000011b,0x000200f9,0x00000cbc,0x000200f8,0x00000cbc,0x000400f6,0x00000cbe,
	0x00000cbf,0x00000000,0x000200f9,0x00000cc0,0x000200f8,0x00000cc0,0x0004003d,0x0000004a,
	0x00000cc1,0x00000cbb,0x00060041,0x000002dd,0x00000cc2,0x000006be,0x000000a8,0x0000011b,
	0x0004003d,0x0000004a,0x00000cc3,0x00000cc2,0x0007000c,0x0000004a,0x00000cc4,0x00000001,
	0x00000026,0x00000cc3,0x000006b7,0x000500b0,0x00000071,0x00000cc5,0x00000cc1,0x00000cc4,
	0x000400fa,0x00000cc5,0x00000cbd,0x00000cbe,0x000200f8,0x00000cbd,0x0004003d,0x0000004a,
	0x00000cc6,0x00000cb6,0x0004003d,0x0000004a,0x00000cc7,0x00000cbb,0x000500c4,0x0000004a,
	0x00000cc8,0x0000009f,0x00000cc7,0x000500c7,0x0000004a,0x00000cc9,0x00000cc6,0x00000cc8,
	0x000500aa,0x00000071,0x00000cca,0x00000cc9,0x0000011b,0x000300f7,0x00000ccc,0x00000000,
	0x000400fa,0x00000cca,0x00000ccb,0x00000ccc,0x000200f8,0x00000ccb,0x000200f9,0x00000cbf,
	0x000200f8,0x00000ccc,0x0004003d,0x0000004a,0x00000ccf,0x00000cbb,0x00070041,0x0000015c,
	0x00000cd0,0x000006be,0x000001ef,0x00000ccf,0x00000094,0x0004003d,0x0000001e,0x00000cd1,
	0x00000cd0,0x0003003e,0x00000cce,0x00000cd1,0x0004003d,0x0000004a,0x00000cd3,0x00000cbb,
	0x00070041,0x0000015c,0x00000cd4,0x000006be,0x000001ef,0x00000cd3,0x000000d5,0x0004003d,
	0x0000001e,0x00000cd5,0x00000cd4,0x0003003e,0x00000cd2,0x00000cd5,0x0004003d,0x0000004a,
	0x00000cd7,0x00000cbb,0x00070041,0x0000015c,0x00000cd8,0x000006be,0x000001ef,0x00000cd7,
	0x000000df,0x0004003d,0x0000001e,0x00000cd9,0x00000cd8,0x0003003e,0x00000cd6,0x00000cd9,
	0x0004003d,0x0000004a,0x00000cdb,0x00000cbb,0x00070041,0x0000015c,0x00000cdc,0x000006be,
	0x000001ef,0x00000cdb,0x000000e7,0x0004003d,0x0000001e,0x00000cdd,0x00000cdc,0x0003003e,
	0x00000cda,0x00000cdd,0x00050041,0x00000027,0x00000cdf,0x00000cce,0x0000015f,0x0004003d,
	0x00000008,0x00000ce0,0x00000cdf,0x00050081,0x00000008,0x00000ce1,0x00000ce0,0x000000ef,
	0x0004006e,0x00000006,0x00000ce2,0x00000ce1,0x0003003e,0x00000cde,0x00000ce2,0x0003003e,
	0x00000ce3,0x000000b8,0x0004003d,0x00000006,0x00000ce4,0x00000cde,0x000500aa,0x00000071,
	0x00000ce5,0x00000ce4,0x000001e9,0x000300f7,0x00000ce7,0x00000000,0x000400fa,0x00000ce5,
	0x00000ce6,0x00000cec,0x000200f8,0x00000ce6,0x0004003d,0x0000001e,0x00000ce9,0x00000cd2,
	0x0008004f,0x00000009,0x00000cea,0x00000ce9,0x00000ce9,0x00000000,0x00000001,0x00000002,
	0x0006000c,0x00000009,0x00000ceb,0x00000001,0x00000045,0x00000cea,0x0003003e,0x00000ce8,
	0x00000ceb,0x000200f9,0x00000ce7,0x000200f8,0x00000cec,0x0004003d,0x0000001e,0x00000cee,
	0x00000cce,0x0008004f,0x00000009,0x00000cef,0x00000cee,0x00000cee,0x00000000,0x00000001,
	0x00000002,0x0004003d,0x00000009,0x00000cf0,0x0000055a,0x00050083,0x00000009,0x00000cf1,
	0x00000cef,0x00000cf0,0x0003003e,0x00000ced,0x00000cf1,0x0004003d,0x00000009,0x00000cf3,
	0x00000ced,0x0004003d,0x00000009,0x00000cf4,0x00000ced,0x00050094,0x00000008,0x00000cf5,
	0x00000cf3,0x00000cf4,0x0007000c,0x00000008,0x00000cf6,0x00000001,0x00000028,0x00000cf5,
	0x000001af,0x0003003e,0x00000cf2,0x00000cf6,0x0004003d,0x00000009,0x00000cf7,0x00000ced,
	0x0004003d,0x00000008,0x00000cf8,0x00000cf2,0x0006000c,0x00000008,0x00000cf9,0x00000001,
	0x00000020,0x00000cf8,0x0005008e,0x00000009,0x00000cfa,0x00000cf7,0x00000cf9,0x0003003e,
	0x00000ce8,0x00000cfa,0x0004003d,0x00000008,0x00000cfb,0x00000cf2,0x00050088,0x00000008,
	0x00000cfc,0x000000b8,0x00000cfb,0x0003003e,0x00000ce3,0x00000cfc,0x000200f9,0x00000ce7,
	0x000200f8,0x00000ce7,0x0003003e,0x00000cfd,0x000000b8,0x00050041,0x00000027,0x00000cfe,
	0x00000cda,0x0000015f,0x0004003d,0x00000008,0x00000cff,0x00000cfe,0x000500ba,0x00000071,
	0x00000d00,0x00000cff,0x000000ef,0x0004003d,0x00000006,0x00000d01,0x00000cde,0x000500ab,
	0x00000071,0x00000d02,0x00000d01,0x000001e9,0x000500a7,0x00000071,0x00000d03,0x00000d00,
	0x00000d02,0x000300f7,0x00000d05,0x00000000,0x000400fa,0x00000d03,0x00000d04,0x00000d05,
	0x000200f8,0x00000d04,0x0004003d,0x0000001e,0x00000d07,0x00000cd2,0x0008004f,0x00000009,
	0x00000d08,0x00000d07,0x00000d07,0x00000000,0x00000001,0x00000002,0x0006000c,0x00000009,
	0x00000d09,0x00000001,0x00000045,0x00000d08,0x0004003d,0x00000009,0x00000d0a,0x00000ce8,
	0x0004007f,0x00000009,0x00000d0b,0x00000d0a,0x00050094,0x00000008,0x00000d0c,0x00000d09,
	0x00000d0b,0x0003003e,0x00000d06,0x00000d0c,0x00050041,0x00000027,0x00000d0e,0x00000cd2,
	0x0000015f,0x0004003d,0x00000008,0x00000d0f,0x00000d0e,0x0008000c,0x00000008,0x00000d11,
	0x00000001,0x0000002b,0x00000d0f,0x000000b7,0x00000d10,0x0006000c,0x00000008,0x00000d12,
	0x00000001,0x0000000b,0x00000d11,0x0006000c,0x00000008,0x00000d13,0x00000001,0x0000000e,
	0x00000d12,0x0003003e,0x00000d0d,0x00000d13,0x00050041,0x00000027,0x00000d15,0x00000cd2,
	0x0000015f,0x0004003d,0x00000008,0x00000d16,0x00000d15,0x00050041,0x00000027,0x00000d17,
	0x00000cda,0x0000009f,0x0004003d,0x00000008,0x00000d18,0x00000d17,0x0008000c,0x00000008,
	0x00000d19,0x00000001,0x0000002b,0x00000d18,0x000000b7,0x000000b8,0x00050083,0x00000008,
	0x00000d1a,0x000000b8,0x00000d19,0x00050085,0x00000008,0x00000d1b,0x00000d16,0x00000d1a,
	0x0008000c,0x00000008,0x00000d1c,0x00000001,0x0000002b,0x00000d1b,0x000000b7,0x00000d10,
	0x0006000c,0x00000008,0x00000d1d,0x00000001,0x0000000b,0x00000d1c,0x0006000c,0x00000008,
	0x00000d1e,0x00000001,0x0000000e,0x00000d1d,0x0003003e,0x00000d14,0x00000d1e,0x0004003d,
	0x00000008,0x00000d1f,0x00000d0d,0x0004003d,0x00000008,0x00000d20,0x00000d14,0x0004003d,
	0x00000008,0x00000d21,0x00000d0d,0x00050081,0x00000008,0x00000d23,0x00000d21,0x00000d22,
	0x0007000c,0x00000008,0x00000d24,0x00000001,0x00000028,0x00000d20,0x00000d23,0x0004003d,
	0x00000008,0x00000d25,0x00000d06,0x0008000c,0x00000008,0x00000d26,0x00000001,0x00000031,
	0x00000d1f,0x00000d24,0x00000d25,0x0004003d,0x00000008,0x00000d27,0x00000d06,0x0007000c,
	0x00000008,0x00000d28,0x00000001,0x00000028,0x00000d27,0x000000b7,0x00050041,0x00000027,
	0x00000d29,0x00000cda,0x000002b5,0x0004003d,0x00000008,0x00000d2a,0x00000d29,0x0007000c,
	0x00000008,0x00000d2b,0x00000001,0x00000028,0x00000d2a,0x000000b7,0x0007000c,0x00000008,
	0x00000d2c,0x00000001,0x0000001a,0x00000d28,0x00000d2b,0x00050085,0x00000008,0x00000d2d,
	0x00000d26,0x00000d2c,0x0003003e,0x00000cfd,0x00000d2d,0x000200f9,0x00000d05,0x000200f8,
	0x00000d05,0x0004003d,0x00000009,0x00000d2f,0x00000b73,0x0004003d,0x00000009,0x00000d30,
	0x00000ce8,0x00050094,0x00000008,0x00000d31,0x00000d2f,0x00000d30,0x0007000c,0x00000008,
	0x00000d32,0x00000001,0x00000028,0x00000d31,0x000000b7,0x0003003e,0x00000d2e,0x00000d32,
	0x0004003d,0x00000008,0x00000d33,0x00000d2e,0x000500bc,0x00000071,0x00000d34,0x00000d33,
	0x000000b7,0x0004003d,0x00000008,0x00000d35,0x00000cfd,0x000500bc,0x00000071,0x00000d36,
	0x00000d35,0x000000b7,0x000500a6,0x00000071,0x00000d37,0x00000d34,0x00000d36,0x000300f7,
	0x00000d39,0x00000000,0x000400fa,0x00000d37,0x00000d38,0x00000d39,0x000200f8,0x00000d38,
	0x000200f9,0x00000cbf,0x000200f8,0x00000d39,0x0004003d,0x00000009,0x00000d3c,0x00000ce8,
	0x0004003d,0x00000009,0x00000d3d,0x00000b6c,0x00050081,0x00000009,0x00000d3e,0x00000d3c,
	0x00000d3d,0x0006000c,0x00000009,0x00000d3f,0x00000001,0x00000045,0x00000d3e,0x0003003e,
	0x00000d3b,0x00000d3f,0x0004003d,0x00000009,0x00000d41,0x00000b73,0x0004003d,0x00000009,
	0x00000d42,0x00000d3b,0x00050094,0x00000008,0x00000d43,0x00000d41,0x00000d42,0x0007000c,
	0x00000008,0x00000d44,0x00000001,0x00000028,0x00000d43,0x000000b7,0x0003003e,0x00000d40,
	0x00000d44,0x0004003d,0x00000009,0x00000d46,0x00000b6c,0x0004003d,0x00000009,0x00000d47,
	0x00000d3b,0x00050094,0x00000008,0x00000d48,0x00000d46,0x00000d47,0x0007000c,0x00000008,
	0x00000d49,0x00000001,0x00000028,0x00000d48,0x000000b7,0x0003003e,0x00000d45,0x00000d49,
	0x0004003d,0x00000008,0x00000d4c,0x00000d45,0x0003003e,0x00000d4b,0x00000d4c,0x0004003d,
	0x00000009,0x00000d4e,0x00000b99,0x0003003e,0x00000d4d,0x00000d4e,0x00060039,0x00000009,
	0x00000d4f,0x00000039,0x00000d4b,0x00000d4d,0x0003003e,0x00000d4a,0x00000d4f,0x0004003d,
	0x00000008,0x00000d52,0x00000d40,0x0003003e,0x00000d51,0x00000d52,0x0004003d,0x00000008,
	0x00000d54,0x00000b92,0x0003003e,0x00000d53,0x00000d54,0x00060039,0x00000008,0x00000d55,
	0x00000030,0x00000d51,0x00000d53,0x0004003d,0x00000008,0x00000d57,0x00000b8d,0x0003003e,
	0x00000d56,0x00000d57,0x0004003d,0x00000008,0x00000d59,0x00000b92,0x0003003e,0x00000d58,
	0x00000d59,0x00060039,0x00000008,0x00000d5a,0x00000034,0x00000d56,0x00000d58,0x00050085,
	0x00000008,0x00000d5b,0x00000d55,0x00000d5a,0x0004003d,0x00000008,0x00000d5d,0x00000d2e,
	0x0003003e,0x00000d5c,0x00000d5d,0x0004003d,0x00000008,0x00000d5f,0x00000b92,0x0003003e,
	0x00000d5e,0x00000d5f,0x00060039,0x00000008,0x00000d60,0x00000034,0x00000d5c,0x00000d5e,
	0x00050085,0x00000008,0x00000d61,0x00000d5b,0x00000d60,0x0004003d,0x00000009,0x00000d62,
	0x00000d4a,0x0005008e,0x00000009,0x00000d63,0x00000d62,0x00000d61,0x0004003d,0x00000008,
	0x00000d65,0x00000b8d,0x00050085,0x00000008,0x00000d66,0x00000d64,0x00000d65,0x0004003d,
	0x00000008,0x00000d67,0x00000d2e,0x00050085,0x00000008,0x00000d68,0x00000d66,0x00000d67,
	0x0007000c,0x00000008,0x00000d69,0x00000001,0x00000028,0x00000d68,0x00000d22,0x00060050,
	0x00000009,0x00000d6a,0x00000d69,0x00000d69,0x00000d69,0x00050088,0x00000009,0x00000d6b,
	0x00000d63,0x00000d6a,0x0003003e,0x00000d50,0x00000d6b,0x0004003d,0x00000009,0x00000d6d,
	0x00000d4a,0x00050083,0x00000009,0x00000d6e,0x0000018c,0x00000d6d,0x0004003d,0x00000008,
	0x00000d6f,0x00000b96,0x00050083,0x00000008,0x00000d70,0x000000b8,0x00000d6f,0x0005008e,
	0x00000009,0x00000d71,0x00000d6e,0x00000d70,0x0004003d,0x00000009,0x00000d72,0x00000b2f,
	0x00050085,0x00000009,0x00000d73,0x00000d71,0x00000d72,0x00060050,0x00000009,0x00000d74,
	0x000001aa,0x000001aa,0x000001aa,0x00050088,0x00000009,0x00000d75,0x00000d73,0x00000d74,
	0x0003003e,0x00000d6c,0x00000d75,0x0004003d,0x00000009,0x00000d77,0x00000b80,0x0004003d,
	0x00000009,0x00000d78,0x00000ce8,0x00050094,0x00000008,0x00000d79,0x00000d77,0x00000d78,
	0x0007000c,0x00000008,0x00000d7a,0x00000001,0x00000028,0x00000d79,0x000000b7,0x0003003e,
	0x00000d76,0x00000d7a,0x0004003d,0x00000009,0x00000d7c,0x00000b80,0x0004003d,0x00000009,
	0x00000d7d,0x00000b6c,0x00050094,0x00000008,0x00000d7e,0x00000d7c,0x00000d7d,0x0007000c,
	0x00000008,0x00000d7f,0x00000001,0x00000028,0x00000d7e,0x00000a82,0x0003003e,0x00000d7b,
	0x00000d7f,0x0004003d,0x00000009,0x00000d81,0x00000b80,0x0004003d,0x00000009,0x00000d82,
	0x00000d3b,0x00050094,0x00000008,0x00000d83,0x00000d81,0x00000d82,0x0007000c,0x00000008,
	0x00000d84,0x00000001,0x00000028,0x00000d83,0x000000b7,0x0003003e,0x00000d80,0x00000d84,
	0x0004003d,0x00000008,0x00000d86,0x00000cae,0x0004003d,0x00000008,0x00000d87,0x00000cae,
	0x00050085,0x00000008,0x00000d88,0x00000d86,0x00000d87,0x00060050,0x00000009,0x00000d89,
	0x00000d88,0x00000d88,0x00000d88,0x0004003d,0x00000008,0x00000d8b,0x00000d45,0x0003003e,
	0x00000d8a,0x00000d8b,0x0003003e,0x00000d8c,0x00000d89,0x00060039,0x00000009,0x00000d8d,
	0x00000039,0x00000d8a,0x00000d8c,0x0003003e,0x00000d85,0x00000d8d,0x0004003d,0x00000008,
	0x00000d90,0x00000d80,0x0003003e,0x00000d8f,0x00000d90,0x0004003d,0x00000008,0x00000d92,
	0x00000c46,0x0003003e,0x00000d91,0x00000d92,0x00060039,0x00000008,0x00000d93,0x00000030,
	0x00000d8f,0x00000d91,0x0004003d,0x00000008,0x00000d95,0x00000d7b,0x0003003e,0x00000d94,
	0x00000d95,0x0004003d,0x00000008,0x00000d97,0x00000c46,0x0003003e,0x00000d96,0x00000d97,
	0x00060039,0x00000008,0x00000d98,0x00000034,0x00000d94,0x00000d96,0x00050085,0x00000008,
	0x00000d99,0x00000d93,0x00000d98,0x0004003d,0x00000008,0x00000d9b,0x00000d76,0x0003003e,
	0x00000d9a,0x00000d9b,0x0004003d,0x00000008,0x00000d9d,0x00000c46,0x0003003e,0x00000d9c,
	0x00000d9d,0x00060039,0x00000008,0x00000d9e,0x00000034,0x00000d9a,0x00000d9c,0x00050085,
	0x00000008,0x00000d9f,0x00000d99,0x00000d9e,0x0004003d,0x00000009,0x00000da0,0x00000d85,
	0x0005008e,0x00000009,0x00000da1,0x00000da0,0x00000d9f,0x0004003d,0x00000008,0x00000da2,
	0x00000d7b,0x00050085,0x00000008,0x00000da3,0x00000d64,0x00000da2,0x0004003d,0x00000008,
	0x00000da4,0x00000d76,0x00050085,0x00000008,0x00000da5,0x00000da3,0x00000da4,0x0007000c,
	0x00000008,0x00000da6,0x00000001,0x00000028,0x00000da5,0x00000d22,0x00060050,0x00000009,
	0x00000da7,0x00000da6,0x00000da6,0x00000da6,0x00050088,0x00000009,0x00000da8,0x00000da1,
	0x00000da7,0x0003003e,0x00000d8e,0x00000da8,0x0004003d,0x00000009,0x00000daa,0x00000d6c,
	0x00050041,0x00000027,0x00000dab,0x00000cd6,0x0000015f,0x0004003d,0x00000008,0x00000dac,
	0x00000dab,0x0005008e,0x00000009,0x00000dad,0x00000daa,0x00000dac,0x0004003d,0x00000009,
	0x00000dae,0x00000d50,0x0004003d,0x00000009,0x00000daf,0x00000d85,0x0004003d,0x00000008,
	0x00000db0,0x00000c23,0x0005008e,0x00000009,0x00000db1,0x00000daf,0x00000db0,0x00050083,
	0x00000009,0x00000db2,0x0000018c,0x00000db1,0x00050085,0x00000009,0x00000db3,0x00000dae,
	0x00000db2,0x00050041,0x00000027,0x00000db4,0x00000cda,0x0000011b,0x0004003d,0x00000008,
	0x00000db5,0x00000db4,0x0005008e,0x00000009,0x00000db6,0x00000db3,0x00000db5,0x00050081,
	0x00000009,0x00000db7,0x00000dad,0x00000db6,0x0003003e,0x00000da9,0x00000db7,0x0004003d,
	0x00000009,0x00000db9,0x00000d8e,0x0004003d,0x00000009,0x00000dba,0x00000c69,0x00050085,
	0x00000009,0x00000dbb,0x00000db9,0x00000dba,0x0004003d,0x00000008,0x00000dbc,0x00000c23,
	0x0005008e,0x00000009,0x00000dbd,0x00000dbb,0x00000dbc,0x00050041,0x00000027,0x00000dbe,
	0x00000cda,0x0000011b,0x0004003d,0x00000008,0x00000dbf,0x00000dbe,0x0005008e,0x00000009,
	0x00000dc0,0x00000dbd,0x00000dbf,0x0003003e,0x00000db8,0x00000dc0,0x0004003d,0x0000004a,
	0x00000dc2,0x00000cbb,0x0004007c,0x00000006,0x00000dc3,0x00000dc2,0x00060041,0x000006bf,
	0x00000dc4,0x000006be,0x000001fc,0x000002b5,0x0004003d,0x00000008,0x00000dc5,0x00000dc4,
	0x00050081,0x00000008,0x00000dc6,0x00000dc5,0x000000ef,0x0004006e,0x00000006,0x00000dc7,
	0x00000dc6,0x000500aa,0x00000071,0x00000dc8,0x00000dc3,0x00000dc7,0x000300f7,0x00000dcb,
	0x00000000,0x000400fa,0x00000dc8,0x00000dca,0x00000dd3,0x000200f8,0x00000dca,0x0004003d,
	0x00000009,0x00000dcd,0x0000055a,0x0003003e,0x00000dcc,0x00000dcd,0x0004003d,0x00000009,
	0x00000dcf,0x00000b73,0x0003003e,0x00000dce,0x00000dcf,0x0004003d,0x00000009,0x00000dd1,
	0x00000ce8,0x0003003e,0x00000dd0,0x00000dd1,0x00070039,0x00000008,0x00000dd2,0x0000008e,
	0x00000dcc,0x00000dce,0x00000dd0,0x0003003e,0x00000dc9,0x00000dd2,0x000200f9,0x00000dcb,
	0x000200f8,0x00000dd3,0x0003003e,0x00000dc9,0x000000b8,0x000200f9,0x00000dcb,0x000200f8,
	0x00000dcb,0x0004003d,0x00000008,0x00000dd4,0x00000dc9,0x0003003e,0x00000dc1,0x00000dd4,
	0x0004003d,0x00000009,0x00000dd5,0x00000da9,0x0004003d,0x00000008,0x00000dd6,0x00000d2e,
	0x0005008e,0x00000009,0x00000dd7,0x00000dd5,0x00000dd6,0x0004003d,0x00000009,0x00000dd8,
	0x00000db8,0x0004003d,0x00000008,0x00000dd9,0x00000d76,0x0005008e,0x00000009,0x00000dda,
	0x00000dd8,0x00000dd9,0x00050081,0x00000009,0x00000ddb,0x00000dd7,0x00000dda,0x0004003d,
	0x0000001e,0x00000ddc,0x00000cd6,0x0008004f,0x00000009,0x00000ddd,0x00000ddc,0x00000ddc,
	0x00000000,0x00000001,0x00000002,0x00050085,0x00000009,0x00000dde,0x00000ddb,0x00000ddd,
	0x0004003d,0x00000008,0x00000ddf,0x00000ce3,0x0004003d,0x00000008,0x00000de0,0x00000cfd,
	0x00050085,0x00000008,0x00000de1,0x00000ddf,0x00000de0,0x0004003d,0x00000008,0x00000de2,
	0x00000dc1,0x00050085,0x00000008,0x00000de3,0x00000de1,0x00000de2,0x0005008e,0x00000009,
	0x00000de4,0x00000dde,0x00000de3,0x0004003d,0x00000009,0x00000de5,0x00000cb4,0x00050081,
	0x00000009,0x00000de6,0x00000de5,0x00000de4,0x0003003e,0x00000cb4,0x00000de6,0x000200f9,
	0x00000cbf,0x000200f8,0x00000cbf,0x0004003d,0x0000004a,0x00000de7,0x00000cbb,0x00050080,
	0x0000004a,0x00000de8,0x00000de7,0x000000d5,0x0003003e,0x00000cbb,0x00000de8,0x000200f9,
	0x00000cbc,0x000200f8,0x00000cbe,0x00060041,0x000002dd,0x00000de9,0x000006be,0x000000a8,
	0x0000011b,0x0004003d,0x0000004a,0x00000dea,0x00000de9,0x000500aa,0x00000071,0x00000deb,
	0x00000dea,0x0000011b,0x000300f7,0x00000ded,0x00000000,0x000400fa,0x00000deb,0x00000dec,
	0x00000ded,0x000200f8,0x00000dec,0x00050041,0x0000015c,0x00000def,0x000006be,0x000001e9,
	0x0004003d,0x0000001e,0x00000df0,0x00000def,0x0008004f,0x00000009,0x00000df1,0x00000df0,
	0x00000df0,0x00000000,0x00000001,0x00000002,0x00050041,0x0000015c,0x00000df2,0x000006be,
	0x000001e9,0x0004003d,0x0000001e,0x00000df3,0x00000df2,0x0008004f,0x00000009,0x00000df4,
	0x00000df3,0x00000df3,0x00000000,0x00000001,0x00000002,0x00050094,0x00000008,0x00000df5,
	0x00000df1,0x00000df4,0x000500ba,0x00000071,0x00000df6,0x00000df5,0x0000057e,0x000300f7,
	0x00000df9,0x00000000,0x000400fa,0x00000df6,0x00000df8,0x00000dfe,0x000200f8,0x00000df8,
	0x00050041,0x0000015c,0x00000dfa,0x000006be,0x000001e9,0x0004003d,0x0000001e,0x00000dfb,
	0x00000dfa,0x0008004f,0x00000009,0x00000dfc,0x00000dfb,0x00000dfb,0x00000000,0x00000001,
	0x00000002,0x0006000c,0x00000009,0x00000dfd,0x00000001,0x00000045,0x00000dfc,0x0003003e,
	0x00000df7,0x00000dfd,0x000200f9,0x00000df9,0x000200f8,0x00000dfe,0x0003003e,0x00000df7,
	0x00000e02,0x000200f9,0x00000df9,0x000200f8,0x00000df9,0x0004003d,0x00000009,0x00000e03,
	0x00000df7,0x0003003e,0x00000dee,0x00000e03,0x00050041,0x0000015c,0x00000e05,0x000006be,
	0x000001ec,0x0004003d,0x0000001e,0x00000e06,0x00000e05,0x0008004f,0x00000009,0x00000e07,
	0x00000e06,0x00000e06,0x00000000,0x00000001,0x00000002,0x00050041,0x0000015c,0x00000e08,
	0x000006be,0x000001ec,0x0004003d,0x0000001e,0x00000e09,0x00000e08,0x0008004f,0x00000009,
	0x00000e0a,0x00000e09,0x00000e09,0x00000000,0x00000001,0x00000002,0x00050094,0x00000008,
	0x00000e0b,0x00000e07,0x00000e0a,0x000500ba,0x00000071,0x00000e0c,0x00000e0b,0x0000057e,
	0x000300f7,0x00000e0f,0x00000000,0x000400fa,0x00000e0c,0x00000e0e,0x00000e13,0x000200f8,
	0x00000e0e,0x00050041,0x0000015c,0x00000e10,0x000006be,0x000001ec,0x0004003d,0x0000001e,
	0x00000e11,0x00000e10,0x0008004f,0x00000009,0x00000e12,0x00000e11,0x00000e11,0x00000000,
	0x00000001,0x00000002,0x0003003e,0x00000e0d,0x00000e12,0x000200f9,0x00000e0f,0x000200f8,
	0x00000e13,0x0003003e,0x00000e0d,0x0000018c,0x000200f9,0x00000e0f,0x000200f8,0x00000e0f,
	0x0004003d,0x00000009,0x00000e14,0x00000e0d,0x0003003e,0x00000e04,0x00000e14,0x0004003d,
	0x00000009,0x00000e16,0x00000b73,0x0004003d,0x00000009,0x00000e17,0x00000dee,0x00050094,
	0x00000008,0x00000e18,0x00000e16,0x00000e17,0x0007000c,0x00000008,0x00000e19,0x00000001,
	0x00000028,0x00000e18,0x000000b7,0x0003003e,0x00000e15,0x00000e19,0x0004003d,0x00000009,
	0x00000e1b,0x00000dee,0x0004003d,0x00000009,0x00000e1c,0x00000b6c,0x00050081,0x00000009,
	0x00000e1d,0x00000e1b,0x00000e1c,0x0006000c,0x00000009,0x00000e1e,0x00000001,0x00000045,
	0x00000e1d,0x0003003e,0x00000e1a,0x00000e1e,0x0004003d,0x00000009,0x00000e20,0x00000b73,
	0x0004003d,0x00000009,0x00000e21,0x00000e1a,0x00050094,0x00000008,0x00000e22,0x00000e20,
	0x00000e21,0x0007000c,0x00000008,0x00000e23,0x00000001,0x00000028,0x00000e22,0x000000b7,
	0x0003003e,0x00000e1f,0x00000e23,0x0004003d,0x00000009,0x00000e25,0x00000b6c,0x0004003d,
	0x00000009,0x00000e26,0x00000e1a,0x00050094,0x00000008,0x00000e27,0x00000e25,0x00000e26,
	0x0007000c,0x00000008,0x00000e28,0x00000001,0x00000028,0x00000e27,0x000000b7,0x0003003e,
	0x00000e24,0x00000e28,0x0004003d,0x00000008,0x00000e2b,0x00000e24,0x0003003e,0x00000e2a,
	0x00000e2b,0x0004003d,0x00000009,0x00000e2d,0x00000b99,0x0003003e,0x00000e2c,0x00000e2d,
	0x00060039,0x00000009,0x00000e2e,0x00000039,0x00000e2a,0x00000e2c,0x0003003e,0x00000e29,
	0x00000e2e,0x0004003d,0x00000008,0x00000e31,0x00000e1f,0x0003003e,0x00000e30,0x00000e31,
	0x0004003d,0x00000008,0x00000e33,0x00000b92,0x0003003e,0x00000e32,0x00000e33,0x00060039,
	0x00000008,0x00000e34,0x00000030,0x00000e30,0x00000e32,0x0004003d,0x00000008,0x00000e36,
	0x00000b8d,0x0003003e,0x00000e35,0x00000e36,0x0004003d,0x00000008,0x00000e38,0x00000b92,
	0x0003003e,0x00000e37,0x00000e38,0x00060039,0x00000008,0x00000e39,0x00000034,0x00000e35,
	0x00000e37,0x00050085,0x00000008,0x00000e3a,0x00000e34,0x00000e39,0x0004003d,0x00000008,
	0x00000e3c,0x00000e15,0x0003003e,0x00000e3b,0x00000e3c,0x0004003d,0x00000008,0x00000e3e,
	0x00000b92,0x0003003e,0x00000e3d,0x00000e3e,0x00060039,0x00000008,0x00000e3f,0x00000034,
	0x00000e3b,0x00000e3d,0x00050085,0x00000008,0x00000e40,0x00000e3a,0x00000e3f,0x0004003d,
	0x00000009,0x00000e41,0x00000e29,0x0005008e,0x00000009,0x00000e42,0x00000e41,0x00000e40,
	0x0004003d,0x00000008,0x00000e43,0x00000b8d,0x00050085,0x00000008,0x00000e44,0x00000d64,
	0x00000e43,0x0004003d,0x00000008,0x00000e45,0x00000e15,0x00050085,0x00000008,0x00000e46,
	0x00000e44,0x00000e45,0x0007000c,0x00000008,0x00000e47,0x00000001,0x00000028,0x00000e46,
	0x00000d22,0x00060050,0x00000009,0x00000e48,0x00000e47,0x00000e47,0x00000e47,0x00050088,
	0x00000009,0x00000e49,0x00000e42,0x00000e48,0x0003003e,0x00000e2f,0x00000e49,0x0004003d,
	0x00000009,0x00000e4b,0x00000e29,0x00050083,0x00000009,0x00000e4c,0x0000018c,0x00000e4b,
	0x0004003d,0x00000008,0x00000e4d,0x00000b96,0x00050083,0x00000008,0x00000e4e,0x000000b8,
	0x00000e4d,0x0005008e,0x00000009,0x00000e4f,0x00000e4c,0x00000e4e,0x0004003d,0x00000009,
	0x00000e50,0x00000b2f,0x00050085,0x00000009,0x00000e51,0x00000e4f,0x00000e50,0x00060050,
	0x00000009,0x00000e52,0x000001aa,0x000001aa,0x000001aa,0x00050088,0x00000009,0x00000e53,
	0x00000e51,0x00000e52,0x0003003e,0x00000e4a,0x00000e53,0x0004003d,0x00000009,0x00000e54,
	0x00000e4a,0x0004003d,0x00000009,0x00000e55,0x00000e2f,0x00050081,0x00000009,0x00000e56,
	0x00000e54,0x00000e55,0x0004003d,0x00000009,0x00000e57,0x00000e04,0x00050085,0x00000009,
	0x00000e58,0x00000e56,0x00000e57,0x0004003d,0x00000008,0x00000e59,0x00000e15,0x0005008e,
	0x00000009,0x00000e5a,0x00000e58,0x00000e59,0x0003003e,0x00000cb4,0x00000e5a,0x000200f9,
	0x00000ded,0x000200f8,0x00000ded,0x00060041,0x000006bf,0x00000e5b,0x000006be,0x000001f9,
	0x0000015f,0x0004003d,0x00000008,0x00000e5c,0x00000e5b,0x000500ba,0x00000071,0x00000e5d,
	0x00000e5c,0x000000ef,0x000300f7,0x00000e5f,0x00000000,0x000400fa,0x00000e5d,0x00000e5e,
	0x00000ee1,0x000200f8,0x00000e5e,0x00050041,0x000006f9,0x00000e61,0x000006be,0x00000120,
	0x0004003d,0x00000152,0x00000e62,0x00000e61,0x00050051,0x0000001e,0x00000e63,0x00000e62,
	0x00000000,0x0008004f,0x00000009,0x00000e64,0x00000e63,0x00000e63,0x00000000,0x00000001,
	0x00000002,0x00050051,0x0000001e,0x00000e65,0x00000e62,0x00000001,0x0008004f,0x00000009,
	0x00000e66,0x00000e65,0x00000e65,0x00000000,0x00000001,0x00000002,0x00050051,0x0000001e,
	0x00000e67,0x00000e62,0x00000002,0x0008004f,0x00000009,0x00000e68,0x00000e67,0x00000e67,
	0x00000000,0x00000001,0x00000002,0x00060050,0x0000059f,0x00000e69,0x00000e64,0x00000e66,
	0x00000e68,0x0004003d,0x00000009,0x00000e6a,0x00000b73,0x00050091,0x00000009,0x00000e6b,
	0x00000e69,0x00000e6a,0x0006000c,0x00000009,0x00000e6c,0x00000001,0x00000045,0x00000e6b,
	0x0003003e,0x00000e60,0x00000e6c,0x00050041,0x000006f9,0x00000e6e,0x000006be,0x00000120,
	0x0004003d,0x00000152,0x00000e6f,0x00000e6e,0x00050051,0x0000001e,0x00000e70,0x00000e6f,
	0x00000000,0x0008004f,0x00000009,0x00000e71,0x00000e70,0x00000e70,0x00000000,0x00000001,
	0x00000002,0x00050051,0x0000001e,0x00000e72,0x00000e6f,0x00000001,0x0008004f,0x00000009,
	0x00000e73,0x00000e72,0x00000e72,0x00000000,0x00000001,0x00000002,0x00050051,0x0000001e,
	0x00000e74,0x00000e6f,0x00000002,0x0008004f,0x00000009,0x00000e75,0x00000e74,0x00000e74,
	0x00000000,0x00000001,0x00000002,0x00060050,0x0000059f,0x00000e76,0x00000e71,0x00000e73,
	0x00000e75,0x0004003d,0x00000009,0x00000e77,0x00000b6c,0x0004007f,0x00000009,0x00000e78,
	0x00000e77,0x0004003d,0x00000009,0x00000e79,0x00000b73,0x0007000c,0x00000009,0x00000e7a,
	0x00000001,0x00000047,0x00000e78,0x00000e79,0x00050091,0x00000009,0x00000e7b,0x00000e76,
	0x00000e7a,0x0006000c,0x00000009,0x00000e7c,0x00000001,0x00000045,0x00000e7b,0x0003003e,
	0x00000e6d,0x00000e7c,0x0004003d,0x00000725,0x00000e7f,0x00000e7e,0x0004003d,0x00000009,
	0x00000e80,0x00000e60,0x00050057,0x0000001e,0x00000e81,0x00000e7f,0x00000e80,0x0008004f,
	0x00000009,0x00000e82,0x00000e81,0x00000e81,0x00000000,0x00000001,0x00000002,0x0003003e,
	0x00000e7d,0x00000e82,0x0004003d,0x00000725,0x00000e85,0x00000e84,0x0004003d,0x00000009,
	0x00000e86,0x00000e6d,0x0004003d,0x00000008,0x00000e87,0x00000b92,0x00060041,0x000006bf,
	0x00000e88,0x000006be,0x000001fc,0x0000011b,0x0004003d,0x00000008,0x00000e89,0x00000e88,
	0x00050083,0x00000008,0x00000e8a,0x00000e89,0x000000b8,0x00050085,0x00000008,0x00000e8b,
	0x00000e87,0x00000e8a,0x00070058,0x0000001e,0x00000e8c,0x00000e85,0x00000e86,0x00000002,
	0x00000e8b,0x0008004f,0x00000009,0x00000e8d,0x00000e8c,0x00000e8c,0x00000000,0x00000001,
	0x00000002,0x0003003e,0x00000e83,0x00000e8d,0x0004003d,0x0000004f,0x00000e90,0x00000e8f,
	0x0004003d,0x00000009,0x00000e91,0x00000b73,0x0004003d,0x00000009,0x00000e92,0x00000b6c,
	0x00050094,0x00000008,0x00000e93,0x00000e91,0x00000e92,0x0007000c,0x00000008,0x00000e94,
	0x00000001,0x00000028,0x00000e93,0x000000b7,0x0004003d,0x00000008,0x00000e95,0x00000b92,
	0x00050050,0x0000001c,0x00000e96,0x00000e94,0x00000e95,0x00050057,0x0000001e,0x00000e97,
	0x00000e90,0x00000e96,0x0007004f,0x0000001c,0x00000e98,0x00000e97,0x00000e97,0x00000000,
	0x00000001,0x0003003e,0x00000e8e,0x00000e98,0x0004003d,0x00000009,0x00000e9a,0x00000b2f,
	0x0004003d,0x00000008,0x00000e9b,0x00000b96,0x00050083,0x00000008,0x00000e9c,0x000000b8,
	0x00000e9b,0x0005008e,0x00000009,0x00000e9d,0x00000e9a,0x00000e9c,0x0004003d,0x00000009,
	0x00000e9e,0x00000e7d,0x00050085,0x00000009,0x00000e9f,0x00000e9d,0x00000e9e,0x0004003d,
	0x00000009,0x00000ea0,0x00000e83,0x0004003d,0x00000009,0x00000ea1,0x00000b99,0x00050041,
	0x00000027,0x00000ea2,0x00000e8e,0x0000011b,0x0004003d,0x00000008,0x00000ea3,0x00000ea2,
	0x0005008e,0x00000009,0x00000ea4,0x00000ea1,0x00000ea3,0x00050041,0x00000027,0x00000ea5,
	0x00000e8e,0x0000009f,0x0004003d,0x00000008,0x00000ea6,0x00000ea5,0x00060050,0x00000009,
	0x00000ea7,0x00000ea6,0x00000ea6,0x00000ea6,0x00050081,0x00000009,0x00000ea8,0x00000ea4,
	0x00000ea7,0x00050085,0x00000009,0x00000ea9,0x00000ea0,0x00000ea8,0x00050081,0x00000009,
	0x00000eaa,0x00000e9f,0x00000ea9,0x0003003e,0x00000e99,0x00000eaa,0x0004003d,0x00000725,
	0x00000eac,0x00000e84,0x0004003d,0x00000009,0x00000ead,0x00000e6d,0x0004003d,0x00000008,
	0x00000eae,0x00000c46,0x00060041,0x000006bf,0x00000eaf,0x000006be,0x000001fc,0x0000011b,
	0x0004003d,0x00000008,0x00000eb0,0x00000eaf,0x00050083,0x00000008,0x00000eb1,0x00000eb0,
	0x000000b8,0x00050085,0x00000008,0x00000eb2,0x00000eae,0x00000eb1,0x00070058,0x0000001e,
	0x00000eb3,0x00000eac,0x00000ead,0x00000002,0x00000eb2,0x0008004f,0x00000009,0x00000eb4,
	0x00000eb3,0x00000eb3,0x00000000,0x00000001,0x00000002,0x0003003e,0x00000eab,0x00000eb4,
	0x0004003d,0x0000004f,0x00000eb6,0x00000e8f,0x0004003d,0x00000009,0x00000eb7,0x00000b73,
	0x0004003d,0x00000009,0x00000eb8,0x00000b6c,0x00050094,0x00000008,0x00000eb9,0x00000eb7,
	0x00000eb8,0x0007000c,0x00000008,0x00000eba,0x00000001,0x00000028,0x00000eb9,0x000000b7,
	0x0004003d,0x00000008,0x00000ebb,0x00000c46,0x00050050,0x0000001c,0x00000ebc,0x00000eba,
	0x00000ebb,0x00050057,0x0000001e,0x00000ebd,0x00000eb6,0x00000ebc,0x0007004f,0x0000001c,
	0x00000ebe,0x00000ebd,0x00000ebd,0x00000000,0x00000001,0x0003003e,0x00000eb5,0x00000ebe,
	0x0004003d,0x00000008,0x00000ec0,0x00000cae,0x0004003d,0x00000008,0x00000ec1,0x00000cae,
	0x00050085,0x00000008,0x00000ec2,0x00000ec0,0x00000ec1,0x00060050,0x00000009,0x00000ec3,
	0x00000ec2,0x00000ec2,0x00000ec2,0x0003003e,0x00000ebf,0x00000ec3,0x0004003d,0x00000009,
	0x00000ec5,0x00000eab,0x0004003d,0x00000009,0x00000ec6,0x00000ebf,0x00050041,0x00000027,
	0x00000ec7,0x00000eb5,0x0000011b,0x0004003d,0x00000008,0x00000ec8,0x00000ec7,0x0005008e,
	0x00000009,0x00000ec9,0x00000ec6,0x00000ec8,0x00050041,0x00000027,0x00000eca,0x00000eb5,
	0x0000009f,0x0004003d,0x00000008,0x00000ecb,0x00000eca,0x00060050,0x00000009,0x00000ecc,
	0x00000ecb,0x00000ecb,0x00000ecb,0x00050081,0x00000009,0x00000ecd,0x00000ec9,0x00000ecc,
	0x00050085,0x00000009,0x00000ece,0x00000ec5,0x00000ecd,0x0004003d,0x00000009,0x00000ecf,
	0x00000c69,0x00050085,0x00000009,0x00000ed0,0x00000ece,0x00000ecf,0x0004003d,0x00000008,
	0x00000ed1,0x00000c23,0x0005008e,0x00000009,0x00000ed2,0x00000ed0,0x00000ed1,0x0003003e,
	0x00000ec4,0x00000ed2,0x0004003d,0x00000009,0x00000ed4,0x00000e99,0x0004003d,0x00000008,
	0x00000ed5,0x00000c23,0x0004003d,0x00000009,0x00000ed6,0x00000ebf,0x0005008e,0x00000009,
	0x00000ed7,0x00000ed6,0x00000ed5,0x00060050,0x00000009,0x00000ed8,0x000000b8,0x000000b8,
	0x000000b8,0x00050083,0x00000009,0x00000ed9,0x00000ed8,0x00000ed7,0x00050085,0x00000009,
	0x00000eda,0x00000ed4,0x00000ed9,0x0004003d,0x00000009,0x00000edb,0x00000ec4,0x00050081,
	0x00000009,0x00000edc,0x00000eda,0x00000edb,0x00050041,0x0000015c,0x00000edd,0x000006be,
	0x000001f9,0x0004003d,0x0000001e,0x00000ede,0x00000edd,0x0008004f,0x00000009,0x00000edf,
	0x00000ede,0x00000ede,0x00000000,0x00000001,0x00000002,0x00050085,0x00000009,0x00000ee0,
	0x00000edc,0x00000edf,0x0003003e,0x00000ed3,0x00000ee0,0x000200f9,0x00000e5f,0x000200f8,
	0x00000ee1,0x0004003d,0x00000009,0x00000ee2,0x00000b2f,0x0005008e,0x00000009,0x00000ee4,
	0x00000ee2,0x00000ee3,0x0003003e,0x00000ed3,0x00000ee4,0x000200f9,0x00000e5f,0x000200f8,
	0x00000e5f,0x00060041,0x00000027,0x00000ee5,0x00000b9f,0x00000227,0x0000015f,0x0004003d,
	0x00000008,0x00000ee6,0x00000ee5,0x0008000c,0x00000008,0x00000ee7,0x00000001,0x0000002b,
	0x00000ee6,0x000000b7,0x000000b8,0x0004003d,0x0000001c,0x00000ee9,0x0000052a,0x0003003e,
	0x00000ee8,0x00000ee9,0x00050039,0x00000008,0x00000eea,0x0000006f,0x00000ee8,0x00050085,
	0x00000008,0x00000eeb,0x00000ee7,0x00000eea,0x0004003d,0x00000009,0x00000eec,0x00000ed3,
	0x0005008e,0x00000009,0x00000eed,0x00000eec,0x00000eeb,0x0003003e,0x00000ed3,0x00000eed,
	0x0004003d,0x00000009,0x00000eef,0x00000ed3,0x0004003d,0x00000009,0x00000ef0,0x00000cb4,
	0x00050081,0x00000009,0x00000ef1,0x00000eef,0x00000ef0,0x0004003d,0x00000009,0x00000ef2,
	0x00000b63,0x00050081,0x00000009,0x00000ef3,0x00000ef1,0x00000ef2,0x00060041,0x000006bf,
	0x00000ef4,0x000006be,0x000001fc,0x0000009f,0x0004003d,0x00000008,0x00000ef5,0x00000ef4,
	0x0006000c,0x00000008,0x00000ef6,0x00000001,0x0000001d,0x00000ef5,0x0005008e,0x00000009,
	0x00000ef7,0x00000ef3,0x00000ef6,0x0003003e,0x00000ef8,0x00000ef7,0x00050039,0x00000009,
	0x00000ef9,0x00000011,0x00000ef8,0x0003003e,0x00000eee,0x00000ef9,0x00060041,0x000008ff,
	0x00000efa,0x00000156,0x000000df,0x000002b5,0x0004003d,0x00000008,0x00000efb,0x00000efa,
	0x000500ba,0x00000071,0x00000efc,0x00000efb,0x00000964,0x0004003d,0x00000008,0x00000efd,
	0x00000b0f,0x000500b8,0x00000071,0x00000efe,0x00000efd,0x000000b8,0x000500a7,0x00000071,
	0x00000eff,0x00000efc,0x00000efe,0x000300f7,0x00000f01,0x00000000,0x000400fa,0x00000eff,
	0x00000f00,0x00000f01,0x000200f8,0x00000f00,0x0004003d,0x00000008,0x00000f02,0x00000b0f,
	0x0004003d,0x00000009,0x00000f03,0x00000eee,0x0005008e,0x00000009,0x00000f04,0x00000f03,
	0x00000f02,0x0003003e,0x00000eee,0x00000f04,0x000200f9,0x00000f01,0x000200f8,0x00000f01,
	0x0004003d,0x00000009,0x00000f05,0x00000eee,0x0004003d,0x00000008,0x00000f06,0x00000b0f,
	0x00050051,0x00000008,0x00000f07,0x00000f05,0x00000000,0x00050051,0x00000008,0x00000f08,
	0x00000f05,0x00000001,0x00050051,0x00000008,0x00000f09,0x00000f05,0x00000002,0x00070050,
	0x0000001e,0x00000f0a,0x00000f07,0x00000f08,0x00000f09,0x00000f06,0x0003003e,0x00000874,
	0x00000f0a,0x000100fd,0x00010038,0x00050036,0x00000009,0x0000000c,0x00000000,0x0000000a,
	0x00030037,0x00000007,0x0000000b,0x000200f8,0x0000000d,0x0004003b,0x0000009b,0x0000009c,
	0x00000007,0x0004003d,0x00000006,0x00000093,0x0000000b,0x000500b1,0x00000071,0x00000095,
	0x00000093,0x00000094,0x000300f7,0x00000097,0x00000000,0x000400fa,0x00000095,0x00000096,
	0x00000097,0x000200f8,0x00000096,0x000200fe,0x00000099,0x000200f8,0x00000097,0x0004003d,
	0x00000006,0x0000009d,0x0000000b,0x0004007c,0x0000004a,0x0000009e,0x0000009d,0x00050080,
	0x0000004a,0x000000a0,0x0000009e,0x0000009f,0x00050084,0x0000004a,0x000000a2,0x000000a0,
	0x000000a1,0x0003003e,0x0000009c,0x000000a2,0x0004003d,0x0000004a,0x000000a3,0x0000009c,
	0x000500c7,0x0000004a,0x000000a5,0x000000a3,0x000000a4,0x00040070,0x00000008,0x000000a6,
	0x000000a5,0x0004003d,0x0000004a,0x000000a7,0x0000009c,0x000500c2,0x0000004a,0x000000a9,
	0x000000a7,0x000000a8,0x000500c7,0x0000004a,0x000000aa,0x000000a9,0x000000a4,0x00040070,
	0x00000008,0x000000ab,0x000000aa,0x0004003d,0x0000004a,0x000000ac,0x0000009c,0x000500c2,
	0x0000004a,0x000000ae,0x000000ac,0x000000ad,0x000500c7,0x0000004a,0x000000af,0x000000ae,
	0x000000a4,0x00040070,0x00000008,0x000000b0,0x000000af,0x00060050,0x00000009,0x000000b1,
	0x000000a6,0x000000ab,0x000000b0,0x0005008e,0x00000009,0x000000b3,0x000000b1,0x000000b2,
	0x000200fe,0x000000b3,0x00010038,0x00050036,0x00000009,0x00000011,0x00000000,0x0000000f,
	0x00030037,0x0000000e,0x00000010,0x000200f8,0x00000012,0x0004003b,0x0000000e,0x000000bc,
	0x00000007,0x0004003b,0x0000000e,0x000000c0,0x00000007,0x0004003d,0x00000009,0x000000b6,
	0x00000010,0x00060050,0x00000009,0x000000b9,0x000000b7,0x000000b7,0x000000b7,0x00060050,
	0x00000009,0x000000ba,0x000000b8,0x000000b8,0x000000b8,0x0008000c,0x00000009,0x000000bb,
	0x00000001,0x0000002b,0x000000b6,0x000000b9,0x000000ba,0x0003003e,0x00000010,0x000000bb,
	0x0004003d,0x00000009,0x000000bd,0x00000010,0x0005008e,0x00000009,0x000000bf,0x000000bd,
	0x000000be,0x0003003e,0x000000bc,0x000000bf,0x0004003d,0x00000009,0x000000c2,0x00000010,
	0x0007000c,0x00000009,0x000000c5,0x00000001,0x0000001a,0x000000c2,0x000000c4,0x0005008e,
	0x00000009,0x000000c6,0x000000c5,0x000000c1,0x00060050,0x00000009,0x000000c8,0x000000c7,
	0x000000c7,0x000000c7,0x00050083,0x00000009,0x000000c9,0x000000c6,0x000000c8,0x0003003e,
	0x000000c0,0x000000c9,0x0004003d,0x00000009,0x000000ca,0x000000bc,0x0004003d,0x00000009,
	0x000000cb,0x000000c0,0x0004003d,0x00000009,0x000000cc,0x00000010,0x000500ba,0x000000cf,
	0x000000d0,0x000000cc,0x000000ce,0x000600a9,0x00000009,0x000000d1,0x000000d0,0x000000cb,
	0x000000ca,0x000200fe,0x000000d1,0x00010038,0x00050036,0x00000009,0x00000014,0x00000000,
	0x0000000a,0x00030037,0x00000007,0x00000013,0x000200f8,0x00000015,0x0004003d,0x00000006,
	0x000000d4,0x00000013,0x000500aa,0x00000071,0x000000d6,0x000000d4,0x000000d5,0x000300f7,
	0x000000d8,0x00000000,0x000400fa,0x000000d6,0x000000d7,0x000000d8,0x000200f8,0x000000d7,
	0x000200fe,0x000000dc,0x000200f8,0x000000d8,0x0004003d,0x00000006,0x000000de,0x00000013,
	0x000500aa,0x00000071,0x000000e0,0x000000de,0x000000df,0x000300f7,0x000000e2,0x00000000,
	0x000400fa,0x000000e0,0x000000e1,0x000000e2,0x000200f8,0x000000e1,0x000200fe,0x000000e4,
	0x000200f8,0x000000e2,0x0004003d,0x00000006,0x000000e6,0x00000013,0x000500aa,0x00000071,
	0x000000e8,0x000000e6,0x000000e7,0x000300f7,0x000000ea,0x00000000,0x000400fa,0x000000e8,
	0x000000e9,0x000000ea,0x000200f8,0x000000e9,0x000200fe,0x000000ed,0x000200f8,0x000000ea,
	0x000200fe,0x000000f0,0x00010038,0x00050036,0x00000009,0x00000017,0x00000000,0x0000000a,
	0x00030037,0x00000007,0x00000016,0x000200f8,0x00000018,0x0004003d,0x00000006,0x000000f3,
	0x00000016,0x000500aa,0x00000071,0x000000f4,0x000000f3,0x000000d5,0x000300f7,0x000000f6,
	0x00000000,0x000400fa,0x000000f4,0x000000f5,0x000000f6,0x000200f8,0x000000f5,0x000200fe,
	0x000000f7,0x000200f8,0x000000f6,0x0004003d,0x00000006,0x000000f9,0x00000016,0x000500aa,
	0x00000071,0x000000fa,0x000000f9,0x000000df,0x000300f7,0x000000fc,0x00000000,0x000400fa,
	0x000000fa,0x000000fb,0x000000fc,0x000200f8,0x000000fb,0x000200fe,0x000000fe,0x000200f8,
	0x000000fc,0x0004003d,0x00000006,0x00000100,0x00000016,0x000500aa,0x00000071,0x00000101,
	0x00000100,0x000000e7,0x000300f7,0x00000103,0x00000000,0x000400fa,0x00000101,0x00000102,
	0x00000103,0x000200f8,0x00000102,0x000200fe,0x00000106,0x000200f8,0x00000103,0x0004003d,
	0x00000006,0x00000108,0x00000016,0x000500aa,0x00000071,0x0000010a,0x00000108,0x00000109,
	0x000300f7,0x0000010c,0x00000000,0x000400fa,0x0000010a,0x0000010b,0x0000010c,0x000200f8,
	0x0000010b,0x000200fe,0x0000010e,0x000200f8,0x0000010c,0x000200fe,0x00000111,0x00010038,
	0x00050036,0x0000001e,0x00000025,0x00000000,0x00000020,0x00030037,0x0000001b,0x00000021,
	0x00030037,0x00000007,0x00000022,0x00030037,0x0000001d,0x00000023,0x00030037,0x0000001f,
	0x00000024,0x000200f8,0x00000026,0x0004003b,0x00000115,0x00000116,0x00000007,0x0004003b,
	0x00000007,0x0000011a,0x00000007,0x0004003b,0x00000007,0x0000012d,0x00000007,0x0004003d,
	0x0000001c,0x00000117,0x00000023,0x0006000c,0x0000001c,0x00000118,0x00000001,0x00000008,
	0x00000117,0x0004006e,0x00000114,0x00000119,0x00000118,0x0003003e,0x00000116,0x00000119,
	0x00050041,0x00000007,0x0000011c,0x00000116,0x0000011b,0x0004003d,0x00000006,0x0000011d,
	0x0000011c,0x00050041,0x00000007,0x0000011e,0x00000116,0x0000009f,0x0004003d,0x00000006,
	0x0000011f,0x0000011e,0x00050084,0x00000006,0x00000121,0x0000011f,0x00000120,0x00050080,
	0x00000006,0x00000122,0x0000011d,0x00000121,0x0003003e,0x0000011a,0x00000122,0x0004003d,
	0x00000006,0x00000123,0x0000011a,0x000500b1,0x00000071,0x00000124,0x00000123,0x00000094,
	0x0004003d,0x00000006,0x00000125,0x0000011a,0x000500af,0x00000071,0x00000127,0x00000125,
	0x00000126,0x000500a6,0x00000071,0x00000128,0x00000124,0x00000127,0x000300f7,0x0000012a,
	0x00000000,0x000400fa,0x00000128,0x00000129,0x0000012a,0x000200f8,0x00000129,0x0004003d,
	0x0000001e,0x0000012b,0x00000024,0x000200fe,0x0000012b,0x000200f8,0x0000012a,0x0004003d,
	0x0000004f,0x0000012f,0x0000012e,0x0004003d,0x00000006,0x00000130,0x0000011a,0x0004003d,
	0x00000006,0x00000131,0x00000022,0x00050050,0x00000114,0x00000132,0x00000130,0x00000131,
	0x00040064,0x0000004e,0x00000133,0x0000012f,0x0007005f,0x0000001e,0x00000134,0x00000133,
	0x00000132,0x00000002,0x00000094,0x00050051,0x00000008,0x00000135,0x00000134,0x00000000,
	0x00050085,0x00000008,0x00000137,0x00000135,0x00000136,0x00050081,0x00000008,0x00000138,
	0x00000137,0x000000ef,0x0004006e,0x00000006,0x00000139,0x00000138,0x00050082,0x00000006,
	0x0000013a,0x00000139,0x000000d5,0x0003003e,0x0000012d,0x0000013a,0x0004003d,0x00000006,
	0x0000013b,0x0000012d,0x000500b1,0x00000071,0x0000013c,0x0000013b,0x00000094,0x000300f7,
	0x0000013e,0x00000000,0x000400fa,0x0000013c,0x0000013d,0x0000013e,0x000200f8,0x0000013d,
	0x0004003d,0x0000001e,0x0000013f,0x00000024,0x000200fe,0x0000013f,0x000200f8,0x0000013e,
	0x0004003d,0x0000001a,0x00000141,0x00000021,0x0004003d,0x0000001c,0x00000142,0x00000023,
	0x0006000c,0x0000001c,0x00000143,0x00000001,0x0000000a,0x00000142,0x0004003d,0x00000006,
	0x00000144,0x0000012d,0x0004006f,0x00000008,0x00000145,0x00000144,0x00050051,0x00000008,
	0x00000146,0x00000143,0x00000000,0x00050051,0x00000008,0x00000147,0x00000143,0x00000001,
	0x00060050,0x00000009,0x00000148,0x00000146,0x00000147,0x00000145,0x00050057,0x0000001e,
	0x00000149,0x00000141,0x00000148,0x000200fe,0x00000149,0x00010038,0x00050036,0x00000009,
	0x0000002b,0x00000000,0x00000028,0x00030037,0x0000000e,0x00000029,0x00030037,0x00000027,
	0x0000002a,0x000200f8,0x0000002c,0x0004003b,0x0000001f,0x0000014c,0x00000007,0x0004003b,
	0x00000072,0x00000168,0x00000007,0x0004003b,0x00000027,0x0000016d,0x00000007,0x0004003b,
	0x00000027,0x0000016f,0x00000007,0x0004003b,0x00000027,0x0000017a,0x00000007,0x0004003b,
	0x0000000e,0x00000180,0x00000007,0x0004003b,0x0000000e,0x00000186,0x00000007,0x00060041,
	0x00000157,0x00000158,0x00000156,0x00000109,0x0000011b,0x0004003d,0x00000006,0x00000159,
	0x00000158,0x0007000c,0x00000006,0x0000015a,0x00000001,0x0000002a,0x00000159,0x00000094,
	0x00070041,0x0000015c,0x0000015d,0x00000151,0x00000094,0x0000015a,0x0000015b,0x0004003d,
	0x0000001e,0x0000015e,0x0000015d,0x0003003e,0x0000014c,0x0000015e,0x00050041,0x00000027,
	0x00000160,0x0000014c,0x0000015f,0x0004003d,0x00000008,0x00000161,0x00000160,0x000500b8,
	0x00000071,0x00000162,0x00000161,0x000000b7,0x000300f7,0x00000164,0x00000000,0x000400fa,
	0x00000162,0x00000163,0x00000164,0x000200f8,0x00000163,0x0004003d,0x0000001e,0x00000165,
	0x0000014c,0x0008004f,0x00000009,0x00000166,0x00000165,0x00000165,0x00000000,0x00000001,
	0x00000002,0x000200fe,0x00000166,0x000200f8,0x00000164,0x00050041,0x00000027,0x00000169,
	0x0000014c,0x0000015f,0x0004003d,0x00000008,0x0000016a,0x00000169,0x000500ba,0x00000071,
	0x0000016c,0x0000016a,0x0000016b,0x0003003e,0x00000168,0x0000016c,0x0004003d,0x00000071,
	0x0000016e,0x00000168,0x000300f7,0x00000171,0x00000000,0x000400fa,0x0000016e,0x00000170,
	0x00000175,0x000200f8,0x00000170,0x00050041,0x00000027,0x00000172,0x0000014c,0x0000015f,
	0x0004003d,0x00000008,0x00000173,0x00000172,0x00050083,0x00000008,0x00000174,0x00000173,
	0x0000016b,0x0003003e,0x0000016f,0x00000174,0x000200f9,0x00000171,0x000200f8,0x00000175,
	0x00050041,0x00000027,0x00000176,0x0000014c,0x0000015f,0x0004003d,0x00000008,0x00000177,
	0x00000176,0x0003003e,0x0000016f,0x00000177,0x000200f9,0x00000171,0x000200f8,0x00000171,
	0x0004003d,0x00000008,0x00000178,0x0000016f,0x0007000c,0x00000008,0x00000179,0x00000001,
	0x00000028,0x000000b8,0x00000178,0x0003003e,0x0000016d,0x00000179,0x0004003d,0x00000008,
	0x0000017b,0x0000016d,0x00050083,0x00000008,0x0000017c,0x0000017b,0x000000b8,0x0004003d,
	0x00000008,0x0000017d,0x0000016d,0x00050081,0x00000008,0x0000017e,0x0000017d,0x000000b8,
	0x00050088,0x00000008,0x0000017f,0x0000017c,0x0000017e,0x0003003e,0x0000017a,0x0000017f,
	0x0004003d,0x00000008,0x00000181,0x0000017a,0x0004003d,0x00000008,0x00000182,0x0000017a,
	0x00050085,0x00000008,0x00000183,0x00000181,0x00000182,0x00060050,0x00000009,0x00000184,
	0x00000183,0x00000183,0x00000183,0x0004003d,0x00000071,0x00000185,0x00000168,0x000300f7,
	0x00000188,0x00000000,0x000400fa,0x00000185,0x00000187,0x0000018b,0x000200f8,0x00000187,
	0x0004003d,0x0000001e,0x00000189,0x0000014c,0x0008004f,0x00000009,0x0000018a,0x00000189,
	0x00000189,0x00000000,0x00000001,0x00000002,0x0003003e,0x00000186,0x0000018a,0x000200f9,
	0x00000188,0x000200f8,0x0000018b,0x0003003e,0x00000186,0x0000018c,0x000200f9,0x00000188,
	0x000200f8,0x00000188,0x0004003d,0x00000009,0x0000018d,0x00000186,0x00050085,0x00000009,
	0x0000018e,0x00000184,0x0000018d,0x0003003e,0x00000180,0x0000018e,0x0004003d,0x00000009,
	0x0000018f,0x00000180,0x0004003d,0x00000009,0x00000190,0x00000029,0x0004003d,0x00000008,
	0x00000191,0x0000002a,0x0008000c,0x00000008,0x00000192,0x00000001,0x0000002b,0x00000191,
	0x000000b7,0x000000b8,0x00060050,0x00000009,0x00000193,0x00000192,0x00000192,0x00000192,
	0x0008000c,0x00000009,0x00000194,0x00000001,0x0000002e,0x0000018f,0x00000190,0x00000193,
	0x000200fe,0x00000194,0x00010038,0x00050036,0x00000008,0x00000030,0x00000000,0x0000002d,
	0x00030037,0x00000027,0x0000002e,0x00030037,0x00000027,0x0000002f,0x000200f8,0x00000031,
	0x0004003b,0x00000027,0x00000197,0x00000007,0x0004003b,0x00000027,0x0000019d,0x00000007,
	0x0004003b,0x00000027,0x000001a1,0x00000007,0x0004003d,0x00000008,0x00000198,0x0000002f,
	0x0004003d,0x00000008,0x00000199,0x0000002f,0x00050085,0x00000008,0x0000019a,0x00000198,
	0x00000199,0x0007000c,0x00000008,0x0000019c,0x00000001,0x00000028,0x0000019a,0x0000019b,
	0x0003003e,0x00000197,0x0000019c,0x0004003d,0x00000008,0x0000019e,0x00000197,0x0004003d,
	0x00000008,0x0000019f,0x00000197,0x00050085,0x00000008,0x000001a0,0x0000019e,0x0000019f,
	0x0003003e,0x0000019d,0x000001a0,0x0004003d,0x00000008,0x000001a2,0x0000002e,0x0004003d,
	0x00000008,0x000001a3,0x0000002e,0x00050085,0x00000008,0x000001a4,0x000001a2,0x000001a3,
	0x0004003d,0x00000008,0x000001a5,0x0000019d,0x00050083,0x00000008,0x000001a6,0x000001a5,
	0x000000b8,0x00050085,0x00000008,0x000001a7,0x000001a4,0x000001a6,0x00050081,0x00000008,
	0x000001a8,0x000001a7,0x000000b8,0x0003003e,0x000001a1,0x000001a8,0x0004003d,0x00000008,
	0x000001a9,0x0000019d,0x0004003d,0x00000008,0x000001ab,0x000001a1,0x00050085,0x00000008,
	0x000001ac,0x000001aa,0x000001ab,0x0004003d,0x00000008,0x000001ad,0x000001a1,0x00050085,
	0x00000008,0x000001ae,0x000001ac,0x000001ad,0x0007000c,0x00000008,0x000001b0,0x00000001,
	0x00000028,0x000001ae,0x000001af,0x00050088,0x00000008,0x000001b1,0x000001a9,0x000001b0,
	0x000200fe,0x000001b1,0x00010038,0x00050036,0x00000008,0x00000034,0x00000000,0x0000002d,
	0x00030037,0x00000027,0x00000032,0x00030037,0x00000027,0x00000033,0x000200f8,0x00000035,
	0x0004003b,0x00000027,0x000001b4,0x00000007,0x0004003b,0x00000027,0x000001b7,0x00000007,
	0x0004003d,0x00000008,0x000001b5,0x00000033,0x00050081,0x00000008,0x000001b6,0x000001b5,
	0x000000b8,0x0003003e,0x000001b4,0x000001b6,0x0004003d,0x00000008,0x000001b8,0x000001b4,
	0x0004003d,0x00000008,0x000001b9,0x000001b4,0x00050085,0x00000008,0x000001ba,0x000001b8,
	0x000001b9,0x00050085,0x00000008,0x000001bc,0x000001ba,0x000001bb,0x0003003e,0x000001b7,
	0x000001bc,0x0004003d,0x00000008,0x000001bd,0x00000032,0x0004003d,0x00000008,0x000001be,
	0x00000032,0x0004003d,0x00000008,0x000001bf,0x000001b7,0x00050083,0x00000008,0x000001c0,
	0x000000b8,0x000001bf,0x00050085,0x00000008,0x000001c1,0x000001be,0x000001c0,0x0004003d,
	0x00000008,0x000001c2,0x000001b7,0x00050081,0x00000008,0x000001c3,0x000001c1,0x000001c2,
	0x0007000c,0x00000008,0x000001c4,0x00000001,0x00000028,0x000001c3,0x000001af,0x00050088,
	0x00000008,0x000001c5,0x000001bd,0x000001c4,0x000200fe,0x000001c5,0x00010038,0x00050036,
	0x00000009,0x00000039,0x00000000,0x00000036,0x00030037,0x00000027,0x00000037,0x00030037,
	0x0000000e,0x00000038,0x000200f8,0x0000003a,0x0004003b,0x00000027,0x000001c8,0x00000007,
	0x0004003d,0x00000008,0x000001c9,0x00000037,0x0008000c,0x00000008,0x000001ca,0x00000001,
	0x0000002b,0x000001c9,0x000000b7,0x000000b8,0x00050083,0x00000008,0x000001cb,0x000000b8,
	0x000001ca,0x0007000c,0x00000008,0x000001cd,0x00000001,0x0000001a,0x000001cb,0x000001cc,
	0x0003003e,0x000001c8,0x000001cd,0x0004003d,0x00000009,0x000001ce,0x00000038,0x0004003d,
	0x00000009,0x000001cf,0x00000038,0x00050083,0x00000009,0x000001d0,0x0000018c,0x000001cf,
	0x0004003d,0x00000008,0x000001d1,0x000001c8,0x0005008e,0x00000009,0x000001d2,0x000001d0,
	0x000001d1,0x00050081,0x00000009,0x000001d3,0x000001ce,0x000001d2,0x000200fe,0x000001d3,
	0x00010038,0x00050036,0x0000003b,0x0000003d,0x00000000,0x0000003c,0x000200f8,0x0000003e,
	0x0004003b,0x000001dc,0x000001dd,0x00000007,0x00060041,0x00000157,0x000001d6,0x00000156,
	0x00000109,0x0000011b,0x0004003d,0x00000006,0x000001d7,0x000001d6,0x0007000c,0x00000006,
	0x000001d8,0x00000001,0x0000002a,0x000001d7,0x00000094,0x00060041,0x000001d9,0x000001da,
	0x00000151,0x00000094,0x000001d8,0x0004003d,0x0000014d,0x000001db,0x000001da,0x00050051,
	0x0000001e,0x000001de,0x000001db,0x00000000,0x00050041,0x0000001f,0x000001df,0x000001dd,
	0x00000094,0x0003003e,0x000001df,0x000001de,0x00050051,0x0000001e,0x000001e0,0x000001db,
	0x00000001,0x00050041,0x0000001f,0x000001e1,0x000001dd,0x000000d5,0x0003003e,0x000001e1,
	0x000001e0,0x00050051,0x0000001e,0x000001e2,0x000001db,0x00000002,0x00050041,0x0000001f,
	0x000001e3,0x000001dd,0x000000df,0x0003003e,0x000001e3,0x000001e2,0x00050051,0x0000001e,
	0x000001e4,0x000001db,0x00000003,0x00050041,0x0000001f,0x000001e5,0x000001dd,0x000000e7,
	0x0003003e,0x000001e5,0x000001e4,0x00050051,0x0000001e,0x000001e6,0x000001db,0x00000004,
	0x00050041,0x0000001f,0x000001e7,0x000001dd,0x00000109,0x0003003e,0x000001e7,0x000001e6,
	0x00050051,0x0000001e,0x000001e8,0x000001db,0x00000005,0x00050041,0x0000001f,0x000001ea,
	0x000001dd,0x000001e9,0x0003003e,0x000001ea,0x000001e8,0x00050051,0x0000001e,0x000001eb,
	0x000001db,0x00000006,0x00050041,0x0000001f,0x000001ed,0x000001dd,0x000001ec,0x0003003e,
	0x000001ed,0x000001eb,0x00050051,0x0000001e,0x000001ee,0x000001db,0x00000007,0x00050041,
	0x0000001f,0x000001f0,0x000001dd,0x000001ef,0x0003003e,0x000001f0,0x000001ee,0x00050051,
	0x0000001e,0x000001f1,0x000001db,0x00000008,0x00050041,0x0000001f,0x000001f2,0x000001dd,
	0x000000a8,0x0003003e,0x000001f2,0x000001f1,0x00050051,0x0000001e,0x000001f3,0x000001db,
	0x00000009,0x00050041,0x0000001f,0x000001f5,0x000001dd,0x000001f4,0x0003003e,0x000001f5,
	0x000001f3,0x00050051,0x0000001e,0x000001f6,0x000001db,0x0000000a,0x00050041,0x0000001f,
	0x000001f7,0x000001dd,0x00000120,0x0003003e,0x000001f7,0x000001f6,0x00050051,0x0000001e,
	0x000001f8,0x000001db,0x0000000b,0x00050041,0x0000001f,0x000001fa,0x000001dd,0x000001f9,
	0x0003003e,0x000001fa,0x000001f8,0x00050051,0x0000001e,0x000001fb,0x000001db,0x0000000c,
	0x00050041,0x0000001f,0x000001fd,0x000001dd,0x000001fc,0x0003003e,0x000001fd,0x000001fb,
	0x00050051,0x0000001e,0x000001fe,0x000001db,0x0000000d,0x00050041,0x0000001f,0x00000200,
	0x000001dd,0x000001ff,0x0003003e,0x00000200,0x000001fe,0x00050051,0x0000001e,0x00000201,
	0x000001db,0x0000000e,0x00050041,0x0000001f,0x00000203,0x000001dd,0x00000202,0x0003003e,
	0x00000203,0x00000201,0x00050051,0x0000001e,0x00000204,0x000001db,0x0000000f,0x00050041,
	0x0000001f,0x00000206,0x000001dd,0x00000205,0x0003003e,0x00000206,0x00000204,0x00050051,
	0x0000001e,0x00000207,0x000001db,0x00000010,0x00050041,0x0000001f,0x00000208,0x000001dd,
	0x000000ad,0x0003003e,0x00000208,0x00000207,0x00050051,0x0000001e,0x00000209,0x000001db,
	0x00000011,0x00050041,0x0000001f,0x0000020b,0x000001dd,0x0000020a,0x0003003e,0x0000020b,
	0x00000209,0x00050051,0x0000001e,0x0000020c,0x000001db,0x00000012,0x00050041,0x0000001f,
	0x0000020e,0x000001dd,0x0000020d,0x0003003e,0x0000020e,0x0000020c,0x00050051,0x0000001e,
	0x0000020f,0x000001db,0x00000013,0x00050041,0x0000001f,0x00000210,0x000001dd,0x0000015b,
	0x0003003e,0x00000210,0x0000020f,0x00050051,0x0000001e,0x00000211,0x000001db,0x00000014,
	0x00050041,0x0000001f,0x00000213,0x000001dd,0x00000212,0x0003003e,0x00000213,0x00000211,
	0x00050051,0x0000001e,0x00000214,0x000001db,0x00000015,0x00050041,0x0000001f,0x00000216,
	0x000001dd,0x00000215,0x0003003e,0x00000216,0x00000214,0x00050051,0x0000001e,0x00000217,
	0x000001db,0x00000016,0x00050041,0x0000001f,0x00000219,0x000001dd,0x00000218,0x0003003e,
	0x00000219,0x00000217,0x00050051,0x0000001e,0x0000021a,0x000001db,0x00000017,0x00050041,
	0x0000001f,0x0000021c,0x000001dd,0x0000021b,0x0003003e,0x0000021c,0x0000021a,0x00050051,
	0x0000001e,0x0000021d,0x000001db,0x00000018,0x00050041,0x0000001f,0x0000021f,0x000001dd,
	0x0000021e,0x0003003e,0x0000021f,0x0000021d,0x00050051,0x0000001e,0x00000220,0x000001db,
	0x00000019,0x00050041,0x0000001f,0x00000222,0x000001dd,0x00000221,0x0003003e,0x00000222,
	0x00000220,0x00050051,0x0000001e,0x00000223,0x000001db,0x0000001a,0x00050041,0x0000001f,
	0x00000225,0x000001dd,0x00000224,0x0003003e,0x00000225,0x00000223,0x00050051,0x0000001e,
	0x00000226,0x000001db,0x0000001b,0x00050041,0x0000001f,0x00000228,0x000001dd,0x00000227,
	0x0003003e,0x00000228,0x00000226,0x00050051,0x0000001e,0x00000229,0x000001db,0x0000001c,
	0x00050041,0x0000001f,0x0000022b,0x000001dd,0x0000022a,0x0003003e,0x0000022b,0x00000229,
	0x00050051,0x0000001e,0x0000022c,0x000001db,0x0000001d,0x00050041,0x0000001f,0x0000022e,
	0x000001dd,0x0000022d,0x0003003e,0x0000022e,0x0000022c,0x00050051,0x0000001e,0x0000022f,
	0x000001db,0x0000001e,0x00050041,0x0000001f,0x00000231,0x000001dd,0x00000230,0x0003003e,
	0x00000231,0x0000022f,0x00050051,0x0000001e,0x00000232,0x000001db,0x0000001f,0x00050041,
	0x0000001f,0x00000234,0x000001dd,0x00000233,0x0003003e,0x00000234,0x00000232,0x00050051,
	0x0000001e,0x00000235,0x000001db,0x00000020,0x00050041,0x0000001f,0x00000237,0x000001dd,
	0x00000236,0x0003003e,0x00000237,0x00000235,0x00050051,0x0000001e,0x00000238,0x000001db,
	0x00000021,0x00050041,0x0000001f,0x0000023a,0x000001dd,0x00000239,0x0003003e,0x0000023a,
	0x00000238,0x00050051,0x0000001e,0x0000023b,0x000001db,0x00000022,0x00050041,0x0000001f,
	0x0000023d,0x000001dd,0x0000023c,0x0003003e,0x0000023d,0x0000023b,0x00050051,0x0000001e,
	0x0000023e,0x000001db,0x00000023,0x00050041,0x0000001f,0x00000240,0x000001dd,0x0000023f,
	0x0003003e,0x00000240,0x0000023e,0x00050051,0x0000001e,0x00000241,0x000001db,0x00000024,
	0x00050041,0x0000001f,0x00000243,0x000001dd,0x00000242,0x0003003e,0x00000243,0x00000241,
	0x00050051,0x0000001e,0x00000244,0x000001db,0x00000025,0x00050041,0x0000001f,0x00000246,
	0x000001dd,0x00000245,0x0003003e,0x00000246,0x00000244,0x00050051,0x0000001e,0x00000247,
	0x000001db,0x00000026,0x00050041,0x0000001f,0x00000249,0x000001dd,0x00000248,0x0003003e,
	0x00000249,0x00000247,0x00050051,0x0000001e,0x0000024a,0x000001db,0x00000027,0x00050041,
	0x0000001f,0x0000024c,0x000001dd,0x0000024b,0x0003003e,0x0000024c,0x0000024a,0x00050051,
	0x0000001e,0x0000024d,0x000001db,0x00000028,0x00050041,0x0000001f,0x0000024f,0x000001dd,
	0x0000024e,0x0003003e,0x0000024f,0x0000024d,0x00050051,0x0000001e,0x00000250,0x000001db,
	0x00000029,0x00050041,0x0000001f,0x00000252,0x000001dd,0x00000251,0x0003003e,0x00000252,
	0x00000250,0x00050051,0x0000001e,0x00000253,0x000001db,0x0000002a,0x00050041,0x0000001f,
	0x00000255,0x000001dd,0x00000254,0x0003003e,0x00000255,0x00000253,0x00050051,0x0000001e,
	0x00000256,0x000001db,0x0000002b,0x00050041,0x0000001f,0x00000258,0x000001dd,0x00000257,
	0x0003003e,0x00000258,0x00000256,0x00050051,0x0000001e,0x00000259,0x000001db,0x0000002c,
	0x00050041,0x0000001f,0x0000025b,0x000001dd,0x0000025a,0x0003003e,0x0000025b,0x00000259,
	0x00050051,0x0000001e,0x0000025c,0x000001db,0x0000002d,0x00050041,0x0000001f,0x0000025e,
	0x000001dd,0x0000025d,0x0003003e,0x0000025e,0x0000025c,0x00050051,0x0000001e,0x0000025f,
	0x000001db,0x0000002e,0x00050041,0x0000001f,0x00000261,0x000001dd,0x00000260,0x0003003e,
	0x00000261,0x0000025f,0x00050051,0x0000001e,0x00000262,0x000001db,0x0000002f,0x00050041,
	0x0000001f,0x00000264,0x000001dd,0x00000263,0x0003003e,0x00000264,0x00000262,0x00050051,
	0x0000001e,0x00000265,0x000001db,0x00000030,0x00050041,0x0000001f,0x00000267,0x000001dd,
	0x00000266,0x0003003e,0x00000267,0x00000265,0x00050051,0x0000001e,0x00000268,0x000001db,
	0x00000031,0x00050041,0x0000001f,0x0000026a,0x000001dd,0x00000269,0x0003003e,0x0000026a,
	0x00000268,0x00050051,0x0000001e,0x0000026b,0x000001db,0x00000032,0x00050041,0x0000001f,
	0x0000026d,0x000001dd,0x0000026c,0x0003003e,0x0000026d,0x0000026b,0x00050051,0x0000001e,
	0x0000026e,0x000001db,0x00000033,0x00050041,0x0000001f,0x00000270,0x000001dd,0x0000026f,
	0x0003003e,0x00000270,0x0000026e,0x00050051,0x0000001e,0x00000271,0x000001db,0x00000034,
	0x00050041,0x0000001f,0x00000273,0x000001dd,0x00000272,0x0003003e,0x00000273,0x00000271,
	0x00050051,0x0000001e,0x00000274,0x000001db,0x00000035,0x00050041,0x0000001f,0x00000276,
	0x000001dd,0x00000275,0x0003003e,0x00000276,0x00000274,0x00050051,0x0000001e,0x00000277,
	0x000001db,0x00000036,0x00050041,0x0000001f,0x00000279,0x000001dd,0x00000278,0x0003003e,
	0x00000279,0x00000277,0x00050051,0x0000001e,0x0000027a,0x000001db,0x00000037,0x00050041,
	0x0000001f,0x0000027c,0x000001dd,0x0000027b,0x0003003e,0x0000027c,0x0000027a,0x00050051,
	0x0000001e,0x0000027d,0x000001db,0x00000038,0x00050041,0x0000001f,0x0000027f,0x000001dd,
	0x0000027e,0x0003003e,0x0000027f,0x0000027d,0x00050051,0x0000001e,0x00000280,0x000001db,
	0x00000039,0x00050041,0x0000001f,0x00000282,0x000001dd,0x00000281,0x0003003e,0x00000282,
	0x00000280,0x00050051,0x0000001e,0x00000283,0x000001db,0x0000003a,0x00050041,0x0000001f,
	0x00000285,0x000001dd,0x00000284,0x0003003e,0x00000285,0x00000283,0x00050051,0x0000001e,
	0x00000286,0x000001db,0x0000003b,0x00050041,0x0000001f,0x00000288,0x000001dd,0x00000287,
	0x0003003e,0x00000288,0x00000286,0x00050051,0x0000001e,0x00000289,0x000001db,0x0000003c,
	0x00050041,0x0000001f,0x0000028b,0x000001dd,0x0000028a,0x0003003e,0x0000028b,0x00000289,
	0x00050051,0x0000001e,0x0000028c,0x000001db,0x0000003d,0x00050041,0x0000001f,0x0000028e,
	0x000001dd,0x0000028d,0x0003003e,0x0000028e,0x0000028c,0x00050051,0x0000001e,0x0000028f,
	0x000001db,0x0000003e,0x00050041,0x0000001f,0x00000291,0x000001dd,0x00000290,0x0003003e,
	0x00000291,0x0000028f,0x0004003d,0x0000003b,0x00000292,0x000001dd,0x000200fe,0x00000292,
	0x00010038,0x00050036,0x0000001c,0x00000043,0x00000000,0x0000003f,0x00030037,0x0000001d,
	0x00000040,0x00030037,0x0000001f,0x00000041,0x00030037,0x0000001f,0x00000042,0x000200f8,
	0x00000044,0x0004003d,0x0000001c,0x00000295,0x00000040,0x00050051,0x00000008,0x00000296,
	0x00000295,0x00000000,0x00050051,0x00000008,0x00000297,0x00000295,0x00000001,0x00060050,
	0x00000009,0x00000298,0x00000296,0x00000297,0x000000b8,0x0004003d,0x0000001e,0x00000299,
	0x00000041,0x0008004f,0x00000009,0x0000029a,0x00000299,0x00000299,0x00000000,0x00000001,
	0x00000002,0x00050094,0x00000008,0x0000029b,0x00000298,0x0000029a,0x0004003d,0x0000001c,
	0x0000029c,0x00000040,0x00050051,0x00000008,0x0000029d,0x0000029c,0x00000000,0x00050051,
	0x00000008,0x0000029e,0x0000029c,0x00000001,0x00060050,0x00000009,0x0000029f,0x0000029d,
	0x0000029e,0x000000b8,0x0004003d,0x0000001e,0x000002a0,0x00000042,0x0008004f,0x00000009,
	0x000002a1,0x000002a0,0x000002a0,0x00000000,0x00000001,0x00000002,0x00050094,0x00000008,
	0x000002a2,0x0000029f,0x000002a1,0x00050050,0x0000001c,0x000002a3,0x0000029b,0x000002a2,
	0x000200fe,0x000002a3,0x00010038,0x00050036,0x00000008,0x00000048,0x00000000,0x00000045,
	0x00030037,0x0000001f,0x00000046,0x00030037,0x00000027,0x00000047,0x000200f8,0x00000049,
	0x0004003b,0x00000007,0x000002a6,0x00000007,0x0004003d,0x00000008,0x000002a7,0x00000047,
	0x00050081,0x00000008,0x000002a8,0x000002a7,0x000000ef,0x0004006e,0x00000006,0x000002a9,
	0x000002a8,0x0003003e,0x000002a6,0x000002a9,0x0004003d,0x00000006,0x000002aa,0x000002a6,
	0x000500aa,0x00000071,0x000002ab,0x000002aa,0x000000d5,0x000300f7,0x000002ad,0x00000000,
	0x000400fa,0x000002ab,0x000002ac,0x000002ad,0x000200f8,0x000002ac,0x00050041,0x00000027,
	0x000002ae,0x00000046,0x0000009f,0x0004003d,0x00000008,0x000002af,0x000002ae,0x000200fe,
	0x000002af,0x000200f8,0x000002ad,0x0004003d,0x00000006,0x000002b1,0x000002a6,0x000500aa,
	0x00000071,0x000002b2,0x000002b1,0x000000df,0x000300f7,0x000002b4,0x00000000,0x000400fa,
	0x000002b2,0x000002b3,0x000002b4,0x000200f8,0x000002b3,0x00050041,0x00000027,0x000002b6,
	0x00000046,0x000002b5,0x0004003d,0x00000008,0x000002b7,0x000002b6,0x000200fe,0x000002b7,
	0x000200f8,0x000002b4,0x0004003d,0x00000006,0x000002b9,0x000002a6,0x000500aa,0x00000071,
	0x000002ba,0x000002b9,0x000000e7,0x000300f7,0x000002bc,0x00000000,0x000400fa,0x000002ba,
	0x000002bb,0x000002bc,0x000200f8,0x000002bb,0x00050041,0x00000027,0x000002bd,0x00000046,
	0x0000015f,0x0004003d,0x00000008,0x000002be,0x000002bd,0x000200fe,0x000002be,0x000200f8,
	0x000002bc,0x00050041,0x00000027,0x000002c0,0x00000046,0x0000011b,0x0004003d,0x00000008,
	0x000002c1,0x000002c0,0x000200fe,0x000002c1,0x00010038,0x00050036,0x0000004a,0x0000004c,
	0x00000000,0x0000004b,0x000200f8,0x0000004d,0x0004003b,0x0000009b,0x000002cc,0x00000007,
	0x00060041,0x00000157,0x000002c4,0x00000156,0x00000109,0x0000009f,0x0004003d,0x00000006,
	0x000002c5,0x000002c4,0x000500c7,0x00000006,0x000002c7,0x000002c5,0x000002c6,0x000500aa,
	0x00000071,0x000002c8,0x000002c7,0x00000094,0x000300f7,0x000002ca,0x00000000,0x000400fa,
	0x000002c8,0x000002c9,0x000002ca,0x000200f8,0x000002c9,0x000200fe,0x0000011b,0x000200f8,
	0x000002ca,0x00060041,0x00000157,0x000002cd,0x00000156,0x00000109,0x0000009f,0x0004003d,
	0x00000006,0x000002ce,0x000002cd,0x000500c3,0x00000006,0x000002cf,0x000002ce,0x000000a8,
	0x000500c7,0x00000006,0x000002d1,0x000002cf,0x000002d0,0x0004007c,0x0000004a,0x000002d2,
	0x000002d1,0x0003003e,0x000002cc,0x000002d2,0x0004003d,0x0000004a,0x000002d7,0x000002cc,
	0x0004003d,0x00000006,0x000002da,0x000002d9,0x0004007c,0x0000004a,0x000002db,0x000002da,
	0x00050080,0x0000004a,0x000002dc,0x000002d7,0x000002db,0x00060041,0x000002dd,0x000002de,
	0x000002d6,0x00000094,0x000002dc,0x0004003d,0x0000004a,0x000002df,0x000002de,0x000200fe,
	0x000002df,0x00010038,0x00050036,0x0000001c,0x00000055,0x00000000,0x00000051,0x00030037,
	0x00000050,0x00000052,0x00030037,0x0000001d,0x00000053,0x00030037,0x0000001f,0x00000054,
	0x000200f8,0x00000056,0x0004003b,0x0000009b,0x000002f1,0x00000007,0x0004003b,0x00000115,
	0x000002fc,0x00000007,0x0004003b,0x00000007,0x00000300,0x00000007,0x0004003b,0x00000007,
	0x00000309,0x00000007,0x0004003b,0x00000007,0x00000311,0x00000007,0x0004003b,0x00000027,
	0x00000316,0x00000007,0x0004003b,0x00000027,0x00000324,0x00000007,0x0004003b,0x00000336,
	0x00000337,0x00000007,0x0004003b,0x0000001d,0x00000355,0x00000007,0x00050041,0x00000027,
	0x000002e2,0x00000054,0x000002b5,0x0004003d,0x00000008,0x000002e3,0x000002e2,0x000500bc,
	0x00000071,0x000002e4,0x000002e3,0x000000ef,0x000400a8,0x00000071,0x000002e5,0x000002e4,
	0x000300f7,0x000002e7,0x00000000,0x000400fa,0x000002e5,0x000002e6,0x000002e7,0x000200f8,
	0x000002e6,0x00060041,0x00000157,0x000002e8,0x00000156,0x00000109,0x0000009f,0x0004003d,
	0x00000006,0x000002e9,0x000002e8,0x000500c7,0x00000006,0x000002ea,0x000002e9,0x000002c6,
	0x000500aa,0x00000071,0x000002eb,0x000002ea,0x00000094,0x000200f9,0x000002e7,0x000200f8,
	0x000002e7,0x000700f5,0x00000071,0x000002ec,0x000002e4,0x00000056,0x000002eb,0x000002e6,
	0x000300f7,0x000002ee,0x00000000,0x000400fa,0x000002ec,0x000002ed,0x000002ee,0x000200f8,
	0x000002ed,0x0004003d,0x0000001c,0x000002ef,0x00000053,0x000200fe,0x000002ef,0x000200f8,
	0x000002ee,0x00040039,0x0000004a,0x000002f2,0x0000004c,0x0003003e,0x000002f1,0x000002f2,
	0x0004003d,0x0000004a,0x000002f3,0x000002f1,0x00050041,0x00000027,0x000002f4,0x00000054,
	0x0000009f,0x0004003d,0x00000008,0x000002f5,0x000002f4,0x0004006d,0x0000004a,0x000002f6,
	0x000002f5,0x000500ae,0x00000071,0x000002f7,0x000002f3,0x000002f6,0x000300f7,0x000002f9,
	0x00000000,0x000400fa,0x000002f7,0x000002f8,0x000002f9,0x000200f8,0x000002f8,0x0004003d,
	0x0000001c,0x000002fa,0x00000053,0x000200fe,0x000002fa,0x000200f8,0x000002f9,0x0004003d,
	0x0000004f,0x000002fd,0x00000052,0x00040064,0x0000004e,0x000002fe,0x000002fd,0x00050067,
	0x00000114,0x000002ff,0x000002fe,0x00000094,0x0003003e,0x000002fc,0x000002ff,0x00050041,
	0x00000027,0x00000301,0x00000054,0x0000011b,0x0004003d,0x00000008,0x00000302,0x00000301,
	0x00050081,0x00000008,0x00000303,0x00000302,0x000000ef,0x0004006e,0x00000006,0x00000304,
	0x00000303,0x0004003d,0x0000004a,0x00000305,0x000002f1,0x0004007c,0x00000006,0x00000306,
	0x00000305,0x00050084,0x00000006,0x00000307,0x00000306,0x000000a8,0x00050080,0x00000006,
	0x00000308,0x00000304,0x00000307,0x0003003e,0x00000300,0x00000308,0x0003003e,0x00000309,
	0x00000094,0x000200f9,0x0000030a,0x000200f8,0x0000030a,0x000400f6,0x0000030c,0x0000030d,
	0x00000000,0x000200f9,0x0000030e,0x000200f8,0x0000030e,0x0004003d,0x00000006,0x0000030f,
	0x00000309,0x000500b1,0x00000071,0x00000310,0x0000030f,0x00000109,0x000400fa,0x00000310,
	0x0000030b,0x0000030c,0x000200f8,0x0000030b,0x0004003d,0x00000006,0x00000312,0x00000300,
	0x0004003d,0x00000006,0x00000313,0x00000309,0x00050084,0x00000006,0x00000314,0x00000313,
	0x000000df,0x00050080,0x00000006,0x00000315,0x00000312,0x00000314,0x0003003e,0x00000311,
	0x00000315,0x0004003d,0x0000004f,0x00000317,0x00000052,0x0004003d,0x00000006,0x00000318,
	0x00000311,0x00050041,0x00000007,0x00000319,0x000002fc,0x0000011b,0x0004003d,0x00000006,
	0x0000031a,0x00000319,0x0005008b,0x00000006,0x0000031b,0x00000318,0x0000031a,0x0004003d,
	0x00000006,0x0000031c,0x00000311,0x00050041,0x00000007,0x0000031d,0x000002fc,0x0000011b,
	0x0004003d,0x00000006,0x0000031e,0x0000031d,0x00050087,0x00000006,0x0000031f,0x0000031c,
	0x0000031e,0x00050050,0x00000114,0x00000320,0x0000031b,0x0000031f,0x00040064,0x0000004e,
	0x00000321,0x00000317,0x0007005f,0x0000001e,0x00000322,0x00000321,0x00000320,0x00000002,
	0x00000094,0x00050051,0x00000008,0x00000323,0x00000322,0x00000003,0x0003003e,0x00000316,
	0x00000323,0x0004003d,0x0000004f,0x00000325,0x00000052,0x0004003d,0x00000006,0x00000326,
	0x00000311,0x00050080,0x00000006,0x00000327,0x00000326,0x000000d5,0x00050041,0x00000007,
	0x00000328,0x000002fc,0x0000011b,0x0004003d,0x00000006,0x00000329,0x00000328,0x0005008b,
	0x00000006,0x0000032a,0x00000327,0x00000329,0x0004003d,0x00000006,0x0000032b,0x00000311,
	0x00050080,0x00000006,0x0000032c,0x0000032b,0x000000d5,0x00050041,0x00000007,0x0000032d,
	0x000002fc,0x0000011b,0x0004003d,0x00000006,0x0000032e,0x0000032d,0x00050087,0x00000006,
	0x0000032f,0x0000032c,0x0000032e,0x00050050,0x00000114,0x00000330,0x0000032a,0x0000032f,
	0x00040064,0x0000004e,0x00000331,0x00000325,0x0007005f,0x0000001e,0x00000332,0x00000331,
	0x00000330,0x00000002,0x00000094,0x00050051,0x00000008,0x00000333,0x00000332,0x00000003,
	0x0003003e,0x00000324,0x00000333,0x0004003d,0x00000006,0x00000338,0x00000309,0x0004003d,
	0x00000008,0x00000339,0x00000316,0x00050085,0x00000008,0x0000033a,0x00000339,0x00000136,
	0x00050081,0x00000008,0x0000033b,0x0000033a,0x000000ef,0x0004006d,0x0000004a,0x0000033c,
	0x0000033b,0x0004003d,0x00000008,0x0000033d,0x00000324,0x00050085,0x00000008,0x0000033e,
	0x0000033d,0x00000136,0x00050081,0x00000008,0x0000033f,0x0000033e,0x000000ef,0x0004006d,
	0x0000004a,0x00000340,0x0000033f,0x000500c4,0x0000004a,0x00000342,0x00000340,0x00000341,
	0x000500c5,0x0000004a,0x00000343,0x0000033c,0x00000342,0x00050041,0x0000009b,0x00000344,
	0x00000337,0x00000338,0x0003003e,0x00000344,0x00000343,0x000200f9,0x0000030d,0x000200f8,
	0x0000030d,0x0004003d,0x00000006,0x00000345,0x00000309,0x00050080,0x00000006,0x00000346,
	0x00000345,0x000000d5,0x0003003e,0x00000309,0x00000346,0x000200f9,0x0000030a,0x000200f8,
	0x0000030c,0x00050041,0x0000009b,0x00000347,0x00000337,0x000000df,0x0004003d,0x0000004a,
	0x00000348,0x00000347,0x000500aa,0x00000071,0x00000349,0x00000348,0x0000011b,0x000400a8,
	0x00000071,0x0000034a,0x00000349,0x000300f7,0x0000034c,0x00000000,0x000400fa,0x0000034a,
	0x0000034b,0x0000034c,0x000200f8,0x0000034b,0x00050041,0x0000009b,0x0000034d,0x00000337,
	0x000000e7,0x0004003d,0x0000004a,0x0000034e,0x0000034d,0x000500aa,0x00000071,0x0000034f,
	0x0000034e,0x0000011b,0x000200f9,0x0000034c,0x000200f8,0x0000034c,0x000700f5,0x00000071,
	0x00000350,0x00000349,0x0000030c,0x0000034f,0x0000034b,0x000300f7,0x00000352,0x00000000,
	0x000400fa,0x00000350,0x00000351,0x00000352,0x000200f8,0x00000351,0x0004003d,0x0000001c,
	0x00000353,0x00000053,0x000200fe,0x00000353,0x000200f8,0x00000352,0x00050041,0x0000009b,
	0x00000356,0x00000337,0x00000094,0x0004003d,0x0000004a,0x00000357,0x00000356,0x00040070,
	0x00000008,0x00000358,0x00000357,0x00050041,0x0000009b,0x00000359,0x00000337,0x000000d5,
	0x0004003d,0x0000004a,0x0000035a,0x00000359,0x00040070,0x00000008,0x0000035b,0x0000035a,
	0x00050050,0x0000001c,0x0000035c,0x00000358,0x0000035b,0x00050041,0x00000027,0x0000035d,
	0x00000053,0x0000011b,0x0004003d,0x00000008,0x0000035e,0x0000035d,0x0008000c,0x00000008,
	0x0000035f,0x00000001,0x0000002b,0x0000035e,0x000000b7,0x000000b8,0x00050041,0x00000027,
	0x00000360,0x00000053,0x0000009f,0x0004003d,0x00000008,0x00000361,0x00000360,0x0008000c,
	0x00000008,0x00000362,0x00000001,0x0000002b,0x00000361,0x000000b7,0x000000b8,0x00050083,
	0x00000008,0x00000363,0x000000b8,0x00000362,0x00050050,0x0000001c,0x00000364,0x0000035f,
	0x00000363,0x00050041,0x0000009b,0x00000365,0x00000337,0x000000df,0x0004003d,0x0000004a,
	0x00000366,0x00000365,0x00050082,0x0000004a,0x00000367,0x00000366,0x0000009f,0x00040070,
	0x00000008,0x00000368,0x00000367,0x00050041,0x0000009b,0x00000369,0x00000337,0x000000e7,
	0x0004003d,0x0000004a,0x0000036a,0x00000369,0x00050082,0x0000004a,0x0000036b,0x0000036a,
	0x0000009f,0x00040070,0x00000008,0x0000036c,0x0000036b,0x00050050,0x0000001c,0x0000036d,
	0x00000368,0x0000036c,0x00050085,0x0000001c,0x0000036e,0x00000364,0x0000036d,0x00050081,
	0x0000001c,0x0000036f,0x0000035c,0x0000036e,0x0003003e,0x00000355,0x0000036f,0x0004003d,
	0x0000001c,0x00000370,0x00000355,0x00050081,0x0000001c,0x00000372,0x00000370,0x00000371,
	0x0004003d,0x00000114,0x00000373,0x000002fc,0x0004006f,0x0000001c,0x00000374,0x00000373,
	0x00050088,0x0000001c,0x00000375,0x00000372,0x00000374,0x000200fe,0x00000375,0x00010038,
	0x00050036,0x0000001e,0x00000059,0x00000000,0x00000057,0x00030037,0x0000001d,0x00000058,
	0x000200f8,0x0000005a,0x0004003b,0x000001dc,0x00000378,0x00000007,0x0004003b,0x0000001d,
	0x0000037a,0x00000007,0x0004003b,0x0000001d,0x00000385,0x00000007,0x0004003b,0x0000001d,
	0x00000386,0x00000007,0x0004003b,0x0000001f,0x00000388,0x00000007,0x0004003b,0x0000001f,
	0x0000038b,0x00000007,0x0004003b,0x0000009b,0x0000038f,0x00000007,0x0004003b,0x0000001d,
	0x00000391,0x00000007,0x0004003b,0x00000072,0x00000393,0x00000007,0x0004003b,0x00000007,
	0x000003a9,0x00000007,0x0004003b,0x00000115,0x000003b2,0x00000007,0x0004003b,0x00000007,
	0x000003b7,0x00000007,0x0004003b,0x00000007,0x000003bf,0x00000007,0x0004003b,0x00000027,
	0x000003c4,0x00000007,0x0004003b,0x00000027,0x000003d2,0x00000007,0x0004003b,0x00000336,
	0x000003e2,0x00000007,0x0004003b,0x0000001d,0x000003f1,0x00000007,0x0004003b,0x0000001f,
	0x00000413,0x00000007,0x0004003b,0x0000001f,0x00000415,0x00000007,0x0004003b,0x0000001f,
	0x00000420,0x00000007,0x0004003b,0x00000007,0x00000429,0x00000007,0x0004003b,0x0000001d,
	0x0000042a,0x00000007,0x0004003b,0x0000001f,0x0000042c,0x00000007,0x00040039,0x0000003b,
	0x00000379,0x0000003d,0x0003003e,0x00000378,0x00000379,0x00060041,0x00000027,0x0000037b,
	0x00000378,0x0000020d,0x0000011b,0x0004003d,0x00000008,0x0000037c,0x0000037b,0x000500ba,
	0x00000071,0x0000037d,0x0000037c,0x000000ef,0x0004003d,0x0000001c,0x00000380,0x0000037f,
	0x0004003d,0x0000001c,0x00000381,0x00000058,0x00050050,0x00000382,0x00000383,0x0000037d,
	0x0000037d,0x000600a9,0x0000001c,0x00000384,0x00000383,0x00000380,0x00000381,0x0003003e,
	0x0000037a,0x00000384,0x0004003d,0x0000001c,0x00000387,0x0000037a,0x0003003e,0x00000386,
	0x00000387,0x00050041,0x0000001f,0x00000389,0x00000378,0x00000094,0x0004003d,0x0000001e,
	0x0000038a,0x00000389,0x0003003e,0x00000388,0x0000038a,0x00050041,0x0000001f,0x0000038c,
	0x00000378,0x000000d5,0x0004003d,0x0000001e,0x0000038d,0x0000038c,0x0003003e,0x0000038b,
	0x0000038d,0x00070039,0x0000001c,0x0000038e,0x00000043,0x00000386,0x00000388,0x0000038b,
	0x0003003e,0x00000385,0x0000038e,0x00040039,0x0000004a,0x00000390,0x0000004c,0x0003003e,
	0x0000038f,0x00000390,0x0004003d,0x0000001c,0x00000392,0x00000385,0x0003003e,0x00000391,
	0x00000392,0x00060041,0x00000027,0x00000394,0x00000378,0x0000027e,0x000002b5,0x0004003d,
	0x00000008,0x00000395,0x00000394,0x000500ba,0x00000071,0x00000396,0x00000395,0x000000ef,
	0x000300f7,0x00000398,0x00000000,0x000400fa,0x00000396,0x00000397,0x00000398,0x000200f8,
	0x00000397,0x00060041,0x00000157,0x00000399,0x00000156,0x00000109,0x0000009f,0x0004003d,
	0x00000006,0x0000039a,0x00000399,0x000500c7,0x00000006,0x0000039b,0x0000039a,0x000002c6,
	0x000500ab,0x00000071,0x0000039c,0x0000039b,0x00000094,0x000200f9,0x00000398,0x000200f8,
	0x00000398,0x000700f5,0x00000071,0x0000039d,0x00000396,0x0000005a,0x0000039c,0x00000397,
	0x000300f7,0x0000039f,0x00000000,0x000400fa,0x0000039d,0x0000039e,0x0000039f,0x000200f8,
	0x0000039e,0x0004003d,0x0000004a,0x000003a0,0x0000038f,0x00060041,0x00000027,0x000003a1,
	0x00000378,0x0000027e,0x0000009f,0x0004003d,0x00000008,0x000003a2,0x000003a1,0x0004006d,
	0x0000004a,0x000003a3,0x000003a2,0x000500b0,0x00000071,0x000003a4,0x000003a0,0x000003a3,
	0x000200f9,0x0000039f,0x000200f8,0x0000039f,0x000700f5,0x00000071,0x000003a5,0x0000039d,
	0x00000398,0x000003a4,0x0000039e,0x0003003e,0x00000393,0x000003a5,0x0004003d,0x00000071,
	0x000003a6,0x00000393,0x000300f7,0x000003a8,0x00000000,0x000400fa,0x000003a6,0x000003a7,
	0x000003a8,0x000200f8,0x000003a7,0x00060041,0x00000027,0x000003aa,0x00000378,0x0000027e,
	0x0000011b,0x0004003d,0x00000008,0x000003ab,0x000003aa,0x00050081,0x00000008,0x000003ac,
	0x000003ab,0x000000ef,0x0004006e,0x00000006,0x000003ad,0x000003ac,0x0004003d,0x0000004a,
	0x000003ae,0x0000038f,0x0004007c,0x00000006,0x000003af,0x000003ae,0x00050084,0x00000006,
	0x000003b0,0x000003af,0x000000a8,0x00050080,0x00000006,0x000003b1,0x000003ad,0x000003b0,
	0x0003003e,0x000003a9,0x000003b1,0x0004003d,0x0000004f,0x000003b4,0x000003b3,0x00040064,
	0x0000004e,0x000003b5,0x000003b4,0x00050067,0x00000114,0x000003b6,0x000003b5,0x00000094,
	0x0003003e,0x000003b2,0x000003b6,0x0003003e,0x000003b7,0x00000094,0x000200f9,0x000003b8,
	0x000200f8,0x000003b8,0x000400f6,0x000003ba,0x000003bb,0x00000000,0x000200f9,0x000003bc,
	0x000200f8,0x000003bc,0x0004003d,0x00000006,0x000003bd,0x000003b7,0x000500b1,0x00000071,
	0x000003be,0x000003bd,0x00000109,0x000400fa,0x000003be,0x000003b9,0x000003ba,0x000200f8,
	0x000003b9,0x0004003d,0x00000006,0x000003c0,0x000003a9,0x0004003d,0x00000006,0x000003c1,
	0x000003b7,0x00050084,0x00000006,0x000003c2,0x000003c1,0x000000df,0x00050080,0x00000006,
	0x000003c3,0x000003c0,0x000003c2,0x0003003e,0x000003bf,0x000003c3,0x0004003d,0x0000004f,
	0x000003c5,0x000003b3,0x0004003d,0x00000006,0x000003c6,0x000003bf,0x00050041,0x00000007,
	0x000003c7,0x000003b2,0x0000011b,0x0004003d,0x00000006,0x000003c8,0x000003c7,0x0005008b,
	0x00000006,0x000003c9,0x000003c6,0x000003c8,0x0004003d,0x00000006,0x000003ca,0x000003bf,
	0x00050041,0x00000007,0x000003cb,0x000003b2,0x0000011b,0x0004003d,0x00000006,0x000003cc,
	0x000003cb,0x00050087,0x00000006,0x000003cd,0x000003ca,0x000003cc,0x00050050,0x00000114,
	0x000003ce,0x000003c9,0x000003cd,0x00040064,0x0000004e,0x000003cf,0x000003c5,0x0007005f,
	0x0000001e,0x000003d0,0x000003cf,0x000003ce,0x00000002,0x00000094,0x00050051,0x00000008,
	0x000003d1,0x000003d0,0x00000003,0x0003003e,0x000003c4,0x000003d1,0x0004003d,0x0000004f,
	0x000003d3,0x000003b3,0x0004003d,0x00000006,0x000003d4,0x000003bf,0x00050080,0x00000006,
	0x000003d5,0x000003d4,0x000000d5,0x00050041,0x00000007,0x000003d6,0x000003b2,0x0000011b,
	0x0004003d,0x00000006,0x000003d7,0x000003d6,0x0005008b,0x00000006,0x000003d8,0x000003d5,
	0x000003d7,0x0004003d,0x00000006,0x000003d9,0x000003bf,0x00050080,0x00000006,0x000003da,
	0x000003d9,0x000000d5,0x00050041,0x00000007,0x000003db,0x000003b2,0x0000011b,0x0004003d,
	0x00000006,0x000003dc,0x000003db,0x00050087,0x00000006,0x000003dd,0x000003da,0x000003dc,
	0x00050050,0x00000114,0x000003de,0x000003d8,0x000003dd,0x00040064,0x0000004e,0x000003df,
	0x000003d3,0x0007005f,0x0000001e,0x000003e0,0x000003df,0x000003de,0x00000002,0x00000094,
	0x00050051,0x00000008,0x000003e1,0x000003e0,0x00000003,0x0003003e,0x000003d2,0x000003e1,
	0x0004003d,0x00000006,0x000003e3,0x000003b7,0x0004003d,0x00000008,0x000003e4,0x000003c4,
	0x00050085,0x00000008,0x000003e5,0x000003e4,0x00000136,0x00050081,0x00000008,0x000003e6,
	0x000003e5,0x000000ef,0x0004006d,0x0000004a,0x000003e7,0x000003e6,0x0004003d,0x00000008,
	0x000003e8,0x000003d2,0x00050085,0x00000008,0x000003e9,0x000003e8,0x00000136,0x00050081,
	0x00000008,0x000003ea,0x000003e9,0x000000ef,0x0004006d,0x0000004a,0x000003eb,0x000003ea,
	0x000500c4,0x0000004a,0x000003ec,0x000003eb,0x00000341,0x000500c5,0x0000004a,0x000003ed,
	0x000003e7,0x000003ec,0x00050041,0x0000009b,0x000003ee,0x000003e2,0x000003e3,0x0003003e,
	0x000003ee,0x000003ed,0x000200f9,0x000003bb,0x000200f8,0x000003bb,0x0004003d,0x00000006,
	0x000003ef,0x000003b7,0x00050080,0x00000006,0x000003f0,0x000003ef,0x000000d5,0x0003003e,
	0x000003b7,0x000003f0,0x000200f9,0x000003b8,0x000200f8,0x000003ba,0x00050041,0x0000009b,
	0x000003f2,0x000003e2,0x00000094,0x0004003d,0x0000004a,0x000003f3,0x000003f2,0x00040070,
	0x00000008,0x000003f4,0x000003f3,0x00050041,0x0000009b,0x000003f5,0x000003e2,0x000000d5,
	0x0004003d,0x0000004a,0x000003f6,0x000003f5,0x00040070,0x00000008,0x000003f7,0x000003f6,
	0x00050050,0x0000001c,0x000003f8,0x000003f4,0x000003f7,0x00050041,0x00000027,0x000003f9,
	0x00000385,0x0000011b,0x0004003d,0x00000008,0x000003fa,0x000003f9,0x0008000c,0x00000008,
	0x000003fb,0x00000001,0x0000002b,0x000003fa,0x000000b7,0x000000b8,0x00050041,0x00000027,
	0x000003fc,0x00000385,0x0000009f,0x0004003d,0x00000008,0x000003fd,0x000003fc,0x0008000c,
	0x00000008,0x000003fe,0x00000001,0x0000002b,0x000003fd,0x000000b7,0x000000b8,0x00050083,
	0x00000008,0x000003ff,0x000000b8,0x000003fe,0x00050050,0x0000001c,0x00000400,0x000003fb,
	0x000003ff,0x00050041,0x0000009b,0x00000401,0x000003e2,0x000000df,0x0004003d,0x0000004a,
	0x00000402,0x00000401,0x0007000c,0x0000004a,0x00000403,0x00000001,0x00000029,0x00000402,
	0x0000009f,0x00050082,0x0000004a,0x00000404,0x00000403,0x0000009f,0x00040070,0x00000008,
	0x00000405,0x00000404,0x00050041,0x0000009b,0x00000406,0x000003e2,0x000000e7,0x0004003d,
	0x0000004a,0x00000407,0x00000406,0x0007000c,0x0000004a,0x00000408,0x00000001,0x00000029,
	0x00000407,0x0000009f,0x00050082,0x0000004a,0x00000409,0x00000408,0x0000009f,0x00040070,
	0x00000008,0x0000040a,0x00000409,0x00050050,0x0000001c,0x0000040b,0x00000405,0x0000040a,
	0x00050085,0x0000001c,0x0000040c,0x00000400,0x0000040b,0x00050081,0x0000001c,0x0000040d,
	0x000003f8,0x0000040c,0x0003003e,0x000003f1,0x0000040d,0x0004003d,0x0000001c,0x0000040e,
	0x000003f1,0x00050081,0x0000001c,0x0000040f,0x0000040e,0x00000371,0x0004003d,0x00000114,
	0x00000410,0x000003b2,0x0004006f,0x0000001c,0x00000411,0x00000410,0x00050088,0x0000001c,
	0x00000412,0x0000040f,0x00000411,0x0003003e,0x00000391,0x00000412,0x000200f9,0x000003a8,
	0x000200f8,0x000003a8,0x0004003d,0x00000071,0x00000414,0x00000393,0x000300f7,0x00000417,
	0x00000000,0x000400fa,0x00000414,0x00000416,0x0000041b,0x000200f8,0x00000416,0x0004003d,
	0x0000004f,0x00000418,0x000003b3,0x0004003d,0x0000001c,0x00000419,0x00000391,0x00050057,
	0x0000001e,0x0000041a,0x00000418,0x00000419,0x0003003e,0x00000415,0x0000041a,0x000200f9,
	0x00000417,0x000200f8,0x0000041b,0x00060041,0x00000157,0x0000041c,0x00000156,0x00000109,
	0x0000015f,0x0004003d,0x00000006,0x0000041d,0x0000041c,0x000500c7,0x00000006,0x0000041e,
	0x0000041d,0x000000d5,0x000500ab,0x00000071,0x0000041f,0x0000041e,0x00000094,0x000300f7,
	0x00000422,0x00000000,0x000400fa,0x0000041f,0x00000421,0x0000042e,0x000200f8,0x00000421,
	0x00060041,0x00000027,0x00000424,0x00000378,0x0000021b,0x0000011b,0x0004003d,0x00000008,
	0x00000425,0x00000424,0x00050081,0x00000008,0x00000426,0x00000425,0x000000ef,0x0004006e,
	0x00000006,0x00000427,0x00000426,0x0003003e,0x00000429,0x00000427,0x0004003d,0x0000001c,
	0x0000042b,0x00000385,0x0003003e,0x0000042a,0x0000042b,0x0003003e,0x0000042c,0x00000428,
	0x00080039,0x0000001e,0x0000042d,0x00000025,0x00000423,0x00000429,0x0000042a,0x0000042c,
	0x0003003e,0x00000420,0x0000042d,0x000200f9,0x00000422,0x000200f8,0x0000042e,0x0004003d,
	0x0000004f,0x0000042f,0x000003b3,0x0004003d,0x0000001c,0x00000430,0x00000385,0x00050057,
	0x0000001e,0x00000431,0x0000042f,0x00000430,0x0003003e,0x00000420,0x00000431,0x000200f9,
	0x00000422,0x000200f8,0x00000422,0x0004003d,0x0000001e,0x00000432,0x00000420,0x0003003e,
	0x00000415,0x00000432,0x000200f9,0x00000417,0x000200f8,0x00000417,0x0004003d,0x0000001e,
	0x00000433,0x00000415,0x0003003e,0x00000413,0x00000433,0x0004003d,0x0000001e,0x00000434,
	0x00000413,0x00050041,0x0000001f,0x00000435,0x00000378,0x00000120,0x0004003d,0x0000001e,
	0x00000436,0x00000435,0x00050085,0x0000001e,0x00000437,0x00000434,0x00000436,0x00050041,
	0x0000001f,0x00000438,0x00000378,0x000001f9,0x0004003d,0x0000001e,0x00000439,0x00000438,
	0x00050081,0x0000001e,0x0000043a,0x00000437,0x00000439,0x000200fe,0x0000043a,0x00010038,
	0x00050036,0x0000001e,0x0000005c,0x00000000,0x00000057,0x00030037,0x0000001d,0x0000005b,
	0x000200f8,0x0000005d,0x0004003b,0x000001dc,0x0000043d,0x00000007,0x0004003b,0x0000001d,
	0x0000043f,0x00000007,0x0004003b,0x0000001d,0x00000447,0x00000007,0x0004003b,0x0000001d,
	0x00000448,0x00000007,0x0004003b,0x0000001f,0x0000044a,0x00000007,0x0004003b,0x0000001f,
	0x0000044d,0x00000007,0x0004003b,0x0000001d,0x00000452,0x00000007,0x0004003b,0x0000001f,
	0x00000454,0x00000007,0x0004003b,0x0000001f,0x0000045c,0x00000007,0x0004003b,0x00000007,
	0x00000464,0x00000007,0x0004003b,0x0000001d,0x00000465,0x00000007,0x0004003b,0x0000001f,
	0x00000467,0x00000007,0x00040039,0x0000003b,0x0000043e,0x0000003d,0x0003003e,0x0000043d,
	0x0000043e,0x00060041,0x00000027,0x00000440,0x0000043d,0x0000020d,0x0000009f,0x0004003d,
	0x00000008,0x00000441,0x00000440,0x000500ba,0x00000071,0x00000442,0x00000441,0x000000ef,
	0x0004003d,0x0000001c,0x00000443,0x0000037f,0x0004003d,0x0000001c,0x00000444,0x0000005b,
	0x00050050,0x00000382,0x00000445,0x00000442,0x00000442,0x000600a9,0x0000001c,0x00000446,
	0x00000445,0x00000443,0x00000444,0x0003003e,0x0000043f,0x00000446,0x0004003d,0x0000001c,
	0x00000449,0x0000043f,0x0003003e,0x00000448,0x00000449,0x00050041,0x0000001f,0x0000044b,
	0x0000043d,0x000000df,0x0004003d,0x0000001e,0x0000044c,0x0000044b,0x0003003e,0x0000044a,
	0x0000044c,0x00050041,0x0000001f,0x0000044e,0x0000043d,0x000000e7,0x0004003d,0x0000001e,
	0x0000044f,0x0000044e,0x0003003e,0x0000044d,0x0000044f,0x00070039,0x0000001c,0x00000450,
	0x00000043,0x00000448,0x0000044a,0x0000044d,0x0003003e,0x00000447,0x00000450,0x0004003d,
	0x0000001c,0x00000453,0x00000447,0x0003003e,0x00000452,0x00000453,0x00050041,0x0000001f,
	0x00000455,0x0000043d,0x00000281,0x0004003d,0x0000001e,0x00000456,0x00000455,0x0003003e,
	0x00000454,0x00000456,0x00070039,0x0000001c,0x00000457,0x00000055,0x00000451,0x00000452,
	0x00000454,0x0003003e,0x00000447,0x00000457,0x00060041,0x00000157,0x00000458,0x00000156,
	0x00000109,0x0000015f,0x0004003d,0x00000006,0x00000459,0x00000458,0x000500c7,0x00000006,
	0x0000045a,0x00000459,0x000000df,0x000500ab,0x00000071,0x0000045b,0x0000045a,0x00000094,
	0x000300f7,0x0000045e,0x00000000,0x000400fa,0x0000045b,0x0000045d,0x00000469,0x000200f8,
	0x0000045d,0x00060041,0x00000027,0x00000460,0x0000043d,0x0000021b,0x0000009f,0x0004003d,
	0x00000008,0x00000461,0x00000460,0x00050081,0x00000008,0x00000462,0x00000461,0x000000ef,
	0x0004006e,0x00000006,0x00000463,0x00000462,0x0003003e,0x00000464,0x00000463,0x0004003d,
	0x0000001c,0x00000466,0x00000447,0x0003003e,0x00000465,0x00000466,0x0003003e,0x00000467,
	0x00000428,0x00080039,0x0000001e,0x00000468,0x00000025,0x0000045f,0x00000464,0x00000465,
	0x00000467,0x0003003e,0x0000045c,0x00000468,0x000200f9,0x0000045e,0x000200f8,0x00000469,
	0x0004003d,0x0000004f,0x0000046a,0x00000451,0x0004003d,0x0000001c,0x0000046b,0x00000447,
	0x00050057,0x0000001e,0x0000046c,0x0000046a,0x0000046b,0x0003003e,0x0000045c,0x0000046c,
	0x000200f9,0x0000045e,0x000200f8,0x0000045e,0x0004003d,0x0000001e,0x0000046d,0x0000045c,
	0x000200fe,0x0000046d,0x00010038,0x00050036,0x0000001e,0x0000005f,0x00000000,0x00000057,
	0x00030037,0x0000001d,0x0000005e,0x000200f8,0x00000060,0x0004003b,0x000001dc,0x00000470,
	0x00000007,0x0004003b,0x0000001d,0x00000472,0x00000007,0x0004003b,0x0000001d,0x0000047a,
	0x00000007,0x0004003b,0x0000001d,0x0000047b,0x00000007,0x0004003b,0x0000001f,0x0000047d,
	0x00000007,0x0004003b,0x0000001f,0x00000480,0x00000007,0x0004003b,0x0000001d,0x00000485,
	0x00000007,0x0004003b,0x0000001f,0x00000487,0x00000007,0x0004003b,0x0000001f,0x00000490,
	0x00000007,0x0004003b,0x00000007,0x00000499,0x00000007,0x0004003b,0x0000001d,0x0000049a,
	0x00000007,0x0004003b,0x0000001f,0x0000049c,0x00000007,0x00040039,0x0000003b,0x00000471,
	0x0000003d,0x0003003e,0x00000470,0x00000471,0x00060041,0x00000027,0x00000473,0x00000470,
	0x00000221,0x0000015f,0x0004003d,0x00000008,0x00000474,0x00000473,0x000500ba,0x00000071,
	0x00000475,0x00000474,0x000000ef,0x0004003d,0x0000001c,0x00000476,0x0000037f,0x0004003d,
	0x0000001c,0x00000477,0x0000005e,0x00050050,0x00000382,0x00000478,0x00000475,0x00000475,
	0x000600a9,0x0000001c,0x00000479,0x00000478,0x00000476,0x00000477,0x0003003e,0x00000472,
	0x00000479,0x0004003d,0x0000001c,0x0000047c,0x00000472,0x0003003e,0x0000047b,0x0000047c,
	0x00050041,0x0000001f,0x0000047e,0x00000470,0x00000221,0x0004003d,0x0000001e,0x0000047f,
	0x0000047e,0x0003003e,0x0000047d,0x0000047f,0x00050041,0x0000001f,0x00000481,0x00000470,
	0x00000224,0x0004003d,0x0000001e,0x00000482,0x00000481,0x0003003e,0x00000480,0x00000482,
	0x00070039,0x0000001c,0x00000483,0x00000043,0x0000047b,0x0000047d,0x00000480,0x0003003e,
	0x0000047a,0x00000483,0x0004003d,0x0000001c,0x00000486,0x0000047a,0x0003003e,0x00000485,
	0x00000486,0x00050041,0x0000001f,0x00000488,0x00000470,0x00000284,0x0004003d,0x0000001e,
	0x00000489,0x00000488,0x0003003e,0x00000487,0x00000489,0x00070039,0x0000001c,0x0000048a,
	0x00000055,0x00000484,0x00000485,0x00000487,0x0003003e,0x0000047a,0x0000048a,0x00060041,
	0x00000157,0x0000048b,0x00000156,0x00000109,0x0000015f,0x0004003d,0x00000006,0x0000048c,
	0x0000048b,0x000500c7,0x00000006,0x0000048e,0x0000048c,0x0000048d,0x000500ab,0x00000071,
	0x0000048f,0x0000048e,0x00000094,0x000300f7,0x00000492,0x00000000,0x000400fa,0x0000048f,
	0x00000491,0x0000049e,0x000200f8,0x00000491,0x00060041,0x00000027,0x00000494,0x00000470,
	0x0000021e,0x0000009f,0x0004003d,0x00000008,0x00000495,0x00000494,0x00050081,0x00000008,
	0x00000496,0x00000495,0x000000ef,0x0004006e,0x00000006,0x00000497,0x00000496,0x0003003e,
	0x00000499,0x00000497,0x0004003d,0x0000001c,0x0000049b,0x0000047a,0x0003003e,0x0000049a,
	0x0000049b,0x0003003e,0x0000049c,0x00000498,0x00080039,0x0000001e,0x0000049d,0x00000025,
	0x00000493,0x00000499,0x0000049a,0x0000049c,0x0003003e,0x00000490,0x0000049d,0x000200f9,
	0x00000492,0x000200f8,0x0000049e,0x0004003d,0x0000004f,0x0000049f,0x00000484,0x0004003d,
	0x0000001c,0x000004a0,0x0000047a,0x00050057,0x0000001e,0x000004a1,0x0000049f,0x000004a0,
	0x0003003e,0x00000490,0x000004a1,0x000200f9,0x00000492,0x000200f8,0x00000492,0x0004003d,
	0x0000001e,0x000004a2,0x00000490,0x000200fe,0x000004a2,0x00010038,0x00050036,0x0000001e,
	0x00000062,0x00000000,0x00000057,0x00030037,0x0000001d,0x00000061,0x000200f8,0x00000063,
	0x0004003b,0x000001dc,0x000004a5,0x00000007,0x0004003b,0x0000001d,0x000004a7,0x00000007,
	0x0004003b,0x0000001d,0x000004af,0x00000007,0x0004003b,0x0000001d,0x000004b0,0x00000007,
	0x0004003b,0x0000001f,0x000004b2,0x00000007,0x0004003b,0x0000001f,0x000004b5,0x00000007,
	0x0004003b,0x0000001d,0x000004ba,0x00000007,0x0004003b,0x0000001f,0x000004bc,0x00000007,
	0x0004003b,0x0000001f,0x000004c0,0x00000007,0x0004003b,0x0000001f,0x000004c5,0x00000007,
	0x0004003b,0x00000007,0x000004ce,0x00000007,0x0004003b,0x0000001d,0x000004cf,0x00000007,
	0x0004003b,0x0000001f,0x000004d1,0x00000007,0x00040039,0x0000003b,0x000004a6,0x0000003d,
	0x0003003e,0x000004a5,0x000004a6,0x00060041,0x00000027,0x000004a8,0x000004a5,0x0000020d,
	0x000002b5,0x0004003d,0x00000008,0x000004a9,0x000004a8,0x000500ba,0x00000071,0x000004aa,
	0x000004a9,0x000000ef,0x0004003d,0x0000001c,0x000004ab,0x0000037f,0x0004003d,0x0000001c,
	0x000004ac,0x00000061,0x00050050,0x00000382,0x000004ad,0x000004aa,0x000004aa,0x000600a9,
	0x0000001c,0x000004ae,0x000004ad,0x000004ab,0x000004ac,0x0003003e,0x000004a7,0x000004ae,
	0x0004003d,0x0000001c,0x000004b1,0x000004a7,0x0003003e,0x000004b0,0x000004b1,0x00050041,
	0x0000001f,0x000004b3,0x000004a5,0x00000109,0x0004003d,0x0000001e,0x000004b4,0x000004b3,
	0x0003003e,0x000004b2,0x000004b4,0x00050041,0x0000001f,0x000004b6,0x000004a5,0x000001e9,
	0x0004003d,0x0000001e,0x000004b7,0x000004b6,0x0003003e,0x000004b5,0x000004b7,0x00070039,
	0x0000001c,0x000004b8,0x00000043,0x000004b0,0x000004b2,0x000004b5,0x0003003e,0x000004af,
	0x000004b8,0x0004003d,0x0000001c,0x000004bb,0x000004af,0x0003003e,0x000004ba,0x000004bb,
	0x00050041,0x0000001f,0x000004bd,0x000004a5,0x00000287,0x0004003d,0x0000001e,0x000004be,
	0x000004bd,0x0003003e,0x000004bc,0x000004be,0x00070039,0x0000001c,0x000004bf,0x00000055,
	0x000004b9,0x000004ba,0x000004bc,0x0003003e,0x000004af,0x000004bf,0x00060041,0x00000157,
	0x000004c1,0x00000156,0x00000109,0x0000015f,0x0004003d,0x00000006,0x000004c2,0x000004c1,
	0x000500c7,0x00000006,0x000004c3,0x000004c2,0x00000109,0x000500ab,0x00000071,0x000004c4,
	0x000004c3,0x00000094,0x000300f7,0x000004c7,0x00000000,0x000400fa,0x000004c4,0x000004c6,
	0x000004d3,0x000200f8,0x000004c6,0x00060041,0x00000027,0x000004c9,0x000004a5,0x0000021b,
	0x000002b5,0x0004003d,0x00000008,0x000004ca,0x000004c9,0x00050081,0x00000008,0x000004cb,
	0x000004ca,0x000000ef,0x0004006e,0x00000006,0x000004cc,0x000004cb,0x0003003e,0x000004ce,
	0x000004cc,0x0004003d,0x0000001c,0x000004d0,0x000004af,0x0003003e,0x000004cf,0x000004d0,
	0x0003003e,0x000004d1,0x000004cd,0x00080039,0x0000001e,0x000004d2,0x00000025,0x000004c8,
	0x000004ce,0x000004cf,0x000004d1,0x0003003e,0x000004c5,0x000004d2,0x000200f9,0x000004c7,
	0x000200f8,0x000004d3,0x0004003d,0x0000004f,0x000004d4,0x000004b9,0x0004003d,0x0000001c,
	0x000004d5,0x000004af,0x00050057,0x0000001e,0x000004d6,0x000004d4,0x000004d5,0x0003003e,
	0x000004c5,0x000004d6,0x000200f9,0x000004c7,0x000200f8,0x000004c7,0x0004003d,0x0000001e,
	0x000004d7,0x000004c5,0x0003003e,0x000004c0,0x000004d7,0x0004003d,0x0000001e,0x000004d8,
	0x000004c0,0x00050041,0x0000001f,0x000004d9,0x000004a5,0x000001fc,0x0004003d,0x0000001e,
	0x000004da,0x000004d9,0x00050085,0x0000001e,0x000004db,0x000004d8,0x000004da,0x00050041,
	0x0000001f,0x000004dc,0x000004a5,0x000001ff,0x0004003d,0x0000001e,0x000004dd,0x000004dc,
	0x00050081,0x0000001e,0x000004de,0x000004db,0x000004dd,0x000200fe,0x000004de,0x00010038,
	0x00050036,0x0000001e,0x00000065,0x00000000,0x00000057,0x00030037,0x0000001d,0x00000064,
	0x000200f8,0x00000066,0x0004003b,0x000001dc,0x000004e1,0x00000007,0x0004003b,0x0000001d,
	0x000004e3,0x00000007,0x0004003b,0x0000001d,0x000004eb,0x00000007,0x0004003b,0x0000001d,
	0x000004ec,0x00000007,0x0004003b,0x0000001f,0x000004ee,0x00000007,0x0004003b,0x0000001f,
	0x000004f1,0x00000007,0x0004003b,0x0000001d,0x000004f6,0x00000007,0x0004003b,0x0000001f,
	0x000004f8,0x00000007,0x0004003b,0x0000001f,0x000004fc,0x00000007,0x0004003b,0x0000001f,
	0x00000501,0x00000007,0x0004003b,0x00000007,0x00000509,0x00000007,0x0004003b,0x0000001d,
	0x0000050a,0x00000007,0x0004003b,0x0000001f,0x0000050c,0x00000007,0x00040039,0x0000003b,
	0x000004e2,0x0000003d,0x0003003e,0x000004e1,0x000004e2,0x00060041,0x00000027,0x000004e4,
	0x000004e1,0x0000020d,0x0000015f,0x0004003d,0x00000008,0x000004e5,0x000004e4,0x000500ba,
	0x00000071,0x000004e6,0x000004e5,0x000000ef,0x0004003d,0x0000001c,0x000004e7,0x0000037f,
	0x0004003d,0x0000001c,0x000004e8,0x00000064,0x00050050,0x00000382,0x000004e9,0x000004e6,
	0x000004e6,0x000600a9,0x0000001c,0x000004ea,0x000004e9,0x000004e7,0x000004e8,0x0003003e,
	0x000004e3,0x000004ea,0x0004003d,0x0000001c,0x000004ed,0x000004e3,0x0003003e,0x000004ec,
	0x000004ed,0x00050041,0x0000001f,0x000004ef,0x000004e1,0x000001ec,0x0004003d,0x0000001e,
	0x000004f0,0x000004ef,0x0003003e,0x000004ee,0x000004f0,0x00050041,0x0000001f,0x000004f2,
	0x000004e1,0x000001ef,0x0004003d,0x0000001e,0x000004f3,0x000004f2,0x0003003e,0x000004f1,
	0x000004f3,0x00070039,0x0000001c,0x000004f4,0x00000043,0x000004ec,0x000004ee,0x000004f1,
	0x0003003e,0x000004eb,0x000004f4,0x0004003d,0x0000001c,0x000004f7,0x000004eb,0x0003003e,
	0x000004f6,0x000004f7,0x00050041,0x0000001f,0x000004f9,0x000004e1,0x0000028a,0x0004003d,
	0x0000001e,0x000004fa,0x000004f9,0x0003003e,0x000004f8,0x000004fa,0x00070039,0x0000001c,
	0x000004fb,0x00000055,0x000004f5,0x000004f6,0x000004f8,0x0003003e,0x000004eb,0x000004fb,
	0x00060041,0x00000157,0x000004fd,0x00000156,0x00000109,0x0000015f,0x0004003d,0x00000006,
	0x000004fe,0x000004fd,0x000500c7,0x00000006,0x000004ff,0x000004fe,0x000000a8,0x000500ab,
	0x00000071,0x00000500,0x000004ff,0x00000094,0x000300f7,0x00000503,0x00000000,0x000400fa,
	0x00000500,0x00000502,0x0000050e,0x000200f8,0x00000502,0x00060041,0x00000027,0x00000505,
	0x000004e1,0x0000021b,0x0000015f,0x0004003d,0x00000008,0x00000506,0x00000505,0x00050081,
	0x00000008,0x00000507,0x00000506,0x000000ef,0x0004006e,0x00000006,0x00000508,0x00000507,
	0x0003003e,0x00000509,0x00000508,0x0004003d,0x0000001c,0x0000050b,0x000004eb,0x0003003e,
	0x0000050a,0x0000050b,0x0003003e,0x0000050c,0x00000428,0x00080039,0x0000001e,0x0000050d,
	0x00000025,0x00000504,0x00000509,0x0000050a,0x0000050c,0x0003003e,0x00000501,0x0000050d,
	0x000200f9,0x00000503,0x000200f8,0x0000050e,0x0004003d,0x0000004f,0x0000050f,0x000004f5,
	0x0004003d,0x0000001c,0x00000510,0x000004eb,0x00050057,0x0000001e,0x00000511,0x0000050f,
	0x00000510,0x0003003e,0x00000501,0x00000511,0x000200f9,0x00000503,0x000200f8,0x00000503,
	0x0004003d,0x0000001e,0x00000512,0x00000501,0x0003003e,0x000004fc,0x00000512,0x0004003d,
	0x0000001e,0x00000513,0x000004fc,0x00050041,0x0000001f,0x00000514,0x000004e1,0x00000202,
	0x0004003d,0x0000001e,0x00000515,0x00000514,0x00050085,0x0000001e,0x00000516,0x00000513,
	0x00000515,0x00050041,0x0000001f,0x00000517,0x000004e1,0x00000205,0x0004003d,0x0000001e,
	0x00000518,0x00000517,0x00050081,0x0000001e,0x00000519,0x00000516,0x00000518,0x000200fe,
	0x00000519,0x00010038,0x00050036,0x00000009,0x00000068,0x00000000,0x0000000f,0x00030037,
	0x0000000e,0x00000067,0x000200f8,0x00000069,0x0004003b,0x000001dc,0x0000051c,0x00000007,
	0x0004003b,0x0000001d,0x00000525,0x00000007,0x0004003b,0x0000001d,0x0000052e,0x00000007,
	0x0004003b,0x0000001d,0x0000052f,0x00000007,0x0004003b,0x0000001f,0x00000531,0x00000007,
	0x0004003b,0x0000001f,0x00000534,0x00000007,0x0004003b,0x0000001f,0x00000538,0x00000007,
	0x0004003b,0x0000001f,0x0000053c,0x00000007,0x0004003b,0x00000007,0x00000544,0x00000007,
	0x0004003b,0x0000001d,0x00000545,0x00000007,0x0004003b,0x0000001f,0x00000547,0x00000007,
	0x0004003b,0x0000000e,0x0000054f,0x00000007,0x0004003b,0x0000000e,0x00000558,0x00000007,
	0x0004003b,0x0000000e,0x0000055d,0x00000007,0x0004003b,0x0000001d,0x00000560,0x00000007,
	0x0004003b,0x0000001d,0x00000563,0x00000007,0x0004003b,0x00000027,0x00000566,0x00000007,
	0x0004003b,0x0000000e,0x00000572,0x00000007,0x0004003b,0x0000000e,0x00000580,0x00000007,
	0x0004003b,0x0000000e,0x00000592,0x00000007,0x00040039,0x0000003b,0x0000051d,0x0000003d,
	0x0003003e,0x0000051c,0x0000051d,0x00060041,0x00000027,0x0000051e,0x0000051c,0x00000272,
	0x0000015f,0x0004003d,0x00000008,0x0000051f,0x0000051e,0x000500b8,0x00000071,0x00000520,
	0x0000051f,0x000000ef,0x000300f7,0x00000522,0x00000000,0x000400fa,0x00000520,0x00000521,
	0x00000522,0x000200f8,0x00000521,0x0004003d,0x00000009,0x00000523,0x00000067,0x000200fe,
	0x00000523,0x000200f8,0x00000522,0x00060041,0x00000027,0x00000526,0x0000051c,0x00000275,
	0x0000015f,0x0004003d,0x00000008,0x00000527,0x00000526,0x000500ba,0x00000071,0x00000528,
	0x00000527,0x000000ef,0x0004003d,0x0000001c,0x00000529,0x0000037f,0x0004003d,0x0000001c,
	0x0000052b,0x0000052a,0x00050050,0x00000382,0x0000052c,0x00000528,0x00000528,0x000600a9,
	0x0000001c,0x0000052d,0x0000052c,0x00000529,0x0000052b,0x0003003e,0x00000525,0x0000052d,
	0x0004003d,0x0000001c,0x00000530,0x00000525,0x0003003e,0x0000052f,0x00000530,0x00050041,
	0x0000001f,0x00000532,0x0000051c,0x0000026c,0x0004003d,0x0000001e,0x00000533,0x00000532,
	0x0003003e,0x00000531,0x00000533,0x00050041,0x0000001f,0x00000535,0x0000051c,0x0000026f,
	0x0004003d,0x0000001e,0x00000536,0x00000535,0x0003003e,0x00000534,0x00000536,0x00070039,
	0x0000001c,0x00000537,0x00000043,0x0000052f,0x00000531,0x00000534,0x0003003e,0x0000052e,
	0x00000537,0x00060041,0x00000027,0x00000539,0x0000051c,0x0000027b,0x0000011b,0x0004003d,
	0x00000008,0x0000053a,0x00000539,0x000500be,0x00000071,0x0000053b,0x0000053a,0x000000b7,
	0x000300f7,0x0000053e,0x00000000,0x000400fa,0x0000053b,0x0000053d,0x00000549,0x000200f8,
	0x0000053d,0x00060041,0x00000027,0x00000540,0x0000051c,0x0000027b,0x0000011b,0x0004003d,
	0x00000008,0x00000541,0x00000540,0x00050081,0x00000008,0x00000542,0x00000541,0x000000ef,
	0x0004006e,0x00000006,0x00000543,0x00000542,0x0003003e,0x00000544,0x00000543,0x0004003d,
	0x0000001c,0x00000546,0x0000052e,0x0003003e,0x00000545,0x00000546,0x0003003e,0x00000547,
	0x000004cd,0x00080039,0x0000001e,0x00000548,0x00000025,0x0000053f,0x00000544,0x00000545,
	0x00000547,0x0003003e,0x0000053c,0x00000548,0x000200f9,0x0000053e,0x000200f8,0x00000549,
	0x0004003d,0x0000004f,0x0000054b,0x0000054a,0x0004003d,0x0000001c,0x0000054c,0x0000052e,
	0x00050057,0x0000001e,0x0000054d,0x0000054b,0x0000054c,0x0003003e,0x0000053c,0x0000054d,
	0x000200f9,0x0000053e,0x000200f8,0x0000053e,0x0004003d,0x0000001e,0x0000054e,0x0000053c,
	0x0003003e,0x00000538,0x0000054e,0x0004003d,0x0000001e,0x00000550,0x00000538,0x00050041,
	0x0000001f,0x00000551,0x0000051c,0x00000272,0x0004003d,0x0000001e,0x00000552,0x00000551,
	0x00050085,0x0000001e,0x00000553,0x00000550,0x00000552,0x00050041,0x0000001f,0x00000554,
	0x0000051c,0x00000275,0x0004003d,0x0000001e,0x00000555,0x00000554,0x00050081,0x0000001e,
	0x00000556,0x00000553,0x00000555,0x0008004f,0x00000009,0x00000557,0x00000556,0x00000556,
	0x00000000,0x00000001,0x00000002,0x0003003e,0x0000054f,0x00000557,0x0004003d,0x00000009,
	0x0000055b,0x0000055a,0x000400cf,0x00000009,0x0000055c,0x0000055b,0x0003003e,0x00000558,
	0x0000055c,0x0004003d,0x00000009,0x0000055e,0x0000055a,0x000400d0,0x00000009,0x0000055f,
	0x0000055e,0x0003003e,0x0000055d,0x0000055f,0x0004003d,0x0000001c,0x00000561,0x0000052e,
	0x000400cf,0x0000001c,0x00000562,0x00000561,0x0003003e,0x00000560,0x00000562,0x0004003d,
	0x0000001c,0x00000564,0x0000052e,0x000400d0,0x0000001c,0x00000565,0x00000564,0x0003003e,
	0x00000563,0x00000565,0x00050041,0x00000027,0x00000567,0x00000560,0x0000011b,0x0004003d,
	0x00000008,0x00000568,0x00000567,0x00050041,0x00000027,0x00000569,0x00000563,0x0000009f,
	0x0004003d,0x00000008,0x0000056a,0x00000569,0x00050085,0x00000008,0x0000056b,0x00000568,
	0x0000056a,0x00050041,0x00000027,0x0000056c,0x00000563,0x0000011b,0x0004003d,0x00000008,
	0x0000056d,0x0000056c,0x00050041,0x00000027,0x0000056e,0x00000560,0x0000009f,0x0004003d,
	0x00000008,0x0000056f,0x0000056e,0x00050085,0x00000008,0x00000570,0x0000056d,0x0000056f,
	0x00050083,0x00000008,0x00000571,0x0000056b,0x00000570,0x0003003e,0x00000566,0x00000571,
	0x0004003d,0x00000009,0x00000573,0x00000558,0x00050041,0x00000027,0x00000574,0x00000563,
	0x0000009f,0x0004003d,0x00000008,0x00000575,0x00000574,0x0005008e,0x00000009,0x00000576,
	0x00000573,0x00000575,0x0004003d,0x00000009,0x00000577,0x0000055d,0x00050041,0x00000027,
	0x00000578,0x00000560,0x0000009f,0x0004003d,0x00000008,0x00000579,0x00000578,0x0005008e,
	0x00000009,0x0000057a,0x00000577,0x00000579,0x00050083,0x00000009,0x0000057b,0x00000576,
	0x0000057a,0x0003003e,0x00000572,0x0000057b,0x0004003d,0x00000008,0x0000057c,0x00000566,
	0x0006000c,0x00000008,0x0000057d,0x00000001,0x00000004,0x0000057c,0x000500ba,0x00000071,
	0x0000057f,0x0000057d,0x0000057e,0x000300f7,0x00000582,0x00000000,0x000400fa,0x0000057f,
	0x00000581,0x00000587,0x000200f8,0x00000581,0x0004003d,0x00000009,0x00000583,0x00000572,
	0x0004003d,0x00000008,0x00000584,0x00000566,0x00060050,0x00000009,0x00000585,0x00000584,
	0x00000584,0x00000584,0x00050088,0x00000009,0x00000586,0x00000583,0x00000585,0x0003003e,
	0x00000580,0x00000586,0x000200f9,0x00000582,0x000200f8,0x00000587,0x0004003d,0x00000009,
	0x00000588,0x00000558,0x0003003e,0x00000580,0x00000588,0x000200f9,0x00000582,0x000200f8,
	0x00000582,0x0004003d,0x00000009,0x00000589,0x00000580,0x0003003e,0x00000572,0x00000589,
	0x0004003d,0x00000009,0x0000058a,0x00000572,0x0004003d,0x00000009,0x0000058b,0x00000067,
	0x0004003d,0x00000009,0x0000058c,0x00000067,0x0004003d,0x00000009,0x0000058d,0x00000572,
	0x00050094,0x00000008,0x0000058e,0x0000058c,0x0000058d,0x0005008e,0x00000009,0x0000058f,
	0x0000058b,0x0000058e,0x00050083,0x00000009,0x00000590,0x0000058a,0x0000058f,0x0006000c,
	0x00000009,0x00000591,0x00000001,0x00000045,0x00000590,0x0003003e,0x00000572,0x00000591,
	0x0004003d,0x00000009,0x00000593,0x00000067,0x0004003d,0x00000009,0x00000594,0x00000572,
	0x0007000c,0x00000009,0x00000595,0x00000001,0x00000044,0x00000593,0x00000594,0x0006000c,
	0x00000009,0x00000596,0x00000001,0x00000045,0x00000595,0x0004003d,0x00000008,0x00000597,
	0x00000566,0x000500b8,0x00000071,0x00000598,0x00000597,0x000000b7,0x000600a9,0x00000008,
	0x0000059a,0x00000598,0x00000599,0x000000b8,0x0005008e,0x00000009,0x0000059b,0x00000596,
	0x0000059a,0x0003003e,0x00000592,0x0000059b,0x0004003d,0x00000009,0x0000059c,0x00000572,
	0x0004003d,0x00000009,0x0000059d,0x00000592,0x0004003d,0x00000009,0x0000059e,0x00000067,
	0x00050051,0x00000008,0x000005a0,0x0000059c,0x00000000,0x00050051,0x00000008,0x000005a1,
	0x0000059c,0x00000001,0x00050051,0x00000008,0x000005a2,0x0000059c,0x00000002,0x00050051,
	0x00000008,0x000005a3,0x0000059d,0x00000000,0x00050051,0x00000008,0x000005a4,0x0000059d,
	0x00000001,0x00050051,0x00000008,0x000005a5,0x0000059d,0x00000002,0x00050051,0x00000008,
	0x000005a6,0x0000059e,0x00000000,0x00050051,0x00000008,0x000005a7,0x0000059e,0x00000001,
	0x00050051,0x00000008,0x000005a8,0x0000059e,0x00000002,0x00060050,0x00000009,0x000005a9,
	0x000005a0,0x000005a1,0x000005a2,0x00060050,0x00000009,0x000005aa,0x000005a3,0x000005a4,
	0x000005a5,0x00060050,0x00000009,0x000005ab,0x000005a6,0x000005a7,0x000005a8,0x00060050,
	0x0000059f,0x000005ac,0x000005a9,0x000005aa,0x000005ab,0x0004003d,0x00000009,0x000005ad,
	0x0000054f,0x00050091,0x00000009,0x000005ae,0x000005ac,0x000005ad,0x0006000c,0x00000009,
	0x000005af,0x00000001,0x00000045,0x000005ae,0x000200fe,0x000005af,0x00010038,0x00050036,
	0x00000008,0x0000006c,0x00000000,0x0000006a,0x00030037,0x0000001d,0x0000006b,0x000200f8,
	0x0000006d,0x0004003b,0x000001dc,0x000005ba,0x00000007,0x0004003b,0x0000001d,0x000005bc,
	0x00000007,0x0004003b,0x0000001d,0x000005c4,0x00000007,0x0004003b,0x0000001d,0x000005c5,
	0x00000007,0x0004003b,0x0000001f,0x000005c7,0x00000007,0x0004003b,0x0000001f,0x000005ca,
	0x00000007,0x0004003b,0x0000001d,0x000005cf,0x00000007,0x0004003b,0x0000001f,0x000005d1,
	0x00000007,0x0004003b,0x0000001f,0x000005d5,0x00000007,0x0004003b,0x0000001f,0x000005da,
	0x00000007,0x0004003b,0x00000007,0x000005e2,0x00000007,0x0004003b,0x0000001d,0x000005e3,
	0x00000007,0x0004003b,0x0000001f,0x000005e5,0x00000007,0x0004003b,0x0000001f,0x000005ec,
	0x00000007,0x0004003b,0x00000027,0x000005ee,0x00000007,0x00060041,0x00000157,0x000005b2,
	0x00000156,0x00000109,0x0000015f,0x0004003d,0x00000006,0x000005b3,0x000005b2,0x000500c7,
	0x00000006,0x000005b5,0x000005b3,0x000005b4,0x000500aa,0x00000071,0x000005b6,0x000005b5,
	0x00000094,0x000300f7,0x000005b8,0x00000000,0x000400fa,0x000005b6,0x000005b7,0x000005b8,
	0x000200f8,0x000005b7,0x000200fe,0x000000b8,0x000200f8,0x000005b8,0x00040039,0x0000003b,
	0x000005bb,0x0000003d,0x0003003e,0x000005ba,0x000005bb,0x00060041,0x00000027,0x000005bd,
	0x000005ba,0x00000218,0x0000015f,0x0004003d,0x00000008,0x000005be,0x000005bd,0x000500ba,
	0x00000071,0x000005bf,0x000005be,0x000000ef,0x0004003d,0x0000001c,0x000005c0,0x0000037f,
	0x0004003d,0x0000001c,0x000005c1,0x0000006b,0x00050050,0x00000382,0x000005c2,0x000005bf,
	0x000005bf,0x000600a9,0x0000001c,0x000005c3,0x000005c2,0x000005c0,0x000005c1,0x0003003e,
	0x000005bc,0x000005c3,0x0004003d,0x0000001c,0x000005c6,0x000005bc,0x0003003e,0x000005c5,
	0x000005c6,0x00050041,0x0000001f,0x000005c8,0x000005ba,0x00000212,0x0004003d,0x0000001e,
	0x000005c9,0x000005c8,0x0003003e,0x000005c7,0x000005c9,0x00050041,0x0000001f,0x000005cb,
	0x000005ba,0x00000215,0x0004003d,0x0000001e,0x000005cc,0x000005cb,0x0003003e,0x000005ca,
	0x000005cc,0x00070039,0x0000001c,0x000005cd,0x00000043,0x000005c5,0x000005c7,0x000005ca,
	0x0003003e,0x000005c4,0x000005cd,0x0004003d,0x0000001c,0x000005d0,0x000005c4,0x0003003e,
	0x000005cf,0x000005d0,0x00050041,0x0000001f,0x000005d2,0x000005ba,0x0000028d,0x0004003d,
	0x0000001e,0x000005d3,0x000005d2,0x0003003e,0x000005d1,0x000005d3,0x00070039,0x0000001c,
	0x000005d4,0x00000055,0x000005ce,0x000005cf,0x000005d1,0x0003003e,0x000005c4,0x000005d4,
	0x00060041,0x00000157,0x000005d6,0x00000156,0x00000109,0x0000015f,0x0004003d,0x00000006,
	0x000005d7,0x000005d6,0x000500c7,0x00000006,0x000005d8,0x000005d7,0x000002c6,0x000500ab,
	0x00000071,0x000005d9,0x000005d8,0x00000094,0x000300f7,0x000005dc,0x00000000,0x000400fa,
	0x000005d9,0x000005db,0x000005e7,0x000200f8,0x000005db,0x00060041,0x00000027,0x000005de,
	0x000005ba,0x0000021e,0x0000011b,0x0004003d,0x00000008,0x000005df,0x000005de,0x00050081,
	0x00000008,0x000005e0,0x000005df,0x000000ef,0x0004006e,0x00000006,0x000005e1,0x000005e0,
	0x0003003e,0x000005e2,0x000005e1,0x0004003d,0x0000001c,0x000005e4,0x000005c4,0x0003003e,
	0x000005e3,0x000005e4,0x0003003e,0x000005e5,0x00000498,0x00080039,0x0000001e,0x000005e6,
	0x00000025,0x000005dd,0x000005e2,0x000005e3,0x000005e5,0x0003003e,0x000005da,0x000005e6,
	0x000200f9,0x000005dc,0x000200f8,0x000005e7,0x0004003d,0x0000004f,0x000005e8,0x000005ce,
	0x0004003d,0x0000001c,0x000005e9,0x000005c4,0x00050057,0x0000001e,0x000005ea,0x000005e8,
	0x000005e9,0x0003003e,0x000005da,0x000005ea,0x000200f9,0x000005dc,0x000200f8,0x000005dc,
	0x0004003d,0x0000001e,0x000005eb,0x000005da,0x0003003e,0x000005d5,0x000005eb,0x0004003d,
	0x0000001e,0x000005ed,0x000005d5,0x0003003e,0x000005ec,0x000005ed,0x00060041,0x00000027,
	0x000005ef,0x000005ba,0x00000218,0x0000011b,0x0004003d,0x00000008,0x000005f0,0x000005ef,
	0x0003003e,0x000005ee,0x000005f0,0x00060039,0x00000008,0x000005f1,0x00000048,0x000005ec,
	0x000005ee,0x00060041,0x00000027,0x000005f2,0x000005ba,0x00000218,0x0000009f,0x0004003d,
	0x00000008,0x000005f3,0x000005f2,0x00050085,0x00000008,0x000005f4,0x000005f1,0x000005f3,
	0x00060041,0x00000027,0x000005f5,0x000005ba,0x00000218,0x000002b5,0x0004003d,0x00000008,
	0x000005f6,0x000005f5,0x00050081,0x00000008,0x000005f7,0x000005f4,0x000005f6,0x0008000c,
	0x00000008,0x000005f8,0x00000001,0x0000002b,0x000005f7,0x000000b7,0x000000b8,0x000200fe,
	0x000005f8,0x00010038,0x00050036,0x00000008,0x0000006f,0x00000000,0x0000006a,0x00030037,
	0x0000001d,0x0000006e,0x000200f8,0x00000070,0x0004003b,0x000001dc,0x00000603,0x00000007,
	0x0004003b,0x0000001d,0x00000605,0x00000007,0x0004003b,0x0000001d,0x0000060d,0x00000007,
	0x0004003b,0x0000001d,0x0000060e,0x00000007,0x0004003b,0x0000001f,0x00000610,0x00000007,
	0x0004003b,0x0000001f,0x00000613,0x00000007,0x0004003b,0x0000001f,0x00000617,0x00000007,
	0x0004003b,0x0000001f,0x0000061d,0x00000007,0x0004003b,0x00000007,0x00000625,0x00000007,
	0x0004003b,0x0000001d,0x00000626,0x00000007,0x0004003b,0x0000001f,0x00000628,0x00000007,
	0x0004003b,0x0000001f,0x00000630,0x00000007,0x0004003b,0x00000027,0x00000632,0x00000007,
	0x00060041,0x00000157,0x000005fb,0x00000156,0x00000109,0x0000015f,0x0004003d,0x00000006,
	0x000005fc,0x000005fb,0x000500c7,0x00000006,0x000005fe,0x000005fc,0x000005fd,0x000500aa,
	0x00000071,0x000005ff,0x000005fe,0x00000094,0x000300f7,0x00000601,0x00000000,0x000400fa,
	0x000005ff,0x00000600,0x00000601,0x000200f8,0x00000600,0x000200fe,0x000000b8,0x000200f8,
	0x00000601,0x00040039,0x0000003b,0x00000604,0x0000003d,0x0003003e,0x00000603,0x00000604,
	0x00060041,0x00000027,0x00000606,0x00000603,0x00000233,0x0000015f,0x0004003d,0x00000008,
	0x00000607,0x00000606,0x000500ba,0x00000071,0x00000608,0x00000607,0x000000ef,0x0004003d,
	0x0000001c,0x00000609,0x0000037f,0x0004003d,0x0000001c,0x0000060a,0x0000006e,0x00050050,
	0x00000382,0x0000060b,0x00000608,0x00000608,0x000600a9,0x0000001c,0x0000060c,0x0000060b,
	0x00000609,0x0000060a,0x0003003e,0x00000605,0x0000060c,0x0004003d,0x0000001c,0x0000060f,
	0x00000605,0x0003003e,0x0000060e,0x0000060f,0x00050041,0x0000001f,0x00000611,0x00000603,
	0x0000022d,0x0004003d,0x0000001e,0x00000612,0x00000611,0x0003003e,0x00000610,0x00000612,
	0x00050041,0x0000001f,0x00000614,0x00000603,0x00000230,0x0004003d,0x0000001e,0x00000615,
	0x00000614,0x0003003e,0x00000613,0x00000615,0x00070039,0x0000001c,0x00000616,0x00000043,
	0x0000060e,0x00000610,0x00000613,0x0003003e,0x0000060d,0x00000616,0x00060041,0x00000157,
	0x00000618,0x00000156,0x00000109,0x0000015f,0x0004003d,0x00000006,0x00000619,0x00000618,
	0x000500c7,0x00000006,0x0000061b,0x00000619,0x0000061a,0x000500ab,0x00000071,0x0000061c,
	0x0000061b,0x00000094,0x000300f7,0x0000061f,0x00000000,0x000400fa,0x0000061c,0x0000061e,
	0x0000062a,0x000200f8,0x0000061e,0x00060041,0x00000027,0x00000621,0x00000603,0x0000021e,
	0x000002b5,0x0004003d,0x00000008,0x00000622,0x00000621,0x00050081,0x00000008,0x00000623,
	0x00000622,0x000000ef,0x0004006e,0x00000006,0x00000624,0x00000623,0x0003003e,0x00000625,
	0x00000624,0x0004003d,0x0000001c,0x00000627,0x0000060d,0x0003003e,0x00000626,0x00000627,
	0x0003003e,0x00000628,0x00000498,0x00080039,0x0000001e,0x00000629,0x00000025,0x00000620,
	0x00000625,0x00000626,0x00000628,0x0003003e,0x0000061d,0x00000629,0x000200f9,0x0000061f,
	0x000200f8,0x0000062a,0x0004003d,0x0000004f,0x0000062c,0x0000062b,0x0004003d,0x0000001c,
	0x0000062d,0x0000060d,0x00050057,0x0000001e,0x0000062e,0x0000062c,0x0000062d,0x0003003e,
	0x0000061d,0x0000062e,0x000200f9,0x0000061f,0x000200f8,0x0000061f,0x0004003d,0x0000001e,
	0x0000062f,0x0000061d,0x0003003e,0x00000617,0x0000062f,0x0004003d,0x0000001e,0x00000631,
	0x00000617,0x0003003e,0x00000630,0x00000631,0x00060041,0x00000027,0x00000633,0x00000603,
	0x00000233,0x0000011b,0x0004003d,0x00000008,0x00000634,0x00000633,0x0003003e,0x00000632,
	0x00000634,0x00060039,0x00000008,0x00000635,0x00000048,0x00000630,0x00000632,0x00060041,
	0x00000027,0x00000636,0x00000603,0x00000233,0x0000009f,0x0004003d,0x00000008,0x00000637,
	0x00000636,0x00050085,0x00000008,0x00000638,0x00000635,0x00000637,0x00060041,0x00000027,
	0x00000639,0x00000603,0x00000233,0x000002b5,0x0004003d,0x00000008,0x0000063a,0x00000639,
	0x00050081,0x00000008,0x0000063b,0x00000638,0x0000063a,0x0008000c,0x00000008,0x0000063c,
	0x00000001,0x0000002b,0x0000063b,0x000000b7,0x000000b8,0x000200fe,0x0000063c,0x00010038,
	0x00050036,0x00000008,0x0000007e,0x00000000,0x00000073,0x00030037,0x00000050,0x00000074,
	0x00030037,0x0000001b,0x00000075,0x00030037,0x00000072,0x00000076,0x00030037,0x00000027,
	0x00000077,0x00030037,0x0000001f,0x00000078,0x00030037,0x0000001f,0x00000079,0x00030037,
	0x00000027,0x0000007a,0x00030037,0x00000027,0x0000007b,0x00030037,0x0000001f,0x0000007c,
	0x00030037,0x0000001f,0x0000007d,0x000200f8,0x0000007f,0x0004003b,0x00000072,0x0000063f,
	0x00000007,0x0004003b,0x0000001d,0x0000064d,0x00000007,0x0004003b,0x0000001d,0x00000654,
	0x00000007,0x0004003b,0x0000001d,0x00000655,0x00000007,0x0004003b,0x0000001f,0x00000657,
	0x00000007,0x0004003b,0x0000001f,0x00000659,0x00000007,0x0004003b,0x0000001f,0x0000065c,
	0x00000007,0x0004003b,0x0000001f,0x0000065e,0x00000007,0x0004003b,0x00000007,0x00000664,
	0x00000007,0x0004003b,0x0000001d,0x00000665,0x00000007,0x0004003b,0x0000001f,0x00000667,
	0x00000007,0x0004003b,0x0000001f,0x00000677,0x00000007,0x0004003b,0x00000027,0x00000678,
	0x00000007,0x0004003d,0x00000071,0x00000640,0x00000076,0x000400a8,0x00000071,0x00000641,
	0x00000640,0x0004003d,0x00000008,0x00000642,0x00000077,0x000500be,0x00000071,0x00000643,
	0x00000642,0x000000b7,0x000500a7,0x00000071,0x00000644,0x00000641,0x00000643,0x0003003e,
	0x0000063f,0x00000644,0x0004003d,0x00000071,0x00000645,0x00000076,0x000400a8,0x00000071,
	0x00000646,0x00000645,0x0004003d,0x00000071,0x00000647,0x0000063f,0x000400a8,0x00000071,
	0x00000648,0x00000647,0x000500a7,0x00000071,0x00000649,0x00000646,0x00000648,0x000300f7,
	0x0000064b,0x00000000,0x000400fa,0x00000649,0x0000064a,0x0000064b,0x000200f8,0x0000064a,
	0x000200fe,0x000000b8,0x000200f8,0x0000064b,0x0004003d,0x00000008,0x0000064e,0x0000007a,
	0x000500ba,0x00000071,0x0000064f,0x0000064e,0x000000ef,0x0004003d,0x0000001c,0x00000650,
	0x0000037f,0x0004003d,0x0000001c,0x00000651,0x0000052a,0x00050050,0x00000382,0x00000652,
	0x0000064f,0x0000064f,0x000600a9,0x0000001c,0x00000653,0x00000652,0x00000650,0x00000651,
	0x0003003e,0x0000064d,0x00000653,0x0004003d,0x0000001c,0x00000656,0x0000064d,0x0003003e,
	0x00000655,0x00000656,0x0004003d,0x0000001e,0x00000658,0x00000078,0x0003003e,0x00000657,
	0x00000658,0x0004003d,0x0000001e,0x0000065a,0x00000079,0x0003003e,0x00000659,0x0000065a,
	0x00070039,0x0000001c,0x0000065b,0x00000043,0x00000655,0x00000657,0x00000659,0x0003003e,
	0x00000654,0x0000065b,0x0004003d,0x00000071,0x0000065d,0x0000063f,0x000300f7,0x00000660,
	0x00000000,0x000400fa,0x0000065d,0x0000065f,0x00000669,0x000200f8,0x0000065f,0x0004003d,
	0x00000008,0x00000661,0x00000077,0x00050081,0x00000008,0x00000662,0x00000661,0x000000ef,
	0x0004006e,0x00000006,0x00000663,0x00000662,0x0003003e,0x00000664,0x00000663,0x0004003d,
	0x0000001c,0x00000666,0x00000654,0x0003003e,0x00000665,0x00000666,0x0003003e,0x00000667,
	0x00000498,0x00080039,0x0000001e,0x00000668,0x00000025,0x00000075,0x00000664,0x00000665,
	0x00000667,0x0003003e,0x0000065e,0x00000668,0x000200f9,0x00000660,0x000200f8,0x00000669,
	0x0004003d,0x0000004f,0x0000066a,0x00000074,0x0004003d,0x0000001c,0x0000066b,0x00000654,
	0x00050057,0x0000001e,0x0000066c,0x0000066a,0x0000066b,0x0003003e,0x0000065e,0x0000066c,
	0x000200f9,0x00000660,0x000200f8,0x00000660,0x0004003d,0x0000001e,0x0000066d,0x0000065e,
	0x0003003e,0x0000065c,0x0000066d,0x0004003d,0x0000001e,0x0000066e,0x0000065c,0x0004003d,
	0x0000001e,0x0000066f,0x0000007c,0x00050085,0x0000001e,0x00000670,0x0000066e,0x0000066f,
	0x0004003d,0x0000001e,0x00000671,0x0000007d,0x00050081,0x0000001e,0x00000672,0x00000670,
	0x00000671,0x0004003d,0x00000008,0x00000673,0x0000007b,0x000500b8,0x00000071,0x00000674,
	0x00000673,0x000000b7,0x0004003d,0x00000008,0x00000675,0x0000007b,0x000600a9,0x00000008,
	0x00000676,0x00000674,0x000000b7,0x00000675,0x0003003e,0x00000677,0x00000672,0x0003003e,
	0x00000678,0x00000676,0x00060039,0x00000008,0x00000679,0x00000048,0x00000677,0x00000678,
	0x0008000c,0x00000008,0x0000067a,0x00000001,0x0000002b,0x00000679,0x000000b7,0x000000b8,
	0x000200fe,0x0000067a,0x00010038,0x00050036,0x00000009,0x00000088,0x00000000,0x00000080,
	0x00030037,0x00000072,0x00000081,0x00030037,0x00000027,0x00000082,0x00030037,0x0000001f,
	0x00000083,0x00030037,0x0000001f,0x00000084,0x00030037,0x00000027,0x00000085,0x00030037,
	0x0000001f,0x00000086,0x00030037,0x0000001f,0x00000087,0x000200f8,0x00000089,0x0004003b,
	0x00000072,0x0000067d,0x00000007,0x0004003b,0x0000001d,0x0000068b,0x00000007,0x0004003b,
	0x0000001d,0x00000692,0x00000007,0x0004003b,0x0000001d,0x00000693,0x00000007,0x0004003b,
	0x0000001f,0x00000695,0x00000007,0x0004003b,0x0000001f,0x00000697,0x00000007,0x0004003b,
	0x0000001f,0x0000069a,0x00000007,0x0004003b,0x0000001f,0x0000069c,0x00000007,0x0004003b,
	0x00000007,0x000006a3,0x00000007,0x0004003b,0x0000001d,0x000006a4,0x00000007,0x0004003b,
	0x0000001f,0x000006a6,0x00000007,0x0004003d,0x00000071,0x0000067e,0x00000081,0x000400a8,
	0x00000071,0x0000067f,0x0000067e,0x0004003d,0x00000008,0x00000680,0x00000082,0x000500be,
	0x00000071,0x00000681,0x00000680,0x000000b7,0x000500a7,0x00000071,0x00000682,0x0000067f,
	0x00000681,0x0003003e,0x0000067d,0x00000682,0x0004003d,0x00000071,0x00000683,0x00000081,
	0x000400a8,0x00000071,0x00000684,0x00000683,0x0004003d,0x00000071,0x00000685,0x0000067d,
	0x000400a8,0x00000071,0x00000686,0x00000685,0x000500a7,0x00000071,0x00000687,0x00000684,
	0x00000686,0x000300f7,0x00000689,0x00000000,0x000400fa,0x00000687,0x00000688,0x00000689,
	0x000200f8,0x00000688,0x000200fe,0x0000018c,0x000200f8,0x00000689,0x0004003d,0x00000008,
	0x0000068c,0x00000085,0x000500ba,0x00000071,0x0000068d,0x0000068c,0x000000ef,0x0004003d,
	0x0000001c,0x0000068e,0x0000037f,0x0004003d,0x0000001c,0x0000068f,0x0000052a,0x00050050,
	0x00000382,0x00000690,0x0000068d,0x0000068d,0x000600a9,0x0000001c,0x00000691,0x00000690,
	0x0000068e,0x0000068f,0x0003003e,0x0000068b,0x00000691,0x0004003d,0x0000001c,0x00000694,
	0x0000068b,0x0003003e,0x00000693,0x00000694,0x0004003d,0x0000001e,0x00000696,0x00000083,
	0x0003003e,0x00000695,0x00000696,0x0004003d,0x0000001e,0x00000698,0x00000084,0x0003003e,
	0x00000697,0x00000698,0x00070039,0x0000001c,0x00000699,0x00000043,0x00000693,0x00000695,
	0x00000697,0x0003003e,0x00000692,0x00000699,0x0004003d,0x00000071,0x0000069b,0x0000067d,
	0x000300f7,0x0000069e,0x00000000,0x000400fa,0x0000069b,0x0000069d,0x000006a8,0x000200f8,
	0x0000069d,0x0004003d,0x00000008,0x000006a0,0x00000082,0x00050081,0x00000008,0x000006a1,
	0x000006a0,0x000000ef,0x0004006e,0x00000006,0x000006a2,0x000006a1,0x0003003e,0x000006a3,
	0x000006a2,0x0004003d,0x0000001c,0x000006a5,0x00000692,0x0003003e,0x000006a4,0x000006a5,
	0x0003003e,0x000006a6,0x00000498,0x00080039,0x0000001e,0x000006a7,0x00000025,0x0000069f,
	0x000006a3,0x000006a4,0x000006a6,0x0003003e,0x0000069c,0x000006a7,0x000200f9,0x0000069e,
	0x000200f8,0x000006a8,0x0004003d,0x0000004f,0x000006aa,0x000006a9,0x0004003d,0x0000001c,
	0x000006ab,0x00000692,0x00050057,0x0000001e,0x000006ac,0x000006aa,0x000006ab,0x0003003e,
	0x0000069c,0x000006ac,0x000200f9,0x0000069e,0x000200f8,0x0000069e,0x0004003d,0x0000001e,
	0x000006ad,0x0000069c,0x0003003e,0x0000069a,0x000006ad,0x0004003d,0x0000001e,0x000006ae,
	0x0000069a,0x0004003d,0x0000001e,0x000006af,0x00000086,0x00050085,0x0000001e,0x000006b0,
	0x000006ae,0x000006af,0x0004003d,0x0000001e,0x000006b1,0x00000087,0x00050081,0x0000001e,
	0x000006b2,0x000006b0,0x000006b1,0x0008004f,0x00000009,0x000006b3,0x000006b2,0x000006b2,
	0x00000000,0x00000001,0x00000002,0x000200fe,0x000006b3,0x00010038,0x00050036,0x00000008,
	0x0000008e,0x00000000,0x0000008a,0x00030037,0x0000000e,0x0000008b,0x00030037,0x0000000e,
	0x0000008c,0x00030037,0x0000000e,0x0000008d,0x000200f8,0x0000008f,0x0004003b,0x0000000e,
	0x000006c5,0x00000007,0x0004003b,0x0000000e,0x000006cb,0x00000007,0x0004003b,0x00000007,
	0x000006ce,0x00000007,0x0004003b,0x00000007,0x000006dc,0x00000007,0x0004003b,0x00000007,
	0x000006e9,0x00000007,0x0004003b,0x0000001f,0x000006f7,0x00000007,0x0004003b,0x0000000e,
	0x00000702,0x00000007,0x0004003b,0x00000027,0x00000716,0x00000007,0x0004003b,0x0000001f,
	0x00000736,0x00000007,0x0004003b,0x0000000e,0x0000073f,0x00000007,0x0004003b,0x00000027,
	0x00000772,0x00000007,0x0004003b,0x0000001d,0x0000077a,0x00000007,0x0004003b,0x00000027,
	0x00000782,0x00000007,0x0004003b,0x00000007,0x00000783,0x00000007,0x0004003b,0x00000007,
	0x0000078c,0x00000007,0x00060041,0x000006bf,0x000006c0,0x000006be,0x00000202,0x0000015f,
	0x0004003d,0x00000008,0x000006c1,0x000006c0,0x000500ba,0x00000071,0x000006c2,0x000006c1,
	0x000000ef,0x000300f7,0x000006c4,0x00000000,0x000400fa,0x000006c2,0x000006c3,0x000006c4,
	0x000200f8,0x000006c3,0x0004003d,0x00000009,0x000006c6,0x0000008b,0x00050041,0x0000015c,
	0x000006c7,0x000006be,0x00000202,0x0004003d,0x0000001e,0x000006c8,0x000006c7,0x0008004f,
	0x00000009,0x000006c9,0x000006c8,0x000006c8,0x00000000,0x00000001,0x00000002,0x00050083,
	0x00000009,0x000006ca,0x000006c6,0x000006c9,0x0003003e,0x000006c5,0x000006ca,0x0004003d,
	0x00000009,0x000006cc,0x000006c5,0x0006000c,0x00000009,0x000006cd,0x00000001,0x00000004,
	0x000006cc,0x0003003e,0x000006cb,0x000006cd,0x00050041,0x00000027,0x000006cf,0x000006cb,
	0x0000011b,0x0004003d,0x00000008,0x000006d0,0x000006cf,0x00050041,0x00000027,0x000006d1,
	0x000006cb,0x0000009f,0x0004003d,0x00000008,0x000006d2,0x000006d1,0x000500be,0x00000071,
	0x000006d3,0x000006d0,0x000006d2,0x000300f7,0x000006d5,0x00000000,0x000400fa,0x000006d3,
	0x000006d4,0x000006d5,0x000200f8,0x000006d4,0x00050041,0x00000027,0x000006d6,0x000006cb,
	0x0000011b,0x0004003d,0x00000008,0x000006d7,0x000006d6,0x00050041,0x00000027,0x000006d8,
	0x000006cb,0x000002b5,0x0004003d,0x00000008,0x000006d9,0x000006d8,0x000500be,0x00000071,
	0x000006da,0x000006d7,0x000006d9,0x000200f9,0x000006d5,0x000200f8,0x000006d5,0x000700f5,
	0x00000071,0x000006db,0x000006d3,0x000006c3,0x000006da,0x000006d4,0x000300f7,0x000006de,
	0x00000000,0x000400fa,0x000006db,0x000006dd,0x000006e3,0x000200f8,0x000006dd,0x00050041,
	0x00000027,0x000006df,0x000006c5,0x0000011b,0x0004003d,0x00000008,0x000006e0,0x000006df,
	0x000500be,0x00000071,0x000006e1,0x000006e0,0x000000b7,0x000600a9,0x00000006,0x000006e2,
	0x000006e1,0x00000094,0x000000d5,0x0003003e,0x000006dc,0x000006e2,0x000200f9,0x000006de,
	0x000200f8,0x000006e3,0x00050041,0x00000027,0x000006e4,0x000006cb,0x0000009f,0x0004003d,
	0x00000008,0x000006e5,0x000006e4,0x00050041,0x00000027,0x000006e6,0x000006cb,0x000002b5,
	0x0004003d,0x00000008,0x000006e7,0x000006e6,0x000500be,0x00000071,0x000006e8,0x000006e5,
	0x000006e7,0x000300f7,0x000006eb,0x00000000,0x000400fa,0x000006e8,0x000006ea,0x000006f0,
	0x000200f8,0x000006ea,0x00050041,0x00000027,0x000006ec,0x000006c5,0x0000009f,0x0004003d,
	0x00000008,0x000006ed,0x000006ec,0x000500be,0x00000071,0x000006ee,0x000006ed,0x000000b7,
	0x000600a9,0x00000006,0x000006ef,0x000006ee,0x000000df,0x000000e7,0x0003003e,0x000006e9,
	0x000006ef,0x000200f9,0x000006eb,0x000200f8,0x000006f0,0x00050041,0x00000027,0x000006f1,
	0x000006c5,0x000002b5,0x0004003d,0x00000008,0x000006f2,0x000006f1,0x000500be,0x00000071,
	0x000006f3,0x000006f2,0x000000b7,0x000600a9,0x00000006,0x000006f4,0x000006f3,0x00000109,
	0x000001e9,0x0003003e,0x000006e9,0x000006f4,0x000200f9,0x000006eb,0x000200f8,0x000006eb,
	0x0004003d,0x00000006,0x000006f5,0x000006e9,0x0003003e,0x000006dc,0x000006f5,0x000200f9,
	0x000006de,0x000200f8,0x000006de,0x0004003d,0x00000006,0x000006f6,0x000006dc,0x0003003e,
	0x000006ce,0x000006f6,0x0004003d,0x00000006,0x000006f8,0x000006ce,0x00060041,0x000006f9,
	0x000006fa,0x000006be,0x00000205,0x000006f8,0x0004003d,0x00000152,0x000006fb,0x000006fa,
	0x0004003d,0x00000009,0x000006fc,0x0000008b,0x00050051,0x00000008,0x000006fd,0x000006fc,
	0x00000000,0x00050051,0x00000008,0x000006fe,0x000006fc,0x00000001,0x00050051,0x00000008,
	0x000006ff,0x000006fc,0x00000002,0x00070050,0x0000001e,0x00000700,0x000006fd,0x000006fe,
	0x000006ff,0x000000b8,0x00050091,0x0000001e,0x00000701,0x000006fb,0x00000700,0x0003003e,
	0x000006f7,0x00000701,0x0004003d,0x0000001e,0x00000703,0x000006f7,0x0008004f,0x00000009,
	0x00000704,0x00000703,0x00000703,0x00000000,0x00000001,0x00000002,0x00050041,0x00000027,
	0x00000705,0x000006f7,0x0000015f,0x0004003d,0x00000008,0x00000706,0x00000705,0x00060050,
	0x00000009,0x00000707,0x00000706,0x00000706,0x00000706,0x00050088,0x00000009,0x00000708,
	0x00000704,0x00000707,0x0003003e,0x00000702,0x00000708,0x00050041,0x00000027,0x00000709,
	0x00000702,0x000002b5,0x0004003d,0x00000008,0x0000070a,0x00000709,0x000500bc,0x00000071,
	0x0000070b,0x0000070a,0x000000b7,0x000400a8,0x00000071,0x0000070c,0x0000070b,0x000300f7,
	0x0000070e,0x00000000,0x000400fa,0x0000070c,0x0000070d,0x0000070e,0x000200f8,0x0000070d,
	0x00050041,0x00000027,0x0000070f,0x00000702,0x000002b5,0x0004003d,0x00000008,0x00000710,
	0x0000070f,0x000500be,0x00000071,0x00000711,0x00000710,0x000000b8,0x000200f9,0x0000070e,
	0x000200f8,0x0000070e,0x000700f5,0x00000071,0x00000712,0x0000070b,0x000006de,0x00000711,
	0x0000070d,0x000300f7,0x00000714,0x00000000,0x000400fa,0x00000712,0x00000713,0x00000714,
	0x000200f8,0x00000713,0x000200fe,0x000000b8,0x000200f8,0x00000714,0x0004003d,0x00000009,
	0x00000719,0x0000008c,0x0004003d,0x00000009,0x0000071a,0x0000008d,0x00050094,0x00000008,
	0x0000071b,0x00000719,0x0000071a,0x0007000c,0x00000008,0x0000071c,0x00000001,0x00000028,
	0x0000071b,0x000000b7,0x00050083,0x00000008,0x0000071d,0x000000b8,0x0000071c,0x00050085,
	0x00000008,0x0000071e,0x00000718,0x0000071d,0x0007000c,0x00000008,0x0000071f,0x00000001,
	0x00000028,0x00000717,0x0000071e,0x0003003e,0x00000716,0x0000071f,0x00050041,0x00000027,
	0x00000720,0x00000702,0x000002b5,0x0004003d,0x00000008,0x00000721,0x00000720,0x0004003d,
	0x00000008,0x00000722,0x00000716,0x00050083,0x00000008,0x00000723,0x00000721,0x00000722,
	0x0004003d,0x00000725,0x00000728,0x00000727,0x0004003d,0x00000009,0x00000729,0x000006c5,
	0x0006000c,0x00000009,0x0000072a,0x00000001,0x00000045,0x00000729,0x00050057,0x0000001e,
	0x0000072b,0x00000728,0x0000072a,0x00050051,0x00000008,0x0000072c,0x0000072b,0x00000000,
	0x000500bc,0x00000071,0x0000072d,0x00000723,0x0000072c,0x000600a9,0x00000008,0x0000072e,
	0x0000072d,0x000000b8,0x000000b7,0x000200fe,0x0000072e,0x000200f8,0x000006c4,0x00060041,
	0x000006bf,0x00000730,0x000006be,0x000001fc,0x0000015f,0x0004003d,0x00000008,0x00000731,
	0x00000730,0x000500b8,0x00000071,0x00000732,0x00000731,0x000000ef,0x000300f7,0x00000734,
	0x00000000,0x000400fa,0x00000732,0x00000733,0x00000734,0x000200f8,0x00000733,0x000200fe,
	0x000000b8,0x000200f8,0x00000734,0x00050041,0x000006f9,0x00000737,0x000006be,0x000001ff,
	0x0004003d,0x00000152,0x00000738,0x00000737,0x0004003d,0x00000009,0x00000739,0x0000008b,
	0x00050051,0x00000008,0x0000073a,0x00000739,0x00000000,0x00050051,0x00000008,0x0000073b,
	0x00000739,0x00000001,0x00050051,0x00000008,0x0000073c,0x00000739,0x00000002,0x00070050,
	0x0000001e,0x0000073d,0x0000073a,0x0000073b,0x0000073c,0x000000b8,0x00050091,0x0000001e,
	0x0000073e,0x00000738,0x0000073d,0x0003003e,0x00000736,0x0000073e,0x0004003d,0x0000001e,
	0x00000740,0x00000736,0x0008004f,0x00000009,0x00000741,0x00000740,0x00000740,0x00000000,
	0x00000001,0x00000002,0x00050041,0x00000027,0x00000742,0x00000736,0x0000015f,0x0004003d,
	0x00000008,0x00000743,0x00000742,0x00060050,0x00000009,0x00000744,0x00000743,0x00000743,
	0x00000743,0x00050088,0x00000009,0x00000745,0x00000741,0x00000744,0x0003003e,0x0000073f,
	0x00000745,0x0004003d,0x00000009,0x00000746,0x0000073f,0x0007004f,0x0000001c,0x00000747,
	0x00000746,0x00000746,0x00000000,0x00000001,0x0005008e,0x0000001c,0x00000748,0x00000747,
	0x000000ef,0x00050050,0x0000001c,0x00000749,0x000000ef,0x000000ef,0x00050081,0x0000001c,
	0x0000074a,0x00000748,0x00000749,0x00050041,0x00000027,0x0000074b,0x0000073f,0x0000011b,
	0x00050051,0x00000008,0x0000074c,0x0000074a,0x00000000,0x0003003e,0x0000074b,0x0000074c,
	0x00050041,0x00000027,0x0000074d,0x0000073f,0x0000009f,0x00050051,0x00000008,0x0000074e,
	0x0000074a,0x00000001,0x0003003e,0x0000074d,0x0000074e,0x00050041,0x00000027,0x0000074f,
	0x0000073f,0x0000009f,0x0004003d,0x00000008,0x00000750,0x0000074f,0x00050083,0x00000008,
	0x00000751,0x000000b8,0x00000750,0x00050041,0x00000027,0x00000752,0x0000073f,0x0000009f,
	0x0003003e,0x00000752,0x00000751,0x00050041,0x00000027,0x00000753,0x0000073f,0x000002b5,
	0x0004003d,0x00000008,0x00000754,0x00000753,0x000500bc,0x00000071,0x00000755,0x00000754,
	0x000000b7,0x000400a8,0x00000071,0x00000756,0x00000755,0x000300f7,0x00000758,0x00000000,
	0x000400fa,0x00000756,0x00000757,0x00000758,0x000200f8,0x00000757,0x00050041,0x00000027,
	0x00000759,0x0000073f,0x000002b5,0x0004003d,0x00000008,0x0000075a,0x00000759,0x000500be,
	0x00000071,0x0000075b,0x0000075a,0x000000b8,0x000200f9,0x00000758,0x000200f8,0x00000758,
	0x000700f5,0x00000071,0x0000075c,0x00000755,0x00000734,0x0000075b,0x00000757,0x000400a8,
	0x00000071,0x0000075d,0x0000075c,0x000300f7,0x0000075f,0x00000000,0x000400fa,0x0000075d,
	0x0000075e,0x0000075f,0x000200f8,0x0000075e,0x0004003d,0x00000009,0x00000760,0x0000073f,
	0x0007004f,0x0000001c,0x00000761,0x00000760,0x00000760,0x00000000,0x00000001,0x000500b8,
	0x00000382,0x00000763,0x00000761,0x00000762,0x0004009a,0x00000071,0x00000764,0x00000763,
	0x000200f9,0x0000075f,0x000200f8,0x0000075f,0x000700f5,0x00000071,0x00000765,0x0000075c,
	0x00000758,0x00000764,0x0000075e,0x000400a8,0x00000071,0x00000766,0x00000765,0x000300f7,
	0x00000768,0x00000000,0x000400fa,0x00000766,0x00000767,0x00000768,0x000200f8,0x00000767,
	0x0004003d,0x00000009,0x00000769,0x0000073f,0x0007004f,0x0000001c,0x0000076a,0x00000769,
	0x00000769,0x00000000,0x00000001,0x000500ba,0x00000382,0x0000076c,0x0000076a,0x0000076b,
	0x0004009a,0x00000071,0x0000076d,0x0000076c,0x000200f9,0x00000768,0x000200f8,0x00000768,
	0x000700f5,0x00000071,0x0000076e,0x00000765,0x0000075f,0x0000076d,0x00000767,0x000300f7,
	0x00000770,0x00000000,0x000400fa,0x0000076e,0x0000076f,0x00000770,0x000200f8,0x0000076f,
	0x000200fe,0x000000b8,0x000200f8,0x00000770,0x0004003d,0x00000009,0x00000773,0x0000008c,
	0x0004003d,0x00000009,0x00000774,0x0000008d,0x00050094,0x00000008,0x00000775,0x00000773,
	0x00000774,0x0007000c,0x00000008,0x00000776,0x00000001,0x00000028,0x00000775,0x000000b7,
	0x00050083,0x00000008,0x00000777,0x000000b8,0x00000776,0x00050085,0x00000008,0x00000778,
	0x00000718,0x00000777,0x0007000c,0x00000008,0x00000779,0x00000001,0x00000028,0x00000717,
	0x00000778,0x0003003e,0x00000772,0x00000779,0x0004003d,0x0000004f,0x0000077c,0x0000077b,
	0x00040064,0x0000004e,0x0000077d,0x0000077c,0x00050067,0x00000114,0x0000077e,0x0000077d,
	0x00000094,0x0004006f,0x0000001c,0x0000077f,0x0000077e,0x00050050,0x0000001c,0x00000780,
	0x000000b8,0x000000b8,0x00050088,0x0000001c,0x00000781,0x00000780,0x0000077f,0x0003003e,
	0x0000077a,0x00000781,0x0003003e,0x00000782,0x000000b7,0x0003003e,0x00000783,0x00000784,
	0x000200f9,0x00000785,0x000200f8,0x00000785,0x000400f6,0x00000787,0x00000788,0x00000000,
	0x000200f9,0x00000789,0x000200f8,0x00000789,0x0004003d,0x00000006,0x0000078a,0x00000783,
	0x000500b3,0x00000071,0x0000078b,0x0000078a,0x000000d5,0x000400fa,0x0000078b,0x00000786,
	0x00000787,0x000200f8,0x00000786,0x0003003e,0x0000078c,0x00000784,0x000200f9,0x0000078d,
	0x000200f8,0x0000078d,0x000400f6,0x0000078f,0x00000790,0x00000000,0x000200f9,0x00000791,
	0x000200f8,0x00000791,0x0004003d,0x00000006,0x00000792,0x0000078c,0x000500b3,0x00000071,
	0x00000793,0x00000792,0x000000d5,0x000400fa,0x00000793,0x0000078e,0x0000078f,0x000200f8,
	0x0000078e,0x00050041,0x00000027,0x00000794,0x0000073f,0x000002b5,0x0004003d,0x00000008,
	0x00000795,0x00000794,0x0004003d,0x00000008,0x00000796,0x00000772,0x00050083,0x00000008,
	0x00000797,0x00000795,0x00000796,0x0004003d,0x0000004f,0x00000798,0x0000077b,0x0004003d,
	0x00000009,0x00000799,0x0000073f,0x0007004f,0x0000001c,0x0000079a,0x00000799,0x00000799,
	0x00000000,0x00000001,0x0004003d,0x00000006,0x0000079b,0x0000078c,0x0004006f,0x00000008,
	0x0000079c,0x0000079b,0x0004003d,0x00000006,0x0000079d,0x00000783,0x0004006f,0x00000008,
	0x0000079e,0x0000079d,0x00050050,0x0000001c,0x0000079f,0x0000079c,0x0000079e,0x0004003d,
	0x0000001c,0x000007a0,0x0000077a,0x00050085,0x0000001c,0x000007a1,0x0000079f,0x000007a0,
	0x00050081,0x0000001c,0x000007a2,0x0000079a,0x000007a1,0x00050057,0x0000001e,0x000007a3,
	0x00000798,0x000007a2,0x00050051,0x00000008,0x000007a4,0x000007a3,0x00000000,0x000500bc,
	0x00000071,0x000007a5,0x00000797,0x000007a4,0x000600a9,0x00000008,0x000007a6,0x000007a5,
	0x000000b8,0x000000b7,0x0004003d,0x00000008,0x000007a7,0x00000782,0x00050081,0x00000008,
	0x000007a8,0x000007a7,0x000007a6,0x0003003e,0x00000782,0x000007a8,0x000200f9,0x00000790,
	0x000200f8,0x00000790,0x0004003d,0x00000006,0x000007a9,0x0000078c,0x00050080,0x00000006,
	0x000007aa,0x000007a9,0x000000d5,0x0003003e,0x0000078c,0x000007aa,0x000200f9,0x0000078d,
	0x000200f8,0x0000078f,0x000200f9,0x00000788,0x000200f8,0x00000788,0x0004003d,0x00000006,
	0x000007ab,0x00000783,0x00050080,0x00000006,0x000007ac,0x000007ab,0x000000d5,0x0003003e,
	0x00000783,0x000007ac,0x000200f9,0x00000785,0x000200f8,0x00000787,0x0004003d,0x00000008,
	0x000007ad,0x00000782,0x00050088,0x00000008,0x000007af,0x000007ad,0x000007ae,0x000200fe,
	0x000007af,0x00010038,0x00050036,0x00000009,0x00000091,0x00000000,0x0000000f,0x00030037,
	0x0000000e,0x00000090,0x000200f8,0x00000092,0x0004003b,0x000001dc,0x000007ba,0x00000007,
	0x0004003b,0x0000001d,0x000007bc,0x00000007,0x0004003b,0x0000001d,0x000007c4,0x00000007,
	0x0004003b,0x0000001d,0x000007c5,0x00000007,0x0004003b,0x0000001f,0x000007c7,0x00000007,
	0x0004003b,0x0000001f,0x000007ca,0x00000007,0x0004003b,0x0000000e,0x000007ce,0x00000007,
	0x0004003b,0x0000000e,0x000007d1,0x00000007,0x0004003b,0x0000001d,0x000007d4,0x00000007,
	0x0004003b,0x0000001d,0x000007d7,0x00000007,0x0004003b,0x00000027,0x000007da,0x00000007,
	0x0004003b,0x0000000e,0x000007e6,0x00000007,0x0004003b,0x0000000e,0x000007f3,0x00000007,
	0x0004003b,0x0000000e,0x00000805,0x00000007,0x0004003b,0x0000000e,0x0000080e,0x00000007,
	0x0004003b,0x0000001d,0x0000080f,0x00000007,0x00060041,0x00000157,0x000007b2,0x00000156,
	0x00000109,0x0000015f,0x0004003d,0x00000006,0x000007b3,0x000007b2,0x000500c7,0x00000006,
	0x000007b4,0x000007b3,0x000000ad,0x000500aa,0x00000071,0x000007b5,0x000007b4,0x00000094,
	0x000300f7,0x000007b7,0x00000000,0x000400fa,0x000007b5,0x000007b6,0x000007b7,0x000200f8,
	0x000007b6,0x0004003d,0x00000009,0x000007b8,0x00000090,0x000200fe,0x000007b8,0x000200f8,
	0x000007b7,0x00040039,0x0000003b,0x000007bb,0x0000003d,0x0003003e,0x000007ba,0x000007bb,
	0x00060041,0x00000027,0x000007bd,0x000007ba,0x0000020d,0x000002b5,0x0004003d,0x00000008,
	0x000007be,0x000007bd,0x000500ba,0x00000071,0x000007bf,0x000007be,0x000000ef,0x0004003d,
	0x0000001c,0x000007c0,0x0000037f,0x0004003d,0x0000001c,0x000007c1,0x0000052a,0x00050050,
	0x00000382,0x000007c2,0x000007bf,0x000007bf,0x000600a9,0x0000001c,0x000007c3,0x000007c2,
	0x000007c0,0x000007c1,0x0003003e,0x000007bc,0x000007c3,0x0004003d,0x0000001c,0x000007c6,
	0x000007bc,0x0003003e,0x000007c5,0x000007c6,0x00050041,0x0000001f,0x000007c8,0x000007ba,
	0x00000109,0x0004003d,0x0000001e,0x000007c9,0x000007c8,0x0003003e,0x000007c7,0x000007c9,
	0x00050041,0x0000001f,0x000007cb,0x000007ba,0x000001e9,0x0004003d,0x0000001e,0x000007cc,
	0x000007cb,0x0003003e,0x000007ca,0x000007cc,0x00070039,0x0000001c,0x000007cd,0x00000043,
	0x000007c5,0x000007c7,0x000007ca,0x0003003e,0x000007c4,0x000007cd,0x0004003d,0x00000009,
	0x000007cf,0x0000055a,0x000400cf,0x00000009,0x000007d0,0x000007cf,0x0003003e,0x000007ce,
	0x000007d0,0x0004003d,0x00000009,0x000007d2,0x0000055a,0x000400d0,0x00000009,0x000007d3,
	0x000007d2,0x0003003e,0x000007d1,0x000007d3,0x0004003d,0x0000001c,0x000007d5,0x000007c4,
	0x000400cf,0x0000001c,0x000007d6,0x000007d5,0x0003003e,0x000007d4,0x000007d6,0x0004003d,
	0x0000001c,0x000007d8,0x000007c4,0x000400d0,0x0000001c,0x000007d9,0x000007d8,0x0003003e,
	0x000007d7,0x000007d9,0x00050041,0x00000027,0x000007db,0x000007d4,0x0000011b,0x0004003d,
	0x00000008,0x000007dc,0x000007db,0x00050041,0x00000027,0x000007dd,0x000007d7,0x0000009f,
	0x0004003d,0x00000008,0x000007de,0x000007dd,0x00050085,0x00000008,0x000007df,0x000007dc,
	0x000007de,0x00050041,0x00000027,0x000007e0,0x000007d7,0x0000011b,0x0004003d,0x00000008,
	0x000007e1,0x000007e0,0x00050041,0x00000027,0x000007e2,0x000007d4,0x0000009f,0x0004003d,
	0x00000008,0x000007e3,0x000007e2,0x00050085,0x00000008,0x000007e4,0x000007e1,0x000007e3,
	0x00050083,0x00000008,0x000007e5,0x000007df,0x000007e4,0x0003003e,0x000007da,0x000007e5,
	0x0004003d,0x00000009,0x000007e7,0x000007ce,0x00050041,0x00000027,0x000007e8,0x000007d7,
	0x0000009f,0x0004003d,0x00000008,0x000007e9,0x000007e8,0x0005008e,0x00000009,0x000007ea,
	0x000007e7,0x000007e9,0x0004003d,0x00000009,0x000007eb,0x000007d1,0x00050041,0x00000027,
	0x000007ec,0x000007d4,0x0000009f,0x0004003d,0x00000008,0x000007ed,0x000007ec,0x0005008e,
	0x00000009,0x000007ee,0x000007eb,0x000007ed,0x00050083,0x00000009,0x000007ef,0x000007ea,
	0x000007ee,0x0003003e,0x000007e6,0x000007ef,0x0004003d,0x00000008,0x000007f0,0x000007da,
	0x0006000c,0x00000008,0x000007f1,0x00000001,0x00000004,0x000007f0,0x000500ba,0x00000071,
	0x000007f2,0x000007f1,0x0000057e,0x000300f7,0x000007f5,0x00000000,0x000400fa,0x000007f2,
	0x000007f4,0x000007fa,0x000200f8,0x000007f4,0x0004003d,0x00000009,0x000007f6,0x000007e6,
	0x0004003d,0x00000008,0x000007f7,0x000007da,0x00060050,0x00000009,0x000007f8,0x000007f7,
	0x000007f7,0x000007f7,0x00050088,0x00000009,0x000007f9,0x000007f6,0x000007f8,0x0003003e,
	0x000007f3,0x000007f9,0x000200f9,0x000007f5,0x000200f8,0x000007fa,0x0004003d,0x00000009,
	0x000007fb,0x000007ce,0x0003003e,0x000007f3,0x000007fb,0x000200f9,0x000007f5,0x000200f8,
	0x000007f5,0x0004003d,0x00000009,0x000007fc,0x000007f3,0x0003003e,0x000007e6,0x000007fc,
	0x0004003d,0x00000009,0x000007fd,0x000007e6,0x0004003d,0x00000009,0x000007fe,0x00000090,
	0x0004003d,0x00000009,0x000007ff,0x00000090,0x0004003d,0x00000009,0x00000800,0x000007e6,
	0x00050094,0x00000008,0x00000801,0x000007ff,0x00000800,0x0005008e,0x00000009,0x00000802,
	0x000007fe,0x00000801,0x00050083,0x00000009,0x00000803,0x000007fd,0x00000802,0x0006000c,
	0x00000009,0x00000804,0x00000001,0x00000045,0x00000803,0x0003003e,0x000007e6,0x00000804,
	0x0004003d,0x00000009,0x00000806,0x00000090,0x0004003d,0x00000009,0x00000807,0x000007e6,
	0x0007000c,0x00000009,0x00000808,0x00000001,0x00000044,0x00000806,0x00000807,0x0006000c,
	0x00000009,0x00000809,0x00000001,0x00000045,0x00000808,0x0004003d,0x00000008,0x0000080a,
	0x000007da,0x000500b8,0x00000071,0x0000080b,0x0000080a,0x000000b7,0x000600a9,0x00000008,
	0x0000080c,0x0000080b,0x00000599,0x000000b8,0x0005008e,0x00000009,0x0000080d,0x00000809,
	0x0000080c,0x0003003e,0x00000805,0x0000080d,0x0004003d,0x0000001c,0x00000810,0x0000052a,
	0x0003003e,0x0000080f,0x00000810,0x00050039,0x0000001e,0x00000811,0x00000062,0x0000080f,
	0x0008004f,0x00000009,0x00000812,0x00000811,0x00000811,0x00000000,0x00000001,0x00000002,
	0x0003003e,0x0000080e,0x00000812,0x0004003d,0x00000009,0x00000813,0x000007e6,0x0004003d,
	0x00000009,0x00000814,0x00000805,0x0004003d,0x00000009,0x00000815,0x00000090,0x00050051,
	0x00000008,0x00000816,0x00000813,0x00000000,0x00050051,0x00000008,0x00000817,0x00000813,
	0x00000001,0x00050051,0x00000008,0x00000818,0x00000813,0x00000002,0x00050051,0x00000008,
	0x00000819,0x00000814,0x00000000,0x00050051,0x00000008,0x0000081a,0x00000814,0x00000001,
	0x00050051,0x00000008,0x0000081b,0x00000814,0x00000002,0x00050051,0x00000008,0x0000081c,
	0x00000815,0x00000000,0x00050051,0x00000008,0x0000081d,0x00000815,0x00000001,0x00050051,
	0x00000008,0x0000081e,0x00000815,0x00000002,0x00060050,0x00000009,0x0000081f,0x00000816,
	0x00000817,0x00000818,0x00060050,0x00000009,0x00000820,0x00000819,0x0000081a,0x0000081b,
	0x00060050,0x00000009,0x00000821,0x0000081c,0x0000081d,0x0000081e,0x00060050,0x0000059f,
	0x00000822,0x0000081f,0x00000820,0x00000821,0x0004003d,0x00000009,0x00000823,0x0000080e,
	0x00050091,0x00000009,0x00000824,0x00000822,0x00000823,0x0006000c,0x00000009,0x00000825,
	0x00000001,0x00000045,0x00000824,0x000200fe,0x00000825,0x00010038
};
