	// 1115.1.0
	 #pragma once
const uint32_t raytrace_comp_spv[] = {
	0x07230203,0x00010500,0x0008000b,0x00001159,0x00000000,0x00020011,0x00000001,0x00020011,
	0x0000000b,0x00020011,0x00000032,0x00020011,0x00001178,0x00020011,0x000014e3,0x0006000a,
	0x5f565053,0x5f52484b,0x5f796172,0x72657571,0x00000079,0x0006000b,0x00000001,0x4c534c47,
	0x6474732e,0x3035342e,0x00000000,0x0003000e,0x000014e4,0x00000001,0x001a000f,0x00000005,
	0x00000004,0x6e69616d,0x00000000,0x000001bc,0x000002c1,0x000002f0,0x000003cc,0x00000417,
	0x00000425,0x00000452,0x000004d5,0x00000583,0x0000058b,0x000005a3,0x0000061b,0x0000061e,
	0x00000697,0x0000080a,0x00000af6,0x00000bbb,0x00000bcd,0x0000106e,0x000010f4,0x0000112d,
	0x00060010,0x00000004,0x00000011,0x00000008,0x00000008,0x00000001,0x00030003,0x00000002,
	0x000001cc,0x00070004,0x455f4c47,0x625f5458,0x65666675,0x65725f72,0x65726566,0x0065636e,
	0x00080004,0x455f4c47,0x625f5458,0x65666675,0x65725f72,0x65726566,0x3265636e,0x00000000,
	0x00060004,0x455f4c47,0x725f5458,0x715f7961,0x79726575,0x00000000,0x00080004,0x455f4c47,
	0x735f5458,0x616c6163,0x6c625f72,0x5f6b636f,0x6f79616c,0x00007475,0x000d0004,0x455f4c47,
	0x735f5458,0x65646168,0x78655f72,0x63696c70,0x615f7469,0x68746972,0x6974656d,0x79745f63,
	0x5f736570,0x36746e69,0x00000034,0x00040005,0x00000004,0x6e69616d,0x00000000,0x00060005,
	0x0000000c,0x746c6168,0x75286e6f,0x31753b31,0x0000003b,0x00030005,0x0000000a,0x00000069,
	0x00030005,0x0000000b,0x00000062,0x00040005,0x00000010,0x74726556,0x00000073,0x00040006,
	0x00000010,0x00000000,0x00000076,0x00060005,0x00000016,0x63746566,0x736f5068,0x753b3128,
	0x00003b31,0x00030005,0x00000014,0x00006276,0x00030005,0x00000015,0x00006976,0x00060005,
	0x0000001a,0x63746566,0x6d724e68,0x753b3128,0x00003b31,0x00030005,0x00000018,0x00006276,
	0x00030005,0x00000019,0x00006976,0x00040005,0x0000001e,0x736c6f43,0x00000000,0x00040006,
	0x0000001e,0x00000000,0x00000063,0x00060005,0x00000024,0x63746566,0x6c6f4368,0x753b3128,
	0x00003b31,0x00030005,0x00000022,0x00006263,0x00030005,0x00000023,0x00006976,0x00060005,
	0x0000002a,0x63746566,0x28565568,0x31753b31,0x0000003b,0x00030005,0x00000028,0x00006276,
	0x00030005,0x00000029,0x00006976,0x00040005,0x0000002e,0x73315655,0x00000000,0x00040006,
	0x0000002e,0x00000000,0x00000075,0x00060005,0x00000033,0x63746566,0x31565568,0x753b3128,
	0x00003b31,0x00030005,0x00000031,0x00006275,0x00030005,0x00000032,0x00006976,0x00040005,
	0x00000037,0x6c666e49,0x00000073,0x00040006,0x00000037,0x00000000,0x00000066,0x00060005,
	0x0000003c,0x63746566,0x666e4968,0x3b31286c,0x003b3175,0x00030005,0x0000003a,0x00006269,
	0x00030005,0x0000003b,0x00006976,0x00040005,0x00000040,0x6e696f4a,0x00007374,0x00040006,
	0x00000040,0x00000000,0x0000006a,0x00040005,0x00000044,0x67696557,0x00737468,0x00040006,
	0x00000044,0x00000000,0x00000077,0x00090005,0x0000004d,0x63746566,0x6d6f4468,0x6e696f4a,
	0x3b312874,0x31753b31,0x3b31663b,0x00000000,0x00030005,0x00000049,0x0000626a,0x00030005,
	0x0000004a,0x00006277,0x00030005,0x0000004b,0x00006976,0x00040005,0x0000004c,0x74754f77,
	0x00000000,0x00050005,0x00000051,0x68736168,0x31752855,0x0000003b,0x00030005,0x00000050,
	0x00000078,0x00040005,0x00000055,0x28646e72,0x003b3175,0x00030005,0x00000054,0x00000073,
	0x00070005,0x0000005c,0x48736f63,0x28696d65,0x3b336676,0x663b3166,0x00003b31,0x00030005,
	0x00000059,0x0000006e,0x00030005,0x0000005a,0x00003175,0x00030005,0x0000005b,0x00003275,
	0x00060005,0x00000060,0x6f436873,0x75286665,0x31753b31,0x0000003b,0x00030005,0x0000005e,
	0x0000696c,0x00030005,0x0000005f,0x00000069,0x00080005,0x00000065,0x72496873,0x69646172,
	0x65636e61,0x3b317528,0x3b336676,0x00000000,0x00030005,0x00000063,0x0000696c,0x00030005,
	0x00000064,0x0000006e,0x00050005,0x00000069,0x6f436469,0x28726f6c,0x003b3175,0x00030005,
	0x00000068,0x00006469,0x00070005,0x0000006d,0x656e696c,0x6f547261,0x62677253,0x33667628,
	0x0000003b,0x00030005,0x0000006c,0x00000063,0x00070005,0x00000070,0x62677273,0x694c6f54,
	0x7261656e,0x33667628,0x0000003b,0x00030005,0x0000006f,0x00000063,0x00070005,0x00000076,
	0x70617277,0x726f6f43,0x31662864,0x3b31693b,0x00000000,0x00030005,0x00000074,0x00000078,
	0x00040005,0x00000075,0x65646f6d,0x00000000,0x00050005,0x0000007a,0x65547452,0x73654478,
	0x00000063,0x00050006,0x0000007a,0x00000000,0x7366666f,0x00007465,0x00050006,0x0000007a,
	0x00000001,0x74646977,0x00000068,0x00050006,0x0000007a,0x00000002,0x67696568,0x00007468,
	0x00050006,0x0000007a,0x00000003,0x70617277,0x00000053,0x00050006,0x0000007a,0x00000004,
	0x70617277,0x00000054,0x00050006,0x0000007a,0x00000005,0x62677273,0x00000000,0x00050006,
	0x0000007a,0x00000006,0x64557369,0x00006d69,0x00060006,0x0000007a,0x00000007,0x6d696475,
	0x6579614c,0x00000072,0x00130005,0x00000080,0x63746566,0x78655468,0x73286c65,0x63757274,
	0x74522d74,0x44786554,0x2d637365,0x692d3169,0x31692d31,0x2d31692d,0x692d3169,0x31692d31,
	0x5b31692d,0x5d303031,0x31693b31,0x3b31693b,0x00000000,0x00030005,0x0000007d,0x00006474,
	0x00030005,0x0000007e,0x00000078,0x00030005,0x0000007f,0x00000079,0x00090005,0x00000088,
	0x706d6173,0x7452656c,0x74786554,0x28657275,0x763b3169,0x763b3266,0x003b3466,0x00030005,
	0x00000085,0x00006469,0x00030005,0x00000086,0x00007675,0x00040005,0x00000087,0x7373696d,
	0x00676e69,0x00070005,0x0000008d,0x43786574,0x6e6e6168,0x76286c65,0x693b3466,0x00003b31,
	0x00030005,0x0000008b,0x00000063,0x00040005,0x0000008c,0x6e616863,0x006c656e,0x00090005,
	0x00000094,0x6574616d,0x6c616972,0x75287655,0x31693b31,0x3266763b,0x3266763b,0x0000003b,
	0x00040005,0x00000090,0x4974616d,0x00000064,0x00040005,0x00000091,0x746f6c73,0x00000000,
	0x00030005,0x00000092,0x00307675,0x00030005,0x00000093,0x00317675,0x000a0005,0x0000009b,
	0x6574616d,0x6c616972,0x6f6c6c41,0x69487377,0x31752874,0x3b31693b,0x3b326676,0x00000000,
	0x00030005,0x00000098,0x00646969,0x00040005,0x00000099,0x6d697270,0x00000000,0x00030005,
	0x0000009a,0x00006362,0x00030005,0x0000009d,0x00000066,0x00030005,0x0000009f,0x00000072,
	0x00030005,0x0000012e,0x00006a64,0x00030005,0x00000130,0x00007764,0x00030005,0x00000131,
	0x0000006b,0x00030005,0x00000139,0x00006b77,0x00030005,0x00000173,0x00000072,0x00030005,
	0x00000188,0x00000072,0x00030005,0x0000018b,0x00696870,0x00030005,0x0000018f,0x00000074,
	0x00030005,0x00000199,0x00000062,0x00030005,0x000001b8,0x00000072,0x00050005,0x000001ba,
	0x694c7452,0x73746867,0x00000000,0x00060006,0x000001ba,0x00000000,0x6867696c,0x776f5274,
	0x00000073,0x00030005,0x000001bc,0x00000000,0x00030005,0x000001d1,0x00000062,0x00030005,
	0x00000217,0x00000065,0x00030005,0x00000219,0x0000006b,0x00040005,0x00000227,0x61726170,
	0x0000006d,0x00040005,0x00000229,0x61726170,0x0000006d,0x00040005,0x0000022e,0x61726170,
	0x0000006d,0x00040005,0x00000230,0x61726170,0x0000006d,0x00040005,0x00000235,0x61726170,
	0x0000006d,0x00040005,0x00000237,0x61726170,0x0000006d,0x00030005,0x0000024b,0x00000068,
	0x00030005,0x00000265,0x00006f6c,0x00030005,0x00000269,0x00006968,0x00030005,0x00000281,
	0x00006f6c,0x00030005,0x00000285,0x00006968,0x00040005,0x000002a5,0x656c6974,0x00000000,
	0x00030005,0x000002a8,0x00000066,0x00040005,0x000002bd,0x64726f77,0x00000000,0x00050005,
	0x000002bf,0x65547452,0x736c6578,0x00000000,0x00060006,0x000002bf,0x00000000,0x65786574,
	0x726f576c,0x00007364,0x00030005,0x000002c1,0x00000000,0x00030005,0x000002d0,0x00000063,
	0x00040005,0x000002d8,0x61726170,0x0000006d,0x00050005,0x000002ec,0x65547452,0x73654478,
	0x00000063,0x00050006,0x000002ec,0x00000000,0x7366666f,0x00007465,0x00050006,0x000002ec,
	0x00000001,0x74646977,0x00000068,0x00050006,0x000002ec,0x00000002,0x67696568,0x00007468,
	0x00050006,0x000002ec,0x00000003,0x70617277,0x00000053,0x00050006,0x000002ec,0x00000004,
	0x70617277,0x00000054,0x00050006,0x000002ec,0x00000005,0x62677273,0x00000000,0x00050006,
	0x000002ec,0x00000006,0x64557369,0x00006d69,0x00060006,0x000002ec,0x00000007,0x6d696475,
	0x6579614c,0x00000072,0x00050005,0x000002ee,0x65547452,0x73654478,0x00007363,0x00060006,
	0x000002ee,0x00000000,0x44786574,0x73637365,0x00000000,0x00030005,0x000002f0,0x00000000,
	0x00030005,0x000002f9,0x00006474,0x00040005,0x00000306,0x656c6974,0x00000000,0x00030005,
	0x0000030a,0x0074756c,0x00040005,0x0000031c,0x656c6974,0x00006449,0x00030005,0x00000342,
	0x00000070,0x00040005,0x00000343,0x61726170,0x0000006d,0x00040005,0x00000346,0x61726170,
	0x0000006d,0x00040005,0x0000034a,0x61726170,0x0000006d,0x00040005,0x0000034d,0x61726170,
	0x0000006d,0x00030005,0x0000035c,0x00003070,0x00030005,0x00000360,0x00003170,0x00030005,
	0x0000036c,0x00000066,0x00030005,0x0000036f,0x00000061,0x00040005,0x00000370,0x61726170,
	0x0000006d,0x00040005,0x00000372,0x61726170,0x0000006d,0x00040005,0x00000375,0x61726170,
	0x0000006d,0x00040005,0x00000379,0x61726170,0x0000006d,0x00040005,0x0000037b,0x61726170,
	0x0000006d,0x00040005,0x0000037e,0x61726170,0x0000006d,0x00030005,0x00000386,0x00000062,
	0x00040005,0x00000387,0x61726170,0x0000006d,0x00040005,0x00000389,0x61726170,0x0000006d,
	0x00040005,0x0000038c,0x61726170,0x0000006d,0x00040005,0x00000390,0x61726170,0x0000006d,
	0x00040005,0x00000392,0x61726170,0x0000006d,0x00040005,0x00000395,0x61726170,0x0000006d,
	0x00040005,0x000003c4,0x65736162,0x00000000,0x00040005,0x000003c8,0x73746962,0x00000000,
	0x00060005,0x000003ca,0x614d7452,0x78655474,0x61726150,0x0000736d,0x00070006,0x000003ca,
	0x00000000,0x5474616d,0x61507865,0x736d6172,0x00000000,0x00030005,0x000003cc,0x00000000,
	0x00030005,0x000003d6,0x00007675,0x00030005,0x000003df,0x0000006f,0x00050005,0x00000410,
	0x74736e49,0x6f666e49,0x00000000,0x00050006,0x00000410,0x00000000,0x6873656d,0x00006449,
	0x00060006,0x00000410,0x00000001,0x4d657375,0x72657461,0x006c6169,0x00050006,0x00000410,
	0x00000002,0x30646170,0x00000000,0x00050006,0x00000410,0x00000003,0x31646170,0x00000000,
	0x00050006,0x00000410,0x00000004,0x746e6974,0x00000000,0x00030005,0x00000412,0x00006969,
	0x00050005,0x00000413,0x74736e49,0x6f666e49,0x00000000,0x00050006,0x00000413,0x00000000,
	0x6873656d,0x00006449,0x00060006,0x00000413,0x00000001,0x4d657375,0x72657461,0x006c6169,
	0x00050006,0x00000413,0x00000002,0x30646170,0x00000000,0x00050006,0x00000413,0x00000003,
	0x31646170,0x00000000,0x00050006,0x00000413,0x00000004,0x746e6974,0x00000000,0x00040005,
	0x00000415,0x74736e49,0x00000073,0x00050006,0x00000415,0x00000000,0x74736e69,0x00000073,
	0x00030005,0x00000417,0x00000000,0x00050005,0x0000041e,0x6873654d,0x63736544,0x00000000,
	0x00050006,0x0000041e,0x00000000,0x41787476,0x00726464,0x00050006,0x0000041e,0x00000001,
	0x41786469,0x00726464,0x00070006,0x0000041e,0x00000002,0x43787476,0x726f6c6f,0x72646441,
	0x00000000,0x00050006,0x0000041e,0x00000003,0x41317675,0x00726464,0x00060006,0x0000041e,
	0x00000004,0x6c666e69,0x72646441,0x00000000,0x00060006,0x0000041e,0x00000005,0x65636166,
	0x72646441,0x00000000,0x00060006,0x0000041e,0x00000006,0x4d697274,0x64417461,0x00007264,
	0x00060006,0x0000041e,0x00000007,0x6e696f6a,0x64644174,0x00000072,0x00060006,0x0000041e,
	0x00000008,0x67696577,0x64417468,0x00007264,0x00050006,0x0000041e,0x00000009,0x4974616d,
	0x00000064,0x00070006,0x0000041e,0x0000000a,0x6d6f6567,0x69727465,0x726f4e63,0x006c616d,
	0x00050006,0x0000041e,0x0000000b,0x306d726e,0x00000000,0x00050006,0x0000041e,0x0000000c,
	0x316d726e,0x00000000,0x00050006,0x0000041e,0x0000000d,0x326d726e,0x00000000,0x00030005,
	0x00000420,0x0000646d,0x00050005,0x00000421,0x6873654d,0x63736544,0x00000000,0x00050006,
	0x00000421,0x00000000,0x41787476,0x00726464,0x00050006,0x00000421,0x00000001,0x41786469,
	0x00726464,0x00070006,0x00000421,0x00000002,0x43787476,0x726f6c6f,0x72646441,0x00000000,
	0x00050006,0x00000421,0x00000003,0x41317675,0x00726464,0x00060006,0x00000421,0x00000004,
	0x6c666e69,0x72646441,0x00000000,0x00060006,0x00000421,0x00000005,0x65636166,0x72646441,
	0x00000000,0x00060006,0x00000421,0x00000006,0x4d697274,0x64417461,0x00007264,0x00060006,
	0x00000421,0x00000007,0x6e696f6a,0x64644174,0x00000072,0x00060006,0x00000421,0x00000008,
	0x67696577,0x64417468,0x00007264,0x00050006,0x00000421,0x00000009,0x4974616d,0x00000064,
	0x00070006,0x00000421,0x0000000a,0x6d6f6567,0x69727465,0x726f4e63,0x006c616d,0x00050006,
	0x00000421,0x0000000b,0x306d726e,0x00000000,0x00050006,0x00000421,0x0000000c,0x316d726e,
	0x00000000,0x00050006,0x00000421,0x0000000d,0x326d726e,0x00000000,0x00040005,0x00000423,
	0x6873654d,0x00007365,0x00050006,0x00000423,0x00000000,0x6873656d,0x00007365,0x00030005,
	0x00000425,0x00000000,0x00030005,0x0000042c,0x0064696d,0x00040005,0x00000439,0x4d697254,
	0x00737461,0x00040006,0x00000439,0x00000000,0x0000006d,0x00050005,0x0000044e,0x68706c61,
	0x646f4d61,0x00000065,0x00040005,0x00000450,0x7374614d,0x00000000,0x00050006,0x00000450,
	0x00000000,0x5274616d,0x0073776f,0x00030005,0x00000452,0x00000000,0x00030005,0x00000462,
	0x00006276,0x00030005,0x00000468,0x00786449,0x00040006,0x00000468,0x00000000,0x00000069,
	0x00030005,0x0000046a,0x00006269,0x00030005,0x0000046e,0x00003069,0x00030005,0x00000476,
	0x00003169,0x00030005,0x0000047e,0x00003269,0x00030005,0x00000486,0x00003077,0x00030005,
	0x0000048d,0x00307675,0x00040005,0x0000048e,0x61726170,0x0000006d,0x00040005,0x00000490,
	0x61726170,0x0000006d,0x00040005,0x00000495,0x61726170,0x0000006d,0x00040005,0x00000497,
	0x61726170,0x0000006d,0x00040005,0x0000049e,0x61726170,0x0000006d,0x00040005,0x000004a0,
	0x61726170,0x0000006d,0x00030005,0x000004a7,0x00317675,0x00030005,0x000004ae,0x00006275,
	0x00040005,0x000004b2,0x61726170,0x0000006d,0x00040005,0x000004b4,0x61726170,0x0000006d,
	0x00040005,0x000004b9,0x61726170,0x0000006d,0x00040005,0x000004bb,0x61726170,0x0000006d,
	0x00040005,0x000004c2,0x61726170,0x0000006d,0x00040005,0x000004c4,0x61726170,0x0000006d,
	0x00030005,0x000004cb,0x00006274,0x00030005,0x000004ce,0x00006270,0x00030005,0x000004d1,
	0x00007462,0x00050005,0x000004d3,0x614d7452,0x78655474,0x00736449,0x00060006,0x000004d3,
	0x00000000,0x5474616d,0x64497865,0x00000073,0x00030005,0x000004d5,0x00000000,0x00040005,
	0x000004d7,0x61726170,0x0000006d,0x00040005,0x000004d9,0x61726170,0x0000006d,0x00040005,
	0x000004da,0x61726170,0x0000006d,0x00040005,0x000004dc,0x61726170,0x0000006d,0x00040005,
	0x000004e0,0x61726170,0x0000006d,0x00040005,0x000004e4,0x61726170,0x0000006d,0x00040005,
	0x000004e5,0x61726170,0x0000006d,0x00040005,0x00000514,0x68706c61,0x00000061,0x00050005,
	0x00000520,0x6361706f,0x54797469,0x00007865,0x00030005,0x00000529,0x0000746f,0x00040005,
	0x0000052a,0x61726170,0x0000006d,0x00040005,0x0000052c,0x61726170,0x0000006d,0x00040005,
	0x0000052d,0x61726170,0x0000006d,0x00040005,0x0000052f,0x61726170,0x0000006d,0x00040005,
	0x00000532,0x61726170,0x0000006d,0x00040005,0x00000534,0x61726170,0x0000006d,0x00040005,
	0x00000535,0x61726170,0x0000006d,0x00040005,0x0000053e,0x61726170,0x0000006d,0x00040005,
	0x00000540,0x61726170,0x0000006d,0x00040005,0x00000555,0x66756263,0x00000066,0x00040005,
	0x00000559,0x61726170,0x0000006d,0x00040005,0x0000055b,0x61726170,0x0000006d,0x00040005,
	0x00000561,0x61726170,0x0000006d,0x00040005,0x00000563,0x61726170,0x0000006d,0x00040005,
	0x0000056b,0x61726170,0x0000006d,0x00040005,0x0000056d,0x61726170,0x0000006d,0x00030005,
	0x00000580,0x00007870,0x00080005,0x00000583,0x475f6c67,0x61626f6c,0x766e496c,0x7461636f,
	0x496e6f69,0x00000044,0x00040005,0x00000588,0x657a6973,0x00000000,0x00040005,0x0000058b,
	0x4974756f,0x0000676d,0x00030005,0x0000059f,0x00006966,0x00030005,0x000005a1,0x00004350,
	0x00060006,0x000005a1,0x00000000,0x56766e69,0x50776569,0x006a6f72,0x00050006,0x000005a1,
	0x00000001,0x506d6163,0x0000736f,0x00060006,0x000005a1,0x00000002,0x6867696c,0x72694474,
	0x00000000,0x00060006,0x000005a1,0x00000003,0x61656c63,0x6c6f4372,0x0000726f,0x00060006,
	0x000005a1,0x00000004,0x6e656373,0x6e694d65,0x00000000,0x00060006,0x000005a1,0x00000005,
	0x6e656373,0x74784565,0x00746e65,0x00030005,0x000005a3,0x00006370,0x00050005,0x000005aa,
	0x75636361,0x616c756d,0x00006574,0x00030005,0x000005ae,0x0074696a,0x00040005,0x000005b5,
	0x61726170,0x0000006d,0x00040005,0x000005b6,0x61726170,0x0000006d,0x00040005,0x000005ba,
	0x61726170,0x0000006d,0x00040005,0x000005bb,0x61726170,0x0000006d,0x00030005,0x000005c3,
	0x00007675,0x00030005,0x000005cd,0x0063646e,0x00040005,0x000005d8,0x7261656e,0x00000048,
	0x00040005,0x000005e1,0x48726166,0x00000000,0x00040005,0x000005e9,0x7261656e,0x00000057,
	0x00040005,0x000005f0,0x57726166,0x00000000,0x00040005,0x000005f7,0x6769726f,0x00006e69,
	0x00030005,0x000005f9,0x00726964,0x00040005,0x000005fe,0x6f4d6762,0x00006564,0x00030005,
	0x00000603,0x00636762,0x00040005,0x0000060c,0x61726170,0x0000006d,0x00040005,0x00000617,
	0x6374756f,0x00000000,0x00030005,0x0000061b,0x00007172,0x00040005,0x0000061e,0x53414c54,
	0x00000000,0x00030005,0x0000062f,0x00006963,0x00030005,0x00000632,0x00007063,0x00030005,
	0x00000634,0x00006263,0x00040005,0x00000636,0x61726170,0x0000006d,0x00040005,0x00000638,
	0x61726170,0x0000006d,0x00040005,0x0000063a,0x61726170,0x0000006d,0x00040005,0x0000064b,
	0x4c6d756e,0x00000000,0x00030005,0x00000650,0x0000696c,0x00030005,0x00000659,0x0000306c,
	0x00030005,0x00000671,0x0000346c,0x00030005,0x00000677,0x00006564,0x00050005,0x00000697,
	0x766e4575,0x65627543,0x00000000,0x00030005,0x000006a6,0x00646969,0x00040005,0x000006a9,
	0x6d697270,0x00000000,0x00030005,0x000006ab,0x00006362,0x00030005,0x000006ad,0x00000074,
	0x00030005,0x000006af,0x00746968,0x00030005,0x000006b5,0x00006969,0x00030005,0x000006ba,
	0x0000646d,0x00030005,0x000006c0,0x0064696d,0x00030005,0x000006d2,0x00006276,0x00030005,
	0x000006d6,0x00006269,0x00030005,0x000006da,0x00003069,0x00030005,0x000006e2,0x00003169,
	0x00030005,0x000006ea,0x00003269,0x00030005,0x000006f2,0x00003077,0x00040005,0x000006f9,
	0x68307675,0x00000000,0x00040005,0x000006fa,0x61726170,0x0000006d,0x00040005,0x000006fc,
	0x61726170,0x0000006d,0x00040005,0x00000701,0x61726170,0x0000006d,0x00040005,0x00000703,
	0x61726170,0x0000006d,0x00040005,0x0000070a,0x61726170,0x0000006d,0x00040005,0x0000070c,
	0x61726170,0x0000006d,0x00040005,0x00000713,0x68317675,0x00000000,0x00030005,0x0000071a,
	0x00006275,0x00040005,0x0000071e,0x61726170,0x0000006d,0x00040005,0x00000720,0x61726170,
	0x0000006d,0x00040005,0x00000725,0x61726170,0x0000006d,0x00040005,0x00000727,0x61726170,
	0x0000006d,0x00040005,0x0000072e,0x61726170,0x0000006d,0x00040005,0x00000730,0x61726170,
	0x0000006d,0x00030005,0x00000739,0x0077326f,0x00030005,0x00000741,0x00307077,0x00040005,
	0x00000743,0x61726170,0x0000006d,0x00040005,0x00000745,0x61726170,0x0000006d,0x00030005,
	0x0000074d,0x00317077,0x00040005,0x0000074f,0x61726170,0x0000006d,0x00040005,0x00000751,
	0x61726170,0x0000006d,0x00030005,0x00000759,0x00327077,0x00040005,0x0000075b,0x61726170,
	0x0000006d,0x00040005,0x0000075d,0x61726170,0x0000006d,0x00030005,0x00000765,0x0000004e,
	0x00040005,0x0000076f,0x6a624f6e,0x00000000,0x00040005,0x00000770,0x61726170,0x0000006d,
	0x00040005,0x00000772,0x61726170,0x0000006d,0x00040005,0x00000777,0x61726170,0x0000006d,
	0x00040005,0x00000779,0x61726170,0x0000006d,0x00040005,0x00000780,0x61726170,0x0000006d,
	0x00040005,0x00000782,0x61726170,0x0000006d,0x00030005,0x0000078b,0x00006d6e,0x00080005,
	0x000007b6,0x68747561,0x6465726f,0x496e6f4e,0x6174736e,0x6465636e,0x00000000,0x00040005,
	0x000007ce,0x68706c61,0x00000061,0x00050005,0x000007cf,0x6174656d,0x63696c6c,0x00000000,
	0x00050005,0x000007d0,0x67756f72,0x73656e68,0x00000073,0x00050005,0x000007d1,0x68706c61,
	0x646f4d61,0x00000065,0x00050005,0x000007d2,0x68706c61,0x74754361,0x0066666f,0x00050005,
	0x000007d3,0x73696d65,0x65766973,0x00000000,0x00050005,0x000007d4,0x63657073,0x67696557,
	0x00007468,0x00050005,0x000007d5,0x74616f63,0x67696557,0x00007468,0x00060005,0x000007d6,
	0x74616f63,0x67756f52,0x73656e68,0x00000073,0x00040005,0x000007e1,0x65736162,0x00000000,
	0x00040005,0x00000808,0x4d74724c,0x00737461,0x00050006,0x00000808,0x00000000,0x5274726c,
	0x0073776f,0x00030005,0x0000080a,0x00000000,0x00030005,0x00000850,0x00006263,0x00030005,
	0x00000854,0x00006376,0x00040005,0x00000855,0x61726170,0x0000006d,0x00040005,0x00000857,
	0x61726170,0x0000006d,0x00040005,0x0000085c,0x61726170,0x0000006d,0x00040005,0x0000085e,
	0x61726170,0x0000006d,0x00040005,0x00000865,0x61726170,0x0000006d,0x00040005,0x00000867,
	0x61726170,0x0000006d,0x00030005,0x0000087e,0x00006274,0x00030005,0x00000881,0x00006270,
	0x00030005,0x00000884,0x00007462,0x00040005,0x00000887,0x61726170,0x0000006d,0x00040005,
	0x00000889,0x61726170,0x0000006d,0x00040005,0x0000088a,0x61726170,0x0000006d,0x00040005,
	0x0000088c,0x61726170,0x0000006d,0x00040005,0x0000088f,0x61726170,0x0000006d,0x00040005,
	0x00000892,0x61726170,0x0000006d,0x00040005,0x00000893,0x61726170,0x0000006d,0x00030005,
	0x000008c5,0x0000746d,0x00040005,0x000008c8,0x61726170,0x0000006d,0x00040005,0x000008ca,
	0x61726170,0x0000006d,0x00040005,0x000008cb,0x61726170,0x0000006d,0x00040005,0x000008cd,
	0x61726170,0x0000006d,0x00040005,0x000008d0,0x61726170,0x0000006d,0x00040005,0x000008d3,
	0x61726170,0x0000006d,0x00040005,0x000008d4,0x61726170,0x0000006d,0x00030005,0x000008d6,
	0x00007472,0x00040005,0x000008d9,0x61726170,0x0000006d,0x00040005,0x000008db,0x61726170,
	0x0000006d,0x00040005,0x000008dc,0x61726170,0x0000006d,0x00040005,0x000008de,0x61726170,
	0x0000006d,0x00040005,0x000008e1,0x61726170,0x0000006d,0x00040005,0x000008e4,0x61726170,
	0x0000006d,0x00040005,0x000008e5,0x61726170,0x0000006d,0x00040005,0x000008ef,0x61726170,
	0x0000006d,0x00040005,0x000008f1,0x61726170,0x0000006d,0x00040005,0x00000909,0x61726170,
	0x0000006d,0x00040005,0x0000090b,0x61726170,0x0000006d,0x00050005,0x0000091b,0x6361706f,
	0x54797469,0x00007865,0x00030005,0x00000924,0x0000746f,0x00040005,0x00000925,0x61726170,
	0x0000006d,0x00040005,0x00000927,0x61726170,0x0000006d,0x00040005,0x00000928,0x61726170,
	0x0000006d,0x00040005,0x0000092a,0x61726170,0x0000006d,0x00040005,0x0000092d,0x61726170,
	0x0000006d,0x00040005,0x0000092f,0x61726170,0x0000006d,0x00040005,0x00000930,0x61726170,
	0x0000006d,0x00040005,0x00000938,0x61726170,0x0000006d,0x00040005,0x0000093a,0x61726170,
	0x0000006d,0x00050005,0x00000948,0x73696d65,0x65766973,0x00786554,0x00030005,0x00000951,
	0x00007465,0x00040005,0x00000952,0x61726170,0x0000006d,0x00040005,0x00000954,0x61726170,
	0x0000006d,0x00040005,0x00000955,0x61726170,0x0000006d,0x00040005,0x00000957,0x61726170,
	0x0000006d,0x00040005,0x0000095a,0x61726170,0x0000006d,0x00040005,0x0000095c,0x61726170,
	0x0000006d,0x00040005,0x0000095d,0x61726170,0x0000006d,0x00050005,0x00000990,0x6d726f6e,
	0x65546c61,0x00000078,0x00030005,0x00000999,0x0000746e,0x00040005,0x0000099a,0x61726170,
	0x0000006d,0x00040005,0x0000099c,0x61726170,0x0000006d,0x00040005,0x0000099d,0x61726170,
	0x0000006d,0x00040005,0x0000099f,0x61726170,0x0000006d,0x00040005,0x000009a3,0x61726170,
	0x0000006d,0x00040005,0x000009a5,0x61726170,0x0000006d,0x00040005,0x000009a6,0x61726170,
	0x0000006d,0x00030005,0x000009d5,0x00307077,0x00040005,0x000009d7,0x61726170,0x0000006d,
	0x00040005,0x000009d9,0x61726170,0x0000006d,0x00030005,0x000009e1,0x00317077,0x00040005,
	0x000009e3,0x61726170,0x0000006d,0x00040005,0x000009e5,0x61726170,0x0000006d,0x00030005,
	0x000009ed,0x00327077,0x00040005,0x000009ef,0x61726170,0x0000006d,0x00040005,0x000009f1,
	0x61726170,0x0000006d,0x00030005,0x000009f9,0x0030746e,0x00040005,0x000009fa,0x61726170,
	0x0000006d,0x00040005,0x000009fc,0x61726170,0x0000006d,0x00040005,0x00000a08,0x61726170,
	0x0000006d,0x00040005,0x00000a09,0x61726170,0x0000006d,0x00040005,0x00000a0d,0x61726170,
	0x0000006d,0x00040005,0x00000a0f,0x61726170,0x0000006d,0x00040005,0x00000a12,0x61726170,
	0x0000006d,0x00040005,0x00000a14,0x61726170,0x0000006d,0x00040005,0x00000a15,0x61726170,
	0x0000006d,0x00040005,0x00000a16,0x61726170,0x0000006d,0x00030005,0x00000a19,0x0031746e,
	0x00040005,0x00000a1a,0x61726170,0x0000006d,0x00040005,0x00000a1c,0x61726170,0x0000006d,
	0x00040005,0x00000a28,0x61726170,0x0000006d,0x00040005,0x00000a29,0x61726170,0x0000006d,
	0x00040005,0x00000a2d,0x61726170,0x0000006d,0x00040005,0x00000a2f,0x61726170,0x0000006d,
	0x00040005,0x00000a32,0x61726170,0x0000006d,0x00040005,0x00000a34,0x61726170,0x0000006d,
	0x00040005,0x00000a35,0x61726170,0x0000006d,0x00040005,0x00000a36,0x61726170,0x0000006d,
	0x00030005,0x00000a39,0x0032746e,0x00040005,0x00000a3a,0x61726170,0x0000006d,0x00040005,
	0x00000a3c,0x61726170,0x0000006d,0x00040005,0x00000a48,0x61726170,0x0000006d,0x00040005,
	0x00000a49,0x61726170,0x0000006d,0x00040005,0x00000a4d,0x61726170,0x0000006d,0x00040005,
	0x00000a4f,0x61726170,0x0000006d,0x00040005,0x00000a52,0x61726170,0x0000006d,0x00040005,
	0x00000a54,0x61726170,0x0000006d,0x00040005,0x00000a55,0x61726170,0x0000006d,0x00040005,
	0x00000a56,0x61726170,0x0000006d,0x00030005,0x00000a59,0x00003165,0x00030005,0x00000a5d,
	0x00003265,0x00030005,0x00000a61,0x00003164,0x00030005,0x00000a65,0x00003264,0x00030005,
	0x00000a69,0x00746564,0x00030005,0x00000a75,0x00000054,0x00030005,0x00000a96,0x00000042,
	0x00060005,0x00000aaa,0x6574616d,0x6c616972,0x6361704f,0x00797469,0x00040005,0x00000ab8,
	0x646f6d72,0x00000065,0x00030005,0x00000abd,0x0000004c,0x00050005,0x00000ac2,0x6867696c,
	0x6c6f4374,0x0000726f,0x00040005,0x00000ad0,0x6b636170,0x004c6465,0x00040005,0x00000ae6,
	0x66666964,0x00000000,0x00040005,0x00000aeb,0x64616873,0x0000776f,0x00030005,0x00000af6,
	0x00007173,0x00030005,0x00000b07,0x00006963,0x00030005,0x00000b0a,0x00007063,0x00030005,
	0x00000b0c,0x00006263,0x00040005,0x00000b0e,0x61726170,0x0000006d,0x00040005,0x00000b10,
	0x61726170,0x0000006d,0x00040005,0x00000b12,0x61726170,0x0000006d,0x00030005,0x00000b1b,
	0x00000056,0x00030005,0x00000b22,0x00000048,0x00040005,0x00000b27,0x63657073,0x00000000,
	0x00040005,0x00000b35,0x74616f63,0x00000000,0x00040005,0x00000b45,0x69626d61,0x00746e65,
	0x00040005,0x00000b47,0x63657073,0x004c4249,0x00040005,0x00000b48,0x4c6d756e,0x00000032,
	0x00030005,0x00000b4d,0x0000696c,0x00030005,0x00000b56,0x0000306c,0x00050005,0x00000b6e,
	0x43766e65,0x726f6c6f,0x00000000,0x00030005,0x00000b75,0x0000654e,0x00040005,0x00000b90,
	0x61726170,0x0000006d,0x00040005,0x00000b92,0x61726170,0x0000006d,0x00030005,0x00000b97,
	0x00007752,0x00030005,0x00000b9c,0x00006552,0x00030005,0x00000bb7,0x00686772,0x00040005,
	0x00000bba,0x4c78616d,0x0000646f,0x00070005,0x00000bbb,0x65725075,0x746c6966,0x64657265,
	0x65627543,0x00000000,0x00040005,0x00000bc1,0x66657270,0x00000000,0x00030005,0x00000bc9,
	0x00676664,0x00050005,0x00000bcd,0x64724275,0x74754c66,0x00000000,0x00030005,0x00000bd7,
	0x00003046,0x00030005,0x00000c2e,0x00000065,0x00040005,0x00000c4a,0x61726170,0x0000006d,
	0x00030005,0x00000c52,0x00307077,0x00040005,0x00000c54,0x61726170,0x0000006d,0x00040005,
	0x00000c56,0x61726170,0x0000006d,0x00030005,0x00000c5e,0x00317077,0x00040005,0x00000c60,
	0x61726170,0x0000006d,0x00040005,0x00000c62,0x61726170,0x0000006d,0x00030005,0x00000c6a,
	0x00327077,0x00040005,0x00000c6c,0x61726170,0x0000006d,0x00040005,0x00000c6e,0x61726170,
	0x0000006d,0x00030005,0x00000c76,0x0000674e,0x00030005,0x00000c90,0x00687675,0x00040005,
	0x00000c91,0x61726170,0x0000006d,0x00040005,0x00000c93,0x61726170,0x0000006d,0x00040005,
	0x00000c98,0x61726170,0x0000006d,0x00040005,0x00000c9a,0x61726170,0x0000006d,0x00040005,
	0x00000ca1,0x61726170,0x0000006d,0x00040005,0x00000ca3,0x61726170,0x0000006d,0x00030005,
	0x00000cb4,0x00000064,0x00030005,0x00000cc9,0x00307077,0x00040005,0x00000ccb,0x61726170,
	0x0000006d,0x00040005,0x00000ccd,0x61726170,0x0000006d,0x00030005,0x00000cd5,0x00317077,
	0x00040005,0x00000cd7,0x61726170,0x0000006d,0x00040005,0x00000cd9,0x61726170,0x0000006d,
	0x00030005,0x00000ce1,0x00327077,0x00040005,0x00000ce3,0x61726170,0x0000006d,0x00040005,
	0x00000ce5,0x61726170,0x0000006d,0x00030005,0x00000d2d,0x00687675,0x00040005,0x00000d2e,
	0x61726170,0x0000006d,0x00040005,0x00000d30,0x61726170,0x0000006d,0x00040005,0x00000d35,
	0x61726170,0x0000006d,0x00040005,0x00000d37,0x61726170,0x0000006d,0x00040005,0x00000d3e,
	0x61726170,0x0000006d,0x00040005,0x00000d40,0x61726170,0x0000006d,0x00030005,0x00000d47,
	0x00000063,0x00030005,0x00000d5b,0x00687675,0x00040005,0x00000d5c,0x61726170,0x0000006d,
	0x00040005,0x00000d5e,0x61726170,0x0000006d,0x00040005,0x00000d63,0x61726170,0x0000006d,
	0x00040005,0x00000d65,0x61726170,0x0000006d,0x00040005,0x00000d6c,0x61726170,0x0000006d,
	0x00040005,0x00000d6e,0x61726170,0x0000006d,0x00040005,0x00000d75,0x656c6974,0x00000000,
	0x00040005,0x00000d83,0x61726170,0x0000006d,0x00030005,0x00000d8b,0x00307077,0x00040005,
	0x00000d8d,0x61726170,0x0000006d,0x00040005,0x00000d8f,0x61726170,0x0000006d,0x00030005,
	0x00000d97,0x00317077,0x00040005,0x00000d99,0x61726170,0x0000006d,0x00040005,0x00000d9b,
	0x61726170,0x0000006d,0x00030005,0x00000da3,0x00327077,0x00040005,0x00000da5,0x61726170,
	0x0000006d,0x00040005,0x00000da7,0x61726170,0x0000006d,0x00030005,0x00000daf,0x00003074,
	0x00040005,0x00000db0,0x61726170,0x0000006d,0x00040005,0x00000db2,0x61726170,0x0000006d,
	0x00030005,0x00000db5,0x00003174,0x00040005,0x00000db6,0x61726170,0x0000006d,0x00040005,
	0x00000db8,0x61726170,0x0000006d,0x00030005,0x00000dbb,0x00003274,0x00040005,0x00000dbc,
	0x61726170,0x0000006d,0x00040005,0x00000dbe,0x61726170,0x0000006d,0x00050005,0x00000dc1,
	0x6c726f77,0x65724164,0x00000061,0x00030005,0x00000dca,0x00003164,0x00030005,0x00000dce,
	0x00003264,0x00040005,0x00000dd2,0x72417675,0x00006165,0x00030005,0x00000ddf,0x00006474,
	0x00030005,0x00000de5,0x00000063,0x00040005,0x00000e05,0x65636146,0x00000073,0x00040006,
	0x00000e05,0x00000000,0x00006366,0x00040005,0x00000e09,0x61726170,0x0000006d,0x00030005,
	0x00000e1a,0x00006275,0x00030005,0x00000e1e,0x00000074,0x00040005,0x00000e1f,0x61726170,
	0x0000006d,0x00040005,0x00000e21,0x61726170,0x0000006d,0x00040005,0x00000e26,0x61726170,
	0x0000006d,0x00040005,0x00000e28,0x61726170,0x0000006d,0x00040005,0x00000e2f,0x61726170,
	0x0000006d,0x00040005,0x00000e31,0x61726170,0x0000006d,0x00040005,0x00000e44,0x6c666e69,
	0x00000000,0x00030005,0x00000e4a,0x00006266,0x00040005,0x00000e4e,0x61726170,0x0000006d,
	0x00040005,0x00000e50,0x61726170,0x0000006d,0x00040005,0x00000e55,0x61726170,0x0000006d,
	0x00040005,0x00000e57,0x61726170,0x0000006d,0x00040005,0x00000e5e,0x61726170,0x0000006d,
	0x00040005,0x00000e60,0x61726170,0x0000006d,0x00030005,0x00000e67,0x00000063,0x00030005,
	0x00000e7e,0x00307077,0x00040005,0x00000e80,0x61726170,0x0000006d,0x00040005,0x00000e82,
	0x61726170,0x0000006d,0x00030005,0x00000e8a,0x00317077,0x00040005,0x00000e8c,0x61726170,
	0x0000006d,0x00040005,0x00000e8e,0x61726170,0x0000006d,0x00030005,0x00000e96,0x00327077,
	0x00040005,0x00000e98,0x61726170,0x0000006d,0x00040005,0x00000e9a,0x61726170,0x0000006d,
	0x00030005,0x00000ea2,0x00307675,0x00040005,0x00000ea3,0x61726170,0x0000006d,0x00040005,
	0x00000ea5,0x61726170,0x0000006d,0x00030005,0x00000ea8,0x00317675,0x00040005,0x00000ea9,
	0x61726170,0x0000006d,0x00040005,0x00000eab,0x61726170,0x0000006d,0x00030005,0x00000eae,
	0x00327675,0x00040005,0x00000eaf,0x61726170,0x0000006d,0x00040005,0x00000eb1,0x61726170,
	0x0000006d,0x00030005,0x00000eb4,0x00003165,0x00030005,0x00000eb8,0x00003265,0x00030005,
	0x00000ebc,0x00003164,0x00030005,0x00000ec0,0x00003264,0x00030005,0x00000ec4,0x00000072,
	0x00030005,0x00000ed0,0x00000054,0x00030005,0x00000efd,0x0000626a,0x00030005,0x00000f01,
	0x00006277,0x00030005,0x00000f05,0x00006a64,0x00030005,0x00000f06,0x00643077,0x00040005,
	0x00000f07,0x61726170,0x0000006d,0x00040005,0x00000f09,0x61726170,0x0000006d,0x00040005,
	0x00000f0b,0x61726170,0x0000006d,0x00040005,0x00000f0d,0x61726170,0x0000006d,0x00030005,
	0x00000f10,0x00643177,0x00040005,0x00000f11,0x61726170,0x0000006d,0x00040005,0x00000f13,
	0x61726170,0x0000006d,0x00040005,0x00000f15,0x61726170,0x0000006d,0x00040005,0x00000f17,
	0x61726170,0x0000006d,0x00030005,0x00000f1a,0x00643277,0x00040005,0x00000f1b,0x61726170,
	0x0000006d,0x00040005,0x00000f1d,0x61726170,0x0000006d,0x00040005,0x00000f1f,0x61726170,
	0x0000006d,0x00040005,0x00000f21,0x61726170,0x0000006d,0x00030005,0x00000f24,0x00007477,
	0x00040005,0x00000f34,0x61726170,0x0000006d,0x00030005,0x00000f4a,0x0000306e,0x00040005,
	0x00000f4b,0x61726170,0x0000006d,0x00040005,0x00000f4d,0x61726170,0x0000006d,0x00030005,
	0x00000f51,0x0000316e,0x00040005,0x00000f52,0x61726170,0x0000006d,0x00040005,0x00000f54,
	0x61726170,0x0000006d,0x00030005,0x00000f58,0x0000326e,0x00040005,0x00000f59,0x61726170,
	0x0000006d,0x00040005,0x00000f5b,0x61726170,0x0000006d,0x00040005,0x00000f5f,0x65727073,
	0x00006461,0x00030005,0x00000f6e,0x00000063,0x00040005,0x00000f95,0x61726170,0x0000006d,
	0x00040005,0x00000f9c,0x61726170,0x0000006d,0x00040005,0x00000fa6,0x61726170,0x0000006d,
	0x00030005,0x00000fbe,0x00000070,0x00030005,0x00000fe0,0x0000006b,0x00030005,0x0000100a,
	0x00307077,0x00040005,0x0000100c,0x61726170,0x0000006d,0x00040005,0x0000100e,0x61726170,
	0x0000006d,0x00030005,0x00001016,0x00317077,0x00040005,0x00001018,0x61726170,0x0000006d,
	0x00040005,0x0000101a,0x61726170,0x0000006d,0x00030005,0x00001022,0x00327077,0x00040005,
	0x00001024,0x61726170,0x0000006d,0x00040005,0x00001026,0x61726170,0x0000006d,0x00030005,
	0x0000102e,0x0000674e,0x00050005,0x0000103f,0x61526f61,0x73756964,0x00000000,0x00040005,
	0x00001044,0x64656573,0x00000000,0x00040005,0x00001055,0x61726170,0x0000006d,0x00030005,
	0x00001057,0x0063636f,0x00030005,0x00001058,0x00000073,0x00030005,0x00001060,0x00006473,
	0x00040005,0x00001061,0x61726170,0x0000006d,0x00040005,0x00001065,0x61726170,0x0000006d,
	0x00040005,0x00001069,0x61726170,0x0000006d,0x00040005,0x0000106b,0x61726170,0x0000006d,
	0x00040005,0x0000106c,0x61726170,0x0000006d,0x00030005,0x0000106e,0x00007161,0x00030005,
	0x00001083,0x00006963,0x00030005,0x00001086,0x00007063,0x00030005,0x00001088,0x00006263,
	0x00040005,0x0000108a,0x61726170,0x0000006d,0x00040005,0x0000108c,0x61726170,0x0000006d,
	0x00040005,0x0000108e,0x61726170,0x0000006d,0x00030005,0x000010a5,0x0000634c,0x00030005,
	0x000010aa,0x00007474,0x00030005,0x000010b1,0x00006262,0x00040005,0x000010b9,0x64656573,
	0x00000000,0x00040005,0x000010ca,0x61726170,0x0000006d,0x00030005,0x000010cc,0x00736976,
	0x00030005,0x000010cd,0x00000073,0x00030005,0x000010d5,0x00000061,0x00040005,0x000010d6,
	0x61726170,0x0000006d,0x00030005,0x000010db,0x00007272,0x00040005,0x000010dc,0x61726170,
	0x0000006d,0x00030005,0x000010e3,0x00006473,0x00030005,0x000010f4,0x00007173,0x00030005,
	0x00001105,0x00006963,0x00030005,0x00001108,0x00007063,0x00030005,0x0000110a,0x00006263,
	0x00040005,0x0000110c,0x61726170,0x0000006d,0x00040005,0x0000110e,0x61726170,0x0000006d,
	0x00040005,0x00001110,0x61726170,0x0000006d,0x00030005,0x00001123,0x006d7573,0x00050005,
	0x0000112d,0x75636361,0x676d496d,0x00000000,0x00040005,0x00001142,0x4d74756f,0x0065646f,
	0x00040005,0x0000114e,0x61726170,0x0000006d,0x00040047,0x0000000f,0x00000006,0x00000004,
	0x00030047,0x00000010,0x00000002,0x00040048,0x00000010,0x00000000,0x00000018,0x00050048,
	0x00000010,0x00000000,0x00000023,0x00000000,0x00030047,0x00000014,0x000014ec,0x00030047,
	0x00000018,0x000014ec,0x00040047,0x0000001d,0x00000006,0x00000004,0x00030047,0x0000001e,
	0x00000002,0x00040048,0x0000001e,0x00000000,0x00000018,0x00050048,0x0000001e,0x00000000,
	0x00000023,0x00000000,0x00030047,0x00000022,0x000014ec,0x00030047,0x00000028,0x000014ec,
	0x00040047,0x0000002d,0x00000006,0x00000004,0x00030047,0x0000002e,0x00000002,0x00040048,
	0x0000002e,0x00000000,0x00000018,0x00050048,0x0000002e,0x00000000,0x00000023,0x00000000,
	0x00030047,0x00000031,0x000014ec,0x00040047,0x00000036,0x00000006,0x00000004,0x00030047,
	0x00000037,0x00000002,0x00040048,0x00000037,0x00000000,0x00000018,0x00050048,0x00000037,
	0x00000000,0x00000023,0x00000000,0x00030047,0x0000003a,0x000014ec,0x00040047,0x0000003f,
	0x00000006,0x00000004,0x00030047,0x00000040,0x00000002,0x00040048,0x00000040,0x00000000,
	0x00000018,0x00050048,0x00000040,0x00000000,0x00000023,0x00000000,0x00040047,0x00000043,
	0x00000006,0x00000004,0x00030047,0x00000044,0x00000002,0x00040048,0x00000044,0x00000000,
	0x00000018,0x00050048,0x00000044,0x00000000,0x00000023,0x00000000,0x00030047,0x00000049,
	0x000014ec,0x00030047,0x0000004a,0x000014ec,0x00040047,0x000001b9,0x00000006,0x00000010,
	0x00030047,0x000001ba,0x00000002,0x00040048,0x000001ba,0x00000000,0x00000018,0x00050048,
	0x000001ba,0x00000000,0x00000023,0x00000000,0x00030047,0x000001bc,0x00000018,0x00040047,
	0x000001bc,0x00000021,0x00000007,0x00040047,0x000001bc,0x00000022,0x00000000,0x00040047,
	0x000002be,0x00000006,0x00000004,0x00030047,0x000002bf,0x00000002,0x00040048,0x000002bf,
	0x00000000,0x00000018,0x00050048,0x000002bf,0x00000000,0x00000023,0x00000000,0x00030047,
	0x000002c1,0x00000018,0x00040047,0x000002c1,0x00000021,0x0000000b,0x00040047,0x000002c1,
	0x00000022,0x00000000,0x00040047,0x000002eb,0x00000006,0x00000004,0x00050048,0x000002ec,
	0x00000000,0x00000023,0x00000000,0x00050048,0x000002ec,0x00000001,0x00000023,0x00000004,
	0x00050048,0x000002ec,0x00000002,0x00000023,0x00000008,0x00050048,0x000002ec,0x00000003,
	0x00000023,0x0000000c,0x00050048,0x000002ec,0x00000004,0x00000023,0x00000010,0x00050048,
	0x000002ec,0x00000005,0x00000023,0x00000014,0x00050048,0x000002ec,0x00000006,0x00000023,
	0x00000018,0x00050048,0x000002ec,0x00000007,0x00000023,0x0000001c,0x00040047,0x000002ed,
	0x00000006,0x000001ac,0x00030047,0x000002ee,0x00000002,0x00040048,0x000002ee,0x00000000,
	0x00000018,0x00050048,0x000002ee,0x00000000,0x00000023,0x00000000,0x00030047,0x000002f0,
	0x00000018,0x00040047,0x000002f0,0x00000021,0x0000000c,0x00040047,0x000002f0,0x00000022,
	0x00000000,0x00040047,0x000003c9,0x00000006,0x00000004,0x00030047,0x000003ca,0x00000002,
	0x00040048,0x000003ca,0x00000000,0x00000018,0x00050048,0x000003ca,0x00000000,0x00000023,
	0x00000000,0x00030047,0x000003cc,0x00000018,0x00040047,0x000003cc,0x00000021,0x0000000e,
	0x00040047,0x000003cc,0x00000022,0x00000000,0x00050048,0x00000413,0x00000000,0x00000023,
	0x00000000,0x00050048,0x00000413,0x00000001,0x00000023,0x00000004,0x00050048,0x00000413,
	0x00000002,0x00000023,0x00000008,0x00050048,0x00000413,0x00000003,0x00000023,0x0000000c,
	0x00050048,0x00000413,0x00000004,0x00000023,0x00000010,0x00040047,0x00000414,0x00000006,
	0x00000020,0x00030047,0x00000415,0x00000002,0x00040048,0x00000415,0x00000000,0x00000018,
	0x00050048,0x00000415,0x00000000,0x00000023,0x00000000,0x00030047,0x00000417,0x00000018,
	0x00040047,0x00000417,0x00000021,0x00000004,0x00040047,0x00000417,0x00000022,0x00000000,
	0x00050048,0x00000421,0x00000000,0x00000023,0x00000000,0x00050048,0x00000421,0x00000001,
	0x00000023,0x00000008,0x00050048,0x00000421,0x00000002,0x00000023,0x00000010,0x00050048,
	0x00000421,0x00000003,0x00000023,0x00000018,0x00050048,0x00000421,0x00000004,0x00000023,
	0x00000020,0x00050048,0x00000421,0x00000005,0x00000023,0x00000028,0x00050048,0x00000421,
	0x00000006,0x00000023,0x00000030,0x00050048,0x00000421,0x00000007,0x00000023,0x00000038,
	0x00050048,0x00000421,0x00000008,0x00000023,0x00000040,0x00050048,0x00000421,0x00000009,
	0x00000023,0x00000048,0x00050048,0x00000421,0x0000000a,0x00000023,0x0000004c,0x00050048,
	0x00000421,0x0000000b,0x00000023,0x00000050,0x00050048,0x00000421,0x0000000c,0x00000023,
	0x00000060,0x00050048,0x00000421,0x0000000d,0x00000023,0x00000070,0x00040047,0x00000422,
	0x00000006,0x00000080,0x00030047,0x00000423,0x00000002,0x00040048,0x00000423,0x00000000,
	0x00000018,0x00050048,0x00000423,0x00000000,0x00000023,0x00000000,0x00030047,0x00000425,
	0x00000018,0x00040047,0x00000425,0x00000021,0x00000002,0x00040047,0x00000425,0x00000022,
	0x00000000,0x00040047,0x00000438,0x00000006,0x00000004,0x00030047,0x00000439,0x00000002,
	0x00040048,0x00000439,0x00000000,0x00000018,0x00050048,0x00000439,0x00000000,0x00000023,
	0x00000000,0x00040047,0x0000044f,0x00000006,0x00000010,0x00030047,0x00000450,0x00000002,
	0x00040048,0x00000450,0x00000000,0x00000018,0x00050048,0x00000450,0x00000000,0x00000023,
	0x00000000,0x00030047,0x00000452,0x00000018,0x00040047,0x00000452,0x00000021,0x00000003,
	0x00040047,0x00000452,0x00000022,0x00000000,0x00030047,0x00000462,0x000014ec,0x00040047,
	0x00000467,0x00000006,0x00000004,0x00030047,0x00000468,0x00000002,0x00040048,0x00000468,
	0x00000000,0x00000018,0x00050048,0x00000468,0x00000000,0x00000023,0x00000000,0x00030047,
	0x0000046a,0x000014ec,0x00030047,0x0000048e,0x000014ec,0x00030047,0x00000495,0x000014ec,
	0x00030047,0x0000049e,0x000014ec,0x00030047,0x000004ae,0x000014ec,0x00030047,0x000004b2,
	0x000014ec,0x00030047,0x000004b9,0x000014ec,0x00030047,0x000004c2,0x000014ec,0x00040047,
	0x000004d2,0x00000006,0x00000004,0x00030047,0x000004d3,0x00000002,0x00040048,0x000004d3,
	0x00000000,0x00000018,0x00050048,0x000004d3,0x00000000,0x00000023,0x00000000,0x00030047,
	0x000004d5,0x00000018,0x00040047,0x000004d5,0x00000021,0x0000000d,0x00040047,0x000004d5,
	0x00000022,0x00000000,0x00030047,0x00000555,0x000014ec,0x00030047,0x00000559,0x000014ec,
	0x00030047,0x00000561,0x000014ec,0x00030047,0x0000056b,0x000014ec,0x00040047,0x00000583,
	0x0000000b,0x0000001c,0x00030047,0x0000058b,0x00000019,0x00040047,0x0000058b,0x00000021,
	0x00000001,0x00040047,0x0000058b,0x00000022,0x00000000,0x00030047,0x000005a1,0x00000002,
	0x00040048,0x000005a1,0x00000000,0x00000005,0x00050048,0x000005a1,0x00000000,0x00000007,
	0x00000010,0x00050048,0x000005a1,0x00000000,0x00000023,0x00000000,0x00050048,0x000005a1,
	0x00000001,0x00000023,0x00000040,0x00050048,0x000005a1,0x00000002,0x00000023,0x00000050,
	0x00050048,0x000005a1,0x00000003,0x00000023,0x00000060,0x00050048,0x000005a1,0x00000004,
	0x00000023,0x00000070,0x00050048,0x000005a1,0x00000005,0x00000023,0x00000080,0x00040047,
	0x0000061e,0x00000021,0x00000000,0x00040047,0x0000061e,0x00000022,0x00000000,0x00040047,
	0x00000697,0x00000021,0x00000008,0x00040047,0x00000697,0x00000022,0x00000000,0x00030047,
	0x000006d2,0x000014ec,0x00030047,0x000006d6,0x000014ec,0x00030047,0x000006fa,0x000014ec,
	0x00030047,0x00000701,0x000014ec,0x00030047,0x0000070a,0x000014ec,0x00030047,0x0000071a,
	0x000014ec,0x00030047,0x0000071e,0x000014ec,0x00030047,0x00000725,0x000014ec,0x00030047,
	0x0000072e,0x000014ec,0x00030047,0x00000743,0x000014ec,0x00030047,0x0000074f,0x000014ec,
	0x00030047,0x0000075b,0x000014ec,0x00030047,0x00000770,0x000014ec,0x00030047,0x00000777,
	0x000014ec,0x00030047,0x00000780,0x000014ec,0x00040047,0x00000807,0x00000006,0x00000010,
	0x00030047,0x00000808,0x00000002,0x00040048,0x00000808,0x00000000,0x00000018,0x00050048,
	0x00000808,0x00000000,0x00000023,0x00000000,0x00030047,0x0000080a,0x00000018,0x00040047,
	0x0000080a,0x00000021,0x00000006,0x00040047,0x0000080a,0x00000022,0x00000000,0x00030047,
	0x00000850,0x000014ec,0x00030047,0x00000855,0x000014ec,0x00030047,0x0000085c,0x000014ec,
	0x00030047,0x00000865,0x000014ec,0x00030047,0x000009d7,0x000014ec,0x00030047,0x000009e3,
	0x000014ec,0x00030047,0x000009ef,0x000014ec,0x00030047,0x000009fa,0x000014ec,0x00030047,
	0x00000a08,0x000014ec,0x00030047,0x00000a0d,0x000014ec,0x00030047,0x00000a1a,0x000014ec,
	0x00030047,0x00000a28,0x000014ec,0x00030047,0x00000a2d,0x000014ec,0x00030047,0x00000a3a,
	0x000014ec,0x00030047,0x00000a48,0x000014ec,0x00030047,0x00000a4d,0x000014ec,0x00040047,
	0x00000bbb,0x00000021,0x00000009,0x00040047,0x00000bbb,0x00000022,0x00000000,0x00040047,
	0x00000bcd,0x00000021,0x0000000a,0x00040047,0x00000bcd,0x00000022,0x00000000,0x00030047,
	0x00000c54,0x000014ec,0x00030047,0x00000c60,0x000014ec,0x00030047,0x00000c6c,0x000014ec,
	0x00030047,0x00000c91,0x000014ec,0x00030047,0x00000c98,0x000014ec,0x00030047,0x00000ca1,
	0x000014ec,0x00030047,0x00000ccb,0x000014ec,0x00030047,0x00000cd7,0x000014ec,0x00030047,
	0x00000ce3,0x000014ec,0x00030047,0x00000d2e,0x000014ec,0x00030047,0x00000d35,0x000014ec,
	0x00030047,0x00000d3e,0x000014ec,0x00030047,0x00000d5c,0x000014ec,0x00030047,0x00000d63,
	0x000014ec,0x00030047,0x00000d6c,0x000014ec,0x00030047,0x00000d8d,0x000014ec,0x00030047,
	0x00000d99,0x000014ec,0x00030047,0x00000da5,0x000014ec,0x00030047,0x00000db0,0x000014ec,
	0x00030047,0x00000db6,0x000014ec,0x00030047,0x00000dbc,0x000014ec,0x00040047,0x00000e04,
	0x00000006,0x00000004,0x00030047,0x00000e05,0x00000002,0x00040048,0x00000e05,0x00000000,
	0x00000018,0x00050048,0x00000e05,0x00000000,0x00000023,0x00000000,0x00030047,0x00000e1a,
	0x000014ec,0x00030047,0x00000e1f,0x000014ec,0x00030047,0x00000e26,0x000014ec,0x00030047,
	0x00000e2f,0x000014ec,0x00030047,0x00000e4a,0x000014ec,0x00030047,0x00000e4e,0x000014ec,
	0x00030047,0x00000e55,0x000014ec,0x00030047,0x00000e5e,0x000014ec,0x00030047,0x00000e80,
	0x000014ec,0x00030047,0x00000e8c,0x000014ec,0x00030047,0x00000e98,0x000014ec,0x00030047,
	0x00000ea3,0x000014ec,0x00030047,0x00000ea9,0x000014ec,0x00030047,0x00000eaf,0x000014ec,
	0x00030047,0x00000efd,0x000014ec,0x00030047,0x00000f01,0x000014ec,0x00030047,0x00000f07,
	0x000014ec,0x00030047,0x00000f09,0x000014ec,0x00030047,0x00000f11,0x000014ec,0x00030047,
	0x00000f13,0x000014ec,0x00030047,0x00000f1b,0x000014ec,0x00030047,0x00000f1d,0x000014ec,
	0x00030047,0x00000f4b,0x000014ec,0x00030047,0x00000f52,0x000014ec,0x00030047,0x00000f59,
	0x000014ec,0x00030047,0x0000100c,0x000014ec,0x00030047,0x00001018,0x000014ec,0x00030047,
	0x00001024,0x000014ec,0x00040047,0x0000112d,0x00000021,0x00000005,0x00040047,0x0000112d,
	0x00000022,0x00000000,0x00040047,0x00001158,0x0000000b,0x00000019,0x00020013,0x00000002,
	0x00030021,0x00000003,0x00000002,0x00040015,0x00000006,0x00000020,0x00000000,0x00040020,
	0x00000007,0x00000007,0x00000006,0x00030016,0x00000008,0x00000020,0x00050021,0x00000009,
	0x00000008,0x00000007,0x00000007,0x00030027,0x0000000e,0x000014e5,0x0003001d,0x0000000f,
	0x00000008,0x0003001e,0x00000010,0x0000000f,0x00040020,0x0000000e,0x000014e5,0x00000010,
	0x00040020,0x00000011,0x00000007,0x0000000e,0x00040017,0x00000012,0x00000008,0x00000003,
	0x00050021,0x00000013,0x00000012,0x00000011,0x00000007,0x00030027,0x0000001c,0x000014e5,
	0x0003001d,0x0000001d,0x00000008,0x0003001e,0x0000001e,0x0000001d,0x00040020,0x0000001c,
	0x000014e5,0x0000001e,0x00040020,0x0000001f,0x00000007,0x0000001c,0x00040017,0x00000020,
	0x00000008,0x00000004,0x00050021,0x00000021,0x00000020,0x0000001f,0x00000007,0x00040017,
	0x00000026,0x00000008,0x00000002,0x00050021,0x00000027,0x00000026,0x00000011,0x00000007,
	0x00030027,0x0000002c,0x000014e5,0x0003001d,0x0000002d,0x00000008,0x0003001e,0x0000002e,
	0x0000002d,0x00040020,0x0000002c,0x000014e5,0x0000002e,0x00040020,0x0000002f,0x00000007,
	0x0000002c,0x00050021,0x00000030,0x00000026,0x0000002f,0x00000007,0x00030027,0x00000035,
	0x000014e5,0x0003001d,0x00000036,0x00000008,0x0003001e,0x00000037,0x00000036,0x00040020,
	0x00000035,0x000014e5,0x00000037,0x00040020,0x00000038,0x00000007,0x00000035,0x00050021,
	0x00000039,0x00000008,0x00000038,0x00000007,0x00030027,0x0000003e,0x000014e5,0x0003001d,
	0x0000003f,0x00000006,0x0003001e,0x00000040,0x0000003f,0x00040020,0x0000003e,0x000014e5,
	0x00000040,0x00040020,0x00000041,0x00000007,0x0000003e,0x00030027,0x00000042,0x000014e5,
	0x0003001d,0x00000043,0x00000008,0x0003001e,0x00000044,0x00000043,0x00040020,0x00000042,
	0x000014e5,0x00000044,0x00040020,0x00000045,0x00000007,0x00000042,0x00040020,0x00000046,
	0x00000007,0x00000008,0x00040015,0x00000047,0x00000020,0x00000001,0x00070021,0x00000048,
	0x00000047,0x00000041,0x00000045,0x00000007,0x00000046,0x00040021,0x0000004f,0x00000006,
	0x00000007,0x00040021,0x00000053,0x00000008,0x00000007,0x00040020,0x00000057,0x00000007,
	0x00000012,0x00060021,0x00000058,0x00000012,0x00000057,0x00000046,0x00000046,0x00050021,
	0x00000062,0x00000012,0x00000007,0x00000057,0x00040021,0x00000067,0x00000012,0x00000007,
	0x00040021,0x0000006b,0x00000012,0x00000057,0x00040020,0x00000072,0x00000007,0x00000047,
	0x00050021,0x00000073,0x00000008,0x00000046,0x00000072,0x0004002b,0x00000006,0x00000078,
	0x00000064,0x0004001c,0x00000079,0x00000047,0x00000078,0x000a001e,0x0000007a,0x00000047,
	0x00000047,0x00000047,0x00000047,0x00000047,0x00000047,0x00000047,0x00000079,0x00040020,
	0x0000007b,0x00000007,0x0000007a,0x00060021,0x0000007c,0x00000020,0x0000007b,0x00000072,
	0x00000072,0x00040020,0x00000082,0x00000007,0x00000026,0x00040020,0x00000083,0x00000007,
	0x00000020,0x00060021,0x00000084,0x00000020,0x00000072,0x00000082,0x00000083,0x00050021,
	0x0000008a,0x00000008,0x00000083,0x00000072,0x00070021,0x0000008f,0x00000026,0x00000007,
	0x00000072,0x00000082,0x00000082,0x00020014,0x00000096,0x00060021,0x00000097,0x00000096,
	0x00000007,0x00000072,0x00000082,0x0004002b,0x00000008,0x0000009e,0x3f800000,0x0004002b,
	0x00000008,0x000000a0,0x00000000,0x0004002b,0x00000006,0x000000a7,0x00000000,0x0004002b,
	0x00000047,0x000000bc,0x00000000,0x0004002b,0x00000006,0x000000be,0x00000008,0x00040020,
	0x000000c1,0x000014e5,0x00000008,0x0004002b,0x00000006,0x000000c7,0x00000001,0x0004002b,
	0x00000006,0x000000ce,0x00000002,0x0004002b,0x00000006,0x000000d8,0x00000003,0x0004002b,
	0x00000006,0x000000df,0x00000004,0x0004002b,0x00000006,0x000000e6,0x00000005,0x0004002b,
	0x00000006,0x0000010b,0x00000006,0x0004002b,0x00000006,0x00000112,0x00000007,0x0004002b,
	0x00000047,0x0000012f,0xffffffff,0x00040020,0x0000014c,0x000014e5,0x00000006,0x0004002b,
	0x00000047,0x00000151,0x00000001,0x0004002b,0x00000047,0x00000158,0x00000010,0x0004002b,
	0x00000006,0x0000015c,0x7feb352d,0x0004002b,0x00000047,0x00000160,0x0000000f,0x0004002b,
	0x00000006,0x00000164,0x846ca68b,0x0004002b,0x00000006,0x0000016f,0x2c9277b5,0x0004002b,
	0x00000006,0x00000171,0xac564b05,0x0004002b,0x00000047,0x00000176,0x0000001c,0x0004002b,
	0x00000006,0x0000017c,0x108ef2d9,0x0004002b,0x00000047,0x0000017f,0x00000016,0x0004002b,
	0x00000008,0x00000184,0x4f800000,0x0004002b,0x00000008,0x0000018c,0x40c90fdb,0x0004002b,
	0x00000008,0x00000193,0x3f666666,0x0006002c,0x00000012,0x00000195,0x000000a0,0x0000009e,
	0x000000a0,0x0006002c,0x00000012,0x00000196,0x0000009e,0x000000a0,0x000000a0,0x0003001d,
	0x000001b9,0x00000020,0x0003001e,0x000001ba,0x000001b9,0x00040020,0x000001bb,0x0000000c,
	0x000001ba,0x0004003b,0x000001bb,0x000001bc,0x0000000c,0x0004002b,0x00000006,0x000001be,
	0x00000014,0x0004002b,0x00000006,0x000001c0,0x0000000d,0x00040020,0x000001c5,0x0000000c,
	0x00000020,0x0004002b,0x00000006,0x000001ce,0x00000009,0x0004001c,0x000001cf,0x00000008,
	0x000001ce,0x00040020,0x000001d0,0x00000007,0x000001cf,0x0004002b,0x00000008,0x000001d2,
	0x3e906ec1,0x0004002b,0x00000008,0x000001d4,0x3efa2a2c,0x0004002b,0x00000047,0x000001d9,
	0x00000002,0x0004002b,0x00000047,0x000001de,0x00000003,0x0004002b,0x00000047,0x000001e3,
	0x00000004,0x0004002b,0x00000008,0x000001e4,0x3f8bd89d,0x0004002b,0x00000047,0x000001ec,
	0x00000005,0x0004002b,0x00000047,0x000001f4,0x00000006,0x0004002b,0x00000008,0x000001f5,
	0x3ea17b0f,0x0004002b,0x00000008,0x000001f6,0x40400000,0x0004002b,0x00000047,0x00000200,
	0x00000007,0x0004002b,0x00000047,0x00000208,0x00000008,0x0004002b,0x00000008,0x00000209,
	0x3f0bd89d,0x0006002c,0x00000012,0x00000218,0x000000a0,0x000000a0,0x000000a0,0x0004002b,
	0x00000006,0x00000244,0xffffffff,0x0004002b,0x00000008,0x00000248,0x3ee66666,0x0006002c,
	0x00000012,0x00000249,0x00000248,0x00000248,0x00000248,0x0004002b,0x00000006,0x0000024e,
	0x9e3779b1,0x0004002b,0x00000006,0x00000251,0x000000ff,0x0004002b,0x00000008,0x0000025d,
	0x3b808081,0x0004002b,0x00000008,0x00000267,0x414eb852,0x0004002b,0x00000008,0x0000026a,
	0x3f870a3d,0x0004002b,0x00000008,0x0000026c,0x3ed55555,0x0006002c,0x00000012,0x0000026d,
	0x0000026c,0x0000026c,0x0000026c,0x0004002b,0x00000008,0x00000270,0x3d6147ae,0x0004002b,
	0x00000008,0x00000276,0x3b4d2e1c,0x0006002c,0x00000012,0x00000277,0x00000276,0x00000276,
	0x00000276,0x00040017,0x00000278,0x00000096,0x00000003,0x0004002b,0x00000008,0x00000283,
	0x3d9e8391,0x0004002b,0x00000008,0x00000289,0x3f72a76e,0x0004002b,0x00000008,0x0000028b,
	0x4019999a,0x0006002c,0x00000012,0x0000028c,0x0000028b,0x0000028b,0x0000028b,0x0004002b,
	0x00000008,0x00000291,0x3d25aee6,0x0006002c,0x00000012,0x00000292,0x00000291,0x00000291,
	0x00000291,0x0003001d,0x000002be,0x00000006,0x0003001e,0x000002bf,0x000002be,0x00040020,
	0x000002c0,0x0000000c,0x000002bf,0x0004003b,0x000002c0,0x000002c1,0x0000000c,0x00040020,
	0x000002cd,0x0000000c,0x00000006,0x0004001c,0x000002eb,0x00000047,0x00000078,0x000a001e,
	0x000002ec,0x00000047,0x00000047,0x00000047,0x00000047,0x00000047,0x00000047,0x00000047,
	0x000002eb,0x0003001d,0x000002ed,0x000002ec,0x0003001e,0x000002ee,0x000002ed,0x00040020,
	0x000002ef,0x0000000c,0x000002ee,0x0004003b,0x000002ef,0x000002f0,0x0000000c,0x00040020,
	0x000002fb,0x0000000c,0x000002ec,0x00040017,0x00000304,0x00000047,0x00000002,0x00040020,
	0x00000305,0x00000007,0x00000304,0x0004002b,0x00000047,0x0000030f,0x0000000a,0x0004002b,
	0x00000047,0x00000315,0x00000064,0x0005002c,0x00000304,0x00000362,0x00000151,0x00000151,
	0x0004002b,0x00000006,0x000003c6,0x00000048,0x0003001d,0x000003c9,0x00000008,0x0003001e,
	0x000003ca,0x000003c9,0x00040020,0x000003cb,0x0000000c,0x000003ca,0x0004003b,0x000003cb,
	0x000003cc,0x0000000c,0x0004002b,0x00000006,0x000003ce,0x00000045,0x00040020,0x000003d0,
	0x0000000c,0x00000008,0x0004002b,0x00000008,0x000003d3,0x3f000000,0x0007001e,0x00000410,
	0x00000006,0x00000006,0x00000006,0x00000006,0x00000020,0x00040020,0x00000411,0x00000007,
	0x00000410,0x0007001e,0x00000413,0x00000006,0x00000006,0x00000006,0x00000006,0x00000020,
	0x0003001d,0x00000414,0x00000413,0x0003001e,0x00000415,0x00000414,0x00040020,0x00000416,
	0x0000000c,0x00000415,0x0004003b,0x00000416,0x00000417,0x0000000c,0x00040020,0x00000419,
	0x0000000c,0x00000413,0x00040015,0x0000041d,0x00000040,0x00000000,0x0010001e,0x0000041e,
	0x0000041d,0x0000041d,0x0000041d,0x0000041d,0x0000041d,0x0000041d,0x0000041d,0x0000041d,
	0x0000041d,0x00000006,0x00000006,0x00000020,0x00000020,0x00000020,0x00040020,0x0000041f,
	0x00000007,0x0000041e,0x0010001e,0x00000421,0x0000041d,0x0000041d,0x0000041d,0x0000041d,
	0x0000041d,0x0000041d,0x0000041d,0x0000041d,0x0000041d,0x00000006,0x00000006,0x00000020,
	0x00000020,0x00000020,0x0003001d,0x00000422,0x00000421,0x0003001e,0x00000423,0x00000422,
	0x00040020,0x00000424,0x0000000c,0x00000423,0x0004003b,0x00000424,0x00000425,0x0000000c,
	0x00040020,0x00000428,0x0000000c,0x00000421,0x00040020,0x0000042d,0x00000007,0x0000041d,
	0x0005002b,0x0000041d,0x00000430,0x00000000,0x00000000,0x00030027,0x00000437,0x000014e5,
	0x0003001d,0x00000438,0x00000006,0x0003001e,0x00000439,0x00000438,0x00040020,0x00000437,
	0x000014e5,0x00000439,0x0004002b,0x00000047,0x00000440,0x00000009,0x00030029,0x00000096,
	0x0000044c,0x0003001d,0x0000044f,0x00000020,0x0003001e,0x00000450,0x0000044f,0x00040020,
	0x00000451,0x0000000c,0x00000450,0x0004003b,0x00000451,0x00000452,0x0000000c,0x0004002b,
	0x00000008,0x0000045b,0x3fc00000,0x00030027,0x00000466,0x000014e5,0x0003001d,0x00000467,
	0x00000006,0x0003001e,0x00000468,0x00000467,0x00040020,0x00000466,0x000014e5,0x00000468,
	0x00040020,0x00000469,0x00000007,0x00000466,0x0003001d,0x000004d2,0x00000047,0x0003001e,
	0x000004d3,0x000004d2,0x00040020,0x000004d4,0x0000000c,0x000004d3,0x0004003b,0x000004d4,
	0x000004d5,0x0000000c,0x0007002c,0x00000020,0x000004df,0x0000009e,0x0000009e,0x0000009e,
	0x0000009e,0x00040020,0x000004e1,0x0000000c,0x00000047,0x0004002b,0x00000006,0x000004e9,
	0x00000024,0x0004002b,0x00000006,0x000004ee,0x00000025,0x0004002b,0x00000006,0x000004f3,
	0x00000026,0x0004002b,0x00000006,0x000004f8,0x00000027,0x0004002b,0x00000006,0x000004ff,
	0x00000028,0x0004002b,0x00000006,0x00000504,0x00000029,0x0004002b,0x00000006,0x00000509,
	0x0000002a,0x0004002b,0x00000006,0x0000050e,0x0000002b,0x0004002b,0x00000006,0x00000538,
	0x00000042,0x0004002b,0x00000006,0x00000543,0x00000043,0x0004002b,0x00000006,0x00000549,
	0x00000044,0x00040017,0x00000581,0x00000006,0x00000003,0x00040020,0x00000582,0x00000001,
	0x00000581,0x0004003b,0x00000582,0x00000583,0x00000001,0x00040017,0x00000584,0x00000006,
	0x00000002,0x00090019,0x00000589,0x00000008,0x00000001,0x00000000,0x00000000,0x00000000,
	0x00000002,0x00000004,0x00040020,0x0000058a,0x00000000,0x00000589,0x0004003b,0x0000058a,
	0x0000058b,0x00000000,0x00040018,0x000005a0,0x00000020,0x00000004,0x0008001e,0x000005a1,
	0x000005a0,0x00000020,0x00000020,0x00000020,0x00000020,0x00000020,0x00040020,0x000005a2,
	0x00000009,0x000005a1,0x0004003b,0x000005a2,0x000005a3,0x00000009,0x00040020,0x000005a4,
	0x00000009,0x00000008,0x00040020,0x000005a9,0x00000007,0x00000096,0x0005002c,0x00000026,
	0x000005c1,0x000000a0,0x000000a0,0x0004002b,0x00000008,0x000005d0,0x40000000,0x00040020,
	0x000005d9,0x00000009,0x000005a0,0x00040020,0x0000060d,0x00000009,0x00000020,0x00021178,
	0x00000619,0x00040020,0x0000061a,0x00000006,0x00000619,0x0004003b,0x0000061a,0x0000061b,
	0x00000006,0x000214dd,0x0000061c,0x00040020,0x0000061d,0x00000000,0x0000061c,0x0004003b,
	0x0000061d,0x0000061e,0x00000000,0x0004002b,0x00000008,0x00000621,0x3a83126f,0x0004002b,
	0x00000008,0x00000623,0x7149f2ca,0x0003002a,0x00000096,0x0000062a,0x0004002b,0x00000047,
	0x0000066b,0x00000090,0x0004002b,0x00000006,0x0000067a,0x0000000a,0x0004002b,0x00000006,
	0x00000683,0x0000000b,0x0004002b,0x00000006,0x0000068c,0x0000000c,0x00090019,0x00000694,
	0x00000008,0x00000003,0x00000000,0x00000000,0x00000000,0x00000001,0x00000000,0x0003001b,
	0x00000695,0x00000694,0x00040020,0x00000696,0x00000000,0x00000695,0x0004003b,0x00000696,
	0x00000697,0x00000000,0x00040018,0x00000737,0x00000012,0x00000004,0x00040020,0x00000738,
	0x00000007,0x00000737,0x00040018,0x00000789,0x00000012,0x00000003,0x00040020,0x0000078a,
	0x00000007,0x00000789,0x0004002b,0x00000047,0x00000792,0x0000000b,0x0004002b,0x00000047,
	0x00000796,0x0000000c,0x0004002b,0x00000047,0x0000079a,0x0000000d,0x0004002b,0x00000008,
	0x000007d7,0x3dcccccd,0x0003001d,0x00000807,0x00000020,0x0003001e,0x00000808,0x00000807,
	0x00040020,0x00000809,0x0000000c,0x00000808,0x0004003b,0x00000809,0x0000080a,0x0000000c,
	0x0004002b,0x00000006,0x0000080c,0x0000000e,0x0004002b,0x00000008,0x0000083f,0x3f19999a,
	0x0006002c,0x00000012,0x00000840,0x0000083f,0x0000083f,0x0000083f,0x0004002b,0x00000006,
	0x000008e9,0x0000003c,0x0004002b,0x00000006,0x000008f4,0x0000003d,0x0004002b,0x00000006,
	0x000008fa,0x0000003e,0x0004002b,0x00000006,0x00000903,0x0000003f,0x0004002b,0x00000006,
	0x0000090e,0x00000040,0x0004002b,0x00000006,0x00000914,0x00000041,0x0004002b,0x00000006,
	0x00000961,0x00000034,0x0004002b,0x00000006,0x00000966,0x00000035,0x0004002b,0x00000006,
	0x0000096b,0x00000036,0x0004002b,0x00000006,0x00000970,0x00000037,0x0004002b,0x00000006,
	0x00000977,0x00000038,0x0004002b,0x00000006,0x0000097c,0x00000039,0x0004002b,0x00000006,
	0x00000981,0x0000003a,0x0004002b,0x00000006,0x00000986,0x0000003b,0x0007002c,0x00000020,
	0x000009a2,0x000003d3,0x000003d3,0x0000009e,0x0000009e,0x0004002b,0x00000006,0x000009aa,
	0x0000002c,0x0004002b,0x00000006,0x000009af,0x0000002d,0x0004002b,0x00000006,0x000009b4,
	0x0000002e,0x0004002b,0x00000006,0x000009b9,0x0000002f,0x0004002b,0x00000006,0x000009c0,
	0x00000030,0x0004002b,0x00000006,0x000009c5,0x00000031,0x0004002b,0x00000006,0x000009ca,
	0x00000032,0x0004002b,0x00000006,0x000009cf,0x00000033,0x0004002b,0x00000008,0x00000a78,
	0x2b8cbccc,0x0004002b,0x00000008,0x00000a8e,0x3f7fbe77,0x0006002c,0x00000012,0x00000a90,
	0x000000a0,0x000000a0,0x0000009e,0x0006002c,0x00000012,0x00000ac3,0x0000009e,0x0000009e,
	0x0000009e,0x0004002b,0x00000008,0x00000ad7,0x2edbe6ff,0x0004003b,0x0000061a,0x00000af6,
	0x00000006,0x0004002b,0x00000008,0x00000b2c,0x42c00000,0x0004002b,0x00000008,0x00000b2d,
	0x41000000,0x0004002b,0x00000008,0x00000b3a,0x43000000,0x0004002b,0x00000008,0x00000b3b,
	0x41400000,0x0004002b,0x00000008,0x00000b43,0x3e800000,0x0006002c,0x00000012,0x00000b46,
	0x00000b43,0x00000b43,0x00000b43,0x0004002b,0x00000047,0x00000b68,0x00000080,0x0004003b,
	0x00000696,0x00000bbb,0x00000000,0x00090019,0x00000bca,0x00000008,0x00000001,0x00000000,
	0x00000000,0x00000000,0x00000001,0x00000000,0x0003001b,0x00000bcb,0x00000bca,0x00040020,
	0x00000bcc,0x00000000,0x00000bcb,0x0004003b,0x00000bcc,0x00000bcd,0x00000000,0x0004002b,
	0x00000008,0x00000bd8,0x3d23d70a,0x0006002c,0x00000012,0x00000bd9,0x00000bd8,0x00000bd8,
	0x00000bd8,0x0004002b,0x00000008,0x00000bf3,0x3f59999a,0x0004002b,0x00000008,0x00000bff,
	0x3eb33333,0x0004002b,0x00000008,0x00000c37,0x3ca3d70a,0x0004002b,0x00000008,0x00000cf7,
	0x3f333333,0x0006002c,0x00000012,0x00000cf8,0x000007d7,0x00000cf7,0x000007d7,0x0006002c,
	0x00000012,0x00000cf9,0x00000cf7,0x000007d7,0x000007d7,0x0004002b,0x00000047,0x00000d29,
	0x00000017,0x0004002b,0x00000008,0x00000d4a,0x41800000,0x0004002b,0x00000047,0x00000d57,
	0x0000001e,0x0004002b,0x00000047,0x00000d87,0x00000021,0x0004002b,0x00000047,0x00000df7,
	0x00000022,0x00030027,0x00000e03,0x000014e5,0x0003001d,0x00000e04,0x00000006,0x0003001e,
	0x00000e05,0x00000e04,0x00040020,0x00000e03,0x000014e5,0x00000e05,0x0004002b,0x00000047,
	0x00000e11,0x0000001f,0x0004002b,0x00000047,0x00000e40,0x00000020,0x0004002b,0x00000008,
	0x00000e6c,0x38d1b717,0x0004002b,0x00000008,0x00000ed3,0x322bcc77,0x0004002b,0x00000047,
	0x00000eee,0x00000015,0x0004002b,0x00000008,0x00000f36,0x3e99999a,0x0004002b,0x00000047,
	0x00000f3e,0x00000019,0x0006002c,0x00000012,0x00000f48,0x000000a0,0x0000009e,0x0000009e,
	0x0004002b,0x00000008,0x00000f70,0x40800000,0x0004002b,0x00000047,0x00000f7e,0x0000001b,
	0x0004002b,0x00000047,0x00000f84,0x0000000e,0x0004002b,0x00000047,0x00000fa2,0x0000001a,
	0x0004002b,0x00000047,0x00000fab,0x00000013,0x0004002b,0x00000008,0x00000fb3,0x3f733333,
	0x0006002c,0x00000012,0x00000fb4,0x00000fb3,0x000007d7,0x00000bf3,0x0004002b,0x00000008,
	0x00000fb5,0x3e4ccccd,0x0006002c,0x00000012,0x00000fb6,0x00000fb5,0x00000fb5,0x00000fb5,
	0x0004002b,0x00000047,0x00000fba,0x00000012,0x0004002b,0x00000008,0x00000fc8,0x3f4ccccd,
	0x0006002c,0x00000012,0x00000fc9,0x00000fb5,0x00000fc8,0x00000f36,0x0006002c,0x00000012,
	0x00000fd0,0x00000fb5,0x00000248,0x00000fb3,0x0004002b,0x00000008,0x00000fd4,0x3f400000,
	0x0006002c,0x00000012,0x00000fd5,0x00000fb3,0x00000fd4,0x000007d7,0x0006002c,0x00000012,
	0x00000fd6,0x000003d3,0x000003d3,0x000003d3,0x0004002b,0x00000047,0x00000fdc,0x0000001d,
	0x0006002c,0x00000012,0x00000fea,0x00000fb5,0x00000fc8,0x00000fc8,0x0006002c,0x00000012,
	0x00000ff1,0x00000bf3,0x00000f36,0x00000bf3,0x0004002b,0x00000008,0x00000ff8,0x3e19999a,
	0x0006002c,0x00000012,0x00000ff9,0x00000fb3,0x0000083f,0x00000ff8,0x0004002b,0x00000008,
	0x00000ffd,0x3ecccccd,0x0006002c,0x00000012,0x00000ffe,0x000003d3,0x00000bf3,0x00000ffd,
	0x0006002c,0x00000012,0x00000fff,0x00000bff,0x00000bff,0x00000bff,0x0004002b,0x00000047,
	0x00001006,0x00000018,0x0004002b,0x00000006,0x00001048,0x000007b5,0x0004002b,0x00000006,
	0x0000104d,0x0000243d,0x0004002b,0x00000006,0x00001051,0x0000684b,0x0004003b,0x0000061a,
	0x0000106e,0x00000006,0x0004002b,0x00000008,0x00001073,0x3c23d70a,0x0004002b,0x00000008,
	0x0000109c,0x41c00000,0x0004002b,0x00000006,0x000010bd,0x00000a9f,0x0004002b,0x00000006,
	0x000010c2,0x000013bb,0x0004002b,0x00000006,0x000010c6,0x00009e37,0x0004002b,0x00000008,
	0x000010e1,0x3da3d70a,0x0004003b,0x0000061a,0x000010f4,0x00000006,0x00090019,0x0000112b,
	0x00000008,0x00000001,0x00000000,0x00000000,0x00000000,0x00000002,0x00000001,0x00040020,
	0x0000112c,0x00000000,0x0000112b,0x0004003b,0x0000112c,0x0000112d,0x00000000,0x0006002c,
	0x00000581,0x00001158,0x000000be,0x000000be,0x000000c7,0x00050036,0x00000002,0x00000004,
	0x00000000,0x00000003,0x000200f8,0x00000005,0x0004003b,0x00000305,0x00000580,0x00000007,
	0x0004003b,0x00000305,0x00000588,0x00000007,0x0004003b,0x00000007,0x0000059f,0x00000007,
	0x0004003b,0x000005a9,0x000005aa,0x00000007,0x0004003b,0x00000082,0x000005ae,0x00000007,
	0x0004003b,0x00000082,0x000005b0,0x00000007,0x0004003b,0x00000007,0x000005b5,0x00000007,
	0x0004003b,0x00000007,0x000005b6,0x00000007,0x0004003b,0x00000007,0x000005ba,0x00000007,
	0x0004003b,0x00000007,0x000005bb,0x00000007,0x0004003b,0x00000082,0x000005c3,0x00000007,
	0x0004003b,0x00000082,0x000005cd,0x00000007,0x0004003b,0x00000083,0x000005d8,0x00000007,
	0x0004003b,0x00000083,0x000005e1,0x00000007,0x0004003b,0x00000057,0x000005e9,0x00000007,
	0x0004003b,0x00000057,0x000005f0,0x00000007,0x0004003b,0x00000057,0x000005f7,0x00000007,
	0x0004003b,0x00000057,0x000005f9,0x00000007,0x0004003b,0x00000072,0x000005fe,0x00000007,
	0x0004003b,0x00000057,0x00000603,0x00000007,0x0004003b,0x00000057,0x00000609,0x00000007,
	0x0004003b,0x00000057,0x0000060c,0x00000007,0x0004003b,0x00000057,0x00000617,0x00000007,
	0x0004003b,0x00000007,0x0000062f,0x00000007,0x0004003b,0x00000072,0x00000632,0x00000007,
	0x0004003b,0x00000082,0x00000634,0x00000007,0x0004003b,0x00000007,0x00000636,0x00000007,
	0x0004003b,0x00000072,0x00000638,0x00000007,0x0004003b,0x00000082,0x0000063a,0x00000007,
	0x0004003b,0x00000007,0x0000064b,0x00000007,0x0004003b,0x00000007,0x00000650,0x00000007,
	0x0004003b,0x00000083,0x00000659,0x00000007,0x0004003b,0x00000083,0x00000671,0x00000007,
	0x0004003b,0x00000057,0x00000677,0x00000007,0x0004003b,0x00000007,0x000006a6,0x00000007,
	0x0004003b,0x00000072,0x000006a9,0x00000007,0x0004003b,0x00000082,0x000006ab,0x00000007,
	0x0004003b,0x00000046,0x000006ad,0x00000007,0x0004003b,0x00000057,0x000006af,0x00000007,
	0x0004003b,0x00000411,0x000006b5,0x00000007,0x0004003b,0x0000041f,0x000006ba,0x00000007,
	0x0004003b,0x00000007,0x000006c0,0x00000007,0x0004003b,0x00000007,0x000006c4,0x00000007,
	0x0004003b,0x00000011,0x000006d2,0x00000007,0x0004003b,0x00000469,0x000006d6,0x00000007,
	0x0004003b,0x00000007,0x000006da,0x00000007,0x0004003b,0x00000007,0x000006e2,0x00000007,
	0x0004003b,0x00000007,0x000006ea,0x00000007,0x0004003b,0x00000046,0x000006f2,0x00000007,
	0x0004003b,0x00000082,0x000006f9,0x00000007,0x0004003b,0x00000011,0x000006fa,0x00000007,
	0x0004003b,0x00000007,0x000006fc,0x00000007,0x0004003b,0x00000011,0x00000701,0x00000007,
	0x0004003b,0x00000007,0x00000703,0x00000007,0x0004003b,0x00000011,0x0000070a,0x00000007,
	0x0004003b,0x00000007,0x0000070c,0x00000007,0x0004003b,0x00000082,0x00000713,0x00000007,
	0x0004003b,0x0000002f,0x0000071a,0x00000007,0x0004003b,0x0000002f,0x0000071e,0x00000007,
	0x0004003b,0x00000007,0x00000720,0x00000007,0x0004003b,0x0000002f,0x00000725,0x00000007,
	0x0004003b,0x00000007,0x00000727,0x00000007,0x0004003b,0x0000002f,0x0000072e,0x00000007,
	0x0004003b,0x00000007,0x00000730,0x00000007,0x0004003b,0x00000738,0x00000739,0x00000007,
	0x0004003b,0x00000057,0x00000741,0x00000007,0x0004003b,0x00000011,0x00000743,0x00000007,
	0x0004003b,0x00000007,0x00000745,0x00000007,0x0004003b,0x00000057,0x0000074d,0x00000007,
	0x0004003b,0x00000011,0x0000074f,0x00000007,0x0004003b,0x00000007,0x00000751,0x00000007,
	0x0004003b,0x00000057,0x00000759,0x00000007,0x0004003b,0x00000011,0x0000075b,0x00000007,
	0x0004003b,0x00000007,0x0000075d,0x00000007,0x0004003b,0x00000057,0x00000765,0x00000007,
	0x0004003b,0x00000057,0x0000076f,0x00000007,0x0004003b,0x00000011,0x00000770,0x00000007,
	0x0004003b,0x00000007,0x00000772,0x00000007,0x0004003b,0x00000011,0x00000777,0x00000007,
	0x0004003b,0x00000007,0x00000779,0x00000007,0x0004003b,0x00000011,0x00000780,0x00000007,
	0x0004003b,0x00000007,0x00000782,0x00000007,0x0004003b,0x0000078a,0x0000078b,0x00000007,
	0x0004003b,0x0000078a,0x0000078f,0x00000007,0x0004003b,0x000005a9,0x000007b6,0x00000007,
	0x0004003b,0x00000046,0x000007ce,0x00000007,0x0004003b,0x00000046,0x000007cf,0x00000007,
	0x0004003b,0x00000046,0x000007d0,0x00000007,0x0004003b,0x00000046,0x000007d1,0x00000007,
	0x0004003b,0x00000046,0x000007d2,0x00000007,0x0004003b,0x00000057,0x000007d3,0x00000007,
	0x0004003b,0x00000046,0x000007d4,0x00000007,0x0004003b,0x00000046,0x000007d5,0x00000007,
	0x0004003b,0x00000046,0x000007d6,0x00000007,0x0004003b,0x00000057,0x000007e1,0x00000007,
	0x0004003b,0x0000001f,0x00000850,0x00000007,0x0004003b,0x00000083,0x00000854,0x00000007,
	0x0004003b,0x0000001f,0x00000855,0x00000007,0x0004003b,0x00000007,0x00000857,0x00000007,
	0x0004003b,0x0000001f,0x0000085c,0x00000007,0x0004003b,0x00000007,0x0000085e,0x00000007,
	0x0004003b,0x0000001f,0x00000865,0x00000007,0x0004003b,0x00000007,0x00000867,0x00000007,
	0x0004003b,0x00000007,0x0000087e,0x00000007,0x0004003b,0x00000007,0x00000881,0x00000007,
	0x0004003b,0x00000083,0x00000884,0x00000007,0x0004003b,0x00000007,0x00000887,0x00000007,
	0x0004003b,0x00000072,0x00000889,0x00000007,0x0004003b,0x00000082,0x0000088a,0x00000007,
	0x0004003b,0x00000082,0x0000088c,0x00000007,0x0004003b,0x00000072,0x0000088f,0x00000007,
	0x0004003b,0x00000082,0x00000892,0x00000007,0x0004003b,0x00000083,0x00000893,0x00000007,
	0x0004003b,0x00000083,0x000008c5,0x00000007,0x0004003b,0x00000007,0x000008c8,0x00000007,
	0x0004003b,0x00000072,0x000008ca,0x00000007,0x0004003b,0x00000082,0x000008cb,0x00000007,
	0x0004003b,0x00000082,0x000008cd,0x00000007,0x0004003b,0x00000072,0x000008d0,0x00000007,
	0x0004003b,0x00000082,0x000008d3,0x00000007,0x0004003b,0x00000083,0x000008d4,0x00000007,
	0x0004003b,0x00000083,0x000008d6,0x00000007,0x0004003b,0x00000007,0x000008d9,0x00000007,
	0x0004003b,0x00000072,0x000008db,0x00000007,0x0004003b,0x00000082,0x000008dc,0x00000007,
	0x0004003b,0x00000082,0x000008de,0x00000007,0x0004003b,0x00000072,0x000008e1,0x00000007,
	0x0004003b,0x00000082,0x000008e4,0x00000007,0x0004003b,0x00000083,0x000008e5,0x00000007,
	0x0004003b,0x00000083,0x000008ef,0x00000007,0x0004003b,0x00000072,0x000008f1,0x00000007,
	0x0004003b,0x00000083,0x00000909,0x00000007,0x0004003b,0x00000072,0x0000090b,0x00000007,
	0x0004003b,0x00000072,0x0000091b,0x00000007,0x0004003b,0x00000083,0x00000924,0x00000007,
	0x0004003b,0x00000007,0x00000925,0x00000007,0x0004003b,0x00000072,0x00000927,0x00000007,
	0x0004003b,0x00000082,0x00000928,0x00000007,0x0004003b,0x00000082,0x0000092a,0x00000007,
	0x0004003b,0x00000072,0x0000092d,0x00000007,0x0004003b,0x00000082,0x0000092f,0x00000007,
	0x0004003b,0x00000083,0x00000930,0x00000007,0x0004003b,0x00000083,0x00000938,0x00000007,
	0x0004003b,0x00000072,0x0000093a,0x00000007,0x0004003b,0x00000072,0x00000948,0x00000007,
	0x0004003b,0x00000083,0x00000951,0x00000007,0x0004003b,0x00000007,0x00000952,0x00000007,
	0x0004003b,0x00000072,0x00000954,0x00000007,0x0004003b,0x00000082,0x00000955,0x00000007,
	0x0004003b,0x00000082,0x00000957,0x00000007,0x0004003b,0x00000072,0x0000095a,0x00000007,
	0x0004003b,0x00000082,0x0000095c,0x00000007,0x0004003b,0x00000083,0x0000095d,0x00000007,
	0x0004003b,0x00000072,0x00000990,0x00000007,0x0004003b,0x00000083,0x00000999,0x00000007,
	0x0004003b,0x00000007,0x0000099a,0x00000007,0x0004003b,0x00000072,0x0000099c,0x00000007,
	0x0004003b,0x00000082,0x0000099d,0x00000007,0x0004003b,0x00000082,0x0000099f,0x00000007,
	0x0004003b,0x00000072,0x000009a3,0x00000007,0x0004003b,0x00000082,0x000009a5,0x00000007,
	0x0004003b,0x00000083,0x000009a6,0x00000007,0x0004003b,0x00000057,0x000009d5,0x00000007,
	0x0004003b,0x00000011,0x000009d7,0x00000007,0x0004003b,0x00000007,0x000009d9,0x00000007,
	0x0004003b,0x00000057,0x000009e1,0x00000007,0x0004003b,0x00000011,0x000009e3,0x00000007,
	0x0004003b,0x00000007,0x000009e5,0x00000007,0x0004003b,0x00000057,0x000009ed,0x00000007,
	0x0004003b,0x00000011,0x000009ef,0x00000007,0x0004003b,0x00000007,0x000009f1,0x00000007,
	0x0004003b,0x00000082,0x000009f9,0x00000007,0x0004003b,0x00000011,0x000009fa,0x00000007,
	0x0004003b,0x00000007,0x000009fc,0x00000007,0x0004003b,0x00000082,0x00000a02,0x00000007,
	0x0004003b,0x0000002f,0x00000a08,0x00000007,0x0004003b,0x00000007,0x00000a09,0x00000007,
	0x0004003b,0x00000011,0x00000a0d,0x00000007,0x0004003b,0x00000007,0x00000a0f,0x00000007,
	0x0004003b,0x00000007,0x00000a12,0x00000007,0x0004003b,0x00000072,0x00000a14,0x00000007,
	0x0004003b,0x00000082,0x00000a15,0x00000007,0x0004003b,0x00000082,0x00000a16,0x00000007,
	0x0004003b,0x00000082,0x00000a19,0x00000007,0x0004003b,0x00000011,0x00000a1a,0x00000007,
	0x0004003b,0x00000007,0x00000a1c,0x00000007,0x0004003b,0x00000082,0x00000a22,0x00000007,
	0x0004003b,0x0000002f,0x00000a28,0x00000007,0x0004003b,0x00000007,0x00000a29,0x00000007,
	0x0004003b,0x00000011,0x00000a2d,0x00000007,0x0004003b,0x00000007,0x00000a2f,0x00000007,
	0x0004003b,0x00000007,0x00000a32,0x00000007,0x0004003b,0x00000072,0x00000a34,0x00000007,
	0x0004003b,0x00000082,0x00000a35,0x00000007,0x0004003b,0x00000082,0x00000a36,0x00000007,
	0x0004003b,0x00000082,0x00000a39,0x00000007,0x0004003b,0x00000011,0x00000a3a,0x00000007,
	0x0004003b,0x00000007,0x00000a3c,0x00000007,0x0004003b,0x00000082,0x00000a42,0x00000007,
	0x0004003b,0x0000002f,0x00000a48,0x00000007,0x0004003b,0x00000007,0x00000a49,0x00000007,
	0x0004003b,0x00000011,0x00000a4d,0x00000007,0x0004003b,0x00000007,0x00000a4f,0x00000007,
	0x0004003b,0x00000007,0x00000a52,0x00000007,0x0004003b,0x00000072,0x00000a54,0x00000007,
	0x0004003b,0x00000082,0x00000a55,0x00000007,0x0004003b,0x00000082,0x00000a56,0x00000007,
	0x0004003b,0x00000057,0x00000a59,0x00000007,0x0004003b,0x00000057,0x00000a5d,0x00000007,
	0x0004003b,0x00000082,0x00000a61,0x00000007,0x0004003b,0x00000082,0x00000a65,0x00000007,
	0x0004003b,0x00000046,0x00000a69,0x00000007,0x0004003b,0x00000057,0x00000a75,0x00000007,
	0x0004003b,0x00000057,0x00000a7a,0x00000007,0x0004003b,0x00000057,0x00000a96,0x00000007,
	0x0004003b,0x00000046,0x00000aaa,0x00000007,0x0004003b,0x00000072,0x00000ab8,0x00000007,
	0x0004003b,0x00000057,0x00000abd,0x00000007,0x0004003b,0x00000057,0x00000ac2,0x00000007,
	0x0004003b,0x00000057,0x00000ad0,0x00000007,0x0004003b,0x00000046,0x00000ae6,0x00000007,
	0x0004003b,0x00000046,0x00000aeb,0x00000007,0x0004003b,0x00000007,0x00000b07,0x00000007,
	0x0004003b,0x00000072,0x00000b0a,0x00000007,0x0004003b,0x00000082,0x00000b0c,0x00000007,
	0x0004003b,0x00000007,0x00000b0e,0x00000007,0x0004003b,0x00000072,0x00000b10,0x00000007,
	0x0004003b,0x00000082,0x00000b12,0x00000007,0x0004003b,0x00000057,0x00000b1b,0x00000007,
	0x0004003b,0x00000057,0x00000b22,0x00000007,0x0004003b,0x00000046,0x00000b27,0x00000007,
	0x0004003b,0x00000046,0x00000b35,0x00000007,0x0004003b,0x00000057,0x00000b45,0x00000007,
	0x0004003b,0x00000057,0x00000b47,0x00000007,0x0004003b,0x00000007,0x00000b48,0x00000007,
	0x0004003b,0x00000007,0x00000b4d,0x00000007,0x0004003b,0x00000083,0x00000b56,0x00000007,
	0x0004003b,0x00000057,0x00000b6e,0x00000007,0x0004003b,0x00000057,0x00000b75,0x00000007,
	0x0004003b,0x00000007,0x00000b90,0x00000007,0x0004003b,0x00000057,0x00000b92,0x00000007,
	0x0004003b,0x00000057,0x00000b97,0x00000007,0x0004003b,0x00000057,0x00000b9c,0x00000007,
	0x0004003b,0x00000046,0x00000bb7,0x00000007,0x0004003b,0x00000046,0x00000bba,0x00000007,
	0x0004003b,0x00000057,0x00000bc1,0x00000007,0x0004003b,0x00000082,0x00000bc9,0x00000007,
	0x0004003b,0x00000057,0x00000bd7,0x00000007,0x0004003b,0x00000046,0x00000c2e,0x00000007,
	0x0004003b,0x00000007,0x00000c4a,0x00000007,0x0004003b,0x00000057,0x00000c52,0x00000007,
	0x0004003b,0x00000011,0x00000c54,0x00000007,0x0004003b,0x00000007,0x00000c56,0x00000007,
	0x0004003b,0x00000057,0x00000c5e,0x00000007,0x0004003b,0x00000011,0x00000c60,0x00000007,
	0x0004003b,0x00000007,0x00000c62,0x00000007,0x0004003b,0x00000057,0x00000c6a,0x00000007,
	0x0004003b,0x00000011,0x00000c6c,0x00000007,0x0004003b,0x00000007,0x00000c6e,0x00000007,
	0x0004003b,0x00000057,0x00000c76,0x00000007,0x0004003b,0x00000082,0x00000c90,0x00000007,
	0x0004003b,0x00000011,0x00000c91,0x00000007,0x0004003b,0x00000007,0x00000c93,0x00000007,
	0x0004003b,0x00000011,0x00000c98,0x00000007,0x0004003b,0x00000007,0x00000c9a,0x00000007,
	0x0004003b,0x00000011,0x00000ca1,0x00000007,0x0004003b,0x00000007,0x00000ca3,0x00000007,
	0x0004003b,0x00000046,0x00000cb4,0x00000007,0x0004003b,0x00000057,0x00000cc9,0x00000007,
	0x0004003b,0x00000011,0x00000ccb,0x00000007,0x0004003b,0x00000007,0x00000ccd,0x00000007,
	0x0004003b,0x00000057,0x00000cd5,0x00000007,0x0004003b,0x00000011,0x00000cd7,0x00000007,
	0x0004003b,0x00000007,0x00000cd9,0x00000007,0x0004003b,0x00000057,0x00000ce1,0x00000007,
	0x0004003b,0x00000011,0x00000ce3,0x00000007,0x0004003b,0x00000007,0x00000ce5,0x00000007,
	0x0004003b,0x00000082,0x00000d2d,0x00000007,0x0004003b,0x00000011,0x00000d2e,0x00000007,
	0x0004003b,0x00000007,0x00000d30,0x00000007,0x0004003b,0x00000011,0x00000d35,0x00000007,
	0x0004003b,0x00000007,0x00000d37,0x00000007,0x0004003b,0x00000011,0x00000d3e,0x00000007,
	0x0004003b,0x00000007,0x00000d40,0x00000007,0x0004003b,0x00000082,0x00000d47,0x00000007,
	0x0004003b,0x00000082,0x00000d5b,0x00000007,0x0004003b,0x00000011,0x00000d5c,0x00000007,
	0x0004003b,0x00000007,0x00000d5e,0x00000007,0x0004003b,0x00000011,0x00000d63,0x00000007,
	0x0004003b,0x00000007,0x00000d65,0x00000007,0x0004003b,0x00000011,0x00000d6c,0x00000007,
	0x0004003b,0x00000007,0x00000d6e,0x00000007,0x0004003b,0x00000072,0x00000d75,0x00000007,
	0x0004003b,0x00000007,0x00000d83,0x00000007,0x0004003b,0x00000057,0x00000d8b,0x00000007,
	0x0004003b,0x00000011,0x00000d8d,0x00000007,0x0004003b,0x00000007,0x00000d8f,0x00000007,
	0x0004003b,0x00000057,0x00000d97,0x00000007,0x0004003b,0x00000011,0x00000d99,0x00000007,
	0x0004003b,0x00000007,0x00000d9b,0x00000007,0x0004003b,0x00000057,0x00000da3,0x00000007,
	0x0004003b,0x00000011,0x00000da5,0x00000007,0x0004003b,0x00000007,0x00000da7,0x00000007,
	0x0004003b,0x00000082,0x00000daf,0x00000007,0x0004003b,0x00000011,0x00000db0,0x00000007,
	0x0004003b,0x00000007,0x00000db2,0x00000007,0x0004003b,0x00000082,0x00000db5,0x00000007,
	0x0004003b,0x00000011,0x00000db6,0x00000007,0x0004003b,0x00000007,0x00000db8,0x00000007,
	0x0004003b,0x00000082,0x00000dbb,0x00000007,0x0004003b,0x00000011,0x00000dbc,0x00000007,
	0x0004003b,0x00000007,0x00000dbe,0x00000007,0x0004003b,0x00000046,0x00000dc1,0x00000007,
	0x0004003b,0x00000082,0x00000dca,0x00000007,0x0004003b,0x00000082,0x00000dce,0x00000007,
	0x0004003b,0x00000046,0x00000dd2,0x00000007,0x0004003b,0x00000046,0x00000ddf,0x00000007,
	0x0004003b,0x00000046,0x00000de5,0x00000007,0x0004003b,0x00000057,0x00000dfe,0x00000007,
	0x0004003b,0x00000007,0x00000e09,0x00000007,0x0004003b,0x0000002f,0x00000e1a,0x00000007,
	0x0004003b,0x00000082,0x00000e1e,0x00000007,0x0004003b,0x0000002f,0x00000e1f,0x00000007,
	0x0004003b,0x00000007,0x00000e21,0x00000007,0x0004003b,0x0000002f,0x00000e26,0x00000007,
	0x0004003b,0x00000007,0x00000e28,0x00000007,0x0004003b,0x0000002f,0x00000e2f,0x00000007,
	0x0004003b,0x00000007,0x00000e31,0x00000007,0x0004003b,0x00000046,0x00000e44,0x00000007,
	0x0004003b,0x00000038,0x00000e4a,0x00000007,0x0004003b,0x00000038,0x00000e4e,0x00000007,
	0x0004003b,0x00000007,0x00000e50,0x00000007,0x0004003b,0x00000038,0x00000e55,0x00000007,
	0x0004003b,0x00000007,0x00000e57,0x00000007,0x0004003b,0x00000038,0x00000e5e,0x00000007,
	0x0004003b,0x00000007,0x00000e60,0x00000007,0x0004003b,0x00000046,0x00000e67,0x00000007,
	0x0004003b,0x00000057,0x00000e7e,0x00000007,0x0004003b,0x00000011,0x00000e80,0x00000007,
	0x0004003b,0x00000007,0x00000e82,0x00000007,0x0004003b,0x00000057,0x00000e8a,0x00000007,
	0x0004003b,0x00000011,0x00000e8c,0x00000007,0x0004003b,0x00000007,0x00000e8e,0x00000007,
	0x0004003b,0x00000057,0x00000e96,0x00000007,0x0004003b,0x00000011,0x00000e98,0x00000007,
	0x0004003b,0x00000007,0x00000e9a,0x00000007,0x0004003b,0x00000082,0x00000ea2,0x00000007,
	0x0004003b,0x00000011,0x00000ea3,0x00000007,0x0004003b,0x00000007,0x00000ea5,0x00000007,
	0x0004003b,0x00000082,0x00000ea8,0x00000007,0x0004003b,0x00000011,0x00000ea9,0x00000007,
	0x0004003b,0x00000007,0x00000eab,0x00000007,0x0004003b,0x00000082,0x00000eae,0x00000007,
	0x0004003b,0x00000011,0x00000eaf,0x00000007,0x0004003b,0x00000007,0x00000eb1,0x00000007,
	0x0004003b,0x00000057,0x00000eb4,0x00000007,0x0004003b,0x00000057,0x00000eb8,0x00000007,
	0x0004003b,0x00000082,0x00000ebc,0x00000007,0x0004003b,0x00000082,0x00000ec0,0x00000007,
	0x0004003b,0x00000046,0x00000ec4,0x00000007,0x0004003b,0x00000057,0x00000ed0,0x00000007,
	0x0004003b,0x00000057,0x00000ed5,0x00000007,0x0004003b,0x00000041,0x00000efd,0x00000007,
	0x0004003b,0x00000045,0x00000f01,0x00000007,0x0004003b,0x00000072,0x00000f05,0x00000007,
	0x0004003b,0x00000046,0x00000f06,0x00000007,0x0004003b,0x00000041,0x00000f07,0x00000007,
	0x0004003b,0x00000045,0x00000f09,0x00000007,0x0004003b,0x00000007,0x00000f0b,0x00000007,
	0x0004003b,0x00000046,0x00000f0d,0x00000007,0x0004003b,0x00000046,0x00000f10,0x00000007,
	0x0004003b,0x00000041,0x00000f11,0x00000007,0x0004003b,0x00000045,0x00000f13,0x00000007,
	0x0004003b,0x00000007,0x00000f15,0x00000007,0x0004003b,0x00000046,0x00000f17,0x00000007,
	0x0004003b,0x00000046,0x00000f1a,0x00000007,0x0004003b,0x00000041,0x00000f1b,0x00000007,
	0x0004003b,0x00000045,0x00000f1d,0x00000007,0x0004003b,0x00000007,0x00000f1f,0x00000007,
	0x0004003b,0x00000046,0x00000f21,0x00000007,0x0004003b,0x00000046,0x00000f24,0x00000007,
	0x0004003b,0x00000007,0x00000f34,0x00000007,0x0004003b,0x00000057,0x00000f4a,0x00000007,
	0x0004003b,0x00000011,0x00000f4b,0x00000007,0x0004003b,0x00000007,0x00000f4d,0x00000007,
	0x0004003b,0x00000057,0x00000f51,0x00000007,0x0004003b,0x00000011,0x00000f52,0x00000007,
	0x0004003b,0x00000007,0x00000f54,0x00000007,0x0004003b,0x00000057,0x00000f58,0x00000007,
	0x0004003b,0x00000011,0x00000f59,0x00000007,0x0004003b,0x00000007,0x00000f5b,0x00000007,
	0x0004003b,0x00000046,0x00000f5f,0x00000007,0x0004003b,0x00000046,0x00000f6e,0x00000007,
	0x0004003b,0x00000007,0x00000f95,0x00000007,0x0004003b,0x00000007,0x00000f9c,0x00000007,
	0x0004003b,0x00000007,0x00000fa6,0x00000007,0x0004003b,0x00000007,0x00000fbe,0x00000007,
	0x0004003b,0x00000057,0x00000fc5,0x00000007,0x0004003b,0x00000057,0x00000fcd,0x00000007,
	0x0004003b,0x00000007,0x00000fe0,0x00000007,0x0004003b,0x00000057,0x00000fe7,0x00000007,
	0x0004003b,0x00000057,0x00000fee,0x00000007,0x0004003b,0x00000057,0x00000ff5,0x00000007,
	0x0004003b,0x00000057,0x0000100a,0x00000007,0x0004003b,0x00000011,0x0000100c,0x00000007,
	0x0004003b,0x00000007,0x0000100e,0x00000007,0x0004003b,0x00000057,0x00001016,0x00000007,
	0x0004003b,0x00000011,0x00001018,0x00000007,0x0004003b,0x00000007,0x0000101a,0x00000007,
	0x0004003b,0x00000057,0x00001022,0x00000007,0x0004003b,0x00000011,0x00001024,0x00000007,
	0x0004003b,0x00000007,0x00001026,0x00000007,0x0004003b,0x00000057,0x0000102e,0x00000007,
	0x0004003b,0x00000046,0x0000103f,0x00000007,0x0004003b,0x00000007,0x00001044,0x00000007,
	0x0004003b,0x00000007,0x00001055,0x00000007,0x0004003b,0x00000046,0x00001057,0x00000007,
	0x0004003b,0x00000072,0x00001058,0x00000007,0x0004003b,0x00000057,0x00001060,0x00000007,
	0x0004003b,0x00000007,0x00001061,0x00000007,0x0004003b,0x00000007,0x00001065,0x00000007,
	0x0004003b,0x00000057,0x00001069,0x00000007,0x0004003b,0x00000046,0x0000106b,0x00000007,
	0x0004003b,0x00000046,0x0000106c,0x00000007,0x0004003b,0x00000007,0x00001083,0x00000007,
	0x0004003b,0x00000072,0x00001086,0x00000007,0x0004003b,0x00000082,0x00001088,0x00000007,
	0x0004003b,0x00000007,0x0000108a,0x00000007,0x0004003b,0x00000072,0x0000108c,0x00000007,
	0x0004003b,0x00000082,0x0000108e,0x00000007,0x0004003b,0x00000057,0x000010a5,0x00000007,
	0x0004003b,0x00000057,0x000010aa,0x00000007,0x0004003b,0x00000057,0x000010b1,0x00000007,
	0x0004003b,0x00000007,0x000010b9,0x00000007,0x0004003b,0x00000007,0x000010ca,0x00000007,
	0x0004003b,0x00000046,0x000010cc,0x00000007,0x0004003b,0x00000072,0x000010cd,0x00000007,
	0x0004003b,0x00000046,0x000010d5,0x00000007,0x0004003b,0x00000007,0x000010d6,0x00000007,
	0x0004003b,0x00000046,0x000010db,0x00000007,0x0004003b,0x00000007,0x000010dc,0x00000007,
	0x0004003b,0x00000057,0x000010e3,0x00000007,0x0004003b,0x00000007,0x00001105,0x00000007,
	0x0004003b,0x00000072,0x00001108,0x00000007,0x0004003b,0x00000082,0x0000110a,0x00000007,
	0x0004003b,0x00000007,0x0000110c,0x00000007,0x0004003b,0x00000072,0x0000110e,0x00000007,
	0x0004003b,0x00000082,0x00001110,0x00000007,0x0004003b,0x00000057,0x00001123,0x00000007,
	0x0004003b,0x00000057,0x00001126,0x00000007,0x0004003b,0x00000072,0x00001142,0x00000007,
	0x0004003b,0x00000057,0x0000114e,0x00000007,0x0004003d,0x00000581,0x00000585,0x00000583,
	0x0007004f,0x00000584,0x00000586,0x00000585,0x00000585,0x00000000,0x00000001,0x0004007c,
	0x00000304,0x00000587,0x00000586,0x0003003e,0x00000580,0x00000587,0x0004003d,0x00000589,
	0x0000058c,0x0000058b,0x00040068,0x00000304,0x0000058d,0x0000058c,0x0003003e,0x00000588,
	0x0000058d,0x00050041,0x00000072,0x0000058e,0x00000580,0x000000a7,0x0004003d,0x00000047,
	0x0000058f,0x0000058e,0x00050041,0x00000072,0x00000590,0x00000588,0x000000a7,0x0004003d,
	0x00000047,0x00000591,0x00000590,0x000500af,0x00000096,0x00000592,0x0000058f,0x00000591,
	0x000400a8,0x00000096,0x00000593,0x00000592,0x000300f7,0x00000595,0x00000000,0x000400fa,
	0x00000593,0x00000594,0x00000595,0x000200f8,0x00000594,0x00050041,0x00000072,0x00000596,
	0x00000580,0x000000c7,0x0004003d,0x00000047,0x00000597,0x00000596,0x00050041,0x00000072,
	0x00000598,0x00000588,0x000000c7,0x0004003d,0x00000047,0x00000599,0x00000598,0x000500af,
	0x00000096,0x0000059a,0x00000597,0x00000599,0x000200f9,0x00000595,0x000200f8,0x00000595,
	0x000700f5,0x00000096,0x0000059b,0x00000592,0x00000005,0x0000059a,0x00000594,0x000300f7,
	0x0000059d,0x00000000,0x000400fa,0x0000059b,0x0000059c,0x0000059d,0x000200f8,0x0000059c,
	0x000100fd,0x000200f8,0x0000059d,0x00060041,0x000005a4,0x000005a5,0x000005a3,0x000001e3,
	0x000000d8,0x0004003d,0x00000008,0x000005a6,0x000005a5,0x00050081,0x00000008,0x000005a7,
	0x000005a6,0x000003d3,0x0004006d,0x00000006,0x000005a8,0x000005a7,0x0003003e,0x0000059f,
	0x000005a8,0x00060041,0x000005a4,0x000005ab,0x000005a3,0x000001ec,0x000000d8,0x0004003d,
	0x00000008,0x000005ac,0x000005ab,0x000500ba,0x00000096,0x000005ad,0x000005ac,0x000003d3,
	0x0003003e,0x000005aa,0x000005ad,0x0004003d,0x00000096,0x000005af,0x000005aa,0x000300f7,
	0x000005b2,0x00000000,0x000400fa,0x000005af,0x000005b1,0x000005c0,0x000200f8,0x000005b1,
	0x0004003d,0x00000006,0x000005b3,0x0000059f,0x00050080,0x00000006,0x000005b4,0x000005b3,
	0x000000c7,0x0003003e,0x000005b5,0x000005b4,0x0003003e,0x000005b6,0x000000ce,0x00060039,
	0x00000008,0x000005b7,0x0000000c,0x000005b5,0x000005b6,0x0004003d,0x00000006,0x000005b8,
	0x0000059f,0x00050080,0x00000006,0x000005b9,0x000005b8,0x000000c7,0x0003003e,0x000005ba,
	0x000005b9,0x0003003e,0x000005bb,0x000000d8,0x00060039,0x00000008,0x000005bc,0x0000000c,
	0x000005ba,0x000005bb,0x00050050,0x00000026,0x000005bd,0x000005b7,0x000005bc,0x00050050,
	0x00000026,0x000005be,0x000003d3,0x000003d3,0x00050083,0x00000026,0x000005bf,0x000005bd,
	0x000005be,0x0003003e,0x000005b0,0x000005bf,0x000200f9,0x000005b2,0x000200f8,0x000005c0,
	0x0003003e,0x000005b0,0x000005c1,0x000200f9,0x000005b2,0x000200f8,0x000005b2,0x0004003d,
	0x00000026,0x000005c2,0x000005b0,0x0003003e,0x000005ae,0x000005c2,0x0004003d,0x00000304,
	0x000005c4,0x00000580,0x0004006f,0x00000026,0x000005c5,0x000005c4,0x00050050,0x00000026,
	0x000005c6,0x000003d3,0x000003d3,0x00050081,0x00000026,0x000005c7,0x000005c5,0x000005c6,
	0x0004003d,0x00000026,0x000005c8,0x000005ae,0x00050081,0x00000026,0x000005c9,0x000005c7,
	0x000005c8,0x0004003d,0x00000304,0x000005ca,0x00000588,0x0004006f,0x00000026,0x000005cb,
	0x000005ca,0x00050088,0x00000026,0x000005cc,0x000005c9,0x000005cb,0x0003003e,0x000005c3,
	0x000005cc,0x00050041,0x00000046,0x000005ce,0x000005c3,0x000000a7,0x0004003d,0x00000008,
	0x000005cf,0x000005ce,0x00050085,0x00000008,0x000005d1,0x000005cf,0x000005d0,0x00050083,
	0x00000008,0x000005d2,0x000005d1,0x0000009e,0x00050041,0x00000046,0x000005d3,0x000005c3,
	0x000000c7,0x0004003d,0x00000008,0x000005d4,0x000005d3,0x00050085,0x00000008,0x000005d5,
	0x000005d4,0x000005d0,0x00050083,0x00000008,0x000005d6,0x0000009e,0x000005d5,0x00050050,
	0x00000026,0x000005d7,0x000005d2,0x000005d6,0x0003003e,0x000005cd,0x000005d7,0x00050041,
	0x000005d9,0x000005da,0x000005a3,0x000000bc,0x0004003d,0x000005a0,0x000005db,0x000005da,
	0x0004003d,0x00000026,0x000005dc,0x000005cd,0x00050051,0x00000008,0x000005dd,0x000005dc,
	0x00000000,0x00050051,0x00000008,0x000005de,0x000005dc,0x00000001,0x00070050,0x00000020,
	0x000005df,0x000005dd,0x000005de,0x000000a0,0x0000009e,0x00050091,0x00000020,0x000005e0,
	0x000005db,0x000005df,0x0003003e,0x000005d8,0x000005e0,0x00050041,0x000005d9,0x000005e2,
	0x000005a3,0x000000bc,0x0004003d,0x000005a0,0x000005e3,0x000005e2,0x0004003d,0x00000026,
	0x000005e4,0x000005cd,0x00050051,0x00000008,0x000005e5,0x000005e4,0x00000000,0x00050051,
	0x00000008,0x000005e6,0x000005e4,0x00000001,0x00070050,0x00000020,0x000005e7,0x000005e5,
	0x000005e6,0x0000009e,0x0000009e,0x00050091,0x00000020,0x000005e8,0x000005e3,0x000005e7,
	0x0003003e,0x000005e1,0x000005e8,0x0004003d,0x00000020,0x000005ea,0x000005d8,0x0008004f,
	0x00000012,0x000005eb,0x000005ea,0x000005ea,0x00000000,0x00000001,0x00000002,0x00050041,
	0x00000046,0x000005ec,0x000005d8,0x000000d8,0x0004003d,0x00000008,0x000005ed,0x000005ec,
	0x00060050,0x00000012,0x000005ee,0x000005ed,0x000005ed,0x000005ed,0x00050088,0x00000012,
	0x000005ef,0x000005eb,0x000005ee,0x0003003e,0x000005e9,0x000005ef,0x0004003d,0x00000020,
	0x000005f1,0x000005e1,0x0008004f,0x00000012,0x000005f2,0x000005f1,0x000005f1,0x00000000,
	0x00000001,0x00000002,0x00050041,0x00000046,0x000005f3,0x000005e1,0x000000d8,0x0004003d,
	0x00000008,0x000005f4,0x000005f3,0x00060050,0x00000012,0x000005f5,0x000005f4,0x000005f4,
	0x000005f4,0x00050088,0x00000012,0x000005f6,0x000005f2,0x000005f5,0x0003003e,0x000005f0,
	0x000005f6,0x0004003d,0x00000012,0x000005f8,0x000005e9,0x0003003e,0x000005f7,0x000005f8,
	0x0004003d,0x00000012,0x000005fa,0x000005f0,0x0004003d,0x00000012,0x000005fb,0x000005e9,
	0x00050083,0x00000012,0x000005fc,0x000005fa,0x000005fb,0x0006000c,0x00000012,0x000005fd,
	0x00000001,0x00000045,0x000005fc,0x0003003e,0x000005f9,0x000005fd,0x00060041,0x000005a4,
	0x000005ff,0x000005a3,0x00000151,0x000000d8,0x0004003d,0x00000008,0x00000600,0x000005ff,
	0x00050081,0x00000008,0x00000601,0x00000600,0x000003d3,0x0004006e,0x00000047,0x00000602,
	0x00000601,0x0003003e,0x000005fe,0x00000602,0x0004003d,0x00000047,0x00000604,0x000005fe,
	0x000500aa,0x00000096,0x00000605,0x00000604,0x000000bc,0x0004003d,0x00000047,0x00000606,
	0x000005fe,0x000500aa,0x00000096,0x00000607,0x00000606,0x00000151,0x000500a6,0x00000096,
	0x00000608,0x00000605,0x00000607,0x000300f7,0x0000060b,0x00000000,0x000400fa,0x00000608,
	0x0000060a,0x00000612,0x000200f8,0x0000060a,0x00050041,0x0000060d,0x0000060e,0x000005a3,
	0x000001de,0x0004003d,0x00000020,0x0000060f,0x0000060e,0x0008004f,0x00000012,0x00000610,
	0x0000060f,0x0000060f,0x00000000,0x00000001,0x00000002,0x0003003e,0x0000060c,0x00000610,
	0x00050039,0x00000012,0x00000611,0x00000070,0x0000060c,0x0003003e,0x00000609,0x00000611,
	0x000200f9,0x0000060b,0x000200f8,0x00000612,0x00050041,0x0000060d,0x00000613,0x000005a3,
	0x000001de,0x0004003d,0x00000020,0x00000614,0x00000613,0x0008004f,0x00000012,0x00000615,
	0x00000614,0x00000614,0x00000000,0x00000001,0x00000002,0x0003003e,0x00000609,0x00000615,
	0x000200f9,0x0000060b,0x000200f8,0x0000060b,0x0004003d,0x00000012,0x00000616,0x00000609,
	0x0003003e,0x00000603,0x00000616,0x0004003d,0x00000012,0x00000618,0x00000603,0x0003003e,
	0x00000617,0x00000618,0x0004003d,0x0000061c,0x0000061f,0x0000061e,0x0004003d,0x00000012,
	0x00000620,0x000005f7,0x0004003d,0x00000012,0x00000622,0x000005f9,0x00091179,0x0000061b,
	0x0000061f,0x000000a7,0x00000251,0x00000620,0x00000621,0x00000622,0x00000623,0x000200f9,
	0x00000624,0x000200f8,0x00000624,0x000400f6,0x00000626,0x00000627,0x00000000,0x000200f9,
	0x00000628,0x000200f8,0x00000628,0x0004117d,0x00000096,0x00000629,0x0000061b,0x000400fa,
	0x00000629,0x00000625,0x00000626,0x000200f8,0x00000625,0x0005117f,0x00000006,0x0000062b,
	0x0000061b,0x000000bc,0x000500aa,0x00000096,0x0000062c,0x0000062b,0x000000a7,0x000300f7,
	0x0000062e,0x00000000,0x000400fa,0x0000062c,0x0000062d,0x0000062e,0x000200f8,0x0000062d,
	0x00051784,0x00000047,0x00000630,0x0000061b,0x000000bc,0x0004007c,0x00000006,0x00000631,
	0x00000630,0x0003003e,0x0000062f,0x00000631,0x00051787,0x00000047,0x00000633,0x0000061b,
	0x000000bc,0x0003003e,0x00000632,0x00000633,0x00051788,0x00000026,0x00000635,0x0000061b,
	0x000000bc,0x0003003e,0x00000634,0x00000635,0x0004003d,0x00000006,0x00000637,0x0000062f,
	0x0003003e,0x00000636,0x00000637,0x0004003d,0x00000047,0x00000639,0x00000632,0x0003003e,
	0x00000638,0x00000639,0x0004003d,0x00000026,0x0000063b,0x00000634,0x0003003e,0x0000063a,
	0x0000063b,0x00070039,0x00000096,0x0000063c,0x0000009b,0x00000636,0x00000638,0x0000063a,
	0x000300f7,0x0000063e,0x00000000,0x000400fa,0x0000063c,0x0000063d,0x0000063e,0x000200f8,
	0x0000063d,0x0002117c,0x0000061b,0x000200f9,0x0000063e,0x000200f8,0x0000063e,0x000200f9,
	0x0000062e,0x000200f8,0x0000062e,0x000200f9,0x00000627,0x000200f8,0x00000627,0x000200f9,
	0x00000624,0x000200f8,0x00000626,0x00060041,0x000005a4,0x0000063f,0x000005a3,0x00000151,
	0x000000d8,0x0004003d,0x00000008,0x00000640,0x0000063f,0x00050081,0x00000008,0x00000641,
	0x00000640,0x000003d3,0x0004006e,0x00000047,0x00000642,0x00000641,0x000500aa,0x00000096,
	0x00000643,0x00000642,0x000000bc,0x000300f7,0x00000645,0x00000000,0x000400fa,0x00000643,
	0x00000644,0x00000645,0x000200f8,0x00000644,0x0005117f,0x00000006,0x00000646,0x0000061b,
	0x00000151,0x000500ab,0x00000096,0x00000647,0x00000646,0x000000c7,0x000200f9,0x00000645,
	0x000200f8,0x00000645,0x000700f5,0x00000096,0x00000648,0x00000643,0x00000626,0x00000647,
	0x00000644,0x000300f7,0x0000064a,0x00000000,0x000400fa,0x00000648,0x00000649,0x0000064a,
	0x000200f8,0x00000649,0x00050044,0x00000006,0x0000064c,0x000001bc,0x00000000,0x0004007c,
	0x00000047,0x0000064d,0x0000064c,0x0004007c,0x00000006,0x0000064e,0x0000064d,0x00050086,
	0x00000006,0x0000064f,0x0000064e,0x000001be,0x0003003e,0x0000064b,0x0000064f,0x0003003e,
	0x00000650,0x000000a7,0x000200f9,0x00000651,0x000200f8,0x00000651,0x000400f6,0x00000653,
	0x00000654,0x00000000,0x000200f9,0x00000655,0x000200f8,0x00000655,0x0004003d,0x00000006,
	0x00000656,0x00000650,0x0004003d,0x00000006,0x00000657,0x0000064b,0x000500b0,0x00000096,
	0x00000658,0x00000656,0x00000657,0x000400fa,0x00000658,0x00000652,0x00000653,0x000200f8,
	0x00000652,0x0004003d,0x00000006,0x0000065a,0x00000650,0x00050084,0x00000006,0x0000065b,
	0x0000065a,0x000001be,0x00050080,0x00000006,0x0000065c,0x0000065b,0x000000a7,0x00060041,
	0x000001c5,0x0000065d,0x000001bc,0x000000bc,0x0000065c,0x0004003d,0x00000020,0x0000065e,
	0x0000065d,0x0003003e,0x00000659,0x0000065e,0x00050041,0x00000046,0x0000065f,0x00000659,
	0x000000a7,0x0004003d,0x00000008,0x00000660,0x0000065f,0x00050081,0x00000008,0x00000661,
	0x00000660,0x000003d3,0x0004006e,0x00000047,0x00000662,0x00000661,0x000500ab,0x00000096,
	0x00000663,0x00000662,0x000001f4,0x000300f7,0x00000665,0x00000000,0x000400fa,0x00000663,
	0x00000664,0x00000665,0x000200f8,0x00000664,0x000200f9,0x00000654,0x000200f8,0x00000665,
	0x00050041,0x00000046,0x00000667,0x00000659,0x000000c7,0x0004003d,0x00000008,0x00000668,
	0x00000667,0x00050081,0x00000008,0x00000669,0x00000668,0x000003d3,0x0004006e,0x00000047,
	0x0000066a,0x00000669,0x000500c7,0x00000047,0x0000066c,0x0000066a,0x0000066b,0x000500aa,
	0x00000096,0x0000066d,0x0000066c,0x000000bc,0x000300f7,0x0000066f,0x00000000,0x000400fa,
	0x0000066d,0x0000066e,0x0000066f,0x000200f8,0x0000066e,0x000200f9,0x00000654,0x000200f8,
	0x0000066f,0x0004003d,0x00000006,0x00000672,0x00000650,0x00050084,0x00000006,0x00000673,
	0x00000672,0x000001be,0x00050080,0x00000006,0x00000674,0x00000673,0x000000df,0x00060041,
	0x000001c5,0x00000675,0x000001bc,0x000000bc,0x00000674,0x0004003d,0x00000020,0x00000676,
	0x00000675,0x0003003e,0x00000671,0x00000676,0x0004003d,0x00000006,0x00000678,0x00000650,
	0x00050084,0x00000006,0x00000679,0x00000678,0x000001be,0x00050080,0x00000006,0x0000067b,
	0x00000679,0x0000067a,0x00060041,0x000001c5,0x0000067c,0x000001bc,0x000000bc,0x0000067b,
	0x0004003d,0x00000020,0x0000067d,0x0000067c,0x0008004f,0x00000012,0x0000067e,0x0000067d,
	0x0000067d,0x00000000,0x00000001,0x00000002,0x0004003d,0x00000012,0x0000067f,0x000005f9,
	0x00050094,0x00000008,0x00000680,0x0000067e,0x0000067f,0x0004003d,0x00000006,0x00000681,
	0x00000650,0x00050084,0x00000006,0x00000682,0x00000681,0x000001be,0x00050080,0x00000006,
	0x00000684,0x00000682,0x00000683,0x00060041,0x000001c5,0x00000685,0x000001bc,0x000000bc,
	0x00000684,0x0004003d,0x00000020,0x00000686,0x00000685,0x0008004f,0x00000012,0x00000687,
	0x00000686,0x00000686,0x00000000,0x00000001,0x00000002,0x0004003d,0x00000012,0x00000688,
	0x000005f9,0x00050094,0x00000008,0x00000689,0x00000687,0x00000688,0x0004003d,0x00000006,
	0x0000068a,0x00000650,0x00050084,0x00000006,0x0000068b,0x0000068a,0x000001be,0x00050080,
	0x00000006,0x0000068d,0x0000068b,0x0000068c,0x00060041,0x000001c5,0x0000068e,0x000001bc,
	0x000000bc,0x0000068d,0x0004003d,0x00000020,0x0000068f,0x0000068e,0x0008004f,0x00000012,
	0x00000690,0x0000068f,0x0000068f,0x00000000,0x00000001,0x00000002,0x0004003d,0x00000012,
	0x00000691,0x000005f9,0x00050094,0x00000008,0x00000692,0x00000690,0x00000691,0x00060050,
	0x00000012,0x00000693,0x00000680,0x00000689,0x00000692,0x0003003e,0x00000677,0x00000693,
	0x0004003d,0x00000695,0x00000698,0x00000697,0x0004003d,0x00000012,0x00000699,0x00000677,
	0x00070058,0x00000020,0x0000069a,0x00000698,0x00000699,0x00000002,0x000000a0,0x0008004f,
	0x00000012,0x0000069b,0x0000069a,0x0000069a,0x00000000,0x00000001,0x00000002,0x0004003d,
	0x00000020,0x0000069c,0x00000671,0x0008004f,0x00000012,0x0000069d,0x0000069c,0x0000069c,
	0x00000000,0x00000001,0x00000002,0x00050085,0x00000012,0x0000069e,0x0000069b,0x0000069d,
	0x0003003e,0x00000617,0x0000069e,0x000200f9,0x00000653,0x000200f8,0x00000654,0x0004003d,
	0x00000006,0x000006a0,0x00000650,0x00050080,0x00000006,0x000006a1,0x000006a0,0x00000151,
	0x0003003e,0x00000650,0x000006a1,0x000200f9,0x00000651,0x000200f8,0x00000653,0x000200f9,
	0x0000064a,0x000200f8,0x0000064a,0x0005117f,0x00000006,0x000006a2,0x0000061b,0x00000151,
	0x000500aa,0x00000096,0x000006a3,0x000006a2,0x000000c7,0x000300f7,0x000006a5,0x00000000,
	0x000400fa,0x000006a3,0x000006a4,0x000006a5,0x000200f8,0x000006a4,0x00051784,0x00000047,
	0x000006a7,0x0000061b,0x00000151,0x0004007c,0x00000006,0x000006a8,0x000006a7,0x0003003e,
	0x000006a6,0x000006a8,0x00051787,0x00000047,0x000006aa,0x0000061b,0x00000151,0x0003003e,
	0x000006a9,0x000006aa,0x00051788,0x00000026,0x000006ac,0x0000061b,0x00000151,0x0003003e,
	0x000006ab,0x000006ac,0x00051782,0x00000008,0x000006ae,0x0000061b,0x00000151,0x0003003e,
	0x000006ad,0x000006ae,0x0004003d,0x00000012,0x000006b0,0x000005f7,0x0004003d,0x00000012,
	0x000006b1,0x000005f9,0x0004003d,0x00000008,0x000006b2,0x000006ad,0x0005008e,0x00000012,
	0x000006b3,0x000006b1,0x000006b2,0x00050081,0x00000012,0x000006b4,0x000006b0,0x000006b3,
	0x0003003e,0x000006af,0x000006b4,0x0004003d,0x00000006,0x000006b6,0x000006a6,0x00060041,
	0x00000419,0x000006b7,0x00000417,0x000000bc,0x000006b6,0x0004003d,0x00000413,0x000006b8,
	0x000006b7,0x00040190,0x00000410,0x000006b9,0x000006b8,0x0003003e,0x000006b5,0x000006b9,
	0x00050041,0x00000007,0x000006bb,0x000006b5,0x000000bc,0x0004003d,0x00000006,0x000006bc,
	0x000006bb,0x00060041,0x00000428,0x000006bd,0x00000425,0x000000bc,0x000006bc,0x0004003d,
	0x00000421,0x000006be,0x000006bd,0x00040190,0x0000041e,0x000006bf,0x000006be,0x0003003e,
	0x000006ba,0x000006bf,0x00050041,0x0000042d,0x000006c1,0x000006ba,0x000001f4,0x0004003d,
	0x0000041d,0x000006c2,0x000006c1,0x000500ab,0x00000096,0x000006c3,0x000006c2,0x00000430,
	0x000300f7,0x000006c6,0x00000000,0x000400fa,0x000006c3,0x000006c5,0x000006ce,0x000200f8,
	0x000006c5,0x00050041,0x0000042d,0x000006c7,0x000006ba,0x000001f4,0x0004003d,0x0000041d,
	0x000006c8,0x000006c7,0x00040078,0x00000437,0x000006c9,0x000006c8,0x0004003d,0x00000047,
	0x000006ca,0x000006a9,0x0004007c,0x00000006,0x000006cb,0x000006ca,0x00060041,0x0000014c,
	0x000006cc,0x000006c9,0x000000bc,0x000006cb,0x0006003d,0x00000006,0x000006cd,0x000006cc,
	0x00000002,0x00000004,0x0003003e,0x000006c4,0x000006cd,0x000200f9,0x000006c6,0x000200f8,
	0x000006ce,0x00050041,0x00000007,0x000006cf,0x000006ba,0x00000440,0x0004003d,0x00000006,
	0x000006d0,0x000006cf,0x0003003e,0x000006c4,0x000006d0,0x000200f9,0x000006c6,0x000200f8,
	0x000006c6,0x0004003d,0x00000006,0x000006d1,0x000006c4,0x0003003e,0x000006c0,0x000006d1,
	0x00050041,0x0000042d,0x000006d3,0x000006ba,0x000000bc,0x0004003d,0x0000041d,0x000006d4,
	0x000006d3,0x00040078,0x0000000e,0x000006d5,0x000006d4,0x0003003e,0x000006d2,0x000006d5,
	0x00050041,0x0000042d,0x000006d7,0x000006ba,0x00000151,0x0004003d,0x0000041d,0x000006d8,
	0x000006d7,0x00040078,0x00000466,0x000006d9,0x000006d8,0x0003003e,0x000006d6,0x000006d9,
	0x0004003d,0x00000466,0x000006db,0x000006d6,0x0004003d,0x00000047,0x000006dc,0x000006a9,
	0x0004007c,0x00000006,0x000006dd,0x000006dc,0x00050084,0x00000006,0x000006de,0x000006dd,
	0x000000d8,0x00050080,0x00000006,0x000006df,0x000006de,0x000000a7,0x00060041,0x0000014c,
	0x000006e0,0x000006db,0x000000bc,0x000006df,0x0006003d,0x00000006,0x000006e1,0x000006e0,
	0x00000002,0x00000004,0x0003003e,0x000006da,0x000006e1,0x0004003d,0x00000466,0x000006e3,
	0x000006d6,0x0004003d,0x00000047,0x000006e4,0x000006a9,0x0004007c,0x00000006,0x000006e5,
	0x000006e4,0x00050084,0x00000006,0x000006e6,0x000006e5,0x000000d8,0x00050080,0x00000006,
	0x000006e7,0x000006e6,0x000000c7,0x00060041,0x0000014c,0x000006e8,0x000006e3,0x000000bc,
	0x000006e7,0x0006003d,0x00000006,0x000006e9,0x000006e8,0x00000002,0x00000004,0x0003003e,
	0x000006e2,0x000006e9,0x0004003d,0x00000466,0x000006eb,0x000006d6,0x0004003d,0x00000047,
	0x000006ec,0x000006a9,0x0004007c,0x00000006,0x000006ed,0x000006ec,0x00050084,0x00000006,
	0x000006ee,0x000006ed,0x000000d8,0x00050080,0x00000006,0x000006ef,0x000006ee,0x000000ce,
	0x00060041,0x0000014c,0x000006f0,0x000006eb,0x000000bc,0x000006ef,0x0006003d,0x00000006,
	0x000006f1,0x000006f0,0x00000002,0x00000004,0x0003003e,0x000006ea,0x000006f1,0x00050041,
	0x00000046,0x000006f3,0x000006ab,0x000000a7,0x0004003d,0x00000008,0x000006f4,0x000006f3,
	0x00050083,0x00000008,0x000006f5,0x0000009e,0x000006f4,0x00050041,0x00000046,0x000006f6,
	0x000006ab,0x000000c7,0x0004003d,0x00000008,0x000006f7,0x000006f6,0x00050083,0x00000008,
	0x000006f8,0x000006f5,0x000006f7,0x0003003e,0x000006f2,0x000006f8,0x0004003d,0x0000000e,
	0x000006fb,0x000006d2,0x0003003e,0x000006fa,0x000006fb,0x0004003d,0x00000006,0x000006fd,
	0x000006da,0x0003003e,0x000006fc,0x000006fd,0x00060039,0x00000026,0x000006fe,0x0000002a,
	0x000006fa,0x000006fc,0x0004003d,0x00000008,0x000006ff,0x000006f2,0x0005008e,0x00000026,
	0x00000700,0x000006fe,0x000006ff,0x0004003d,0x0000000e,0x00000702,0x000006d2,0x0003003e,
	0x00000701,0x00000702,0x0004003d,0x00000006,0x00000704,0x000006e2,0x0003003e,0x00000703,
	0x00000704,0x00060039,0x00000026,0x00000705,0x0000002a,0x00000701,0x00000703,0x00050041,
	0x00000046,0x00000706,0x000006ab,0x000000a7,0x0004003d,0x00000008,0x00000707,0x00000706,
	0x0005008e,0x00000026,0x00000708,0x00000705,0x00000707,0x00050081,0x00000026,0x00000709,
	0x00000700,0x00000708,0x0004003d,0x0000000e,0x0000070b,0x000006d2,0x0003003e,0x0000070a,
	0x0000070b,0x0004003d,0x00000006,0x0000070d,0x000006ea,0x0003003e,0x0000070c,0x0000070d,
	0x00060039,0x00000026,0x0000070e,0x0000002a,0x0000070a,0x0000070c,0x00050041,0x00000046,
	0x0000070f,0x000006ab,0x000000c7,0x0004003d,0x00000008,0x00000710,0x0000070f,0x0005008e,
	0x00000026,0x00000711,0x0000070e,0x00000710,0x00050081,0x00000026,0x00000712,0x00000709,
	0x00000711,0x0003003e,0x000006f9,0x00000712,0x0004003d,0x00000026,0x00000714,0x000006f9,
	0x0003003e,0x00000713,0x00000714,0x00050041,0x0000042d,0x00000715,0x000006ba,0x000001de,
	0x0004003d,0x0000041d,0x00000716,0x00000715,0x000500ab,0x00000096,0x00000717,0x00000716,
	0x00000430,0x000300f7,0x00000719,0x00000000,0x000400fa,0x00000717,0x00000718,0x00000719,
	0x000200f8,0x00000718,0x00050041,0x0000042d,0x0000071b,0x000006ba,0x000001de,0x0004003d,
	0x0000041d,0x0000071c,0x0000071b,0x00040078,0x0000002c,0x0000071d,0x0000071c,0x0003003e,
	0x0000071a,0x0000071d,0x0004003d,0x0000002c,0x0000071f,0x0000071a,0x0003003e,0x0000071e,
	0x0000071f,0x0004003d,0x00000006,0x00000721,0x000006da,0x0003003e,0x00000720,0x00000721,
	0x00060039,0x00000026,0x00000722,0x00000033,0x0000071e,0x00000720,0x0004003d,0x00000008,
	0x00000723,0x000006f2,0x0005008e,0x00000026,0x00000724,0x00000722,0x00000723,0x0004003d,
	0x0000002c,0x00000726,0x0000071a,0x0003003e,0x00000725,0x00000726,0x0004003d,0x00000006,
	0x00000728,0x000006e2,0x0003003e,0x00000727,0x00000728,0x00060039,0x00000026,0x00000729,
	0x00000033,0x00000725,0x00000727,0x00050041,0x00000046,0x0000072a,0x000006ab,0x000000a7,
	0x0004003d,0x00000008,0x0000072b,0x0000072a,0x0005008e,0x00000026,0x0000072c,0x00000729,
	0x0000072b,0x00050081,0x00000026,0x0000072d,0x00000724,0x0000072c,0x0004003d,0x0000002c,
	0x0000072f,0x0000071a,0x0003003e,0x0000072e,0x0000072f,0x0004003d,0x00000006,0x00000731,
	0x000006ea,0x0003003e,0x00000730,0x00000731,0x00060039,0x00000026,0x00000732,0x00000033,
	0x0000072e,0x00000730,0x00050041,0x00000046,0x00000733,0x000006ab,0x000000c7,0x0004003d,
	0x00000008,0x00000734,0x00000733,0x0005008e,0x00000026,0x00000735,0x00000732,0x00000734,
	0x00050081,0x00000026,0x00000736,0x0000072d,0x00000735,0x0003003e,0x00000713,0x00000736,
	0x000200f9,0x00000719,0x000200f8,0x00000719,0x0005178f,0x00000737,0x0000073a,0x0000061b,
	0x00000151,0x0003003e,0x00000739,0x0000073a,0x00050041,0x00000007,0x0000073b,0x000006ba,
	0x0000030f,0x0004003d,0x00000006,0x0000073c,0x0000073b,0x000500c7,0x00000006,0x0000073d,
	0x0000073c,0x000000c7,0x000500ab,0x00000096,0x0000073e,0x0000073d,0x000000a7,0x000300f7,
	0x00000740,0x00000000,0x000400fa,0x0000073e,0x0000073f,0x0000076e,0x000200f8,0x0000073f,
	0x0004003d,0x00000737,0x00000742,0x00000739,0x0004003d,0x0000000e,0x00000744,0x000006d2,
	0x0003003e,0x00000743,0x00000744,0x0004003d,0x00000006,0x00000746,0x000006da,0x0003003e,
	0x00000745,0x00000746,0x00060039,0x00000012,0x00000747,0x00000016,0x00000743,0x00000745,
	0x00050051,0x00000008,0x00000748,0x00000747,0x00000000,0x00050051,0x00000008,0x00000749,
	0x00000747,0x00000001,0x00050051,0x00000008,0x0000074a,0x00000747,0x00000002,0x00070050,
	0x00000020,0x0000074b,0x00000748,0x00000749,0x0000074a,0x0000009e,0x00050091,0x00000012,
	0x0000074c,0x00000742,0x0000074b,0x0003003e,0x00000741,0x0000074c,0x0004003d,0x00000737,
	0x0000074e,0x00000739,0x0004003d,0x0000000e,0x00000750,0x000006d2,0x0003003e,0x0000074f,
	0x00000750,0x0004003d,0x00000006,0x00000752,0x000006e2,0x0003003e,0x00000751,0x00000752,
	0x00060039,0x00000012,0x00000753,0x00000016,0x0000074f,0x00000751,0x00050051,0x00000008,
	0x00000754,0x00000753,0x00000000,0x00050051,0x00000008,0x00000755,0x00000753,0x00000001,
	0x00050051,0x00000008,0x00000756,0x00000753,0x00000002,0x00070050,0x00000020,0x00000757,
	0x00000754,0x00000755,0x00000756,0x0000009e,0x00050091,0x00000012,0x00000758,0x0000074e,
	0x00000757,0x0003003e,0x0000074d,0x00000758,0x0004003d,0x00000737,0x0000075a,0x00000739,
	0x0004003d,0x0000000e,0x0000075c,0x000006d2,0x0003003e,0x0000075b,0x0000075c,0x0004003d,
	0x00000006,0x0000075e,0x000006ea,0x0003003e,0x0000075d,0x0000075e,0x00060039,0x00000012,
	0x0000075f,0x00000016,0x0000075b,0x0000075d,0x00050051,0x00000008,0x00000760,0x0000075f,
	0x00000000,0x00050051,0x00000008,0x00000761,0x0000075f,0x00000001,0x00050051,0x00000008,
	0x00000762,0x0000075f,0x00000002,0x00070050,0x00000020,0x00000763,0x00000760,0x00000761,
	0x00000762,0x0000009e,0x00050091,0x00000012,0x00000764,0x0000075a,0x00000763,0x0003003e,
	0x00000759,0x00000764,0x0004003d,0x00000012,0x00000766,0x0000074d,0x0004003d,0x00000012,
	0x00000767,0x00000741,0x00050083,0x00000012,0x00000768,0x00000766,0x00000767,0x0004003d,
	0x00000012,0x00000769,0x00000759,0x0004003d,0x00000012,0x0000076a,0x00000741,0x00050083,
	0x00000012,0x0000076b,0x00000769,0x0000076a,0x0007000c,0x00000012,0x0000076c,0x00000001,
	0x00000044,0x00000768,0x0000076b,0x0006000c,0x00000012,0x0000076d,0x00000001,0x00000045,
	0x0000076c,0x0003003e,0x00000765,0x0000076d,0x000200f9,0x00000740,0x000200f8,0x0000076e,
	0x0004003d,0x0000000e,0x00000771,0x000006d2,0x0003003e,0x00000770,0x00000771,0x0004003d,
	0x00000006,0x00000773,0x000006da,0x0003003e,0x00000772,0x00000773,0x00060039,0x00000012,
	0x00000774,0x0000001a,0x00000770,0x00000772,0x0004003d,0x00000008,0x00000775,0x000006f2,
	0x0005008e,0x00000012,0x00000776,0x00000774,0x00000775,0x0004003d,0x0000000e,0x00000778,
	0x000006d2,0x0003003e,0x00000777,0x00000778,0x0004003d,0x00000006,0x0000077a,0x000006e2,
	0x0003003e,0x00000779,0x0000077a,0x00060039,0x00000012,0x0000077b,0x0000001a,0x00000777,
	0x00000779,0x00050041,0x00000046,0x0000077c,0x000006ab,0x000000a7,0x0004003d,0x00000008,
	0x0000077d,0x0000077c,0x0005008e,0x00000012,0x0000077e,0x0000077b,0x0000077d,0x00050081,
	0x00000012,0x0000077f,0x00000776,0x0000077e,0x0004003d,0x0000000e,0x00000781,0x000006d2,
	0x0003003e,0x00000780,0x00000781,0x0004003d,0x00000006,0x00000783,0x000006ea,0x0003003e,
	0x00000782,0x00000783,0x00060039,0x00000012,0x00000784,0x0000001a,0x00000780,0x00000782,
	0x00050041,0x00000046,0x00000785,0x000006ab,0x000000c7,0x0004003d,0x00000008,0x00000786,
	0x00000785,0x0005008e,0x00000012,0x00000787,0x00000784,0x00000786,0x00050081,0x00000012,
	0x00000788,0x0000077f,0x00000787,0x0003003e,0x0000076f,0x00000788,0x00050041,0x00000007,
	0x0000078c,0x000006b5,0x00000151,0x0004003d,0x00000006,0x0000078d,0x0000078c,0x000500ab,
	0x00000096,0x0000078e,0x0000078d,0x000000a7,0x000300f7,0x00000791,0x00000000,0x000400fa,
	0x0000078e,0x00000790,0x000007ab,0x000200f8,0x00000790,0x00050041,0x00000083,0x00000793,
	0x000006ba,0x00000792,0x0004003d,0x00000020,0x00000794,0x00000793,0x0008004f,0x00000012,
	0x00000795,0x00000794,0x00000794,0x00000000,0x00000001,0x00000002,0x00050041,0x00000083,
	0x00000797,0x000006ba,0x00000796,0x0004003d,0x00000020,0x00000798,0x00000797,0x0008004f,
	0x00000012,0x00000799,0x00000798,0x00000798,0x00000000,0x00000001,0x00000002,0x00050041,
	0x00000083,0x0000079b,0x000006ba,0x0000079a,0x0004003d,0x00000020,0x0000079c,0x0000079b,
	0x0008004f,0x00000012,0x0000079d,0x0000079c,0x0000079c,0x00000000,0x00000001,0x00000002,
	0x00050051,0x00000008,0x0000079e,0x00000795,0x00000000,0x00050051,0x00000008,0x0000079f,
	0x00000795,0x00000001,0x00050051,0x00000008,0x000007a0,0x00000795,0x00000002,0x00050051,
	0x00000008,0x000007a1,0x00000799,0x00000000,0x00050051,0x00000008,0x000007a2,0x00000799,
	0x00000001,0x00050051,0x00000008,0x000007a3,0x00000799,0x00000002,0x00050051,0x00000008,
	0x000007a4,0x0000079d,0x00000000,0x00050051,0x00000008,0x000007a5,0x0000079d,0x00000001,
	0x00050051,0x00000008,0x000007a6,0x0000079d,0x00000002,0x00060050,0x00000012,0x000007a7,
	0x0000079e,0x0000079f,0x000007a0,0x00060050,0x00000012,0x000007a8,0x000007a1,0x000007a2,
	0x000007a3,0x00060050,0x00000012,0x000007a9,0x000007a4,0x000007a5,0x000007a6,0x00060050,
	0x00000789,0x000007aa,0x000007a7,0x000007a8,0x000007a9,0x0003003e,0x0000078f,0x000007aa,
	0x000200f9,0x00000791,0x000200f8,0x000007ab,0x0004003d,0x00000737,0x000007ac,0x00000739,
	0x00050051,0x00000012,0x000007ad,0x000007ac,0x00000000,0x00050051,0x00000012,0x000007ae,
	0x000007ac,0x00000001,0x00050051,0x00000012,0x000007af,0x000007ac,0x00000002,0x00060050,
	0x00000789,0x000007b0,0x000007ad,0x000007ae,0x000007af,0x0003003e,0x0000078f,0x000007b0,
	0x000200f9,0x00000791,0x000200f8,0x00000791,0x0004003d,0x00000789,0x000007b1,0x0000078f,
	0x0003003e,0x0000078b,0x000007b1,0x0004003d,0x00000789,0x000007b2,0x0000078b,0x0004003d,
	0x00000012,0x000007b3,0x0000076f,0x00050091,0x00000012,0x000007b4,0x000007b2,0x000007b3,
	0x0006000c,0x00000012,0x000007b5,0x00000001,0x00000045,0x000007b4,0x0003003e,0x00000765,
	0x000007b5,0x000200f9,0x00000740,0x000200f8,0x00000740,0x00050041,0x00000007,0x000007b7,
	0x000006b5,0x00000151,0x0004003d,0x00000006,0x000007b8,0x000007b7,0x000500ab,0x00000096,
	0x000007b9,0x000007b8,0x000000a7,0x000300f7,0x000007bb,0x00000000,0x000400fa,0x000007b9,
	0x000007ba,0x000007bb,0x000200f8,0x000007ba,0x00050041,0x00000007,0x000007bc,0x000006ba,
	0x0000030f,0x0004003d,0x00000006,0x000007bd,0x000007bc,0x000500c7,0x00000006,0x000007be,
	0x000007bd,0x000000c7,0x000500aa,0x00000096,0x000007bf,0x000007be,0x000000a7,0x000200f9,
	0x000007bb,0x000200f8,0x000007bb,0x000700f5,0x00000096,0x000007c0,0x000007b9,0x00000740,
	0x000007bf,0x000007ba,0x0003003e,0x000007b6,0x000007c0,0x0004003d,0x00000096,0x000007c1,
	0x000007b6,0x000400a8,0x00000096,0x000007c2,0x000007c1,0x000300f7,0x000007c4,0x00000000,
	0x000400fa,0x000007c2,0x000007c3,0x000007c4,0x000200f8,0x000007c3,0x0004003d,0x00000012,
	0x000007c5,0x00000765,0x0004003d,0x00000012,0x000007c6,0x000005f9,0x00050094,0x00000008,
	0x000007c7,0x000007c5,0x000007c6,0x000500ba,0x00000096,0x000007c8,0x000007c7,0x000000a0,
	0x000200f9,0x000007c4,0x000200f8,0x000007c4,0x000700f5,0x00000096,0x000007c9,0x000007c2,
	0x000007bb,0x000007c8,0x000007c3,0x000300f7,0x000007cb,0x00000000,0x000400fa,0x000007c9,
	0x000007ca,0x000007cb,0x000200f8,0x000007ca,0x0004003d,0x00000012,0x000007cc,0x00000765,
	0x0004007f,0x00000012,0x000007cd,0x000007cc,0x0003003e,0x00000765,0x000007cd,0x000200f9,
	0x000007cb,0x000200f8,0x000007cb,0x0003003e,0x000007ce,0x0000009e,0x0003003e,0x000007cf,
	0x000000a0,0x0003003e,0x000007d0,0x000003d3,0x0003003e,0x000007d1,0x000000a0,0x0003003e,
	0x000007d2,0x000003d3,0x0003003e,0x000007d3,0x00000218,0x0003003e,0x000007d4,0x0000009e,
	0x0003003e,0x000007d5,0x000000a0,0x0003003e,0x000007d6,0x000007d7,0x00050041,0x00000007,
	0x000007d8,0x000006b5,0x00000151,0x0004003d,0x00000006,0x000007d9,0x000007d8,0x000500ab,
	0x00000096,0x000007da,0x000007d9,0x000000a7,0x000300f7,0x000007dc,0x00000000,0x000400fa,
	0x000007da,0x000007db,0x00000841,0x000200f8,0x000007db,0x0004003d,0x00000006,0x000007dd,
	0x000006c0,0x000500ab,0x00000096,0x000007de,0x000007dd,0x00000244,0x000300f7,0x000007e0,
	0x00000000,0x000400fa,0x000007de,0x000007df,0x0000083e,0x000200f8,0x000007df,0x0004003d,
	0x00000006,0x000007e2,0x000006c0,0x00050084,0x00000006,0x000007e3,0x000007e2,0x000000d8,
	0x00050080,0x00000006,0x000007e4,0x000007e3,0x000000a7,0x00060041,0x000001c5,0x000007e5,
	0x00000452,0x000000bc,0x000007e4,0x0004003d,0x00000020,0x000007e6,0x000007e5,0x0008004f,
	0x00000012,0x000007e7,0x000007e6,0x000007e6,0x00000000,0x00000001,0x00000002,0x0003003e,
	0x000007e1,0x000007e7,0x0004003d,0x00000006,0x000007e8,0x000006c0,0x00050084,0x00000006,
	0x000007e9,0x000007e8,0x000000d8,0x00050080,0x00000006,0x000007ea,0x000007e9,0x000000a7,
	0x00070041,0x000003d0,0x000007eb,0x00000452,0x000000bc,0x000007ea,0x000000d8,0x0004003d,
	0x00000008,0x000007ec,0x000007eb,0x0003003e,0x000007ce,0x000007ec,0x0004003d,0x00000006,
	0x000007ed,0x000006c0,0x00050084,0x00000006,0x000007ee,0x000007ed,0x000000d8,0x00050080,
	0x00000006,0x000007ef,0x000007ee,0x000000c7,0x00070041,0x000003d0,0x000007f0,0x00000452,
	0x000000bc,0x000007ef,0x000000a7,0x0004003d,0x00000008,0x000007f1,0x000007f0,0x0003003e,
	0x000007cf,0x000007f1,0x0004003d,0x00000006,0x000007f2,0x000006c0,0x00050084,0x00000006,
	0x000007f3,0x000007f2,0x000000d8,0x00050080,0x00000006,0x000007f4,0x000007f3,0x000000c7,
	0x00070041,0x000003d0,0x000007f5,0x00000452,0x000000bc,0x000007f4,0x000000c7,0x0004003d,
	0x00000008,0x000007f6,0x000007f5,0x0003003e,0x000007d0,0x000007f6,0x0004003d,0x00000006,
	0x000007f7,0x000006c0,0x00050084,0x00000006,0x000007f8,0x000007f7,0x000000d8,0x00050080,
	0x00000006,0x000007f9,0x000007f8,0x000000c7,0x00070041,0x000003d0,0x000007fa,0x00000452,
	0x000000bc,0x000007f9,0x000000ce,0x0004003d,0x00000008,0x000007fb,0x000007fa,0x0003003e,
	0x000007d1,0x000007fb,0x0004003d,0x00000006,0x000007fc,0x000006c0,0x00050084,0x00000006,
	0x000007fd,0x000007fc,0x000000d8,0x00050080,0x00000006,0x000007fe,0x000007fd,0x000000c7,
	0x00070041,0x000003d0,0x000007ff,0x00000452,0x000000bc,0x000007fe,0x000000d8,0x0004003d,
	0x00000008,0x00000800,0x000007ff,0x0003003e,0x000007d2,0x00000800,0x0004003d,0x00000006,
	0x00000801,0x000006c0,0x00050084,0x00000006,0x00000802,0x00000801,0x000000d8,0x00050080,
	0x00000006,0x00000803,0x00000802,0x000000ce,0x00060041,0x000001c5,0x00000804,0x00000452,
	0x000000bc,0x00000803,0x0004003d,0x00000020,0x00000805,0x00000804,0x0008004f,0x00000012,
	0x00000806,0x00000805,0x00000805,0x00000000,0x00000001,0x00000002,0x0003003e,0x000007d3,
	0x00000806,0x0004003d,0x00000006,0x0000080b,0x000006c0,0x00050084,0x00000006,0x0000080d,
	0x0000080b,0x0000080c,0x00050080,0x00000006,0x0000080e,0x0000080d,0x0000068c,0x00070041,
	0x000003d0,0x0000080f,0x0000080a,0x000000bc,0x0000080e,0x000000d8,0x0004003d,0x00000008,
	0x00000810,0x0000080f,0x000500ba,0x00000096,0x00000811,0x00000810,0x000003d3,0x000300f7,
	0x00000813,0x00000000,0x000400fa,0x00000811,0x00000812,0x00000813,0x000200f8,0x00000812,
	0x0004003d,0x00000006,0x00000814,0x000006c0,0x00050084,0x00000006,0x00000815,0x00000814,
	0x0000080c,0x00050080,0x00000006,0x00000816,0x00000815,0x0000067a,0x00070041,0x000003d0,
	0x00000817,0x0000080a,0x000000bc,0x00000816,0x000000a7,0x0004003d,0x00000008,0x00000818,
	0x00000817,0x0003003e,0x000007cf,0x00000818,0x0004003d,0x00000006,0x00000819,0x000006c0,
	0x00050084,0x00000006,0x0000081a,0x00000819,0x0000080c,0x00050080,0x00000006,0x0000081b,
	0x0000081a,0x0000067a,0x00070041,0x000003d0,0x0000081c,0x0000080a,0x000000bc,0x0000081b,
	0x000000ce,0x0004003d,0x00000008,0x0000081d,0x0000081c,0x0003003e,0x000007d0,0x0000081d,
	0x0004003d,0x00000006,0x0000081e,0x000006c0,0x00050084,0x00000006,0x0000081f,0x0000081e,
	0x0000080c,0x00050080,0x00000006,0x00000820,0x0000081f,0x000001ce,0x00070041,0x000003d0,
	0x00000821,0x0000080a,0x000000bc,0x00000820,0x000000d8,0x0004003d,0x00000008,0x00000822,
	0x00000821,0x0003003e,0x000007ce,0x00000822,0x0004003d,0x00000006,0x00000823,0x000006c0,
	0x00050084,0x00000006,0x00000824,0x00000823,0x0000080c,0x00050080,0x00000006,0x00000825,
	0x00000824,0x000000be,0x00060041,0x000001c5,0x00000826,0x0000080a,0x000000bc,0x00000825,
	0x0004003d,0x00000020,0x00000827,0x00000826,0x0008004f,0x00000012,0x00000828,0x00000827,
	0x00000827,0x00000000,0x00000001,0x00000002,0x0004003d,0x00000006,0x00000829,0x000006c0,
	0x00050084,0x00000006,0x0000082a,0x00000829,0x0000080c,0x00050080,0x00000006,0x0000082b,
	0x0000082a,0x000000be,0x00070041,0x000003d0,0x0000082c,0x0000080a,0x000000bc,0x0000082b,
	0x000000d8,0x0004003d,0x00000008,0x0000082d,0x0000082c,0x0005008e,0x00000012,0x0000082e,
	0x00000828,0x0000082d,0x0003003e,0x000007d3,0x0000082e,0x0004003d,0x00000006,0x0000082f,
	0x000006c0,0x00050084,0x00000006,0x00000830,0x0000082f,0x0000080c,0x00050080,0x00000006,
	0x00000831,0x00000830,0x000000c7,0x00070041,0x000003d0,0x00000832,0x0000080a,0x000000bc,
	0x00000831,0x000000d8,0x0004003d,0x00000008,0x00000833,0x00000832,0x0003003e,0x000007d4,
	0x00000833,0x0004003d,0x00000006,0x00000834,0x000006c0,0x00050084,0x00000006,0x00000835,
	0x00000834,0x0000080c,0x00050080,0x00000006,0x00000836,0x00000835,0x0000010b,0x00070041,
	0x000003d0,0x00000837,0x0000080a,0x000000bc,0x00000836,0x000000d8,0x0004003d,0x00000008,
	0x00000838,0x00000837,0x0003003e,0x000007d5,0x00000838,0x0004003d,0x00000006,0x00000839,
	0x000006c0,0x00050084,0x00000006,0x0000083a,0x00000839,0x0000080c,0x00050080,0x00000006,
	0x0000083b,0x0000083a,0x00000683,0x00070041,0x000003d0,0x0000083c,0x0000080a,0x000000bc,
	0x0000083b,0x000000a7,0x0004003d,0x00000008,0x0000083d,0x0000083c,0x0003003e,0x000007d6,
	0x0000083d,0x000200f9,0x00000813,0x000200f8,0x00000813,0x000200f9,0x000007e0,0x000200f8,
	0x0000083e,0x0003003e,0x000007e1,0x00000840,0x000200f9,0x000007e0,0x000200f8,0x000007e0,
	0x000200f9,0x000007dc,0x000200f8,0x00000841,0x00050041,0x00000083,0x00000842,0x000006b5,
	0x000001e3,0x0004003d,0x00000020,0x00000843,0x00000842,0x0008004f,0x00000012,0x00000844,
	0x00000843,0x00000843,0x00000000,0x00000001,0x00000002,0x0003003e,0x000007e1,0x00000844,
	0x00060041,0x00000046,0x00000845,0x000006b5,0x000001e3,0x000000d8,0x0004003d,0x00000008,
	0x00000846,0x00000845,0x0008000c,0x00000008,0x00000847,0x00000001,0x0000002b,0x00000846,
	0x000000a0,0x0000009e,0x0003003e,0x000007ce,0x00000847,0x0004003d,0x00000008,0x00000848,
	0x000007ce,0x000500b8,0x00000096,0x00000849,0x00000848,0x0000009e,0x000600a9,0x00000008,
	0x0000084a,0x00000849,0x000005d0,0x000000a0,0x0003003e,0x000007d1,0x0000084a,0x000200f9,
	0x000007dc,0x000200f8,0x000007dc,0x00050041,0x0000042d,0x0000084b,0x000006ba,0x000001d9,
	0x0004003d,0x0000041d,0x0000084c,0x0000084b,0x000500ab,0x00000096,0x0000084d,0x0000084c,
	0x00000430,0x000300f7,0x0000084f,0x00000000,0x000400fa,0x0000084d,0x0000084e,0x0000084f,
	0x000200f8,0x0000084e,0x00050041,0x0000042d,0x00000851,0x000006ba,0x000001d9,0x0004003d,
	0x0000041d,0x00000852,0x00000851,0x00040078,0x0000001c,0x00000853,0x00000852,0x0003003e,
	0x00000850,0x00000853,0x0004003d,0x0000001c,0x00000856,0x00000850,0x0003003e,0x00000855,
	0x00000856,0x0004003d,0x00000006,0x00000858,0x000006da,0x0003003e,0x00000857,0x00000858,
	0x00060039,0x00000020,0x00000859,0x00000024,0x00000855,0x00000857,0x0004003d,0x00000008,
	0x0000085a,0x000006f2,0x0005008e,0x00000020,0x0000085b,0x00000859,0x0000085a,0x0004003d,
	0x0000001c,0x0000085d,0x00000850,0x0003003e,0x0000085c,0x0000085d,0x0004003d,0x00000006,
	0x0000085f,0x000006e2,0x0003003e,0x0000085e,0x0000085f,0x00060039,0x00000020,0x00000860,
	0x00000024,0x0000085c,0x0000085e,0x00050041,0x00000046,0x00000861,0x000006ab,0x000000a7,
	0x0004003d,0x00000008,0x00000862,0x00000861,0x0005008e,0x00000020,0x00000863,0x00000860,
	0x00000862,0x00050081,0x00000020,0x00000864,0x0000085b,0x00000863,0x0004003d,0x0000001c,
	0x00000866,0x00000850,0x0003003e,0x00000865,0x00000866,0x0004003d,0x00000006,0x00000868,
	0x000006ea,0x0003003e,0x00000867,0x00000868,0x00060039,0x00000020,0x00000869,0x00000024,
	0x00000865,0x00000867,0x00050041,0x00000046,0x0000086a,0x000006ab,0x000000c7,0x0004003d,
	0x00000008,0x0000086b,0x0000086a,0x0005008e,0x00000020,0x0000086c,0x00000869,0x0000086b,
	0x00050081,0x00000020,0x0000086d,0x00000864,0x0000086c,0x0003003e,0x00000854,0x0000086d,
	0x0004003d,0x00000020,0x0000086e,0x00000854,0x0008004f,0x00000012,0x0000086f,0x0000086e,
	0x0000086e,0x00000000,0x00000001,0x00000002,0x0004003d,0x00000012,0x00000870,0x000007e1,
	0x00050085,0x00000012,0x00000871,0x00000870,0x0000086f,0x0003003e,0x000007e1,0x00000871,
	0x00050041,0x00000046,0x00000872,0x00000854,0x000000d8,0x0004003d,0x00000008,0x00000873,
	0x00000872,0x0004003d,0x00000008,0x00000874,0x000007ce,0x00050085,0x00000008,0x00000875,
	0x00000874,0x00000873,0x0003003e,0x000007ce,0x00000875,0x000200f9,0x0000084f,0x000200f8,
	0x0000084f,0x00050041,0x00000007,0x00000876,0x000006b5,0x00000151,0x0004003d,0x00000006,
	0x00000877,0x00000876,0x000500ab,0x00000096,0x00000878,0x00000877,0x000000a7,0x0004003d,
	0x00000006,0x00000879,0x000006c0,0x000500ab,0x00000096,0x0000087a,0x00000879,0x00000244,
	0x000500a7,0x00000096,0x0000087b,0x00000878,0x0000087a,0x000300f7,0x0000087d,0x00000000,
	0x000400fa,0x0000087b,0x0000087c,0x0000087d,0x000200f8,0x0000087c,0x0004003d,0x00000006,
	0x0000087f,0x000006c0,0x00050084,0x00000006,0x00000880,0x0000087f,0x0000010b,0x0003003e,
	0x0000087e,0x00000880,0x0004003d,0x00000006,0x00000882,0x000006c0,0x00050084,0x00000006,
	0x00000883,0x00000882,0x000003c6,0x0003003e,0x00000881,0x00000883,0x0004003d,0x00000006,
	0x00000885,0x0000087e,0x00050080,0x00000006,0x00000886,0x00000885,0x000000a7,0x0004003d,
	0x00000006,0x00000888,0x000006c0,0x0003003e,0x00000887,0x00000888,0x0003003e,0x00000889,
	0x000000bc,0x0004003d,0x00000026,0x0000088b,0x000006f9,0x0003003e,0x0000088a,0x0000088b,
	0x0004003d,0x00000026,0x0000088d,0x00000713,0x0003003e,0x0000088c,0x0000088d,0x00080039,
	0x00000026,0x0000088e,0x00000094,0x00000887,0x00000889,0x0000088a,0x0000088c,0x00060041,
	0x000004e1,0x00000890,0x000004d5,0x000000bc,0x00000886,0x0004003d,0x00000047,0x00000891,
	0x00000890,0x0003003e,0x0000088f,0x00000891,0x0003003e,0x00000892,0x0000088e,0x0003003e,
	0x00000893,0x000004df,0x00070039,0x00000020,0x00000894,0x00000088,0x0000088f,0x00000892,
	0x00000893,0x0003003e,0x00000884,0x00000894,0x0004003d,0x00000020,0x00000895,0x00000884,
	0x0004003d,0x00000006,0x00000896,0x00000881,0x00050080,0x00000006,0x00000897,0x00000896,
	0x000004e9,0x00060041,0x000003d0,0x00000898,0x000003cc,0x000000bc,0x00000897,0x0004003d,
	0x00000008,0x00000899,0x00000898,0x0004003d,0x00000006,0x0000089a,0x00000881,0x00050080,
	0x00000006,0x0000089b,0x0000089a,0x000004ee,0x00060041,0x000003d0,0x0000089c,0x000003cc,
	0x000000bc,0x0000089b,0x0004003d,0x00000008,0x0000089d,0x0000089c,0x0004003d,0x00000006,
	0x0000089e,0x00000881,0x00050080,0x00000006,0x0000089f,0x0000089e,0x000004f3,0x00060041,
	0x000003d0,0x000008a0,0x000003cc,0x000000bc,0x0000089f,0x0004003d,0x00000008,0x000008a1,
	0x000008a0,0x0004003d,0x00000006,0x000008a2,0x00000881,0x00050080,0x00000006,0x000008a3,
	0x000008a2,0x000004f8,0x00060041,0x000003d0,0x000008a4,0x000003cc,0x000000bc,0x000008a3,
	0x0004003d,0x00000008,0x000008a5,0x000008a4,0x00070050,0x00000020,0x000008a6,0x00000899,
	0x0000089d,0x000008a1,0x000008a5,0x00050085,0x00000020,0x000008a7,0x00000895,0x000008a6,
	0x0004003d,0x00000006,0x000008a8,0x00000881,0x00050080,0x00000006,0x000008a9,0x000008a8,
	0x000004ff,0x00060041,0x000003d0,0x000008aa,0x000003cc,0x000000bc,0x000008a9,0x0004003d,
	0x00000008,0x000008ab,0x000008aa,0x0004003d,0x00000006,0x000008ac,0x00000881,0x00050080,
	0x00000006,0x000008ad,0x000008ac,0x00000504,0x00060041,0x000003d0,0x000008ae,0x000003cc,
	0x000000bc,0x000008ad,0x0004003d,0x00000008,0x000008af,0x000008ae,0x0004003d,0x00000006,
	0x000008b0,0x00000881,0x00050080,0x00000006,0x000008b1,0x000008b0,0x00000509,0x00060041,
	0x000003d0,0x000008b2,0x000003cc,0x000000bc,0x000008b1,0x0004003d,0x00000008,0x000008b3,
	0x000008b2,0x0004003d,0x00000006,0x000008b4,0x00000881,0x00050080,0x00000006,0x000008b5,
	0x000008b4,0x0000050e,0x00060041,0x000003d0,0x000008b6,0x000003cc,0x000000bc,0x000008b5,
	0x0004003d,0x00000008,0x000008b7,0x000008b6,0x00070050,0x00000020,0x000008b8,0x000008ab,
	0x000008af,0x000008b3,0x000008b7,0x00050081,0x00000020,0x000008b9,0x000008a7,0x000008b8,
	0x0003003e,0x00000884,0x000008b9,0x0004003d,0x00000020,0x000008ba,0x00000884,0x0008004f,
	0x00000012,0x000008bb,0x000008ba,0x000008ba,0x00000000,0x00000001,0x00000002,0x0004003d,
	0x00000012,0x000008bc,0x000007e1,0x00050085,0x00000012,0x000008bd,0x000008bc,0x000008bb,
	0x0003003e,0x000007e1,0x000008bd,0x00050041,0x00000046,0x000008be,0x00000884,0x000000d8,
	0x0004003d,0x00000008,0x000008bf,0x000008be,0x00060041,0x00000046,0x000008c0,0x000006b5,
	0x000001e3,0x000000d8,0x0004003d,0x00000008,0x000008c1,0x000008c0,0x00050085,0x00000008,
	0x000008c2,0x000008bf,0x000008c1,0x0004003d,0x00000008,0x000008c3,0x000007ce,0x00050085,
	0x00000008,0x000008c4,0x000008c3,0x000008c2,0x0003003e,0x000007ce,0x000008c4,0x0004003d,
	0x00000006,0x000008c6,0x0000087e,0x00050080,0x00000006,0x000008c7,0x000008c6,0x000000c7,
	0x0004003d,0x00000006,0x000008c9,0x000006c0,0x0003003e,0x000008c8,0x000008c9,0x0003003e,
	0x000008ca,0x00000151,0x0004003d,0x00000026,0x000008cc,0x000006f9,0x0003003e,0x000008cb,
	0x000008cc,0x0004003d,0x00000026,0x000008ce,0x00000713,0x0003003e,0x000008cd,0x000008ce,
	0x00080039,0x00000026,0x000008cf,0x00000094,0x000008c8,0x000008ca,0x000008cb,0x000008cd,
	0x00060041,0x000004e1,0x000008d1,0x000004d5,0x000000bc,0x000008c7,0x0004003d,0x00000047,
	0x000008d2,0x000008d1,0x0003003e,0x000008d0,0x000008d2,0x0003003e,0x000008d3,0x000008cf,
	0x0003003e,0x000008d4,0x000004df,0x00070039,0x00000020,0x000008d5,0x00000088,0x000008d0,
	0x000008d3,0x000008d4,0x0003003e,0x000008c5,0x000008d5,0x0004003d,0x00000006,0x000008d7,
	0x0000087e,0x00050080,0x00000006,0x000008d8,0x000008d7,0x000000ce,0x0004003d,0x00000006,
	0x000008da,0x000006c0,0x0003003e,0x000008d9,0x000008da,0x0003003e,0x000008db,0x000001d9,
	0x0004003d,0x00000026,0x000008dd,0x000006f9,0x0003003e,0x000008dc,0x000008dd,0x0004003d,
	0x00000026,0x000008df,0x00000713,0x0003003e,0x000008de,0x000008df,0x00080039,0x00000026,
	0x000008e0,0x00000094,0x000008d9,0x000008db,0x000008dc,0x000008de,0x00060041,0x000004e1,
	0x000008e2,0x000004d5,0x000000bc,0x000008d8,0x0004003d,0x00000047,0x000008e3,0x000008e2,
	0x0003003e,0x000008e1,0x000008e3,0x0003003e,0x000008e4,0x000008e0,0x0003003e,0x000008e5,
	0x000004df,0x00070039,0x00000020,0x000008e6,0x00000088,0x000008e1,0x000008e4,0x000008e5,
	0x0003003e,0x000008d6,0x000008e6,0x0004003d,0x00000008,0x000008e7,0x000007cf,0x0004003d,
	0x00000006,0x000008e8,0x00000881,0x00050080,0x00000006,0x000008ea,0x000008e8,0x000008e9,
	0x00060041,0x000003d0,0x000008eb,0x000003cc,0x000000bc,0x000008ea,0x0004003d,0x00000008,
	0x000008ec,0x000008eb,0x00050081,0x00000008,0x000008ed,0x000008ec,0x000003d3,0x0004006e,
	0x00000047,0x000008ee,0x000008ed,0x0004003d,0x00000020,0x000008f0,0x000008c5,0x0003003e,
	0x000008ef,0x000008f0,0x0003003e,0x000008f1,0x000008ee,0x00060039,0x00000008,0x000008f2,
	0x0000008d,0x000008ef,0x000008f1,0x0004003d,0x00000006,0x000008f3,0x00000881,0x00050080,
	0x00000006,0x000008f5,0x000008f3,0x000008f4,0x00060041,0x000003d0,0x000008f6,0x000003cc,
	0x000000bc,0x000008f5,0x0004003d,0x00000008,0x000008f7,0x000008f6,0x00050085,0x00000008,
	0x000008f8,0x000008f2,0x000008f7,0x0004003d,0x00000006,0x000008f9,0x00000881,0x00050080,
	0x00000006,0x000008fb,0x000008f9,0x000008fa,0x00060041,0x000003d0,0x000008fc,0x000003cc,
	0x000000bc,0x000008fb,0x0004003d,0x00000008,0x000008fd,0x000008fc,0x00050081,0x00000008,
	0x000008fe,0x000008f8,0x000008fd,0x00050085,0x00000008,0x000008ff,0x000008e7,0x000008fe,
	0x0008000c,0x00000008,0x00000900,0x00000001,0x0000002b,0x000008ff,0x000000a0,0x0000009e,
	0x0003003e,0x000007cf,0x00000900,0x0004003d,0x00000008,0x00000901,0x000007d0,0x0004003d,
	0x00000006,0x00000902,0x00000881,0x00050080,0x00000006,0x00000904,0x00000902,0x00000903,
	0x00060041,0x000003d0,0x00000905,0x000003cc,0x000000bc,0x00000904,0x0004003d,0x00000008,
	0x00000906,0x00000905,0x00050081,0x00000008,0x00000907,0x00000906,0x000003d3,0x0004006e,
	0x00000047,0x00000908,0x00000907,0x0004003d,0x00000020,0x0000090a,0x000008d6,0x0003003e,
	0x00000909,0x0000090a,0x0003003e,0x0000090b,0x00000908,0x00060039,0x00000008,0x0000090c,
	0x0000008d,0x00000909,0x0000090b,0x0004003d,0x00000006,0x0000090d,0x00000881,0x00050080,
	0x00000006,0x0000090f,0x0000090d,0x0000090e,0x00060041,0x000003d0,0x00000910,0x000003cc,
	0x000000bc,0x0000090f,0x0004003d,0x00000008,0x00000911,0x00000910,0x00050085,0x00000008,
	0x00000912,0x0000090c,0x00000911,0x0004003d,0x00000006,0x00000913,0x00000881,0x00050080,
	0x00000006,0x00000915,0x00000913,0x00000914,0x00060041,0x000003d0,0x00000916,0x000003cc,
	0x000000bc,0x00000915,0x0004003d,0x00000008,0x00000917,0x00000916,0x00050081,0x00000008,
	0x00000918,0x00000912,0x00000917,0x00050085,0x00000008,0x00000919,0x00000901,0x00000918,
	0x0008000c,0x00000008,0x0000091a,0x00000001,0x0000002b,0x00000919,0x000000a0,0x0000009e,
	0x0003003e,0x000007d0,0x0000091a,0x0004003d,0x00000006,0x0000091c,0x0000087e,0x00050080,
	0x00000006,0x0000091d,0x0000091c,0x000000e6,0x00060041,0x000004e1,0x0000091e,0x000004d5,
	0x000000bc,0x0000091d,0x0004003d,0x00000047,0x0000091f,0x0000091e,0x0003003e,0x0000091b,
	0x0000091f,0x0004003d,0x00000047,0x00000920,0x0000091b,0x000500af,0x00000096,0x00000921,
	0x00000920,0x000000bc,0x000300f7,0x00000923,0x00000000,0x000400fa,0x00000921,0x00000922,
	0x00000923,0x000200f8,0x00000922,0x0004003d,0x00000006,0x00000926,0x000006c0,0x0003003e,
	0x00000925,0x00000926,0x0003003e,0x00000927,0x000001ec,0x0004003d,0x00000026,0x00000929,
	0x000006f9,0x0003003e,0x00000928,0x00000929,0x0004003d,0x00000026,0x0000092b,0x00000713,
	0x0003003e,0x0000092a,0x0000092b,0x00080039,0x00000026,0x0000092c,0x00000094,0x00000925,
	0x00000927,0x00000928,0x0000092a,0x0004003d,0x00000047,0x0000092e,0x0000091b,0x0003003e,
	0x0000092d,0x0000092e,0x0003003e,0x0000092f,0x0000092c,0x0003003e,0x00000930,0x000004df,
	0x00070039,0x00000020,0x00000931,0x00000088,0x0000092d,0x0000092f,0x00000930,0x0003003e,
	0x00000924,0x00000931,0x0004003d,0x00000006,0x00000932,0x00000881,0x00050080,0x00000006,
	0x00000933,0x00000932,0x00000538,0x00060041,0x000003d0,0x00000934,0x000003cc,0x000000bc,
	0x00000933,0x0004003d,0x00000008,0x00000935,0x00000934,0x00050081,0x00000008,0x00000936,
	0x00000935,0x000003d3,0x0004006e,0x00000047,0x00000937,0x00000936,0x0004003d,0x00000020,
	0x00000939,0x00000924,0x0003003e,0x00000938,0x00000939,0x0003003e,0x0000093a,0x00000937,
	0x00060039,0x00000008,0x0000093b,0x0000008d,0x00000938,0x0000093a,0x0004003d,0x00000006,
	0x0000093c,0x00000881,0x00050080,0x00000006,0x0000093d,0x0000093c,0x00000543,0x00060041,
	0x000003d0,0x0000093e,0x000003cc,0x000000bc,0x0000093d,0x0004003d,0x00000008,0x0000093f,
	0x0000093e,0x00050085,0x00000008,0x00000940,0x0000093b,0x0000093f,0x0004003d,0x00000006,
	0x00000941,0x00000881,0x00050080,0x00000006,0x00000942,0x00000941,0x00000549,0x00060041,
	0x000003d0,0x00000943,0x000003cc,0x000000bc,0x00000942,0x0004003d,0x00000008,0x00000944,
	0x00000943,0x00050081,0x00000008,0x00000945,0x00000940,0x00000944,0x0004003d,0x00000008,
	0x00000946,0x000007ce,0x00050085,0x00000008,0x00000947,0x00000946,0x00000945,0x0003003e,
	0x000007ce,0x00000947,0x000200f9,0x00000923,0x000200f8,0x00000923,0x0004003d,0x00000006,
	0x00000949,0x0000087e,0x00050080,0x00000006,0x0000094a,0x00000949,0x000000df,0x00060041,
	0x000004e1,0x0000094b,0x000004d5,0x000000bc,0x0000094a,0x0004003d,0x00000047,0x0000094c,
	0x0000094b,0x0003003e,0x00000948,0x0000094c,0x0004003d,0x00000047,0x0000094d,0x00000948,
	0x000500af,0x00000096,0x0000094e,0x0000094d,0x000000bc,0x000300f7,0x00000950,0x00000000,
	0x000400fa,0x0000094e,0x0000094f,0x00000950,0x000200f8,0x0000094f,0x0004003d,0x00000006,
	0x00000953,0x000006c0,0x0003003e,0x00000952,0x00000953,0x0003003e,0x00000954,0x000001e3,
	0x0004003d,0x00000026,0x00000956,0x000006f9,0x0003003e,0x00000955,0x00000956,0x0004003d,
	0x00000026,0x00000958,0x00000713,0x0003003e,0x00000957,0x00000958,0x00080039,0x00000026,
	0x00000959,0x00000094,0x00000952,0x00000954,0x00000955,0x00000957,0x0004003d,0x00000047,
	0x0000095b,0x00000948,0x0003003e,0x0000095a,0x0000095b,0x0003003e,0x0000095c,0x00000959,
	0x0003003e,0x0000095d,0x000004df,0x00070039,0x00000020,0x0000095e,0x00000088,0x0000095a,
	0x0000095c,0x0000095d,0x0003003e,0x00000951,0x0000095e,0x0004003d,0x00000020,0x0000095f,
	0x00000951,0x0004003d,0x00000006,0x00000960,0x00000881,0x00050080,0x00000006,0x00000962,
	0x00000960,0x00000961,0x00060041,0x000003d0,0x00000963,0x000003cc,0x000000bc,0x00000962,
	0x0004003d,0x00000008,0x00000964,0x00000963,0x0004003d,0x00000006,0x00000965,0x00000881,
	0x00050080,0x00000006,0x00000967,0x00000965,0x00000966,0x00060041,0x000003d0,0x00000968,
	0x000003cc,0x000000bc,0x00000967,0x0004003d,0x00000008,0x00000969,0x00000968,0x0004003d,
	0x00000006,0x0000096a,0x00000881,0x00050080,0x00000006,0x0000096c,0x0000096a,0x0000096b,
	0x00060041,0x000003d0,0x0000096d,0x000003cc,0x000000bc,0x0000096c,0x0004003d,0x00000008,
	0x0000096e,0x0000096d,0x0004003d,0x00000006,0x0000096f,0x00000881,0x00050080,0x00000006,
	0x00000971,0x0000096f,0x00000970,0x00060041,0x000003d0,0x00000972,0x000003cc,0x000000bc,
	0x00000971,0x0004003d,0x00000008,0x00000973,0x00000972,0x00070050,0x00000020,0x00000974,
	0x00000964,0x00000969,0x0000096e,0x00000973,0x00050085,0x00000020,0x00000975,0x0000095f,
	0x00000974,0x0004003d,0x00000006,0x00000976,0x00000881,0x00050080,0x00000006,0x00000978,
	0x00000976,0x00000977,0x00060041,0x000003d0,0x00000979,0x000003cc,0x000000bc,0x00000978,
	0x0004003d,0x00000008,0x0000097a,0x00000979,0x0004003d,0x00000006,0x0000097b,0x00000881,
	0x00050080,0x00000006,0x0000097d,0x0000097b,0x0000097c,0x00060041,0x000003d0,0x0000097e,
	0x000003cc,0x000000bc,0x0000097d,0x0004003d,0x00000008,0x0000097f,0x0000097e,0x0004003d,
	0x00000006,0x00000980,0x00000881,0x00050080,0x00000006,0x00000982,0x00000980,0x00000981,
	0x00060041,0x000003d0,0x00000983,0x000003cc,0x000000bc,0x00000982,0x0004003d,0x00000008,
	0x00000984,0x00000983,0x0004003d,0x00000006,0x00000985,0x00000881,0x00050080,0x00000006,
	0x00000987,0x00000985,0x00000986,0x00060041,0x000003d0,0x00000988,0x000003cc,0x000000bc,
	0x00000987,0x0004003d,0x00000008,0x00000989,0x00000988,0x00070050,0x00000020,0x0000098a,
	0x0000097a,0x0000097f,0x00000984,0x00000989,0x00050081,0x00000020,0x0000098b,0x00000975,
	0x0000098a,0x0003003e,0x00000951,0x0000098b,0x0004003d,0x00000020,0x0000098c,0x00000951,
	0x0008004f,0x00000012,0x0000098d,0x0000098c,0x0000098c,0x00000000,0x00000001,0x00000002,
	0x0004003d,0x00000012,0x0000098e,0x000007d3,0x00050085,0x00000012,0x0000098f,0x0000098e,
	0x0000098d,0x0003003e,0x000007d3,0x0000098f,0x000200f9,0x00000950,0x000200f8,0x00000950,
	0x0004003d,0x00000006,0x00000991,0x0000087e,0x00050080,0x00000006,0x00000992,0x00000991,
	0x000000d8,0x00060041,0x000004e1,0x00000993,0x000004d5,0x000000bc,0x00000992,0x0004003d,
	0x00000047,0x00000994,0x00000993,0x0003003e,0x00000990,0x00000994,0x0004003d,0x00000047,
	0x00000995,0x00000990,0x000500af,0x00000096,0x00000996,0x00000995,0x000000bc,0x000300f7,
	0x00000998,0x00000000,0x000400fa,0x00000996,0x00000997,0x00000998,0x000200f8,0x00000997,
	0x0004003d,0x00000006,0x0000099b,0x000006c0,0x0003003e,0x0000099a,0x0000099b,0x0003003e,
	0x0000099c,0x000001de,0x0004003d,0x00000026,0x0000099e,0x000006f9,0x0003003e,0x0000099d,
	0x0000099e,0x0004003d,0x00000026,0x000009a0,0x00000713,0x0003003e,0x0000099f,0x000009a0,
	0x00080039,0x00000026,0x000009a1,0x00000094,0x0000099a,0x0000099c,0x0000099d,0x0000099f,
	0x0004003d,0x00000047,0x000009a4,0x00000990,0x0003003e,0x000009a3,0x000009a4,0x0003003e,
	0x000009a5,0x000009a1,0x0003003e,0x000009a6,0x000009a2,0x00070039,0x00000020,0x000009a7,
	0x00000088,0x000009a3,0x000009a5,0x000009a6,0x0003003e,0x00000999,0x000009a7,0x0004003d,
	0x00000020,0x000009a8,0x00000999,0x0004003d,0x00000006,0x000009a9,0x00000881,0x00050080,
	0x00000006,0x000009ab,0x000009a9,0x000009aa,0x00060041,0x000003d0,0x000009ac,0x000003cc,
	0x000000bc,0x000009ab,0x0004003d,0x00000008,0x000009ad,0x000009ac,0x0004003d,0x00000006,
	0x000009ae,0x00000881,0x00050080,0x00000006,0x000009b0,0x000009ae,0x000009af,0x00060041,
	0x000003d0,0x000009b1,0x000003cc,0x000000bc,0x000009b0,0x0004003d,0x00000008,0x000009b2,
	0x000009b1,0x0004003d,0x00000006,0x000009b3,0x00000881,0x00050080,0x00000006,0x000009b5,
	0x000009b3,0x000009b4,0x00060041,0x000003d0,0x000009b6,0x000003cc,0x000000bc,0x000009b5,
	0x0004003d,0x00000008,0x000009b7,0x000009b6,0x0004003d,0x00000006,0x000009b8,0x00000881,
	0x00050080,0x00000006,0x000009ba,0x000009b8,0x000009b9,0x00060041,0x000003d0,0x000009bb,
	0x000003cc,0x000000bc,0x000009ba,0x0004003d,0x00000008,0x000009bc,0x000009bb,0x00070050,
	0x00000020,0x000009bd,0x000009ad,0x000009b2,0x000009b7,0x000009bc,0x00050085,0x00000020,
	0x000009be,0x000009a8,0x000009bd,0x0004003d,0x00000006,0x000009bf,0x00000881,0x00050080,
	0x00000006,0x000009c1,0x000009bf,0x000009c0,0x00060041,0x000003d0,0x000009c2,0x000003cc,
	0x000000bc,0x000009c1,0x0004003d,0x00000008,0x000009c3,0x000009c2,0x0004003d,0x00000006,
	0x000009c4,0x00000881,0x00050080,0x00000006,0x000009c6,0x000009c4,0x000009c5,0x00060041,
	0x000003d0,0x000009c7,0x000003cc,0x000000bc,0x000009c6,0x0004003d,0x00000008,0x000009c8,
	0x000009c7,0x0004003d,0x00000006,0x000009c9,0x00000881,0x00050080,0x00000006,0x000009cb,
	0x000009c9,0x000009ca,0x00060041,0x000003d0,0x000009cc,0x000003cc,0x000000bc,0x000009cb,
	0x0004003d,0x00000008,0x000009cd,0x000009cc,0x0004003d,0x00000006,0x000009ce,0x00000881,
	0x00050080,0x00000006,0x000009d0,0x000009ce,0x000009cf,0x00060041,0x000003d0,0x000009d1,
	0x000003cc,0x000000bc,0x000009d0,0x0004003d,0x00000008,0x000009d2,0x000009d1,0x00070050,
	0x00000020,0x000009d3,0x000009c3,0x000009c8,0x000009cd,0x000009d2,0x00050081,0x00000020,
	0x000009d4,0x000009be,0x000009d3,0x0003003e,0x00000999,0x000009d4,0x0004003d,0x00000737,
	0x000009d6,0x00000739,0x0004003d,0x0000000e,0x000009d8,0x000006d2,0x0003003e,0x000009d7,
	0x000009d8,0x0004003d,0x00000006,0x000009da,0x000006da,0x0003003e,0x000009d9,0x000009da,
	0x00060039,0x00000012,0x000009db,0x00000016,0x000009d7,0x000009d9,0x00050051,0x00000008,
	0x000009dc,0x000009db,0x00000000,0x00050051,0x00000008,0x000009dd,0x000009db,0x00000001,
	0x00050051,0x00000008,0x000009de,0x000009db,0x00000002,0x00070050,0x00000020,0x000009df,
	0x000009dc,0x000009dd,0x000009de,0x0000009e,0x00050091,0x00000012,0x000009e0,0x000009d6,
	0x000009df,0x0003003e,0x000009d5,0x000009e0,0x0004003d,0x00000737,0x000009e2,0x00000739,
	0x0004003d,0x0000000e,0x000009e4,0x000006d2,0x0003003e,0x000009e3,0x000009e4,0x0004003d,
	0x00000006,0x000009e6,0x000006e2,0x0003003e,0x000009e5,0x000009e6,0x00060039,0x00000012,
	0x000009e7,0x00000016,0x000009e3,0x000009e5,0x00050051,0x00000008,0x000009e8,0x000009e7,
	0x00000000,0x00050051,0x00000008,0x000009e9,0x000009e7,0x00000001,0x00050051,0x00000008,
	0x000009ea,0x000009e7,0x00000002,0x00070050,0x00000020,0x000009eb,0x000009e8,0x000009e9,
	0x000009ea,0x0000009e,0x00050091,0x00000012,0x000009ec,0x000009e2,0x000009eb,0x0003003e,
	0x000009e1,0x000009ec,0x0004003d,0x00000737,0x000009ee,0x00000739,0x0004003d,0x0000000e,
	0x000009f0,0x000006d2,0x0003003e,0x000009ef,0x000009f0,0x0004003d,0x00000006,0x000009f2,
	0x000006ea,0x0003003e,0x000009f1,0x000009f2,0x00060039,0x00000012,0x000009f3,0x00000016,
	0x000009ef,0x000009f1,0x00050051,0x00000008,0x000009f4,0x000009f3,0x00000000,0x00050051,
	0x00000008,0x000009f5,0x000009f3,0x00000001,0x00050051,0x00000008,0x000009f6,0x000009f3,
	0x00000002,0x00070050,0x00000020,0x000009f7,0x000009f4,0x000009f5,0x000009f6,0x0000009e,
	0x00050091,0x00000012,0x000009f8,0x000009ee,0x000009f7,0x0003003e,0x000009ed,0x000009f8,
	0x0004003d,0x0000000e,0x000009fb,0x000006d2,0x0003003e,0x000009fa,0x000009fb,0x0004003d,
	0x00000006,0x000009fd,0x000006da,0x0003003e,0x000009fc,0x000009fd,0x00060039,0x00000026,
	0x000009fe,0x0000002a,0x000009fa,0x000009fc,0x00050041,0x0000042d,0x000009ff,0x000006ba,
	0x000001de,0x0004003d,0x0000041d,0x00000a00,0x000009ff,0x000500ab,0x00000096,0x00000a01,
	0x00000a00,0x00000430,0x000300f7,0x00000a04,0x00000000,0x000400fa,0x00000a01,0x00000a03,
	0x00000a0c,0x000200f8,0x00000a03,0x00050041,0x0000042d,0x00000a05,0x000006ba,0x000001de,
	0x0004003d,0x0000041d,0x00000a06,0x00000a05,0x00040078,0x0000002c,0x00000a07,0x00000a06,
	0x0003003e,0x00000a08,0x00000a07,0x0004003d,0x00000006,0x00000a0a,0x000006da,0x0003003e,
	0x00000a09,0x00000a0a,0x00060039,0x00000026,0x00000a0b,0x00000033,0x00000a08,0x00000a09,
	0x0003003e,0x00000a02,0x00000a0b,0x000200f9,0x00000a04,0x000200f8,0x00000a0c,0x0004003d,
	0x0000000e,0x00000a0e,0x000006d2,0x0003003e,0x00000a0d,0x00000a0e,0x0004003d,0x00000006,
	0x00000a10,0x000006da,0x0003003e,0x00000a0f,0x00000a10,0x00060039,0x00000026,0x00000a11,
	0x0000002a,0x00000a0d,0x00000a0f,0x0003003e,0x00000a02,0x00000a11,0x000200f9,0x00000a04,
	0x000200f8,0x00000a04,0x0004003d,0x00000006,0x00000a13,0x000006c0,0x0003003e,0x00000a12,
	0x00000a13,0x0003003e,0x00000a14,0x000001de,0x0003003e,0x00000a15,0x000009fe,0x0004003d,
	0x00000026,0x00000a17,0x00000a02,0x0003003e,0x00000a16,0x00000a17,0x00080039,0x00000026,
	0x00000a18,0x00000094,0x00000a12,0x00000a14,0x00000a15,0x00000a16,0x0003003e,0x000009f9,
	0x00000a18,0x0004003d,0x0000000e,0x00000a1b,0x000006d2,0x0003003e,0x00000a1a,0x00000a1b,
	0x0004003d,0x00000006,0x00000a1d,0x000006e2,0x0003003e,0x00000a1c,0x00000a1d,0x00060039,
	0x00000026,0x00000a1e,0x0000002a,0x00000a1a,0x00000a1c,0x00050041,0x0000042d,0x00000a1f,
	0x000006ba,0x000001de,0x0004003d,0x0000041d,0x00000a20,0x00000a1f,0x000500ab,0x00000096,
	0x00000a21,0x00000a20,0x00000430,0x000300f7,0x00000a24,0x00000000,0x000400fa,0x00000a21,
	0x00000a23,0x00000a2c,0x000200f8,0x00000a23,0x00050041,0x0000042d,0x00000a25,0x000006ba,
	0x000001de,0x0004003d,0x0000041d,0x00000a26,0x00000a25,0x00040078,0x0000002c,0x00000a27,
	0x00000a26,0x0003003e,0x00000a28,0x00000a27,0x0004003d,0x00000006,0x00000a2a,0x000006e2,
	0x0003003e,0x00000a29,0x00000a2a,0x00060039,0x00000026,0x00000a2b,0x00000033,0x00000a28,
	0x00000a29,0x0003003e,0x00000a22,0x00000a2b,0x000200f9,0x00000a24,0x000200f8,0x00000a2c,
	0x0004003d,0x0000000e,0x00000a2e,0x000006d2,0x0003003e,0x00000a2d,0x00000a2e,0x0004003d,
	0x00000006,0x00000a30,0x000006e2,0x0003003e,0x00000a2f,0x00000a30,0x00060039,0x00000026,
	0x00000a31,0x0000002a,0x00000a2d,0x00000a2f,0x0003003e,0x00000a22,0x00000a31,0x000200f9,
	0x00000a24,0x000200f8,0x00000a24,0x0004003d,0x00000006,0x00000a33,0x000006c0,0x0003003e,
	0x00000a32,0x00000a33,0x0003003e,0x00000a34,0x000001de,0x0003003e,0x00000a35,0x00000a1e,
	0x0004003d,0x00000026,0x00000a37,0x00000a22,0x0003003e,0x00000a36,0x00000a37,0x00080039,
	0x00000026,0x00000a38,0x00000094,0x00000a32,0x00000a34,0x00000a35,0x00000a36,0x0003003e,
	0x00000a19,0x00000a38,0x0004003d,0x0000000e,0x00000a3b,0x000006d2,0x0003003e,0x00000a3a,
	0x00000a3b,0x0004003d,0x00000006,0x00000a3d,0x000006ea,0x0003003e,0x00000a3c,0x00000a3d,
	0x00060039,0x00000026,0x00000a3e,0x0000002a,0x00000a3a,0x00000a3c,0x00050041,0x0000042d,
	0x00000a3f,0x000006ba,0x000001de,0x0004003d,0x0000041d,0x00000a40,0x00000a3f,0x000500ab,
	0x00000096,0x00000a41,0x00000a40,0x00000430,0x000300f7,0x00000a44,0x00000000,0x000400fa,
	0x00000a41,0x00000a43,0x00000a4c,0x000200f8,0x00000a43,0x00050041,0x0000042d,0x00000a45,
	0x000006ba,0x000001de,0x0004003d,0x0000041d,0x00000a46,0x00000a45,0x00040078,0x0000002c,
	0x00000a47,0x00000a46,0x0003003e,0x00000a48,0x00000a47,0x0004003d,0x00000006,0x00000a4a,
	0x000006ea,0x0003003e,0x00000a49,0x00000a4a,0x00060039,0x00000026,0x00000a4b,0x00000033,
	0x00000a48,0x00000a49,0x0003003e,0x00000a42,0x00000a4b,0x000200f9,0x00000a44,0x000200f8,
	0x00000a4c,0x0004003d,0x0000000e,0x00000a4e,0x000006d2,0x0003003e,0x00000a4d,0x00000a4e,
	0x0004003d,0x00000006,0x00000a50,0x000006ea,0x0003003e,0x00000a4f,0x00000a50,0x00060039,
	0x00000026,0x00000a51,0x0000002a,0x00000a4d,0x00000a4f,0x0003003e,0x00000a42,0x00000a51,
	0x000200f9,0x00000a44,0x000200f8,0x00000a44,0x0004003d,0x00000006,0x00000a53,0x000006c0,
	0x0003003e,0x00000a52,0x00000a53,0x0003003e,0x00000a54,0x000001de,0x0003003e,0x00000a55,
	0x00000a3e,0x0004003d,0x00000026,0x00000a57,0x00000a42,0x0003003e,0x00000a56,0x00000a57,
	0x00080039,0x00000026,0x00000a58,0x00000094,0x00000a52,0x00000a54,0x00000a55,0x00000a56,
	0x0003003e,0x00000a39,0x00000a58,0x0004003d,0x00000012,0x00000a5a,0x000009e1,0x0004003d,
	0x00000012,0x00000a5b,0x000009d5,0x00050083,0x00000012,0x00000a5c,0x00000a5a,0x00000a5b,
	0x0003003e,0x00000a59,0x00000a5c,0x0004003d,0x00000012,0x00000a5e,0x000009ed,0x0004003d,
	0x00000012,0x00000a5f,0x000009d5,0x00050083,0x00000012,0x00000a60,0x00000a5e,0x00000a5f,
	0x0003003e,0x00000a5d,0x00000a60,0x0004003d,0x00000026,0x00000a62,0x00000a19,0x0004003d,
	0x00000026,0x00000a63,0x000009f9,0x00050083,0x00000026,0x00000a64,0x00000a62,0x00000a63,
	0x0003003e,0x00000a61,0x00000a64,0x0004003d,0x00000026,0x00000a66,0x00000a39,0x0004003d,
	0x00000026,0x00000a67,0x000009f9,0x00050083,0x00000026,0x00000a68,0x00000a66,0x00000a67,
	0x0003003e,0x00000a65,0x00000a68,0x00050041,0x00000046,0x00000a6a,0x00000a61,0x000000a7,
	0x0004003d,0x00000008,0x00000a6b,0x00000a6a,0x00050041,0x00000046,0x00000a6c,0x00000a65,
	0x000000c7,0x0004003d,0x00000008,0x00000a6d,0x00000a6c,0x00050085,0x00000008,0x00000a6e,
	0x00000a6b,0x00000a6d,0x00050041,0x00000046,0x00000a6f,0x00000a61,0x000000c7,0x0004003d,
	0x00000008,0x00000a70,0x00000a6f,0x00050041,0x00000046,0x00000a71,0x00000a65,0x000000a7,
	0x0004003d,0x00000008,0x00000a72,0x00000a71,0x00050085,0x00000008,0x00000a73,0x00000a70,
	0x00000a72,0x00050083,0x00000008,0x00000a74,0x00000a6e,0x00000a73,0x0003003e,0x00000a69,
	0x00000a74,0x0004003d,0x00000008,0x00000a76,0x00000a69,0x0006000c,0x00000008,0x00000a77,
	0x00000001,0x00000004,0x00000a76,0x000500ba,0x00000096,0x00000a79,0x00000a77,0x00000a78,
	0x000300f7,0x00000a7c,0x00000000,0x000400fa,0x00000a79,0x00000a7b,0x00000a8a,0x000200f8,
	0x00000a7b,0x0004003d,0x00000012,0x00000a7d,0x00000a59,0x00050041,0x00000046,0x00000a7e,
	0x00000a65,0x000000c7,0x0004003d,0x00000008,0x00000a7f,0x00000a7e,0x0005008e,0x00000012,
	0x00000a80,0x00000a7d,0x00000a7f,0x0004003d,0x00000012,0x00000a81,0x00000a5d,0x00050041,
	0x00000046,0x00000a82,0x00000a61,0x000000c7,0x0004003d,0x00000008,0x00000a83,0x00000a82,
	0x0005008e,0x00000012,0x00000a84,0x00000a81,0x00000a83,0x00050083,0x00000012,0x00000a85,
	0x00000a80,0x00000a84,0x0004003d,0x00000008,0x00000a86,0x00000a69,0x00060050,0x00000012,
	0x00000a87,0x00000a86,0x00000a86,0x00000a86,0x00050088,0x00000012,0x00000a88,0x00000a85,
	0x00000a87,0x0006000c,0x00000012,0x00000a89,0x00000001,0x00000045,0x00000a88,0x0003003e,
	0x00000a7a,0x00000a89,0x000200f9,0x00000a7c,0x000200f8,0x00000a8a,0x00050041,0x00000046,
	0x00000a8b,0x00000765,0x000000ce,0x0004003d,0x00000008,0x00000a8c,0x00000a8b,0x0006000c,
	0x00000008,0x00000a8d,0x00000001,0x00000004,0x00000a8c,0x000500b8,0x00000096,0x00000a8f,
	0x00000a8d,0x00000a8e,0x000600a9,0x00000012,0x00000a91,0x00000a8f,0x00000a90,0x00000195,
	0x0004003d,0x00000012,0x00000a92,0x00000765,0x0007000c,0x00000012,0x00000a93,0x00000001,
	0x00000044,0x00000a91,0x00000a92,0x0006000c,0x00000012,0x00000a94,0x00000001,0x00000045,
	0x00000a93,0x0003003e,0x00000a7a,0x00000a94,0x000200f9,0x00000a7c,0x000200f8,0x00000a7c,
	0x0004003d,0x00000012,0x00000a95,0x00000a7a,0x0003003e,0x00000a75,0x00000a95,0x0004003d,
	0x00000012,0x00000a97,0x00000765,0x0004003d,0x00000012,0x00000a98,0x00000a75,0x0007000c,
	0x00000012,0x00000a99,0x00000001,0x00000044,0x00000a97,0x00000a98,0x0006000c,0x00000012,
	0x00000a9a,0x00000001,0x00000045,0x00000a99,0x0003003e,0x00000a96,0x00000a9a,0x0004003d,
	0x00000012,0x00000a9b,0x00000a75,0x00050041,0x00000046,0x00000a9c,0x00000999,0x000000a7,
	0x0004003d,0x00000008,0x00000a9d,0x00000a9c,0x0005008e,0x00000012,0x00000a9e,0x00000a9b,
	0x00000a9d,0x0004003d,0x00000012,0x00000a9f,0x00000a96,0x00050041,0x00000046,0x00000aa0,
	0x00000999,0x000000c7,0x0004003d,0x00000008,0x00000aa1,0x00000aa0,0x0005008e,0x00000012,
	0x00000aa2,0x00000a9f,0x00000aa1,0x00050081,0x00000012,0x00000aa3,0x00000a9e,0x00000aa2,
	0x0004003d,0x00000012,0x00000aa4,0x00000765,0x00050041,0x00000046,0x00000aa5,0x00000999,
	0x000000ce,0x0004003d,0x00000008,0x00000aa6,0x00000aa5,0x0005008e,0x00000012,0x00000aa7,
	0x00000aa4,0x00000aa6,0x00050081,0x00000012,0x00000aa8,0x00000aa3,0x00000aa7,0x0006000c,
	0x00000012,0x00000aa9,0x00000001,0x00000045,0x00000aa8,0x0003003e,0x00000765,0x00000aa9,
	0x000200f9,0x00000998,0x000200f8,0x00000998,0x000200f9,0x0000087d,0x000200f8,0x0000087d,
	0x0004003d,0x00000008,0x00000aab,0x000007ce,0x0008000c,0x00000008,0x00000aac,0x00000001,
	0x0000002b,0x00000aab,0x000000a0,0x0000009e,0x0003003e,0x00000aaa,0x00000aac,0x0004003d,
	0x00000008,0x00000aad,0x000007d1,0x000500ba,0x00000096,0x00000aae,0x00000aad,0x000003d3,
	0x0004003d,0x00000008,0x00000aaf,0x000007d1,0x000500b8,0x00000096,0x00000ab0,0x00000aaf,
	0x0000045b,0x000500a7,0x00000096,0x00000ab1,0x00000aae,0x00000ab0,0x000300f7,0x00000ab3,
	0x00000000,0x000400fa,0x00000ab1,0x00000ab2,0x00000ab3,0x000200f8,0x00000ab2,0x0004003d,
	0x00000008,0x00000ab4,0x00000aaa,0x0004003d,0x00000008,0x00000ab5,0x000007d2,0x000500be,
	0x00000096,0x00000ab6,0x00000ab4,0x00000ab5,0x000600a9,0x00000008,0x00000ab7,0x00000ab6,
	0x0000009e,0x000000a0,0x0003003e,0x00000aaa,0x00000ab7,0x000200f9,0x00000ab3,0x000200f8,
	0x00000ab3,0x00060041,0x000005a4,0x00000ab9,0x000005a3,0x00000151,0x000000d8,0x0004003d,
	0x00000008,0x00000aba,0x00000ab9,0x00050081,0x00000008,0x00000abb,0x00000aba,0x000003d3,
	0x0004006e,0x00000047,0x00000abc,0x00000abb,0x0003003e,0x00000ab8,0x00000abc,0x00050041,
	0x0000060d,0x00000abe,0x000005a3,0x000001d9,0x0004003d,0x00000020,0x00000abf,0x00000abe,
	0x0008004f,0x00000012,0x00000ac0,0x00000abf,0x00000abf,0x00000000,0x00000001,0x00000002,
	0x0006000c,0x00000012,0x00000ac1,0x00000001,0x00000045,0x00000ac0,0x0003003e,0x00000abd,
	0x00000ac1,0x0003003e,0x00000ac2,0x00000ac3,0x00050044,0x00000006,0x00000ac4,0x000001bc,
	0x00000000,0x0004007c,0x00000047,0x00000ac5,0x00000ac4,0x0004007c,0x00000006,0x00000ac6,
	0x00000ac5,0x000500ae,0x00000096,0x00000ac7,0x00000ac6,0x000001be,0x000300f7,0x00000ac9,
	0x00000000,0x000400fa,0x00000ac7,0x00000ac8,0x00000ac9,0x000200f8,0x00000ac8,0x00070041,
	0x000003d0,0x00000aca,0x000001bc,0x000000bc,0x000000bc,0x000000c7,0x0004003d,0x00000008,
	0x00000acb,0x00000aca,0x000500ba,0x00000096,0x00000acc,0x00000acb,0x000003d3,0x000200f9,
	0x00000ac9,0x000200f8,0x00000ac9,0x000700f5,0x00000096,0x00000acd,0x00000ac7,0x00000ab3,
	0x00000acc,0x00000ac8,0x000300f7,0x00000acf,0x00000000,0x000400fa,0x00000acd,0x00000ace,
	0x00000acf,0x000200f8,0x00000ace,0x00060041,0x000001c5,0x00000ad1,0x000001bc,0x000000bc,
	0x000001d9,0x0004003d,0x00000020,0x00000ad2,0x00000ad1,0x0008004f,0x00000012,0x00000ad3,
	0x00000ad2,0x00000ad2,0x00000000,0x00000001,0x00000002,0x0003003e,0x00000ad0,0x00000ad3,
	0x0004003d,0x00000012,0x00000ad4,0x00000ad0,0x0004003d,0x00000012,0x00000ad5,0x00000ad0,
	0x00050094,0x00000008,0x00000ad6,0x00000ad4,0x00000ad5,0x000500ba,0x00000096,0x00000ad8,
	0x00000ad6,0x00000ad7,0x000300f7,0x00000ada,0x00000000,0x000400fa,0x00000ad8,0x00000ad9,
	0x00000ada,0x000200f8,0x00000ad9,0x0004003d,0x00000012,0x00000adb,0x00000ad0,0x0006000c,
	0x00000012,0x00000adc,0x00000001,0x00000045,0x00000adb,0x0003003e,0x00000abd,0x00000adc,
	0x000200f9,0x00000ada,0x000200f8,0x00000ada,0x00060041,0x000001c5,0x00000add,0x000001bc,
	0x000000bc,0x000001de,0x0004003d,0x00000020,0x00000ade,0x00000add,0x0008004f,0x00000012,
	0x00000adf,0x00000ade,0x00000ade,0x00000000,0x00000001,0x00000002,0x0003003e,0x00000ac2,
	0x00000adf,0x0004003d,0x00000012,0x00000ae0,0x00000ac2,0x0004003d,0x00000012,0x00000ae1,
	0x00000ac2,0x00050094,0x00000008,0x00000ae2,0x00000ae0,0x00000ae1,0x000500bc,0x00000096,
	0x00000ae3,0x00000ae2,0x00000ad7,0x000300f7,0x00000ae5,0x00000000,0x000400fa,0x00000ae3,
	0x00000ae4,0x00000ae5,0x000200f8,0x00000ae4,0x0003003e,0x00000ac2,0x00000ac3,0x000200f9,
	0x00000ae5,0x000200f8,0x00000ae5,0x000200f9,0x00000acf,0x000200f8,0x00000acf,0x0004003d,
	0x00000012,0x00000ae7,0x00000765,0x0004003d,0x00000012,0x00000ae8,0x00000abd,0x00050094,
	0x00000008,0x00000ae9,0x00000ae7,0x00000ae8,0x0007000c,0x00000008,0x00000aea,0x00000001,
	0x00000028,0x00000ae9,0x000000a0,0x0003003e,0x00000ae6,0x00000aea,0x0003003e,0x00000aeb,
	0x0000009e,0x0004003d,0x00000047,0x00000aec,0x00000ab8,0x000500aa,0x00000096,0x00000aed,
	0x00000aec,0x000000bc,0x0004003d,0x00000047,0x00000aee,0x00000ab8,0x000500aa,0x00000096,
	0x00000aef,0x00000aee,0x00000151,0x000500a6,0x00000096,0x00000af0,0x00000aed,0x00000aef,
	0x0004003d,0x00000008,0x00000af1,0x00000ae6,0x000500ba,0x00000096,0x00000af2,0x00000af1,
	0x000000a0,0x000500a7,0x00000096,0x00000af3,0x00000af0,0x00000af2,0x000300f7,0x00000af5,
	0x00000000,0x000400fa,0x00000af3,0x00000af4,0x00000af5,0x000200f8,0x00000af4,0x0004003d,
	0x0000061c,0x00000af7,0x0000061e,0x0004003d,0x00000012,0x00000af8,0x000006af,0x0004003d,
	0x00000012,0x00000af9,0x00000765,0x0005008e,0x00000012,0x00000afa,0x00000af9,0x00000621,
	0x00050081,0x00000012,0x00000afb,0x00000af8,0x00000afa,0x0004003d,0x00000012,0x00000afc,
	0x00000abd,0x00091179,0x00000af6,0x00000af7,0x000000df,0x00000251,0x00000afb,0x00000621,
	0x00000afc,0x00000623,0x000200f9,0x00000afd,0x000200f8,0x00000afd,0x000400f6,0x00000aff,
	0x00000b00,0x00000000,0x000200f9,0x00000b01,0x000200f8,0x00000b01,0x0004117d,0x00000096,
	0x00000b02,0x00000af6,0x000400fa,0x00000b02,0x00000afe,0x00000aff,0x000200f8,0x00000afe,
	0x0005117f,0x00000006,0x00000b03,0x00000af6,0x000000bc,0x000500aa,0x00000096,0x00000b04,
	0x00000b03,0x000000a7,0x000300f7,0x00000b06,0x00000000,0x000400fa,0x00000b04,0x00000b05,
	0x00000b06,0x000200f8,0x00000b05,0x00051784,0x00000047,0x00000b08,0x00000af6,0x000000bc,
	0x0004007c,0x00000006,0x00000b09,0x00000b08,0x0003003e,0x00000b07,0x00000b09,0x00051787,
	0x00000047,0x00000b0b,0x00000af6,0x000000bc,0x0003003e,0x00000b0a,0x00000b0b,0x00051788,
	0x00000026,0x00000b0d,0x00000af6,0x000000bc,0x0003003e,0x00000b0c,0x00000b0d,0x0004003d,
	0x00000006,0x00000b0f,0x00000b07,0x0003003e,0x00000b0e,0x00000b0f,0x0004003d,0x00000047,
	0x00000b11,0x00000b0a,0x0003003e,0x00000b10,0x00000b11,0x0004003d,0x00000026,0x00000b13,
	0x00000b0c,0x0003003e,0x00000b12,0x00000b13,0x00070039,0x00000096,0x00000b14,0x0000009b,
	0x00000b0e,0x00000b10,0x00000b12,0x000300f7,0x00000b16,0x00000000,0x000400fa,0x00000b14,
	0x00000b15,0x00000b16,0x000200f8,0x00000b15,0x0002117c,0x00000af6,0x000200f9,0x00000b16,
	0x000200f8,0x00000b16,0x000200f9,0x00000b06,0x000200f8,0x00000b06,0x000200f9,0x00000b00,
	0x000200f8,0x00000b00,0x000200f9,0x00000afd,0x000200f8,0x00000aff,0x0005117f,0x00000006,
	0x00000b17,0x00000af6,0x00000151,0x000500ab,0x00000096,0x00000b18,0x00000b17,0x000000a7,
	0x000300f7,0x00000b1a,0x00000000,0x000400fa,0x00000b18,0x00000b19,0x00000b1a,0x000200f8,
	0x00000b19,0x0003003e,0x00000aeb,0x000000a0,0x000200f9,0x00000b1a,0x000200f8,0x00000b1a,
	0x000200f9,0x00000af5,0x000200f8,0x00000af5,0x00050041,0x0000060d,0x00000b1c,0x000005a3,
	0x00000151,0x0004003d,0x00000020,0x00000b1d,0x00000b1c,0x0008004f,0x00000012,0x00000b1e,
	0x00000b1d,0x00000b1d,0x00000000,0x00000001,0x00000002,0x0004003d,0x00000012,0x00000b1f,
	0x000006af,0x00050083,0x00000012,0x00000b20,0x00000b1e,0x00000b1f,0x0006000c,0x00000012,
	0x00000b21,0x00000001,0x00000045,0x00000b20,0x0003003e,0x00000b1b,0x00000b21,0x0004003d,
	0x00000012,0x00000b23,0x00000abd,0x0004003d,0x00000012,0x00000b24,0x00000b1b,0x00050081,
	0x00000012,0x00000b25,0x00000b23,0x00000b24,0x0006000c,0x00000012,0x00000b26,0x00000001,
	0x00000045,0x00000b25,0x0003003e,0x00000b22,0x00000b26,0x0004003d,0x00000012,0x00000b28,
	0x00000765,0x0004003d,0x00000012,0x00000b29,0x00000b22,0x00050094,0x00000008,0x00000b2a,
	0x00000b28,0x00000b29,0x0007000c,0x00000008,0x00000b2b,0x00000001,0x00000028,0x00000b2a,
	0x000000a0,0x0004003d,0x00000008,0x00000b2e,0x000007d0,0x0008000c,0x00000008,0x00000b2f,
	0x00000001,0x0000002b,0x00000b2e,0x000000a0,0x0000009e,0x0008000c,0x00000008,0x00000b30,
	0x00000001,0x0000002e,0x00000b2c,0x00000b2d,0x00000b2f,0x0007000c,0x00000008,0x00000b31,
	0x00000001,0x0000001a,0x00000b2b,0x00000b30,0x0004003d,0x00000008,0x00000b32,0x000007d4,
	0x0007000c,0x00000008,0x00000b33,0x00000001,0x00000028,0x00000b32,0x000000a0,0x00050085,
	0x00000008,0x00000b34,0x00000b31,0x00000b33,0x0003003e,0x00000b27,0x00000b34,0x0004003d,
	0x00000012,0x00000b36,0x00000765,0x0004003d,0x00000012,0x00000b37,0x00000b22,0x00050094,
	0x00000008,0x00000b38,0x00000b36,0x00000b37,0x0007000c,0x00000008,0x00000b39,0x00000001,
	0x00000028,0x00000b38,0x000000a0,0x0004003d,0x00000008,0x00000b3c,0x000007d6,0x0008000c,
	0x00000008,0x00000b3d,0x00000001,0x0000002b,0x00000b3c,0x000000a0,0x0000009e,0x0008000c,
	0x00000008,0x00000b3e,0x00000001,0x0000002e,0x00000b3a,0x00000b3b,0x00000b3d,0x0007000c,
	0x00000008,0x00000b3f,0x00000001,0x0000001a,0x00000b39,0x00000b3e,0x0004003d,0x00000008,
	0x00000b40,0x000007d5,0x0008000c,0x00000008,0x00000b41,0x00000001,0x0000002b,0x00000b40,
	0x000000a0,0x0000009e,0x00050085,0x00000008,0x00000b42,0x00000b3f,0x00000b41,0x00050085,
	0x00000008,0x00000b44,0x00000b42,0x00000b43,0x0003003e,0x00000b35,0x00000b44,0x0003003e,
	0x00000b45,0x00000b46,0x0003003e,0x00000b47,0x00000218,0x00050044,0x00000006,0x00000b49,
	0x000001bc,0x00000000,0x0004007c,0x00000047,0x00000b4a,0x00000b49,0x0004007c,0x00000006,
	0x00000b4b,0x00000b4a,0x00050086,0x00000006,0x00000b4c,0x00000b4b,0x000001be,0x0003003e,
	0x00000b48,0x00000b4c,0x0003003e,0x00000b4d,0x000000a7,0x000200f9,0x00000b4e,0x000200f8,
	0x00000b4e,0x000400f6,0x00000b50,0x00000b51,0x00000000,0x000200f9,0x00000b52,0x000200f8,
	0x00000b52,0x0004003d,0x00000006,0x00000b53,0x00000b4d,0x0004003d,0x00000006,0x00000b54,
	0x00000b48,0x000500b0,0x00000096,0x00000b55,0x00000b53,0x00000b54,0x000400fa,0x00000b55,
	0x00000b4f,0x00000b50,0x000200f8,0x00000b4f,0x0004003d,0x00000006,0x00000b57,0x00000b4d,
	0x00050084,0x00000006,0x00000b58,0x00000b57,0x000001be,0x00050080,0x00000006,0x00000b59,
	0x00000b58,0x000000a7,0x00060041,0x000001c5,0x00000b5a,0x000001bc,0x000000bc,0x00000b59,
	0x0004003d,0x00000020,0x00000b5b,0x00000b5a,0x0003003e,0x00000b56,0x00000b5b,0x00050041,
	0x00000046,0x00000b5c,0x00000b56,0x000000a7,0x0004003d,0x00000008,0x00000b5d,0x00000b5c,
	0x00050081,0x00000008,0x00000b5e,0x00000b5d,0x000003d3,0x0004006e,0x00000047,0x00000b5f,
	0x00000b5e,0x000500ab,0x00000096,0x00000b60,0x00000b5f,0x000001f4,0x000300f7,0x00000b62,
	0x00000000,0x000400fa,0x00000b60,0x00000b61,0x00000b62,0x000200f8,0x00000b61,0x000200f9,
	0x00000b51,0x000200f8,0x00000b62,0x00050041,0x00000046,0x00000b64,0x00000b56,0x000000c7,
	0x0004003d,0x00000008,0x00000b65,0x00000b64,0x00050081,0x00000008,0x00000b66,0x00000b65,
	0x000003d3,0x0004006e,0x00000047,0x00000b67,0x00000b66,0x000500c7,0x00000047,0x00000b69,
	0x00000b67,0x00000b68,0x000500aa,0x00000096,0x00000b6a,0x00000b69,0x000000bc,0x000300f7,
	0x00000b6c,0x00000000,0x000400fa,0x00000b6a,0x00000b6b,0x00000b6c,0x000200f8,0x00000b6b,
	0x000200f9,0x00000b51,0x000200f8,0x00000b6c,0x0004003d,0x00000006,0x00000b6f,0x00000b4d,
	0x00050084,0x00000006,0x00000b70,0x00000b6f,0x000001be,0x00050080,0x00000006,0x00000b71,
	0x00000b70,0x000000df,0x00060041,0x000001c5,0x00000b72,0x000001bc,0x000000bc,0x00000b71,
	0x0004003d,0x00000020,0x00000b73,0x00000b72,0x0008004f,0x00000012,0x00000b74,0x00000b73,
	0x00000b73,0x00000000,0x00000001,0x00000002,0x0003003e,0x00000b6e,0x00000b74,0x0004003d,
	0x00000006,0x00000b76,0x00000b4d,0x00050084,0x00000006,0x00000b77,0x00000b76,0x000001be,
	0x00050080,0x00000006,0x00000b78,0x00000b77,0x0000067a,0x00060041,0x000001c5,0x00000b79,
	0x000001bc,0x000000bc,0x00000b78,0x0004003d,0x00000020,0x00000b7a,0x00000b79,0x0008004f,
	0x00000012,0x00000b7b,0x00000b7a,0x00000b7a,0x00000000,0x00000001,0x00000002,0x0004003d,
	0x00000012,0x00000b7c,0x00000765,0x00050094,0x00000008,0x00000b7d,0x00000b7b,0x00000b7c,
	0x0004003d,0x00000006,0x00000b7e,0x00000b4d,0x00050084,0x00000006,0x00000b7f,0x00000b7e,
	0x000001be,0x00050080,0x00000006,0x00000b80,0x00000b7f,0x00000683,0x00060041,0x000001c5,
	0x00000b81,0x000001bc,0x000000bc,0x00000b80,0x0004003d,0x00000020,0x00000b82,0x00000b81,
	0x0008004f,0x00000012,0x00000b83,0x00000b82,0x00000b82,0x00000000,0x00000001,0x00000002,
	0x0004003d,0x00000012,0x00000b84,0x00000765,0x00050094,0x00000008,0x00000b85,0x00000b83,
	0x00000b84,0x0004003d,0x00000006,0x00000b86,0x00000b4d,0x00050084,0x00000006,0x00000b87,
	0x00000b86,0x000001be,0x00050080,0x00000006,0x00000b88,0x00000b87,0x0000068c,0x00060041,
	0x000001c5,0x00000b89,0x000001bc,0x000000bc,0x00000b88,0x0004003d,0x00000020,0x00000b8a,
	0x00000b89,0x0008004f,0x00000012,0x00000b8b,0x00000b8a,0x00000b8a,0x00000000,0x00000001,
	0x00000002,0x0004003d,0x00000012,0x00000b8c,0x00000765,0x00050094,0x00000008,0x00000b8d,
	0x00000b8b,0x00000b8c,0x00060050,0x00000012,0x00000b8e,0x00000b7d,0x00000b85,0x00000b8d,
	0x0006000c,0x00000012,0x00000b8f,0x00000001,0x00000045,0x00000b8e,0x0003003e,0x00000b75,
	0x00000b8f,0x0004003d,0x00000006,0x00000b91,0x00000b4d,0x0003003e,0x00000b90,0x00000b91,
	0x0004003d,0x00000012,0x00000b93,0x00000b75,0x0003003e,0x00000b92,0x00000b93,0x00060039,
	0x00000012,0x00000b94,0x00000065,0x00000b90,0x00000b92,0x0004003d,0x00000012,0x00000b95,
	0x00000b6e,0x00050085,0x00000012,0x00000b96,0x00000b94,0x00000b95,0x0003003e,0x00000b45,
	0x00000b96,0x0004003d,0x00000012,0x00000b98,0x00000b1b,0x0004007f,0x00000012,0x00000b99,
	0x00000b98,0x0004003d,0x00000012,0x00000b9a,0x00000765,0x0007000c,0x00000012,0x00000b9b,
	0x00000001,0x00000047,0x00000b99,0x00000b9a,0x0003003e,0x00000b97,0x00000b9b,0x0004003d,
	0x00000006,0x00000b9d,0x00000b4d,0x00050084,0x00000006,0x00000b9e,0x00000b9d,0x000001be,
	0x00050080,0x00000006,0x00000b9f,0x00000b9e,0x0000067a,0x00060041,0x000001c5,0x00000ba0,
	0x000001bc,0x000000bc,0x00000b9f,0x0004003d,0x00000020,0x00000ba1,0x00000ba0,0x0008004f,
	0x00000012,0x00000ba2,0x00000ba1,0x00000ba1,0x00000000,0x00000001,0x00000002,0x0004003d,
	0x00000012,0x00000ba3,0x00000b97,0x00050094,0x00000008,0x00000ba4,0x00000ba2,0x00000ba3,
	0x0004003d,0x00000006,0x00000ba5,0x00000b4d,0x00050084,0x00000006,0x00000ba6,0x00000ba5,
	0x000001be,0x00050080,0x00000006,0x00000ba7,0x00000ba6,0x00000683,0x00060041,0x000001c5,
	0x00000ba8,0x000001bc,0x000000bc,0x00000ba7,0x0004003d,0x00000020,0x00000ba9,0x00000ba8,
	0x0008004f,0x00000012,0x00000baa,0x00000ba9,0x00000ba9,0x00000000,0x00000001,0x00000002,
	0x0004003d,0x00000012,0x00000bab,0x00000b97,0x00050094,0x00000008,0x00000bac,0x00000baa,
	0x00000bab,0x0004003d,0x00000006,0x00000bad,0x00000b4d,0x00050084,0x00000006,0x00000bae,
	0x00000bad,0x000001be,0x00050080,0x00000006,0x00000baf,0x00000bae,0x0000068c,0x00060041,
	0x000001c5,0x00000bb0,0x000001bc,0x000000bc,0x00000baf,0x0004003d,0x00000020,0x00000bb1,
	0x00000bb0,0x0008004f,0x00000012,0x00000bb2,0x00000bb1,0x00000bb1,0x00000000,0x00000001,
	0x00000002,0x0004003d,0x00000012,0x00000bb3,0x00000b97,0x00050094,0x00000008,0x00000bb4,
	0x00000bb2,0x00000bb3,0x00060050,0x00000012,0x00000bb5,0x00000ba4,0x00000bac,0x00000bb4,
	0x0006000c,0x00000012,0x00000bb6,0x00000001,0x00000045,0x00000bb5,0x0003003e,0x00000b9c,
	0x00000bb6,0x0004003d,0x00000008,0x00000bb8,0x000007d0,0x0008000c,0x00000008,0x00000bb9,
	0x00000001,0x0000002b,0x00000bb8,0x000000a0,0x0000009e,0x0003003e,0x00000bb7,0x00000bb9,
	0x0004003d,0x00000695,0x00000bbc,0x00000bbb,0x00040064,0x00000694,0x00000bbd,0x00000bbc,
	0x0004006a,0x00000047,0x00000bbe,0x00000bbd,0x00050082,0x00000047,0x00000bbf,0x00000bbe,
	0x00000151,0x0004006f,0x00000008,0x00000bc0,0x00000bbf,0x0003003e,0x00000bba,0x00000bc0,
	0x0004003d,0x00000695,0x00000bc2,0x00000bbb,0x0004003d,0x00000012,0x00000bc3,0x00000b9c,
	0x0004003d,0x00000008,0x00000bc4,0x00000bb7,0x0004003d,0x00000008,0x00000bc5,0x00000bba,
	0x00050085,0x00000008,0x00000bc6,0x00000bc4,0x00000bc5,0x00070058,0x00000020,0x00000bc7,
	0x00000bc2,0x00000bc3,0x00000002,0x00000bc6,0x0008004f,0x00000012,0x00000bc8,0x00000bc7,
	0x00000bc7,0x00000000,0x00000001,0x00000002,0x0003003e,0x00000bc1,0x00000bc8,0x0004003d,
	0x00000bcb,0x00000bce,0x00000bcd,0x0004003d,0x00000012,0x00000bcf,0x00000765,0x0004003d,
	0x00000012,0x00000bd0,0x00000b1b,0x00050094,0x00000008,0x00000bd1,0x00000bcf,0x00000bd0,
	0x0007000c,0x00000008,0x00000bd2,0x00000001,0x00000028,0x00000bd1,0x000000a0,0x0004003d,
	0x00000008,0x00000bd3,0x00000bb7,0x00050050,0x00000026,0x00000bd4,0x00000bd2,0x00000bd3,
	0x00070058,0x00000020,0x00000bd5,0x00000bce,0x00000bd4,0x00000002,0x000000a0,0x0007004f,
	0x00000026,0x00000bd6,0x00000bd5,0x00000bd5,0x00000000,0x00000001,0x0003003e,0x00000bc9,
	0x00000bd6,0x0004003d,0x00000012,0x00000bda,0x000007e1,0x0004003d,0x00000008,0x00000bdb,
	0x000007cf,0x0008000c,0x00000008,0x00000bdc,0x00000001,0x0000002b,0x00000bdb,0x000000a0,
	0x0000009e,0x00060050,0x00000012,0x00000bdd,0x00000bdc,0x00000bdc,0x00000bdc,0x0008000c,
	0x00000012,0x00000bde,0x00000001,0x0000002e,0x00000bd9,0x00000bda,0x00000bdd,0x0003003e,
	0x00000bd7,0x00000bde,0x0004003d,0x00000012,0x00000bdf,0x00000bc1,0x0004003d,0x00000012,
	0x00000be0,0x00000bd7,0x00050041,0x00000046,0x00000be1,0x00000bc9,0x000000a7,0x0004003d,
	0x00000008,0x00000be2,0x00000be1,0x0005008e,0x00000012,0x00000be3,0x00000be0,0x00000be2,
	0x00050041,0x00000046,0x00000be4,0x00000bc9,0x000000c7,0x0004003d,0x00000008,0x00000be5,
	0x00000be4,0x00060050,0x00000012,0x00000be6,0x00000be5,0x00000be5,0x00000be5,0x00050081,
	0x00000012,0x00000be7,0x00000be3,0x00000be6,0x00050085,0x00000012,0x00000be8,0x00000bdf,
	0x00000be7,0x0004003d,0x00000012,0x00000be9,0x00000b6e,0x00050085,0x00000012,0x00000bea,
	0x00000be8,0x00000be9,0x0004003d,0x00000008,0x00000beb,0x000007d4,0x0007000c,0x00000008,
	0x00000bec,0x00000001,0x00000028,0x00000beb,0x000000a0,0x0005008e,0x00000012,0x00000bed,
	0x00000bea,0x00000bec,0x0003003e,0x00000b47,0x00000bed,0x000200f9,0x00000b50,0x000200f8,
	0x00000b51,0x0004003d,0x00000006,0x00000bef,0x00000b4d,0x00050080,0x00000006,0x00000bf0,
	0x00000bef,0x00000151,0x0003003e,0x00000b4d,0x00000bf0,0x000200f9,0x00000b4e,0x000200f8,
	0x00000b50,0x0004003d,0x00000012,0x00000bf1,0x000007e1,0x0004003d,0x00000012,0x00000bf2,
	0x00000b45,0x0004003d,0x00000008,0x00000bf4,0x00000ae6,0x00050085,0x00000008,0x00000bf5,
	0x00000bf3,0x00000bf4,0x0004003d,0x00000008,0x00000bf6,0x00000aeb,0x00050085,0x00000008,
	0x00000bf7,0x00000bf5,0x00000bf6,0x0004003d,0x00000012,0x00000bf8,0x00000ac2,0x0005008e,
	0x00000012,0x00000bf9,0x00000bf8,0x00000bf7,0x00050081,0x00000012,0x00000bfa,0x00000bf2,
	0x00000bf9,0x00050085,0x00000012,0x00000bfb,0x00000bf1,0x00000bfa,0x0004003d,0x00000012,
	0x00000bfc,0x00000b47,0x00050081,0x00000012,0x00000bfd,0x00000bfb,0x00000bfc,0x0004003d,
	0x00000008,0x00000bfe,0x00000b27,0x0004003d,0x00000008,0x00000c00,0x000007cf,0x0008000c,
	0x00000008,0x00000c01,0x00000001,0x0000002b,0x00000c00,0x000000a0,0x0000009e,0x0008000c,
	0x00000008,0x00000c02,0x00000001,0x0000002e,0x00000bd8,0x00000bff,0x00000c01,0x00050085,
	0x00000008,0x00000c03,0x00000bfe,0x00000c02,0x0004003d,0x00000008,0x00000c04,0x00000b35,
	0x00050081,0x00000008,0x00000c05,0x00000c03,0x00000c04,0x0004003d,0x00000008,0x00000c06,
	0x00000aeb,0x00050085,0x00000008,0x00000c07,0x00000c05,0x00000c06,0x00060050,0x00000012,
	0x00000c08,0x00000c07,0x00000c07,0x00000c07,0x0004003d,0x00000012,0x00000c09,0x00000ac2,
	0x00050085,0x00000012,0x00000c0a,0x00000c08,0x00000c09,0x00050081,0x00000012,0x00000c0b,
	0x00000bfd,0x00000c0a,0x0004003d,0x00000012,0x00000c0c,0x000007d3,0x00050081,0x00000012,
	0x00000c0d,0x00000c0b,0x00000c0c,0x0003003e,0x00000617,0x00000c0d,0x0004003d,0x00000047,
	0x00000c0e,0x00000ab8,0x000500aa,0x00000096,0x00000c0f,0x00000c0e,0x000000bc,0x000300f7,
	0x00000c11,0x00000000,0x000400fa,0x00000c0f,0x00000c10,0x00000c11,0x000200f8,0x00000c10,
	0x0004003d,0x00000008,0x00000c12,0x000007d1,0x000500ba,0x00000096,0x00000c13,0x00000c12,
	0x000003d3,0x0004003d,0x00000008,0x00000c14,0x000007d1,0x000500b8,0x00000096,0x00000c15,
	0x00000c14,0x0000045b,0x000500a7,0x00000096,0x00000c16,0x00000c13,0x00000c15,0x0004003d,
	0x00000008,0x00000c17,0x00000aaa,0x000500bc,0x00000096,0x00000c18,0x00000c17,0x000000a0,
	0x000500a7,0x00000096,0x00000c19,0x00000c16,0x00000c18,0x000300f7,0x00000c1b,0x00000000,
	0x000400fa,0x00000c19,0x00000c1a,0x00000c1d,0x000200f8,0x00000c1a,0x0004003d,0x00000012,
	0x00000c1c,0x00000603,0x0003003e,0x00000617,0x00000c1c,0x000200f9,0x00000c1b,0x000200f8,
	0x00000c1d,0x0004003d,0x00000008,0x00000c1e,0x000007d1,0x000500ba,0x00000096,0x00000c1f,
	0x00000c1e,0x0000045b,0x0004003d,0x00000008,0x00000c20,0x00000aaa,0x000500b8,0x00000096,
	0x00000c21,0x00000c20,0x0000009e,0x000500a7,0x00000096,0x00000c22,0x00000c1f,0x00000c21,
	0x000300f7,0x00000c24,0x00000000,0x000400fa,0x00000c22,0x00000c23,0x00000c24,0x000200f8,
	0x00000c23,0x0004003d,0x00000012,0x00000c25,0x00000603,0x0004003d,0x00000012,0x00000c26,
	0x00000617,0x0004003d,0x00000008,0x00000c27,0x00000aaa,0x00060050,0x00000012,0x00000c28,
	0x00000c27,0x00000c27,0x00000c27,0x0008000c,0x00000012,0x00000c29,0x00000001,0x0000002e,
	0x00000c25,0x00000c26,0x00000c28,0x0003003e,0x00000617,0x00000c29,0x000200f9,0x00000c24,
	0x000200f8,0x00000c24,0x000200f9,0x00000c1b,0x000200f8,0x00000c1b,0x000200f9,0x00000c11,
	0x000200f8,0x00000c11,0x0004003d,0x00000047,0x00000c2a,0x00000ab8,0x000500aa,0x00000096,
	0x00000c2b,0x00000c2a,0x00000151,0x000300f7,0x00000c2d,0x00000000,0x000400fa,0x00000c2b,
	0x00000c2c,0x00000c3c,0x000200f8,0x00000c2c,0x0004003d,0x00000008,0x00000c2f,0x000006f2,
	0x00050041,0x00000046,0x00000c30,0x000006ab,0x000000a7,0x0004003d,0x00000008,0x00000c31,
	0x00000c30,0x00050041,0x00000046,0x00000c32,0x000006ab,0x000000c7,0x0004003d,0x00000008,
	0x00000c33,0x00000c32,0x0007000c,0x00000008,0x00000c34,0x00000001,0x00000025,0x00000c31,
	0x00000c33,0x0007000c,0x00000008,0x00000c35,0x00000001,0x00000025,0x00000c2f,0x00000c34,
	0x0003003e,0x00000c2e,0x00000c35,0x0004003d,0x00000008,0x00000c36,0x00000c2e,0x000500ba,
	0x00000096,0x00000c38,0x00000c36,0x00000c37,0x000300f7,0x00000c3a,0x00000000,0x000400fa,
	0x00000c38,0x00000c39,0x00000c3a,0x000200f8,0x00000c39,0x0004003d,0x00000012,0x00000c3b,
	0x00000603,0x0003003e,0x00000617,0x00000c3b,0x000200f9,0x00000c3a,0x000200f8,0x00000c3a,
	0x000200f9,0x00000c2d,0x000200f8,0x00000c3c,0x0004003d,0x00000047,0x00000c3d,0x00000ab8,
	0x000500aa,0x00000096,0x00000c3e,0x00000c3d,0x000001d9,0x000300f7,0x00000c40,0x00000000,
	0x000400fa,0x00000c3e,0x00000c3f,0x00000c45,0x000200f8,0x00000c3f,0x0004003d,0x00000012,
	0x00000c41,0x00000765,0x0005008e,0x00000012,0x00000c42,0x00000c41,0x000003d3,0x00060050,
	0x00000012,0x00000c43,0x000003d3,0x000003d3,0x000003d3,0x00050081,0x00000012,0x00000c44,
	0x00000c42,0x00000c43,0x0003003e,0x00000617,0x00000c44,0x000200f9,0x00000c40,0x000200f8,
	0x00000c45,0x0004003d,0x00000047,0x00000c46,0x00000ab8,0x000500aa,0x00000096,0x00000c47,
	0x00000c46,0x000001de,0x000300f7,0x00000c49,0x00000000,0x000400fa,0x00000c47,0x00000c48,
	0x00000c4d,0x000200f8,0x00000c48,0x0004003d,0x00000006,0x00000c4b,0x000006c0,0x0003003e,
	0x00000c4a,0x00000c4b,0x00050039,0x00000012,0x00000c4c,0x00000069,0x00000c4a,0x0003003e,
	0x00000617,0x00000c4c,0x000200f9,0x00000c49,0x000200f8,0x00000c4d,0x0004003d,0x00000047,
	0x00000c4e,0x00000ab8,0x000500aa,0x00000096,0x00000c4f,0x00000c4e,0x000001e3,0x000300f7,
	0x00000c51,0x00000000,0x000400fa,0x00000c4f,0x00000c50,0x00000c8b,0x000200f8,0x00000c50,
	0x0004003d,0x00000737,0x00000c53,0x00000739,0x0004003d,0x0000000e,0x00000c55,0x000006d2,
	0x0003003e,0x00000c54,0x00000c55,0x0004003d,0x00000006,0x00000c57,0x000006da,0x0003003e,
	0x00000c56,0x00000c57,0x00060039,0x00000012,0x00000c58,0x00000016,0x00000c54,0x00000c56,
	0x00050051,0x00000008,0x00000c59,0x00000c58,0x00000000,0x00050051,0x00000008,0x00000c5a,
	0x00000c58,0x00000001,0x00050051,0x00000008,0x00000c5b,0x00000c58,0x00000002,0x00070050,
	0x00000020,0x00000c5c,0x00000c59,0x00000c5a,0x00000c5b,0x0000009e,0x00050091,0x00000012,
	0x00000c5d,0x00000c53,0x00000c5c,0x0003003e,0x00000c52,0x00000c5d,0x0004003d,0x00000737,
	0x00000c5f,0x00000739,0x0004003d,0x0000000e,0x00000c61,0x000006d2,0x0003003e,0x00000c60,
	0x00000c61,0x0004003d,0x00000006,0x00000c63,0x000006e2,0x0003003e,0x00000c62,0x00000c63,
	0x00060039,0x00000012,0x00000c64,0x00000016,0x00000c60,0x00000c62,0x00050051,0x00000008,
	0x00000c65,0x00000c64,0x00000000,0x00050051,0x00000008,0x00000c66,0x00000c64,0x00000001,
	0x00050051,0x00000008,0x00000c67,0x00000c64,0x00000002,0x00070050,0x00000020,0x00000c68,
	0x00000c65,0x00000c66,0x00000c67,0x0000009e,0x00050091,0x00000012,0x00000c69,0x00000c5f,
	0x00000c68,0x0003003e,0x00000c5e,0x00000c69,0x0004003d,0x00000737,0x00000c6b,0x00000739,
	0x0004003d,0x0000000e,0x00000c6d,0x000006d2,0x0003003e,0x00000c6c,0x00000c6d,0x0004003d,
	0x00000006,0x00000c6f,0x000006ea,0x0003003e,0x00000c6e,0x00000c6f,0x00060039,0x00000012,
	0x00000c70,0x00000016,0x00000c6c,0x00000c6e,0x00050051,0x00000008,0x00000c71,0x00000c70,
	0x00000000,0x00050051,0x00000008,0x00000c72,0x00000c70,0x00000001,0x00050051,0x00000008,
	0x00000c73,0x00000c70,0x00000002,0x00070050,0x00000020,0x00000c74,0x00000c71,0x00000c72,
	0x00000c73,0x0000009e,0x00050091,0x00000012,0x00000c75,0x00000c6b,0x00000c74,0x0003003e,
	0x00000c6a,0x00000c75,0x0004003d,0x00000012,0x00000c77,0x00000c5e,0x0004003d,0x00000012,
	0x00000c78,0x00000c52,0x00050083,0x00000012,0x00000c79,0x00000c77,0x00000c78,0x0004003d,
	0x00000012,0x00000c7a,0x00000c6a,0x0004003d,0x00000012,0x00000c7b,0x00000c52,0x00050083,
	0x00000012,0x00000c7c,0x00000c7a,0x00000c7b,0x0007000c,0x00000012,0x00000c7d,0x00000001,
	0x00000044,0x00000c79,0x00000c7c,0x0006000c,0x00000012,0x00000c7e,0x00000001,0x00000045,
	0x00000c7d,0x0003003e,0x00000c76,0x00000c7e,0x0004003d,0x00000012,0x00000c7f,0x00000c76,
	0x0004003d,0x00000012,0x00000c80,0x000005f9,0x00050094,0x00000008,0x00000c81,0x00000c7f,
	0x00000c80,0x000500ba,0x00000096,0x00000c82,0x00000c81,0x000000a0,0x000300f7,0x00000c84,
	0x00000000,0x000400fa,0x00000c82,0x00000c83,0x00000c84,0x000200f8,0x00000c83,0x0004003d,
	0x00000012,0x00000c85,0x00000c76,0x0004007f,0x00000012,0x00000c86,0x00000c85,0x0003003e,
	0x00000c76,0x00000c86,0x000200f9,0x00000c84,0x000200f8,0x00000c84,0x0004003d,0x00000012,
	0x00000c87,0x00000c76,0x0005008e,0x00000012,0x00000c88,0x00000c87,0x000003d3,0x00060050,
	0x00000012,0x00000c89,0x000003d3,0x000003d3,0x000003d3,0x00050081,0x00000012,0x00000c8a,
	0x00000c88,0x00000c89,0x0003003e,0x00000617,0x00000c8a,0x000200f9,0x00000c51,0x000200f8,
	0x00000c8b,0x0004003d,0x00000047,0x00000c8c,0x00000ab8,0x000500aa,0x00000096,0x00000c8d,
	0x00000c8c,0x000001ec,0x000300f7,0x00000c8f,0x00000000,0x000400fa,0x00000c8d,0x00000c8e,
	0x00000caf,0x000200f8,0x00000c8e,0x0004003d,0x0000000e,0x00000c92,0x000006d2,0x0003003e,
	0x00000c91,0x00000c92,0x0004003d,0x00000006,0x00000c94,0x000006da,0x0003003e,0x00000c93,
	0x00000c94,0x00060039,0x00000026,0x00000c95,0x0000002a,0x00000c91,0x00000c93,0x0004003d,
	0x00000008,0x00000c96,0x000006f2,0x0005008e,0x00000026,0x00000c97,0x00000c95,0x00000c96,
	0x0004003d,0x0000000e,0x00000c99,0x000006d2,0x0003003e,0x00000c98,0x00000c99,0x0004003d,
	0x00000006,0x00000c9b,0x000006e2,0x0003003e,0x00000c9a,0x00000c9b,0x00060039,0x00000026,
	0x00000c9c,0x0000002a,0x00000c98,0x00000c9a,0x00050041,0x00000046,0x00000c9d,0x000006ab,
	0x000000a7,0x0004003d,0x00000008,0x00000c9e,0x00000c9d,0x0005008e,0x00000026,0x00000c9f,
	0x00000c9c,0x00000c9e,0x00050081,0x00000026,0x00000ca0,0x00000c97,0x00000c9f,0x0004003d,
	0x0000000e,0x00000ca2,0x000006d2,0x0003003e,0x00000ca1,0x00000ca2,0x0004003d,0x00000006,
	0x00000ca4,0x000006ea,0x0003003e,0x00000ca3,0x00000ca4,0x00060039,0x00000026,0x00000ca5,
	0x0000002a,0x00000ca1,0x00000ca3,0x00050041,0x00000046,0x00000ca6,0x000006ab,0x000000c7,
	0x0004003d,0x00000008,0x00000ca7,0x00000ca6,0x0005008e,0x00000026,0x00000ca8,0x00000ca5,
	0x00000ca7,0x00050081,0x00000026,0x00000ca9,0x00000ca0,0x00000ca8,0x0003003e,0x00000c90,
	0x00000ca9,0x0004003d,0x00000026,0x00000caa,0x00000c90,0x0006000c,0x00000026,0x00000cab,
	0x00000001,0x0000000a,0x00000caa,0x00050051,0x00000008,0x00000cac,0x00000cab,0x00000000,
	0x00050051,0x00000008,0x00000cad,0x00000cab,0x00000001,0x00060050,0x00000012,0x00000cae,
	0x00000cac,0x00000cad,0x000000a0,0x0003003e,0x00000617,0x00000cae,0x000200f9,0x00000c8f,
	0x000200f8,0x00000caf,0x0004003d,0x00000047,0x00000cb0,0x00000ab8,0x000500aa,0x00000096,
	0x00000cb1,0x00000cb0,0x000001f4,0x000300f7,0x00000cb3,0x00000000,0x000400fa,0x00000cb1,
	0x00000cb2,0x00000cbe,0x000200f8,0x00000cb2,0x0004003d,0x00000008,0x00000cb5,0x000006ad,
	0x00060041,0x000005a4,0x00000cb6,0x000005a3,0x000001d9,0x000000d8,0x0004003d,0x00000008,
	0x00000cb7,0x00000cb6,0x0007000c,0x00000008,0x00000cb8,0x00000001,0x00000028,0x00000cb7,
	0x00000621,0x00050088,0x00000008,0x00000cb9,0x00000cb5,0x00000cb8,0x0008000c,0x00000008,
	0x00000cba,0x00000001,0x0000002b,0x00000cb9,0x000000a0,0x0000009e,0x0003003e,0x00000cb4,
	0x00000cba,0x0004003d,0x00000008,0x00000cbb,0x00000cb4,0x00050083,0x00000008,0x00000cbc,
	0x0000009e,0x00000cbb,0x00060050,0x00000012,0x00000cbd,0x00000cbc,0x00000cbc,0x00000cbc,
	0x0003003e,0x00000617,0x00000cbd,0x000200f9,0x00000cb3,0x000200f8,0x00000cbe,0x0004003d,
	0x00000047,0x00000cbf,0x00000ab8,0x000500aa,0x00000096,0x00000cc0,0x00000cbf,0x00000200,
	0x000300f7,0x00000cc2,0x00000000,0x000400fa,0x00000cc0,0x00000cc1,0x00000cc4,0x000200f8,
	0x00000cc1,0x0004003d,0x00000012,0x00000cc3,0x000007e1,0x0003003e,0x00000617,0x00000cc3,
	0x000200f9,0x00000cc2,0x000200f8,0x00000cc4,0x0004003d,0x00000047,0x00000cc5,0x00000ab8,
	0x000500aa,0x00000096,0x00000cc6,0x00000cc5,0x00000208,0x000300f7,0x00000cc8,0x00000000,
	0x000400fa,0x00000cc6,0x00000cc7,0x00000cfb,0x000200f8,0x00000cc7,0x0004003d,0x00000737,
	0x00000cca,0x00000739,0x0004003d,0x0000000e,0x00000ccc,0x000006d2,0x0003003e,0x00000ccb,
	0x00000ccc,0x0004003d,0x00000006,0x00000cce,0x000006da,0x0003003e,0x00000ccd,0x00000cce,
	0x00060039,0x00000012,0x00000ccf,0x00000016,0x00000ccb,0x00000ccd,0x00050051,0x00000008,
	0x00000cd0,0x00000ccf,0x00000000,0x00050051,0x00000008,0x00000cd1,0x00000ccf,0x00000001,
	0x00050051,0x00000008,0x00000cd2,0x00000ccf,0x00000002,0x00070050,0x00000020,0x00000cd3,
	0x00000cd0,0x00000cd1,0x00000cd2,0x0000009e,0x00050091,0x00000012,0x00000cd4,0x00000cca,
	0x00000cd3,0x0003003e,0x00000cc9,0x00000cd4,0x0004003d,0x00000737,0x00000cd6,0x00000739,
	0x0004003d,0x0000000e,0x00000cd8,0x000006d2,0x0003003e,0x00000cd7,0x00000cd8,0x0004003d,
	0x00000006,0x00000cda,0x000006e2,0x0003003e,0x00000cd9,0x00000cda,0x00060039,0x00000012,
	0x00000cdb,0x00000016,0x00000cd7,0x00000cd9,0x00050051,0x00000008,0x00000cdc,0x00000cdb,
	0x00000000,0x00050051,0x00000008,0x00000cdd,0x00000cdb,0x00000001,0x00050051,0x00000008,
	0x00000cde,0x00000cdb,0x00000002,0x00070050,0x00000020,0x00000cdf,0x00000cdc,0x00000cdd,
	0x00000cde,0x0000009e,0x00050091,0x00000012,0x00000ce0,0x00000cd6,0x00000cdf,0x0003003e,
	0x00000cd5,0x00000ce0,0x0004003d,0x00000737,0x00000ce2,0x00000739,0x0004003d,0x0000000e,
	0x00000ce4,0x000006d2,0x0003003e,0x00000ce3,0x00000ce4,0x0004003d,0x00000006,0x00000ce6,
	0x000006ea,0x0003003e,0x00000ce5,0x00000ce6,0x00060039,0x00000012,0x00000ce7,0x00000016,
	0x00000ce3,0x00000ce5,0x00050051,0x00000008,0x00000ce8,0x00000ce7,0x00000000,0x00050051,
	0x00000008,0x00000ce9,0x00000ce7,0x00000001,0x00050051,0x00000008,0x00000cea,0x00000ce7,
	0x00000002,0x00070050,0x00000020,0x00000ceb,0x00000ce8,0x00000ce9,0x00000cea,0x0000009e,
	0x00050091,0x00000012,0x00000cec,0x00000ce2,0x00000ceb,0x0003003e,0x00000ce1,0x00000cec,
	0x0004003d,0x00000012,0x00000ced,0x00000cd5,0x0004003d,0x00000012,0x00000cee,0x00000cc9,
	0x00050083,0x00000012,0x00000cef,0x00000ced,0x00000cee,0x0004003d,0x00000012,0x00000cf0,
	0x00000ce1,0x0004003d,0x00000012,0x00000cf1,0x00000cc9,0x00050083,0x00000012,0x00000cf2,
	0x00000cf0,0x00000cf1,0x0007000c,0x00000012,0x00000cf3,0x00000001,0x00000044,0x00000cef,
	0x00000cf2,0x0004003d,0x00000012,0x00000cf4,0x000005f9,0x00050094,0x00000008,0x00000cf5,
	0x00000cf3,0x00000cf4,0x000500b8,0x00000096,0x00000cf6,0x00000cf5,0x000000a0,0x000600a9,
	0x00000012,0x00000cfa,0x00000cf6,0x00000cf8,0x00000cf9,0x0003003e,0x00000617,0x00000cfa,
	0x000200f9,0x00000cc8,0x000200f8,0x00000cfb,0x0004003d,0x00000047,0x00000cfc,0x00000ab8,
	0x000500aa,0x00000096,0x00000cfd,0x00000cfc,0x00000440,0x000300f7,0x00000cff,0x00000000,
	0x000400fa,0x00000cfd,0x00000cfe,0x00000d02,0x000200f8,0x00000cfe,0x0004003d,0x00000008,
	0x00000d00,0x000007d0,0x00060050,0x00000012,0x00000d01,0x00000d00,0x00000d00,0x00000d00,
	0x0003003e,0x00000617,0x00000d01,0x000200f9,0x00000cff,0x000200f8,0x00000d02,0x0004003d,
	0x00000047,0x00000d03,0x00000ab8,0x000500aa,0x00000096,0x00000d04,0x00000d03,0x0000030f,
	0x000300f7,0x00000d06,0x00000000,0x000400fa,0x00000d04,0x00000d05,0x00000d09,0x000200f8,
	0x00000d05,0x0004003d,0x00000008,0x00000d07,0x000007cf,0x00060050,0x00000012,0x00000d08,
	0x00000d07,0x00000d07,0x00000d07,0x0003003e,0x00000617,0x00000d08,0x000200f9,0x00000d06,
	0x000200f8,0x00000d09,0x0004003d,0x00000047,0x00000d0a,0x00000ab8,0x000500aa,0x00000096,
	0x00000d0b,0x00000d0a,0x00000792,0x000300f7,0x00000d0d,0x00000000,0x000400fa,0x00000d0b,
	0x00000d0c,0x00000d0f,0x000200f8,0x00000d0c,0x0004003d,0x00000012,0x00000d0e,0x000007d3,
	0x0003003e,0x00000617,0x00000d0e,0x000200f9,0x00000d0d,0x000200f8,0x00000d0f,0x0004003d,
	0x00000047,0x00000d10,0x00000ab8,0x000500aa,0x00000096,0x00000d11,0x00000d10,0x00000796,
	0x000300f7,0x00000d13,0x00000000,0x000400fa,0x00000d11,0x00000d12,0x00000d16,0x000200f8,
	0x00000d12,0x0004003d,0x00000008,0x00000d14,0x00000aaa,0x00060050,0x00000012,0x00000d15,
	0x00000d14,0x00000d14,0x00000d14,0x0003003e,0x00000617,0x00000d15,0x000200f9,0x00000d13,
	0x000200f8,0x00000d16,0x0004003d,0x00000047,0x00000d17,0x00000ab8,0x000500aa,0x00000096,
	0x00000d18,0x00000d17,0x0000079a,0x000300f7,0x00000d1a,0x00000000,0x000400fa,0x00000d18,
	0x00000d19,0x00000d27,0x000200f8,0x00000d19,0x0004003d,0x00000012,0x00000d1b,0x000006af,
	0x00050041,0x0000060d,0x00000d1c,0x000005a3,0x000001e3,0x0004003d,0x00000020,0x00000d1d,
	0x00000d1c,0x0008004f,0x00000012,0x00000d1e,0x00000d1d,0x00000d1d,0x00000000,0x00000001,
	0x00000002,0x00050083,0x00000012,0x00000d1f,0x00000d1b,0x00000d1e,0x00050041,0x0000060d,
	0x00000d20,0x000005a3,0x000001ec,0x0004003d,0x00000020,0x00000d21,0x00000d20,0x0008004f,
	0x00000012,0x00000d22,0x00000d21,0x00000d21,0x00000000,0x00000001,0x00000002,0x00050088,
	0x00000012,0x00000d23,0x00000d1f,0x00000d22,0x00060050,0x00000012,0x00000d24,0x000000a0,
	0x000000a0,0x000000a0,0x00060050,0x00000012,0x00000d25,0x0000009e,0x0000009e,0x0000009e,
	0x0008000c,0x00000012,0x00000d26,0x00000001,0x0000002b,0x00000d23,0x00000d24,0x00000d25,
	0x0003003e,0x00000617,0x00000d26,0x000200f9,0x00000d1a,0x000200f8,0x00000d27,0x0004003d,
	0x00000047,0x00000d28,0x00000ab8,0x000500aa,0x00000096,0x00000d2a,0x00000d28,0x00000d29,
	0x000300f7,0x00000d2c,0x00000000,0x000400fa,0x00000d2a,0x00000d2b,0x00000d55,0x000200f8,
	0x00000d2b,0x0004003d,0x0000000e,0x00000d2f,0x000006d2,0x0003003e,0x00000d2e,0x00000d2f,
	0x0004003d,0x00000006,0x00000d31,0x000006da,0x0003003e,0x00000d30,0x00000d31,0x00060039,
	0x00000026,0x00000d32,0x0000002a,0x00000d2e,0x00000d30,0x0004003d,0x00000008,0x00000d33,
	0x000006f2,0x0005008e,0x00000026,0x00000d34,0x00000d32,0x00000d33,0x0004003d,0x0000000e,
	0x00000d36,0x000006d2,0x0003003e,0x00000d35,0x00000d36,0x0004003d,0x00000006,0x00000d38,
	0x000006e2,0x0003003e,0x00000d37,0x00000d38,0x00060039,0x00000026,0x00000d39,0x0000002a,
	0x00000d35,0x00000d37,0x00050041,0x00000046,0x00000d3a,0x000006ab,0x000000a7,0x0004003d,
	0x00000008,0x00000d3b,0x00000d3a,0x0005008e,0x00000026,0x00000d3c,0x00000d39,0x00000d3b,
	0x00050081,0x00000026,0x00000d3d,0x00000d34,0x00000d3c,0x0004003d,0x0000000e,0x00000d3f,
	0x000006d2,0x0003003e,0x00000d3e,0x00000d3f,0x0004003d,0x00000006,0x00000d41,0x000006ea,
	0x0003003e,0x00000d40,0x00000d41,0x00060039,0x00000026,0x00000d42,0x0000002a,0x00000d3e,
	0x00000d40,0x00050041,0x00000046,0x00000d43,0x000006ab,0x000000c7,0x0004003d,0x00000008,
	0x00000d44,0x00000d43,0x0005008e,0x00000026,0x00000d45,0x00000d42,0x00000d44,0x00050081,
	0x00000026,0x00000d46,0x00000d3d,0x00000d45,0x0003003e,0x00000d2d,0x00000d46,0x0004003d,
	0x00000026,0x00000d48,0x00000d2d,0x0006000c,0x00000026,0x00000d49,0x00000001,0x0000000a,
	0x00000d48,0x0005008e,0x00000026,0x00000d4b,0x00000d49,0x00000d4a,0x0006000c,0x00000026,
	0x00000d4c,0x00000001,0x00000008,0x00000d4b,0x0003003e,0x00000d47,0x00000d4c,0x00050041,
	0x00000046,0x00000d4d,0x00000d47,0x000000a7,0x0004003d,0x00000008,0x00000d4e,0x00000d4d,
	0x00050041,0x00000046,0x00000d4f,0x00000d47,0x000000c7,0x0004003d,0x00000008,0x00000d50,
	0x00000d4f,0x00050081,0x00000008,0x00000d51,0x00000d4e,0x00000d50,0x0005008d,0x00000008,
	0x00000d52,0x00000d51,0x000005d0,0x0008000c,0x00000008,0x00000d53,0x00000001,0x0000002e,
	0x00000b43,0x00000bf3,0x00000d52,0x00060050,0x00000012,0x00000d54,0x00000d53,0x00000d53,
	0x00000d53,0x0003003e,0x00000617,0x00000d54,0x000200f9,0x00000d2c,0x000200f8,0x00000d55,
	0x0004003d,0x00000047,0x00000d56,0x00000ab8,0x000500aa,0x00000096,0x00000d58,0x00000d56,
	0x00000d57,0x000300f7,0x00000d5a,0x00000000,0x000400fa,0x00000d58,0x00000d59,0x00000d85,
	0x000200f8,0x00000d59,0x0004003d,0x0000000e,0x00000d5d,0x000006d2,0x0003003e,0x00000d5c,
	0x00000d5d,0x0004003d,0x00000006,0x00000d5f,0x000006da,0x0003003e,0x00000d5e,0x00000d5f,
	0x00060039,0x00000026,0x00000d60,0x0000002a,0x00000d5c,0x00000d5e,0x0004003d,0x00000008,
	0x00000d61,0x000006f2,0x0005008e,0x00000026,0x00000d62,0x00000d60,0x00000d61,0x0004003d,
	0x0000000e,0x00000d64,0x000006d2,0x0003003e,0x00000d63,0x00000d64,0x0004003d,0x00000006,
	0x00000d66,0x000006e2,0x0003003e,0x00000d65,0x00000d66,0x00060039,0x00000026,0x00000d67,
	0x0000002a,0x00000d63,0x00000d65,0x00050041,0x00000046,0x00000d68,0x000006ab,0x000000a7,
	0x0004003d,0x00000008,0x00000d69,0x00000d68,0x0005008e,0x00000026,0x00000d6a,0x00000d67,
	0x00000d69,0x00050081,0x00000026,0x00000d6b,0x00000d62,0x00000d6a,0x0004003d,0x0000000e,
	0x00000d6d,0x000006d2,0x0003003e,0x00000d6c,0x00000d6d,0x0004003d,0x00000006,0x00000d6f,
	0x000006ea,0x0003003e,0x00000d6e,0x00000d6f,0x00060039,0x00000026,0x00000d70,0x0000002a,
	0x00000d6c,0x00000d6e,0x00050041,0x00000046,0x00000d71,0x000006ab,0x000000c7,0x0004003d,
	0x00000008,0x00000d72,0x00000d71,0x0005008e,0x00000026,0x00000d73,0x00000d70,0x00000d72,
	0x00050081,0x00000026,0x00000d74,0x00000d6b,0x00000d73,0x0003003e,0x00000d5b,0x00000d74,
	0x00050041,0x00000046,0x00000d76,0x00000d5b,0x000000a7,0x0004003d,0x00000008,0x00000d77,
	0x00000d76,0x0006000c,0x00000008,0x00000d78,0x00000001,0x00000008,0x00000d77,0x0004006e,
	0x00000047,0x00000d79,0x00000d78,0x00050041,0x00000046,0x00000d7a,0x00000d5b,0x000000c7,
	0x0004003d,0x00000008,0x00000d7b,0x00000d7a,0x0006000c,0x00000008,0x00000d7c,0x00000001,
	0x00000008,0x00000d7b,0x0004006e,0x00000047,0x00000d7d,0x00000d7c,0x00050084,0x00000047,
	0x00000d7e,0x0000030f,0x00000d7d,0x00050080,0x00000047,0x00000d7f,0x00000d79,0x00000d7e,
	0x0003003e,0x00000d75,0x00000d7f,0x0004003d,0x00000047,0x00000d80,0x00000d75,0x0007000c,
	0x00000047,0x00000d81,0x00000001,0x0000002a,0x00000d80,0x000000bc,0x0004007c,0x00000006,
	0x00000d82,0x00000d81,0x0003003e,0x00000d83,0x00000d82,0x00050039,0x00000012,0x00000d84,
	0x00000069,0x00000d83,0x0003003e,0x00000617,0x00000d84,0x000200f9,0x00000d5a,0x000200f8,
	0x00000d85,0x0004003d,0x00000047,0x00000d86,0x00000ab8,0x000500aa,0x00000096,0x00000d88,
	0x00000d86,0x00000d87,0x000300f7,0x00000d8a,0x00000000,0x000400fa,0x00000d88,0x00000d89,
	0x00000df5,0x000200f8,0x00000d89,0x0004003d,0x00000737,0x00000d8c,0x00000739,0x0004003d,
	0x0000000e,0x00000d8e,0x000006d2,0x0003003e,0x00000d8d,0x00000d8e,0x0004003d,0x00000006,
	0x00000d90,0x000006da,0x0003003e,0x00000d8f,0x00000d90,0x00060039,0x00000012,0x00000d91,
	0x00000016,0x00000d8d,0x00000d8f,0x00050051,0x00000008,0x00000d92,0x00000d91,0x00000000,
	0x00050051,0x00000008,0x00000d93,0x00000d91,0x00000001,0x00050051,0x00000008,0x00000d94,
	0x00000d91,0x00000002,0x00070050,0x00000020,0x00000d95,0x00000d92,0x00000d93,0x00000d94,
	0x0000009e,0x00050091,0x00000012,0x00000d96,0x00000d8c,0x00000d95,0x0003003e,0x00000d8b,
	0x00000d96,0x0004003d,0x00000737,0x00000d98,0x00000739,0x0004003d,0x0000000e,0x00000d9a,
	0x000006d2,0x0003003e,0x00000d99,0x00000d9a,0x0004003d,0x00000006,0x00000d9c,0x000006e2,
	0x0003003e,0x00000d9b,0x00000d9c,0x00060039,0x00000012,0x00000d9d,0x00000016,0x00000d99,
	0x00000d9b,0x00050051,0x00000008,0x00000d9e,0x00000d9d,0x00000000,0x00050051,0x00000008,
	0x00000d9f,0x00000d9d,0x00000001,0x00050051,0x00000008,0x00000da0,0x00000d9d,0x00000002,
	0x00070050,0x00000020,0x00000da1,0x00000d9e,0x00000d9f,0x00000da0,0x0000009e,0x00050091,
	0x00000012,0x00000da2,0x00000d98,0x00000da1,0x0003003e,0x00000d97,0x00000da2,0x0004003d,
	0x00000737,0x00000da4,0x00000739,0x0004003d,0x0000000e,0x00000da6,0x000006d2,0x0003003e,
	0x00000da5,0x00000da6,0x0004003d,0x00000006,0x00000da8,0x000006ea,0x0003003e,0x00000da7,
	0x00000da8,0x00060039,0x00000012,0x00000da9,0x00000016,0x00000da5,0x00000da7,0x00050051,
	0x00000008,0x00000daa,0x00000da9,0x00000000,0x00050051,0x00000008,0x00000dab,0x00000da9,
	0x00000001,0x00050051,0x00000008,0x00000dac,0x00000da9,0x00000002,0x00070050,0x00000020,
	0x00000dad,0x00000daa,0x00000dab,0x00000dac,0x0000009e,0x00050091,0x00000012,0x00000dae,
	0x00000da4,0x00000dad,0x0003003e,0x00000da3,0x00000dae,0x0004003d,0x0000000e,0x00000db1,
	0x000006d2,0x0003003e,0x00000db0,0x00000db1,0x0004003d,0x00000006,0x00000db3,0x000006da,
	0x0003003e,0x00000db2,0x00000db3,0x00060039,0x00000026,0x00000db4,0x0000002a,0x00000db0,
	0x00000db2,0x0003003e,0x00000daf,0x00000db4,0x0004003d,0x0000000e,0x00000db7,0x000006d2,
	0x0003003e,0x00000db6,0x00000db7,0x0004003d,0x00000006,0x00000db9,0x000006e2,0x0003003e,
	0x00000db8,0x00000db9,0x00060039,0x00000026,0x00000dba,0x0000002a,0x00000db6,0x00000db8,
	0x0003003e,0x00000db5,0x00000dba,0x0004003d,0x0000000e,0x00000dbd,0x000006d2,0x0003003e,
	0x00000dbc,0x00000dbd,0x0004003d,0x00000006,0x00000dbf,0x000006ea,0x0003003e,0x00000dbe,
	0x00000dbf,0x00060039,0x00000026,0x00000dc0,0x0000002a,0x00000dbc,0x00000dbe,0x0003003e,
	0x00000dbb,0x00000dc0,0x0004003d,0x00000012,0x00000dc2,0x00000d97,0x0004003d,0x00000012,
	0x00000dc3,0x00000d8b,0x00050083,0x00000012,0x00000dc4,0x00000dc2,0x00000dc3,0x0004003d,
	0x00000012,0x00000dc5,0x00000da3,0x0004003d,0x00000012,0x00000dc6,0x00000d8b,0x00050083,
	0x00000012,0x00000dc7,0x00000dc5,0x00000dc6,0x0007000c,0x00000012,0x00000dc8,0x00000001,
	0x00000044,0x00000dc4,0x00000dc7,0x0006000c,0x00000008,0x00000dc9,0x00000001,0x00000042,
	0x00000dc8,0x0003003e,0x00000dc1,0x00000dc9,0x0004003d,0x00000026,0x00000dcb,0x00000db5,
	0x0004003d,0x00000026,0x00000dcc,0x00000daf,0x00050083,0x00000026,0x00000dcd,0x00000dcb,
	0x00000dcc,0x0003003e,0x00000dca,0x00000dcd,0x0004003d,0x00000026,0x00000dcf,0x00000dbb,
	0x0004003d,0x00000026,0x00000dd0,0x00000daf,0x00050083,0x00000026,0x00000dd1,0x00000dcf,
	0x00000dd0,0x0003003e,0x00000dce,0x00000dd1,0x00050041,0x00000046,0x00000dd3,0x00000dca,
	0x000000a7,0x0004003d,0x00000008,0x00000dd4,0x00000dd3,0x00050041,0x00000046,0x00000dd5,
	0x00000dce,0x000000c7,0x0004003d,0x00000008,0x00000dd6,0x00000dd5,0x00050085,0x00000008,
	0x00000dd7,0x00000dd4,0x00000dd6,0x00050041,0x00000046,0x00000dd8,0x00000dce,0x000000a7,
	0x0004003d,0x00000008,0x00000dd9,0x00000dd8,0x00050041,0x00000046,0x00000dda,0x00000dca,
	0x000000c7,0x0004003d,0x00000008,0x00000ddb,0x00000dda,0x00050085,0x00000008,0x00000ddc,
	0x00000dd9,0x00000ddb,0x00050083,0x00000008,0x00000ddd,0x00000dd7,0x00000ddc,0x0006000c,
	0x00000008,0x00000dde,0x00000001,0x00000004,0x00000ddd,0x0003003e,0x00000dd2,0x00000dde,
	0x0004003d,0x00000008,0x00000de0,0x00000dd2,0x0004003d,0x00000008,0x00000de1,0x00000dc1,
	0x0007000c,0x00000008,0x00000de2,0x00000001,0x00000028,0x00000de1,0x00000a78,0x00050088,
	0x00000008,0x00000de3,0x00000de0,0x00000de2,0x0006000c,0x00000008,0x00000de4,0x00000001,
	0x0000001f,0x00000de3,0x0003003e,0x00000ddf,0x00000de4,0x0004003d,0x00000008,0x00000de6,
	0x00000ddf,0x00060041,0x000005a4,0x00000de7,0x000005a3,0x000001d9,0x000000d8,0x0004003d,
	0x00000008,0x00000de8,0x00000de7,0x00050085,0x00000008,0x00000de9,0x00000de6,0x00000de8,
	0x00050085,0x00000008,0x00000dea,0x00000de9,0x000003d3,0x0008000c,0x00000008,0x00000deb,
	0x00000001,0x0000002b,0x00000dea,0x000000a0,0x0000009e,0x0003003e,0x00000de5,0x00000deb,
	0x0004003d,0x00000008,0x00000dec,0x00000de5,0x0004003d,0x00000008,0x00000ded,0x00000de5,
	0x00050083,0x00000008,0x00000dee,0x00000ded,0x000003d3,0x0006000c,0x00000008,0x00000def,
	0x00000001,0x00000004,0x00000dee,0x00050085,0x00000008,0x00000df0,0x00000def,0x000005d0,
	0x00050083,0x00000008,0x00000df1,0x0000009e,0x00000df0,0x0004003d,0x00000008,0x00000df2,
	0x00000de5,0x00050083,0x00000008,0x00000df3,0x0000009e,0x00000df2,0x00060050,0x00000012,
	0x00000df4,0x00000dec,0x00000df1,0x00000df3,0x0003003e,0x00000617,0x00000df4,0x000200f9,
	0x00000d8a,0x000200f8,0x00000df5,0x0004003d,0x00000047,0x00000df6,0x00000ab8,0x000500aa,
	0x00000096,0x00000df8,0x00000df6,0x00000df7,0x000300f7,0x00000dfa,0x00000000,0x000400fa,
	0x00000df8,0x00000df9,0x00000e0f,0x000200f8,0x00000df9,0x00050041,0x0000042d,0x00000dfb,
	0x000006ba,0x000001ec,0x0004003d,0x0000041d,0x00000dfc,0x00000dfb,0x000500ab,0x00000096,
	0x00000dfd,0x00000dfc,0x00000430,0x000300f7,0x00000e00,0x00000000,0x000400fa,0x00000dfd,
	0x00000dff,0x00000e0d,0x000200f8,0x00000dff,0x00050041,0x0000042d,0x00000e01,0x000006ba,
	0x000001ec,0x0004003d,0x0000041d,0x00000e02,0x00000e01,0x00040078,0x00000e03,0x00000e06,
	0x00000e02,0x0004003d,0x00000047,0x00000e07,0x000006a9,0x0004007c,0x00000006,0x00000e08,
	0x00000e07,0x00060041,0x0000014c,0x00000e0a,0x00000e06,0x000000bc,0x00000e08,0x0006003d,
	0x00000006,0x00000e0b,0x00000e0a,0x00000002,0x00000004,0x0003003e,0x00000e09,0x00000e0b,
	0x00050039,0x00000012,0x00000e0c,0x00000069,0x00000e09,0x0003003e,0x00000dfe,0x00000e0c,
	0x000200f9,0x00000e00,0x000200f8,0x00000e0d,0x0003003e,0x00000dfe,0x00000249,0x000200f9,
	0x00000e00,0x000200f8,0x00000e00,0x0004003d,0x00000012,0x00000e0e,0x00000dfe,0x0003003e,
	0x00000617,0x00000e0e,0x000200f9,0x00000dfa,0x000200f8,0x00000e0f,0x0004003d,0x00000047,
	0x00000e10,0x00000ab8,0x000500aa,0x00000096,0x00000e12,0x00000e10,0x00000e11,0x000300f7,
	0x00000e14,0x00000000,0x000400fa,0x00000e12,0x00000e13,0x00000e3e,0x000200f8,0x00000e13,
	0x00050041,0x0000042d,0x00000e15,0x000006ba,0x000001de,0x0004003d,0x0000041d,0x00000e16,
	0x00000e15,0x000500ab,0x00000096,0x00000e17,0x00000e16,0x00000430,0x000300f7,0x00000e19,
	0x00000000,0x000400fa,0x00000e17,0x00000e18,0x00000e3d,0x000200f8,0x00000e18,0x00050041,
	0x0000042d,0x00000e1b,0x000006ba,0x000001de,0x0004003d,0x0000041d,0x00000e1c,0x00000e1b,
	0x00040078,0x0000002c,0x00000e1d,0x00000e1c,0x0003003e,0x00000e1a,0x00000e1d,0x0004003d,
	0x0000002c,0x00000e20,0x00000e1a,0x0003003e,0x00000e1f,0x00000e20,0x0004003d,0x00000006,
	0x00000e22,0x000006da,0x0003003e,0x00000e21,0x00000e22,0x00060039,0x00000026,0x00000e23,
	0x00000033,0x00000e1f,0x00000e21,0x0004003d,0x00000008,0x00000e24,0x000006f2,0x0005008e,
	0x00000026,0x00000e25,0x00000e23,0x00000e24,0x0004003d,0x0000002c,0x00000e27,0x00000e1a,
	0x0003003e,0x00000e26,0x00000e27,0x0004003d,0x00000006,0x00000e29,0x000006e2,0x0003003e,
	0x00000e28,0x00000e29,0x00060039,0x00000026,0x00000e2a,0x00000033,0x00000e26,0x00000e28,
	0x00050041,0x00000046,0x00000e2b,0x000006ab,0x000000a7,0x0004003d,0x00000008,0x00000e2c,
	0x00000e2b,0x0005008e,0x00000026,0x00000e2d,0x00000e2a,0x00000e2c,0x00050081,0x00000026,
	0x00000e2e,0x00000e25,0x00000e2d,0x0004003d,0x0000002c,0x00000e30,0x00000e1a,0x0003003e,
	0x00000e2f,0x00000e30,0x0004003d,0x00000006,0x00000e32,0x000006ea,0x0003003e,0x00000e31,
	0x00000e32,0x00060039,0x00000026,0x00000e33,0x00000033,0x00000e2f,0x00000e31,0x00050041,
	0x00000046,0x00000e34,0x000006ab,0x000000c7,0x0004003d,0x00000008,0x00000e35,0x00000e34,
	0x0005008e,0x00000026,0x00000e36,0x00000e33,0x00000e35,0x00050081,0x00000026,0x00000e37,
	0x00000e2e,0x00000e36,0x0003003e,0x00000e1e,0x00000e37,0x0004003d,0x00000026,0x00000e38,
	0x00000e1e,0x0006000c,0x00000026,0x00000e39,0x00000001,0x0000000a,0x00000e38,0x00050051,
	0x00000008,0x00000e3a,0x00000e39,0x00000000,0x00050051,0x00000008,0x00000e3b,0x00000e39,
	0x00000001,0x00060050,0x00000012,0x00000e3c,0x00000e3a,0x00000e3b,0x000000a0,0x0003003e,
	0x00000617,0x00000e3c,0x000200f9,0x00000e19,0x000200f8,0x00000e3d,0x0003003e,0x00000617,
	0x00000218,0x000200f9,0x00000e19,0x000200f8,0x00000e19,0x000200f9,0x00000e14,0x000200f8,
	0x00000e3e,0x0004003d,0x00000047,0x00000e3f,0x00000ab8,0x000500aa,0x00000096,0x00000e41,
	0x00000e3f,0x00000e40,0x000300f7,0x00000e43,0x00000000,0x000400fa,0x00000e41,0x00000e42,
	0x00000e79,0x000200f8,0x00000e42,0x0003003e,0x00000e44,0x000000a0,0x00050041,0x0000042d,
	0x00000e45,0x000006ba,0x000001e3,0x0004003d,0x0000041d,0x00000e46,0x00000e45,0x000500ab,
	0x00000096,0x00000e47,0x00000e46,0x00000430,0x000300f7,0x00000e49,0x00000000,0x000400fa,
	0x00000e47,0x00000e48,0x00000e49,0x000200f8,0x00000e48,0x00050041,0x0000042d,0x00000e4b,
	0x000006ba,0x000001e3,0x0004003d,0x0000041d,0x00000e4c,0x00000e4b,0x00040078,0x00000035,
	0x00000e4d,0x00000e4c,0x0003003e,0x00000e4a,0x00000e4d,0x0004003d,0x00000035,0x00000e4f,
	0x00000e4a,0x0003003e,0x00000e4e,0x00000e4f,0x0004003d,0x00000006,0x00000e51,0x000006da,
	0x0003003e,0x00000e50,0x00000e51,0x00060039,0x00000008,0x00000e52,0x0000003c,0x00000e4e,
	0x00000e50,0x0004003d,0x00000008,0x00000e53,0x000006f2,0x00050085,0x00000008,0x00000e54,
	0x00000e52,0x00000e53,0x0004003d,0x00000035,0x00000e56,0x00000e4a,0x0003003e,0x00000e55,
	0x00000e56,0x0004003d,0x00000006,0x00000e58,0x000006e2,0x0003003e,0x00000e57,0x00000e58,
	0x00060039,0x00000008,0x00000e59,0x0000003c,0x00000e55,0x00000e57,0x00050041,0x00000046,
	0x00000e5a,0x000006ab,0x000000a7,0x0004003d,0x00000008,0x00000e5b,0x00000e5a,0x00050085,
	0x00000008,0x00000e5c,0x00000e59,0x00000e5b,0x00050081,0x00000008,0x00000e5d,0x00000e54,
	0x00000e5c,0x0004003d,0x00000035,0x00000e5f,0x00000e4a,0x0003003e,0x00000e5e,0x00000e5f,
	0x0004003d,0x00000006,0x00000e61,0x000006ea,0x0003003e,0x00000e60,0x00000e61,0x00060039,
	0x00000008,0x00000e62,0x0000003c,0x00000e5e,0x00000e60,0x00050041,0x00000046,0x00000e63,
	0x000006ab,0x000000c7,0x0004003d,0x00000008,0x00000e64,0x00000e63,0x00050085,0x00000008,
	0x00000e65,0x00000e62,0x00000e64,0x00050081,0x00000008,0x00000e66,0x00000e5d,0x00000e65,
	0x0003003e,0x00000e44,0x00000e66,0x000200f9,0x00000e49,0x000200f8,0x00000e49,0x0004003d,
	0x00000008,0x00000e68,0x00000e44,0x00060041,0x000005a4,0x00000e69,0x000005a3,0x000001d9,
	0x000000d8,0x0004003d,0x00000008,0x00000e6a,0x00000e69,0x00050085,0x00000008,0x00000e6b,
	0x00000e6a,0x000007d7,0x0007000c,0x00000008,0x00000e6d,0x00000001,0x00000028,0x00000e6b,
	0x00000e6c,0x00050088,0x00000008,0x00000e6e,0x00000e68,0x00000e6d,0x0008000c,0x00000008,
	0x00000e6f,0x00000001,0x0000002b,0x00000e6e,0x000000a0,0x0000009e,0x0003003e,0x00000e67,
	0x00000e6f,0x0004003d,0x00000008,0x00000e70,0x00000e67,0x0004003d,0x00000008,0x00000e71,
	0x00000e67,0x00050083,0x00000008,0x00000e72,0x00000e71,0x000003d3,0x0006000c,0x00000008,
	0x00000e73,0x00000001,0x00000004,0x00000e72,0x00050085,0x00000008,0x00000e74,0x00000e73,
	0x000005d0,0x00050083,0x00000008,0x00000e75,0x0000009e,0x00000e74,0x0004003d,0x00000008,
	0x00000e76,0x00000e67,0x00050083,0x00000008,0x00000e77,0x0000009e,0x00000e76,0x00060050,
	0x00000012,0x00000e78,0x00000e70,0x00000e75,0x00000e77,0x0003003e,0x00000617,0x00000e78,
	0x000200f9,0x00000e43,0x000200f8,0x00000e79,0x0004003d,0x00000047,0x00000e7a,0x00000ab8,
	0x000500aa,0x00000096,0x00000e7b,0x00000e7a,0x0000017f,0x000300f7,0x00000e7d,0x00000000,
	0x000400fa,0x00000e7b,0x00000e7c,0x00000eec,0x000200f8,0x00000e7c,0x0004003d,0x00000737,
	0x00000e7f,0x00000739,0x0004003d,0x0000000e,0x00000e81,0x000006d2,0x0003003e,0x00000e80,
	0x00000e81,0x0004003d,0x00000006,0x00000e83,0x000006da,0x0003003e,0x00000e82,0x00000e83,
	0x00060039,0x00000012,0x00000e84,0x00000016,0x00000e80,0x00000e82,0x00050051,0x00000008,
	0x00000e85,0x00000e84,0x00000000,0x00050051,0x00000008,0x00000e86,0x00000e84,0x00000001,
	0x00050051,0x00000008,0x00000e87,0x00000e84,0x00000002,0x00070050,0x00000020,0x00000e88,
	0x00000e85,0x00000e86,0x00000e87,0x0000009e,0x00050091,0x00000012,0x00000e89,0x00000e7f,
	0x00000e88,0x0003003e,0x00000e7e,0x00000e89,0x0004003d,0x00000737,0x00000e8b,0x00000739,
	0x0004003d,0x0000000e,0x00000e8d,0x000006d2,0x0003003e,0x00000e8c,0x00000e8d,0x0004003d,
	0x00000006,0x00000e8f,0x000006e2,0x0003003e,0x00000e8e,0x00000e8f,0x00060039,0x00000012,
	0x00000e90,0x00000016,0x00000e8c,0x00000e8e,0x00050051,0x00000008,0x00000e91,0x00000e90,
	0x00000000,0x00050051,0x00000008,0x00000e92,0x00000e90,0x00000001,0x00050051,0x00000008,
	0x00000e93,0x00000e90,0x00000002,0x00070050,0x00000020,0x00000e94,0x00000e91,0x00000e92,
	0x00000e93,0x0000009e,0x00050091,0x00000012,0x00000e95,0x00000e8b,0x00000e94,0x0003003e,
	0x00000e8a,0x00000e95,0x0004003d,0x00000737,0x00000e97,0x00000739,0x0004003d,0x0000000e,
	0x00000e99,0x000006d2,0x0003003e,0x00000e98,0x00000e99,0x0004003d,0x00000006,0x00000e9b,
	0x000006ea,0x0003003e,0x00000e9a,0x00000e9b,0x00060039,0x00000012,0x00000e9c,0x00000016,
	0x00000e98,0x00000e9a,0x00050051,0x00000008,0x00000e9d,0x00000e9c,0x00000000,0x00050051,
	0x00000008,0x00000e9e,0x00000e9c,0x00000001,0x00050051,0x00000008,0x00000e9f,0x00000e9c,
	0x00000002,0x00070050,0x00000020,0x00000ea0,0x00000e9d,0x00000e9e,0x00000e9f,0x0000009e,
	0x00050091,0x00000012,0x00000ea1,0x00000e97,0x00000ea0,0x0003003e,0x00000e96,0x00000ea1,
	0x0004003d,0x0000000e,0x00000ea4,0x000006d2,0x0003003e,0x00000ea3,0x00000ea4,0x0004003d,
	0x00000006,0x00000ea6,0x000006da,0x0003003e,0x00000ea5,0x00000ea6,0x00060039,0x00000026,
	0x00000ea7,0x0000002a,0x00000ea3,0x00000ea5,0x0003003e,0x00000ea2,0x00000ea7,0x0004003d,
	0x0000000e,0x00000eaa,0x000006d2,0x0003003e,0x00000ea9,0x00000eaa,0x0004003d,0x00000006,
	0x00000eac,0x000006e2,0x0003003e,0x00000eab,0x00000eac,0x00060039,0x00000026,0x00000ead,
	0x0000002a,0x00000ea9,0x00000eab,0x0003003e,0x00000ea8,0x00000ead,0x0004003d,0x0000000e,
	0x00000eb0,0x000006d2,0x0003003e,0x00000eaf,0x00000eb0,0x0004003d,0x00000006,0x00000eb2,
	0x000006ea,0x0003003e,0x00000eb1,0x00000eb2,0x00060039,0x00000026,0x00000eb3,0x0000002a,
	0x00000eaf,0x00000eb1,0x0003003e,0x00000eae,0x00000eb3,0x0004003d,0x00000012,0x00000eb5,
	0x00000e8a,0x0004003d,0x00000012,0x00000eb6,0x00000e7e,0x00050083,0x00000012,0x00000eb7,
	0x00000eb5,0x00000eb6,0x0003003e,0x00000eb4,0x00000eb7,0x0004003d,0x00000012,0x00000eb9,
	0x00000e96,0x0004003d,0x00000012,0x00000eba,0x00000e7e,0x00050083,0x00000012,0x00000ebb,
	0x00000eb9,0x00000eba,0x0003003e,0x00000eb8,0x00000ebb,0x0004003d,0x00000026,0x00000ebd,
	0x00000ea8,0x0004003d,0x00000026,0x00000ebe,0x00000ea2,0x00050083,0x00000026,0x00000ebf,
	0x00000ebd,0x00000ebe,0x0003003e,0x00000ebc,0x00000ebf,0x0004003d,0x00000026,0x00000ec1,
	0x00000eae,0x0004003d,0x00000026,0x00000ec2,0x00000ea2,0x00050083,0x00000026,0x00000ec3,
	0x00000ec1,0x00000ec2,0x0003003e,0x00000ec0,0x00000ec3,0x00050041,0x00000046,0x00000ec5,
	0x00000ebc,0x000000a7,0x0004003d,0x00000008,0x00000ec6,0x00000ec5,0x00050041,0x00000046,
	0x00000ec7,0x00000ec0,0x000000c7,0x0004003d,0x00000008,0x00000ec8,0x00000ec7,0x00050085,
	0x00000008,0x00000ec9,0x00000ec6,0x00000ec8,0x00050041,0x00000046,0x00000eca,0x00000ec0,
	0x000000a7,0x0004003d,0x00000008,0x00000ecb,0x00000eca,0x00050041,0x00000046,0x00000ecc,
	0x00000ebc,0x000000c7,0x0004003d,0x00000008,0x00000ecd,0x00000ecc,0x00050085,0x00000008,
	0x00000ece,0x00000ecb,0x00000ecd,0x00050083,0x00000008,0x00000ecf,0x00000ec9,0x00000ece,
	0x0003003e,0x00000ec4,0x00000ecf,0x0004003d,0x00000008,0x00000ed1,0x00000ec4,0x0006000c,
	0x00000008,0x00000ed2,0x00000001,0x00000004,0x00000ed1,0x000500ba,0x00000096,0x00000ed4,
	0x00000ed2,0x00000ed3,0x000300f7,0x00000ed7,0x00000000,0x000400fa,0x00000ed4,0x00000ed6,
	0x00000ee4,0x000200f8,0x00000ed6,0x0004003d,0x00000012,0x00000ed8,0x00000eb4,0x00050041,
	0x00000046,0x00000ed9,0x00000ec0,0x000000c7,0x0004003d,0x00000008,0x00000eda,0x00000ed9,
	0x0005008e,0x00000012,0x00000edb,0x00000ed8,0x00000eda,0x0004003d,0x00000012,0x00000edc,
	0x00000eb8,0x00050041,0x00000046,0x00000edd,0x00000ebc,0x000000c7,0x0004003d,0x00000008,
	0x00000ede,0x00000edd,0x0005008e,0x00000012,0x00000edf,0x00000edc,0x00000ede,0x00050083,
	0x00000012,0x00000ee0,0x00000edb,0x00000edf,0x0004003d,0x00000008,0x00000ee1,0x00000ec4,
	0x00060050,0x00000012,0x00000ee2,0x00000ee1,0x00000ee1,0x00000ee1,0x00050088,0x00000012,
	0x00000ee3,0x00000ee0,0x00000ee2,0x0003003e,0x00000ed5,0x00000ee3,0x000200f9,0x00000ed7,
	0x000200f8,0x00000ee4,0x0004003d,0x00000012,0x00000ee5,0x00000eb4,0x0003003e,0x00000ed5,
	0x00000ee5,0x000200f9,0x00000ed7,0x000200f8,0x00000ed7,0x0004003d,0x00000012,0x00000ee6,
	0x00000ed5,0x0003003e,0x00000ed0,0x00000ee6,0x0004003d,0x00000012,0x00000ee7,0x00000ed0,
	0x0006000c,0x00000012,0x00000ee8,0x00000001,0x00000045,0x00000ee7,0x0005008e,0x00000012,
	0x00000ee9,0x00000ee8,0x000003d3,0x00060050,0x00000012,0x00000eea,0x000003d3,0x000003d3,
	0x000003d3,0x00050081,0x00000012,0x00000eeb,0x00000ee9,0x00000eea,0x0003003e,0x00000617,
	0x00000eeb,0x000200f9,0x00000e7d,0x000200f8,0x00000eec,0x0004003d,0x00000047,0x00000eed,
	0x00000ab8,0x000500aa,0x00000096,0x00000eef,0x00000eed,0x00000eee,0x000300f7,0x00000ef1,
	0x00000000,0x000400fa,0x00000eef,0x00000ef0,0x00000f3c,0x000200f8,0x00000ef0,0x0003003e,
	0x00000617,0x00000249,0x00050041,0x0000042d,0x00000ef2,0x000006ba,0x00000200,0x0004003d,
	0x0000041d,0x00000ef3,0x00000ef2,0x000500ab,0x00000096,0x00000ef4,0x00000ef3,0x00000430,
	0x000300f7,0x00000ef6,0x00000000,0x000400fa,0x00000ef4,0x00000ef5,0x00000ef6,0x000200f8,
	0x00000ef5,0x00050041,0x0000042d,0x00000ef7,0x000006ba,0x00000208,0x0004003d,0x0000041d,
	0x00000ef8,0x00000ef7,0x000500ab,0x00000096,0x00000ef9,0x00000ef8,0x00000430,0x000200f9,
	0x00000ef6,0x000200f8,0x00000ef6,0x000700f5,0x00000096,0x00000efa,0x00000ef4,0x00000ef0,
	0x00000ef9,0x00000ef5,0x000300f7,0x00000efc,0x00000000,0x000400fa,0x00000efa,0x00000efb,
	0x00000efc,0x000200f8,0x00000efb,0x00050041,0x0000042d,0x00000efe,0x000006ba,0x00000200,
	0x0004003d,0x0000041d,0x00000eff,0x00000efe,0x00040078,0x0000003e,0x00000f00,0x00000eff,
	0x0003003e,0x00000efd,0x00000f00,0x00050041,0x0000042d,0x00000f02,0x000006ba,0x00000208,
	0x0004003d,0x0000041d,0x00000f03,0x00000f02,0x00040078,0x00000042,0x00000f04,0x00000f03,
	0x0003003e,0x00000f01,0x00000f04,0x0004003d,0x0000003e,0x00000f08,0x00000efd,0x0003003e,
	0x00000f07,0x00000f08,0x0004003d,0x00000042,0x00000f0a,0x00000f01,0x0003003e,0x00000f09,
	0x00000f0a,0x0004003d,0x00000006,0x00000f0c,0x000006da,0x0003003e,0x00000f0b,0x00000f0c,
	0x00080039,0x00000047,0x00000f0e,0x0000004d,0x00000f07,0x00000f09,0x00000f0b,0x00000f0d,
	0x0004003d,0x00000008,0x00000f0f,0x00000f0d,0x0003003e,0x00000f06,0x00000f0f,0x0003003e,
	0x00000f05,0x00000f0e,0x0004003d,0x0000003e,0x00000f12,0x00000efd,0x0003003e,0x00000f11,
	0x00000f12,0x0004003d,0x00000042,0x00000f14,0x00000f01,0x0003003e,0x00000f13,0x00000f14,
	0x0004003d,0x00000006,0x00000f16,0x000006e2,0x0003003e,0x00000f15,0x00000f16,0x00080039,
	0x00000047,0x00000f18,0x0000004d,0x00000f11,0x00000f13,0x00000f15,0x00000f17,0x0004003d,
	0x00000008,0x00000f19,0x00000f17,0x0003003e,0x00000f10,0x00000f19,0x0004003d,0x0000003e,
	0x00000f1c,0x00000efd,0x0003003e,0x00000f1b,0x00000f1c,0x0004003d,0x00000042,0x00000f1e,
	0x00000f01,0x0003003e,0x00000f1d,0x00000f1e,0x0004003d,0x00000006,0x00000f20,0x000006ea,
	0x0003003e,0x00000f1f,0x00000f20,0x00080039,0x00000047,0x00000f22,0x0000004d,0x00000f1b,
	0x00000f1d,0x00000f1f,0x00000f21,0x0004003d,0x00000008,0x00000f23,0x00000f21,0x0003003e,
	0x00000f1a,0x00000f23,0x0004003d,0x00000008,0x00000f25,0x00000f06,0x0004003d,0x00000008,
	0x00000f26,0x000006f2,0x00050085,0x00000008,0x00000f27,0x00000f25,0x00000f26,0x0004003d,
	0x00000008,0x00000f28,0x00000f10,0x00050041,0x00000046,0x00000f29,0x000006ab,0x000000a7,
	0x0004003d,0x00000008,0x00000f2a,0x00000f29,0x00050085,0x00000008,0x00000f2b,0x00000f28,
	0x00000f2a,0x00050081,0x00000008,0x00000f2c,0x00000f27,0x00000f2b,0x0004003d,0x00000008,
	0x00000f2d,0x00000f1a,0x00050041,0x00000046,0x00000f2e,0x000006ab,0x000000c7,0x0004003d,
	0x00000008,0x00000f2f,0x00000f2e,0x00050085,0x00000008,0x00000f30,0x00000f2d,0x00000f2f,
	0x00050081,0x00000008,0x00000f31,0x00000f2c,0x00000f30,0x0003003e,0x00000f24,0x00000f31,
	0x0004003d,0x00000047,0x00000f32,0x00000f05,0x0004007c,0x00000006,0x00000f33,0x00000f32,
	0x0003003e,0x00000f34,0x00000f33,0x00050039,0x00000012,0x00000f35,0x00000069,0x00000f34,
	0x0004003d,0x00000008,0x00000f37,0x00000f24,0x0008000c,0x00000008,0x00000f38,0x00000001,
	0x0000002b,0x00000f37,0x000000a0,0x0000009e,0x00050085,0x00000008,0x00000f39,0x00000cf7,
	0x00000f38,0x00050081,0x00000008,0x00000f3a,0x00000f36,0x00000f39,0x0005008e,0x00000012,
	0x00000f3b,0x00000f35,0x00000f3a,0x0003003e,0x00000617,0x00000f3b,0x000200f9,0x00000efc,
	0x000200f8,0x00000efc,0x000200f9,0x00000ef1,0x000200f8,0x00000f3c,0x0004003d,0x00000047,
	0x00000f3d,0x00000ab8,0x000500aa,0x00000096,0x00000f3f,0x00000f3d,0x00000f3e,0x000300f7,
	0x00000f41,0x00000000,0x000400fa,0x00000f3f,0x00000f40,0x00000f7c,0x000200f8,0x00000f40,
	0x00050041,0x00000007,0x00000f42,0x000006ba,0x0000030f,0x0004003d,0x00000006,0x00000f43,
	0x00000f42,0x000500c7,0x00000006,0x00000f44,0x00000f43,0x000000c7,0x000500ab,0x00000096,
	0x00000f45,0x00000f44,0x000000a7,0x000300f7,0x00000f47,0x00000000,0x000400fa,0x00000f45,
	0x00000f46,0x00000f49,0x000200f8,0x00000f46,0x0003003e,0x00000617,0x00000f48,0x000200f9,
	0x00000f47,0x000200f8,0x00000f49,0x0004003d,0x0000000e,0x00000f4c,0x000006d2,0x0003003e,
	0x00000f4b,0x00000f4c,0x0004003d,0x00000006,0x00000f4e,0x000006da,0x0003003e,0x00000f4d,
	0x00000f4e,0x00060039,0x00000012,0x00000f4f,0x0000001a,0x00000f4b,0x00000f4d,0x0006000c,
	0x00000012,0x00000f50,0x00000001,0x00000045,0x00000f4f,0x0003003e,0x00000f4a,0x00000f50,
	0x0004003d,0x0000000e,0x00000f53,0x000006d2,0x0003003e,0x00000f52,0x00000f53,0x0004003d,
	0x00000006,0x00000f55,0x000006e2,0x0003003e,0x00000f54,0x00000f55,0x00060039,0x00000012,
	0x00000f56,0x0000001a,0x00000f52,0x00000f54,0x0006000c,0x00000012,0x00000f57,0x00000001,
	0x00000045,0x00000f56,0x0003003e,0x00000f51,0x00000f57,0x0004003d,0x0000000e,0x00000f5a,
	0x000006d2,0x0003003e,0x00000f59,0x00000f5a,0x0004003d,0x00000006,0x00000f5c,0x000006ea,
	0x0003003e,0x00000f5b,0x00000f5c,0x00060039,0x00000012,0x00000f5d,0x0000001a,0x00000f59,
	0x00000f5b,0x0006000c,0x00000012,0x00000f5e,0x00000001,0x00000045,0x00000f5d,0x0003003e,
	0x00000f58,0x00000f5e,0x0004003d,0x00000012,0x00000f60,0x00000f4a,0x0004003d,0x00000012,
	0x00000f61,0x00000f51,0x00050094,0x00000008,0x00000f62,0x00000f60,0x00000f61,0x00050083,
	0x00000008,0x00000f63,0x0000009e,0x00000f62,0x0004003d,0x00000012,0x00000f64,0x00000f51,
	0x0004003d,0x00000012,0x00000f65,0x00000f58,0x00050094,0x00000008,0x00000f66,0x00000f64,
	0x00000f65,0x00050083,0x00000008,0x00000f67,0x0000009e,0x00000f66,0x00050081,0x00000008,
	0x00000f68,0x00000f63,0x00000f67,0x0004003d,0x00000012,0x00000f69,0x00000f58,0x0004003d,
	0x00000012,0x00000f6a,0x00000f4a,0x00050094,0x00000008,0x00000f6b,0x00000f69,0x00000f6a,
	0x00050083,0x00000008,0x00000f6c,0x0000009e,0x00000f6b,0x00050081,0x00000008,0x00000f6d,
	0x00000f68,0x00000f6c,0x0003003e,0x00000f5f,0x00000f6d,0x0004003d,0x00000008,0x00000f6f,
	0x00000f5f,0x00050085,0x00000008,0x00000f71,0x00000f6f,0x00000f70,0x0008000c,0x00000008,
	0x00000f72,0x00000001,0x0000002b,0x00000f71,0x000000a0,0x0000009e,0x0003003e,0x00000f6e,
	0x00000f72,0x0004003d,0x00000008,0x00000f73,0x00000f6e,0x0004003d,0x00000008,0x00000f74,
	0x00000f6e,0x00050083,0x00000008,0x00000f75,0x00000f74,0x000003d3,0x0006000c,0x00000008,
	0x00000f76,0x00000001,0x00000004,0x00000f75,0x00050085,0x00000008,0x00000f77,0x00000f76,
	0x000005d0,0x00050083,0x00000008,0x00000f78,0x0000009e,0x00000f77,0x0004003d,0x00000008,
	0x00000f79,0x00000f6e,0x00050083,0x00000008,0x00000f7a,0x0000009e,0x00000f79,0x00060050,
	0x00000012,0x00000f7b,0x00000f73,0x00000f78,0x00000f7a,0x0003003e,0x00000617,0x00000f7b,
	0x000200f9,0x00000f47,0x000200f8,0x00000f47,0x000200f9,0x00000f41,0x000200f8,0x00000f7c,
	0x0004003d,0x00000047,0x00000f7d,0x00000ab8,0x000500aa,0x00000096,0x00000f7f,0x00000f7d,
	0x00000f7e,0x000300f7,0x00000f81,0x00000000,0x000400fa,0x00000f7f,0x00000f80,0x00000f82,
	0x000200f8,0x00000f80,0x0003003e,0x00000617,0x00000249,0x000200f9,0x00000f81,0x000200f8,
	0x00000f82,0x0004003d,0x00000047,0x00000f83,0x00000ab8,0x000500aa,0x00000096,0x00000f85,
	0x00000f83,0x00000f84,0x000300f7,0x00000f87,0x00000000,0x000400fa,0x00000f85,0x00000f86,
	0x00000f8e,0x000200f8,0x00000f86,0x0004003d,0x00000008,0x00000f88,0x000006f2,0x00050041,
	0x00000046,0x00000f89,0x000006ab,0x000000a7,0x0004003d,0x00000008,0x00000f8a,0x00000f89,
	0x00050041,0x00000046,0x00000f8b,0x000006ab,0x000000c7,0x0004003d,0x00000008,0x00000f8c,
	0x00000f8b,0x00060050,0x00000012,0x00000f8d,0x00000f88,0x00000f8a,0x00000f8c,0x0003003e,
	0x00000617,0x00000f8d,0x000200f9,0x00000f87,0x000200f8,0x00000f8e,0x0004003d,0x00000047,
	0x00000f8f,0x00000ab8,0x000500aa,0x00000096,0x00000f90,0x00000f8f,0x00000160,0x000300f7,
	0x00000f92,0x00000000,0x000400fa,0x00000f90,0x00000f91,0x00000f97,0x000200f8,0x00000f91,
	0x0004003d,0x00000047,0x00000f93,0x000006a9,0x0004007c,0x00000006,0x00000f94,0x00000f93,
	0x0003003e,0x00000f95,0x00000f94,0x00050039,0x00000012,0x00000f96,0x00000069,0x00000f95,
	0x0003003e,0x00000617,0x00000f96,0x000200f9,0x00000f92,0x000200f8,0x00000f97,0x0004003d,
	0x00000047,0x00000f98,0x00000ab8,0x000500aa,0x00000096,0x00000f99,0x00000f98,0x00000158,
	0x000300f7,0x00000f9b,0x00000000,0x000400fa,0x00000f99,0x00000f9a,0x00000fa0,0x000200f8,
	0x00000f9a,0x00050041,0x00000007,0x00000f9d,0x000006b5,0x000000bc,0x0004003d,0x00000006,
	0x00000f9e,0x00000f9d,0x0003003e,0x00000f9c,0x00000f9e,0x00050039,0x00000012,0x00000f9f,
	0x00000069,0x00000f9c,0x0003003e,0x00000617,0x00000f9f,0x000200f9,0x00000f9b,0x000200f8,
	0x00000fa0,0x0004003d,0x00000047,0x00000fa1,0x00000ab8,0x000500aa,0x00000096,0x00000fa3,
	0x00000fa1,0x00000fa2,0x000300f7,0x00000fa5,0x00000000,0x000400fa,0x00000fa3,0x00000fa4,
	0x00000fa9,0x000200f8,0x00000fa4,0x0004003d,0x00000006,0x00000fa7,0x000006a6,0x0003003e,
	0x00000fa6,0x00000fa7,0x00050039,0x00000012,0x00000fa8,0x00000069,0x00000fa6,0x0003003e,
	0x00000617,0x00000fa8,0x000200f9,0x00000fa5,0x000200f8,0x00000fa9,0x0004003d,0x00000047,
	0x00000faa,0x00000ab8,0x000500aa,0x00000096,0x00000fac,0x00000faa,0x00000fab,0x000300f7,
	0x00000fae,0x00000000,0x000400fa,0x00000fac,0x00000fad,0x00000fb8,0x000200f8,0x00000fad,
	0x00050041,0x00000007,0x00000faf,0x000006ba,0x0000030f,0x0004003d,0x00000006,0x00000fb0,
	0x00000faf,0x000500c7,0x00000006,0x00000fb1,0x00000fb0,0x000000c7,0x000500ab,0x00000096,
	0x00000fb2,0x00000fb1,0x000000a7,0x000600a9,0x00000012,0x00000fb7,0x00000fb2,0x00000fb4,
	0x00000fb6,0x0003003e,0x00000617,0x00000fb7,0x000200f9,0x00000fae,0x000200f8,0x00000fb8,
	0x0004003d,0x00000047,0x00000fb9,0x00000ab8,0x000500aa,0x00000096,0x00000fbb,0x00000fb9,
	0x00000fba,0x000300f7,0x00000fbd,0x00000000,0x000400fa,0x00000fbb,0x00000fbc,0x00000fda,
	0x000200f8,0x00000fbc,0x00050041,0x00000007,0x00000fbf,0x000006ba,0x0000030f,0x0004003d,
	0x00000006,0x00000fc0,0x00000fbf,0x000500c2,0x00000006,0x00000fc1,0x00000fc0,0x00000151,
	0x000500c7,0x00000006,0x00000fc2,0x00000fc1,0x000000d8,0x0003003e,0x00000fbe,0x00000fc2,
	0x0004003d,0x00000006,0x00000fc3,0x00000fbe,0x000500aa,0x00000096,0x00000fc4,0x00000fc3,
	0x000000c7,0x000300f7,0x00000fc7,0x00000000,0x000400fa,0x00000fc4,0x00000fc6,0x00000fca,
	0x000200f8,0x00000fc6,0x0003003e,0x00000fc5,0x00000fc9,0x000200f9,0x00000fc7,0x000200f8,
	0x00000fca,0x0004003d,0x00000006,0x00000fcb,0x00000fbe,0x000500aa,0x00000096,0x00000fcc,
	0x00000fcb,0x000000ce,0x000300f7,0x00000fcf,0x00000000,0x000400fa,0x00000fcc,0x00000fce,
	0x00000fd1,0x000200f8,0x00000fce,0x0003003e,0x00000fcd,0x00000fd0,0x000200f9,0x00000fcf,
	0x000200f8,0x00000fd1,0x0004003d,0x00000006,0x00000fd2,0x00000fbe,0x000500aa,0x00000096,
	0x00000fd3,0x00000fd2,0x000000d8,0x000600a9,0x00000012,0x00000fd7,0x00000fd3,0x00000fd5,
	0x00000fd6,0x0003003e,0x00000fcd,0x00000fd7,0x000200f9,0x00000fcf,0x000200f8,0x00000fcf,
	0x0004003d,0x00000012,0x00000fd8,0x00000fcd,0x0003003e,0x00000fc5,0x00000fd8,0x000200f9,
	0x00000fc7,0x000200f8,0x00000fc7,0x0004003d,0x00000012,0x00000fd9,0x00000fc5,0x0003003e,
	0x00000617,0x00000fd9,0x000200f9,0x00000fbd,0x000200f8,0x00000fda,0x0004003d,0x00000047,
	0x00000fdb,0x00000ab8,0x000500aa,0x00000096,0x00000fdd,0x00000fdb,0x00000fdc,0x000300f7,
	0x00000fdf,0x00000000,0x000400fa,0x00000fdd,0x00000fde,0x00001004,0x000200f8,0x00000fde,
	0x00050041,0x00000007,0x00000fe1,0x000006ba,0x0000030f,0x0004003d,0x00000006,0x00000fe2,
	0x00000fe1,0x000500c2,0x00000006,0x00000fe3,0x00000fe2,0x000001de,0x000500c7,0x00000006,
	0x00000fe4,0x00000fe3,0x00000112,0x0003003e,0x00000fe0,0x00000fe4,0x0004003d,0x00000006,
	0x00000fe5,0x00000fe0,0x000500aa,0x00000096,0x00000fe6,0x00000fe5,0x000000c7,0x000300f7,
	0x00000fe9,0x00000000,0x000400fa,0x00000fe6,0x00000fe8,0x00000feb,0x000200f8,0x00000fe8,
	0x0003003e,0x00000fe7,0x00000fea,0x000200f9,0x00000fe9,0x000200f8,0x00000feb,0x0004003d,
	0x00000006,0x00000fec,0x00000fe0,0x000500aa,0x00000096,0x00000fed,0x00000fec,0x000000ce,
	0x000300f7,0x00000ff0,0x00000000,0x000400fa,0x00000fed,0x00000fef,0x00000ff2,0x000200f8,
	0x00000fef,0x0003003e,0x00000fee,0x00000ff1,0x000200f9,0x00000ff0,0x000200f8,0x00000ff2,
	0x0004003d,0x00000006,0x00000ff3,0x00000fe0,0x000500aa,0x00000096,0x00000ff4,0x00000ff3,
	0x000000d8,0x000300f7,0x00000ff7,0x00000000,0x000400fa,0x00000ff4,0x00000ff6,0x00000ffa,
	0x000200f8,0x00000ff6,0x0003003e,0x00000ff5,0x00000ff9,0x000200f9,0x00000ff7,0x000200f8,
	0x00000ffa,0x0004003d,0x00000006,0x00000ffb,0x00000fe0,0x000500aa,0x00000096,0x00000ffc,
	0x00000ffb,0x000000df,0x000600a9,0x00000012,0x00001000,0x00000ffc,0x00000ffe,0x00000fff,
	0x0003003e,0x00000ff5,0x00001000,0x000200f9,0x00000ff7,0x000200f8,0x00000ff7,0x0004003d,
	0x00000012,0x00001001,0x00000ff5,0x0003003e,0x00000fee,0x00001001,0x000200f9,0x00000ff0,
	0x000200f8,0x00000ff0,0x0004003d,0x00000012,0x00001002,0x00000fee,0x0003003e,0x00000fe7,
	0x00001002,0x000200f9,0x00000fe9,0x000200f8,0x00000fe9,0x0004003d,0x00000012,0x00001003,
	0x00000fe7,0x0003003e,0x00000617,0x00001003,0x000200f9,0x00000fdf,0x000200f8,0x00001004,
	0x0004003d,0x00000047,0x00001005,0x00000ab8,0x000500aa,0x00000096,0x00001007,0x00001005,
	0x00001006,0x000300f7,0x00001009,0x00000000,0x000400fa,0x00001007,0x00001008,0x000010a0,
	0x000200f8,0x00001008,0x0004003d,0x00000737,0x0000100b,0x00000739,0x0004003d,0x0000000e,
	0x0000100d,0x000006d2,0x0003003e,0x0000100c,0x0000100d,0x0004003d,0x00000006,0x0000100f,
	0x000006da,0x0003003e,0x0000100e,0x0000100f,0x00060039,0x00000012,0x00001010,0x00000016,
	0x0000100c,0x0000100e,0x00050051,0x00000008,0x00001011,0x00001010,0x00000000,0x00050051,
	0x00000008,0x00001012,0x00001010,0x00000001,0x00050051,0x00000008,0x00001013,0x00001010,
	0x00000002,0x00070050,0x00000020,0x00001014,0x00001011,0x00001012,0x00001013,0x0000009e,
	0x00050091,0x00000012,0x00001015,0x0000100b,0x00001014,0x0003003e,0x0000100a,0x00001015,
	0x0004003d,0x00000737,0x00001017,0x00000739,0x0004003d,0x0000000e,0x00001019,0x000006d2,
	0x0003003e,0x00001018,0x00001019,0x0004003d,0x00000006,0x0000101b,0x000006e2,0x0003003e,
	0x0000101a,0x0000101b,0x00060039,0x00000012,0x0000101c,0x00000016,0x00001018,0x0000101a,
	0x00050051,0x00000008,0x0000101d,0x0000101c,0x00000000,0x00050051,0x00000008,0x0000101e,
	0x0000101c,0x00000001,0x00050051,0x00000008,0x0000101f,0x0000101c,0x00000002,0x00070050,
	0x00000020,0x00001020,0x0000101d,0x0000101e,0x0000101f,0x0000009e,0x00050091,0x00000012,
	0x00001021,0x00001017,0x00001020,0x0003003e,0x00001016,0x00001021,0x0004003d,0x00000737,
	0x00001023,0x00000739,0x0004003d,0x0000000e,0x00001025,0x000006d2,0x0003003e,0x00001024,
	0x00001025,0x0004003d,0x00000006,0x00001027,0x000006ea,0x0003003e,0x00001026,0x00001027,
	0x00060039,0x00000012,0x00001028,0x00000016,0x00001024,0x00001026,0x00050051,0x00000008,
	0x00001029,0x00001028,0x00000000,0x00050051,0x00000008,0x0000102a,0x00001028,0x00000001,
	0x00050051,0x00000008,0x0000102b,0x00001028,0x00000002,0x00070050,0x00000020,0x0000102c,
	0x00001029,0x0000102a,0x0000102b,0x0000009e,0x00050091,0x00000012,0x0000102d,0x00001023,
	0x0000102c,0x0003003e,0x00001022,0x0000102d,0x0004003d,0x00000012,0x0000102f,0x00001016,
	0x0004003d,0x00000012,0x00001030,0x0000100a,0x00050083,0x00000012,0x00001031,0x0000102f,
	0x00001030,0x0004003d,0x00000012,0x00001032,0x00001022,0x0004003d,0x00000012,0x00001033,
	0x0000100a,0x00050083,0x00000012,0x00001034,0x00001032,0x00001033,0x0007000c,0x00000012,
	0x00001035,0x00000001,0x00000044,0x00001031,0x00001034,0x0006000c,0x00000012,0x00001036,
	0x00000001,0x00000045,0x00001035,0x0003003e,0x0000102e,0x00001036,0x0004003d,0x00000012,
	0x00001037,0x0000102e,0x0004003d,0x00000012,0x00001038,0x000005f9,0x00050094,0x00000008,
	0x00001039,0x00001037,0x00001038,0x000500ba,0x00000096,0x0000103a,0x00001039,0x000000a0,
	0x000300f7,0x0000103c,0x00000000,0x000400fa,0x0000103a,0x0000103b,0x0000103c,0x000200f8,
	0x0000103b,0x0004003d,0x00000012,0x0000103d,0x0000102e,0x0004007f,0x00000012,0x0000103e,
	0x0000103d,0x0003003e,0x0000102e,0x0000103e,0x000200f9,0x0000103c,0x000200f8,0x0000103c,
	0x00060041,0x000005a4,0x00001040,0x000005a3,0x000001d9,0x000000d8,0x0004003d,0x00000008,
	0x00001041,0x00001040,0x0007000c,0x00000008,0x00001042,0x00000001,0x00000028,0x00001041,
	0x00000621,0x00050085,0x00000008,0x00001043,0x00001042,0x00000ff8,0x0003003e,0x0000103f,
	0x00001043,0x00050041,0x00000072,0x00001045,0x00000580,0x000000a7,0x0004003d,0x00000047,
	0x00001046,0x00001045,0x0004007c,0x00000006,0x00001047,0x00001046,0x00050084,0x00000006,
	0x00001049,0x00001047,0x00001048,0x00050041,0x00000072,0x0000104a,0x00000580,0x000000c7,
	0x0004003d,0x00000047,0x0000104b,0x0000104a,0x0004007c,0x00000006,0x0000104c,0x0000104b,
	0x00050084,0x00000006,0x0000104e,0x0000104c,0x0000104d,0x00050080,0x00000006,0x0000104f,
	0x00001049,0x0000104e,0x0004003d,0x00000006,0x00001050,0x0000059f,0x00050084,0x00000006,
	0x00001052,0x00001050,0x00001051,0x00050080,0x00000006,0x00001053,0x0000104f,0x00001052,
	0x00050080,0x00000006,0x00001054,0x00001053,0x000000c7,0x0003003e,0x00001055,0x00001054,
	0x00050039,0x00000006,0x00001056,0x00000051,0x00001055,0x0003003e,0x00001044,0x00001056,
	0x0003003e,0x00001057,0x000000a0,0x0003003e,0x00001058,0x000000bc,0x000200f9,0x00001059,
	0x000200f8,0x00001059,0x000400f6,0x0000105b,0x0000105c,0x00000000,0x000200f9,0x0000105d,
	0x000200f8,0x0000105d,0x0004003d,0x00000047,0x0000105e,0x00001058,0x000500b1,0x00000096,
	0x0000105f,0x0000105e,0x00001006,0x000400fa,0x0000105f,0x0000105a,0x0000105b,0x000200f8,
	0x0000105a,0x0004003d,0x00000006,0x00001062,0x00001044,0x0003003e,0x00001061,0x00001062,
	0x00050039,0x00000008,0x00001063,0x00000055,0x00001061,0x0004003d,0x00000006,0x00001064,
	0x00001061,0x0003003e,0x00001044,0x00001064,0x0004003d,0x00000006,0x00001066,0x00001044,
	0x0003003e,0x00001065,0x00001066,0x00050039,0x00000008,0x00001067,0x00000055,0x00001065,
	0x0004003d,0x00000006,0x00001068,0x00001065,0x0003003e,0x00001044,0x00001068,0x0004003d,
	0x00000012,0x0000106a,0x0000102e,0x0003003e,0x00001069,0x0000106a,0x0003003e,0x0000106b,
	0x00001063,0x0003003e,0x0000106c,0x00001067,0x00070039,0x00000012,0x0000106d,0x0000005c,
	0x00001069,0x0000106b,0x0000106c,0x0003003e,0x00001060,0x0000106d,0x0004003d,0x0000061c,
	0x0000106f,0x0000061e,0x0004003d,0x00000012,0x00001070,0x000006af,0x0004003d,0x00000012,
	0x00001071,0x0000102e,0x0004003d,0x00000008,0x00001072,0x0000103f,0x00050085,0x00000008,
	0x00001074,0x00001072,0x00001073,0x0005008e,0x00000012,0x00001075,0x00001071,0x00001074,
	0x00050081,0x00000012,0x00001076,0x00001070,0x00001075,0x0004003d,0x00000012,0x00001077,
	0x00001060,0x0004003d,0x00000008,0x00001078,0x0000103f,0x00091179,0x0000106e,0x0000106f,
	0x000000df,0x00000251,0x00001076,0x00000e6c,0x00001077,0x00001078,0x000200f9,0x00001079,
	0x000200f8,0x00001079,0x000400f6,0x0000107b,0x0000107c,0x00000000,0x000200f9,0x0000107d,
	0x000200f8,0x0000107d,0x0004117d,0x00000096,0x0000107e,0x0000106e,0x000400fa,0x0000107e,
	0x0000107a,0x0000107b,0x000200f8,0x0000107a,0x0005117f,0x00000006,0x0000107f,0x0000106e,
	0x000000bc,0x000500aa,0x00000096,0x00001080,0x0000107f,0x000000a7,0x000300f7,0x00001082,
	0x00000000,0x000400fa,0x00001080,0x00001081,0x00001082,0x000200f8,0x00001081,0x00051784,
	0x00000047,0x00001084,0x0000106e,0x000000bc,0x0004007c,0x00000006,0x00001085,0x00001084,
	0x0003003e,0x00001083,0x00001085,0x00051787,0x00000047,0x00001087,0x0000106e,0x000000bc,
	0x0003003e,0x00001086,0x00001087,0x00051788,0x00000026,0x00001089,0x0000106e,0x000000bc,
	0x0003003e,0x00001088,0x00001089,0x0004003d,0x00000006,0x0000108b,0x00001083,0x0003003e,
	0x0000108a,0x0000108b,0x0004003d,0x00000047,0x0000108d,0x00001086,0x0003003e,0x0000108c,
	0x0000108d,0x0004003d,0x00000026,0x0000108f,0x00001088,0x0003003e,0x0000108e,0x0000108f,
	0x00070039,0x00000096,0x00001090,0x0000009b,0x0000108a,0x0000108c,0x0000108e,0x000300f7,
	0x00001092,0x00000000,0x000400fa,0x00001090,0x00001091,0x00001092,0x000200f8,0x00001091,
	0x0002117c,0x0000106e,0x000200f9,0x00001092,0x000200f8,0x00001092,0x000200f9,0x00001082,
	0x000200f8,0x00001082,0x000200f9,0x0000107c,0x000200f8,0x0000107c,0x000200f9,0x00001079,
	0x000200f8,0x0000107b,0x0005117f,0x00000006,0x00001093,0x0000106e,0x00000151,0x000500ab,
	0x00000096,0x00001094,0x00001093,0x000000a7,0x000300f7,0x00001096,0x00000000,0x000400fa,
	0x00001094,0x00001095,0x00001096,0x000200f8,0x00001095,0x0004003d,0x00000008,0x00001097,
	0x00001057,0x00050081,0x00000008,0x00001098,0x00001097,0x0000009e,0x0003003e,0x00001057,
	0x00001098,0x000200f9,0x00001096,0x000200f8,0x00001096,0x000200f9,0x0000105c,0x000200f8,
	0x0000105c,0x0004003d,0x00000047,0x00001099,0x00001058,0x00050080,0x00000047,0x0000109a,
	0x00001099,0x00000151,0x0003003e,0x00001058,0x0000109a,0x000200f9,0x00001059,0x000200f8,
	0x0000105b,0x0004003d,0x00000008,0x0000109b,0x00001057,0x00050088,0x00000008,0x0000109d,
	0x0000109b,0x0000109c,0x00050083,0x00000008,0x0000109e,0x0000009e,0x0000109d,0x00060050,
	0x00000012,0x0000109f,0x0000109e,0x0000109e,0x0000109e,0x0003003e,0x00000617,0x0000109f,
	0x000200f9,0x00001009,0x000200f8,0x000010a0,0x0004003d,0x00000047,0x000010a1,0x00000ab8,
	0x000500aa,0x00000096,0x000010a2,0x000010a1,0x00000176,0x000300f7,0x000010a4,0x00000000,
	0x000400fa,0x000010a2,0x000010a3,0x000010a4,0x000200f8,0x000010a3,0x00050041,0x0000060d,
	0x000010a6,0x000005a3,0x000001d9,0x0004003d,0x00000020,0x000010a7,0x000010a6,0x0008004f,
	0x00000012,0x000010a8,0x000010a7,0x000010a7,0x00000000,0x00000001,0x00000002,0x0006000c,
	0x00000012,0x000010a9,0x00000001,0x00000045,0x000010a8,0x0003003e,0x000010a5,0x000010a9,
	0x00050041,0x00000046,0x000010ab,0x000010a5,0x000000a7,0x0004003d,0x00000008,0x000010ac,
	0x000010ab,0x0006000c,0x00000008,0x000010ad,0x00000001,0x00000004,0x000010ac,0x000500ba,
	0x00000096,0x000010ae,0x000010ad,0x00000193,0x000600a9,0x00000012,0x000010af,0x000010ae,
	0x00000195,0x00000196,0x0006000c,0x00000012,0x000010b0,0x00000001,0x00000045,0x000010af,
	0x0003003e,0x000010aa,0x000010b0,0x0004003d,0x00000012,0x000010b2,0x000010a5,0x0004003d,
	0x00000012,0x000010b3,0x000010aa,0x0007000c,0x00000012,0x000010b4,0x00000001,0x00000044,
	0x000010b2,0x000010b3,0x0006000c,0x00000012,0x000010b5,0x00000001,0x00000045,0x000010b4,
	0x0003003e,0x000010b1,0x000010b5,0x0004003d,0x00000012,0x000010b6,0x000010b1,0x0004003d,
	0x00000012,0x000010b7,0x000010a5,0x0007000c,0x00000012,0x000010b8,0x00000001,0x00000044,
	0x000010b6,0x000010b7,0x0003003e,0x000010aa,0x000010b8,0x00050041,0x00000072,0x000010ba,
	0x00000580,0x000000a7,0x0004003d,0x00000047,0x000010bb,0x000010ba,0x0004007c,0x00000006,
	0x000010bc,0x000010bb,0x00050084,0x00000006,0x000010be,0x000010bc,0x000010bd,0x00050041,
	0x00000072,0x000010bf,0x00000580,0x000000c7,0x0004003d,0x00000047,0x000010c0,0x000010bf,
	0x0004007c,0x00000006,0x000010c1,0x000010c0,0x00050084,0x00000006,0x000010c3,0x000010c1,
	0x000010c2,0x00050080,0x00000006,0x000010c4,0x000010be,0x000010c3,0x0004003d,0x00000006,
	0x000010c5,0x0000059f,0x00050084,0x00000006,0x000010c7,0x000010c5,0x000010c6,0x00050080,
	0x00000006,0x000010c8,0x000010c4,0x000010c7,0x00050080,0x00000006,0x000010c9,0x000010c8,
	0x00000112,0x0003003e,0x000010ca,0x000010c9,0x00050039,0x00000006,0x000010cb,0x00000051,
	0x000010ca,0x0003003e,0x000010b9,0x000010cb,0x0003003e,0x000010cc,0x000000a0,0x0003003e,
	0x000010cd,0x000000bc,0x000200f9,0x000010ce,0x000200f8,0x000010ce,0x000400f6,0x000010d0,
	0x000010d1,0x00000000,0x000200f9,0x000010d2,0x000200f8,0x000010d2,0x0004003d,0x00000047,
	0x000010d3,0x000010cd,0x000500b1,0x00000096,0x000010d4,0x000010d3,0x00000158,0x000400fa,
	0x000010d4,0x000010cf,0x000010d0,0x000200f8,0x000010cf,0x0004003d,0x00000006,0x000010d7,
	0x000010b9,0x0003003e,0x000010d6,0x000010d7,0x00050039,0x00000008,0x000010d8,0x00000055,
	0x000010d6,0x0004003d,0x00000006,0x000010d9,0x000010d6,0x0003003e,0x000010b9,0x000010d9,
	0x00050085,0x00000008,0x000010da,0x000010d8,0x0000018c,0x0003003e,0x000010d5,0x000010da,
	0x0004003d,0x00000006,0x000010dd,0x000010b9,0x0003003e,0x000010dc,0x000010dd,0x00050039,
	0x00000008,0x000010de,0x00000055,0x000010dc,0x0004003d,0x00000006,0x000010df,0x000010dc,
	0x0003003e,0x000010b9,0x000010df,0x0006000c,0x00000008,0x000010e0,0x00000001,0x0000001f,
	0x000010de,0x00050085,0x00000008,0x000010e2,0x000010e0,0x000010e1,0x0003003e,0x000010db,
	0x000010e2,0x0004003d,0x00000012,0x000010e4,0x000010a5,0x0004003d,0x00000012,0x000010e5,
	0x000010aa,0x0004003d,0x00000008,0x000010e6,0x000010db,0x0004003d,0x00000008,0x000010e7,
	0x000010d5,0x0006000c,0x00000008,0x000010e8,0x00000001,0x0000000e,0x000010e7,0x00050085,
	0x00000008,0x000010e9,0x000010e6,0x000010e8,0x0005008e,0x00000012,0x000010ea,0x000010e5,
	0x000010e9,0x00050081,0x00000012,0x000010eb,0x000010e4,0x000010ea,0x0004003d,0x00000012,
	0x000010ec,0x000010b1,0x0004003d,0x00000008,0x000010ed,0x000010db,0x0004003d,0x00000008,
	0x000010ee,0x000010d5,0x0006000c,0x00000008,0x000010ef,0x00000001,0x0000000d,0x000010ee,
	0x00050085,0x00000008,0x000010f0,0x000010ed,0x000010ef,0x0005008e,0x00000012,0x000010f1,
	0x000010ec,0x000010f0,0x00050081,0x00000012,0x000010f2,0x000010eb,0x000010f1,0x0006000c,
	0x00000012,0x000010f3,0x00000001,0x00000045,0x000010f2,0x0003003e,0x000010e3,0x000010f3,
	0x0004003d,0x0000061c,0x000010f5,0x0000061e,0x0004003d,0x00000012,0x000010f6,0x000006af,
	0x0004003d,0x00000012,0x000010f7,0x00000765,0x0005008e,0x00000012,0x000010f8,0x000010f7,
	0x00000621,0x00050081,0x00000012,0x000010f9,0x000010f6,0x000010f8,0x0004003d,0x00000012,
	0x000010fa,0x000010e3,0x00091179,0x000010f4,0x000010f5,0x000000df,0x00000251,0x000010f9,
	0x00000621,0x000010fa,0x00000623,0x000200f9,0x000010fb,0x000200f8,0x000010fb,0x000400f6,
	0x000010fd,0x000010fe,0x00000000,0x000200f9,0x000010ff,0x000200f8,0x000010ff,0x0004117d,
	0x00000096,0x00001100,0x000010f4,0x000400fa,0x00001100,0x000010fc,0x000010fd,0x000200f8,
	0x000010fc,0x0005117f,0x00000006,0x00001101,0x000010f4,0x000000bc,0x000500aa,0x00000096,
	0x00001102,0x00001101,0x000000a7,0x000300f7,0x00001104,0x00000000,0x000400fa,0x00001102,
	0x00001103,0x00001104,0x000200f8,0x00001103,0x00051784,0x00000047,0x00001106,0x000010f4,
	0x000000bc,0x0004007c,0x00000006,0x00001107,0x00001106,0x0003003e,0x00001105,0x00001107,
	0x00051787,0x00000047,0x00001109,0x000010f4,0x000000bc,0x0003003e,0x00001108,0x00001109,
	0x00051788,0x00000026,0x0000110b,0x000010f4,0x000000bc,0x0003003e,0x0000110a,0x0000110b,
	0x0004003d,0x00000006,0x0000110d,0x00001105,0x0003003e,0x0000110c,0x0000110d,0x0004003d,
	0x00000047,0x0000110f,0x00001108,0x0003003e,0x0000110e,0x0000110f,0x0004003d,0x00000026,
	0x00001111,0x0000110a,0x0003003e,0x00001110,0x00001111,0x00070039,0x00000096,0x00001112,
	0x0000009b,0x0000110c,0x0000110e,0x00001110,0x000300f7,0x00001114,0x00000000,0x000400fa,
	0x00001112,0x00001113,0x00001114,0x000200f8,0x00001113,0x0002117c,0x000010f4,0x000200f9,
	0x00001114,0x000200f8,0x00001114,0x000200f9,0x00001104,0x000200f8,0x00001104,0x000200f9,
	0x000010fe,0x000200f8,0x000010fe,0x000200f9,0x000010fb,0x000200f8,0x000010fd,0x0005117f,
	0x00000006,0x00001115,0x000010f4,0x00000151,0x000500aa,0x00000096,0x00001116,0x00001115,
	0x000000a7,0x000300f7,0x00001118,0x00000000,0x000400fa,0x00001116,0x00001117,0x00001118,
	0x000200f8,0x00001117,0x0004003d,0x00000008,0x00001119,0x000010cc,0x00050081,0x00000008,
	0x0000111a,0x00001119,0x0000009e,0x0003003e,0x000010cc,0x0000111a,0x000200f9,0x00001118,
	0x000200f8,0x00001118,0x000200f9,0x000010d1,0x000200f8,0x000010d1,0x0004003d,0x00000047,
	0x0000111b,0x000010cd,0x00050080,0x00000047,0x0000111c,0x0000111b,0x00000151,0x0003003e,
	0x000010cd,0x0000111c,0x000200f9,0x000010ce,0x000200f8,0x000010d0,0x0004003d,0x00000008,
	0x0000111d,0x000010cc,0x00050088,0x00000008,0x0000111e,0x0000111d,0x00000d4a,0x00060050,
	0x00000012,0x0000111f,0x0000111e,0x0000111e,0x0000111e,0x0003003e,0x00000617,0x0000111f,
	0x000200f9,0x000010a4,0x000200f8,0x000010a4,0x000200f9,0x00001009,0x000200f8,0x00001009,
	0x000200f9,0x00000fdf,0x000200f8,0x00000fdf,0x000200f9,0x00000fbd,0x000200f8,0x00000fbd,
	0x000200f9,0x00000fae,0x000200f8,0x00000fae,0x000200f9,0x00000fa5,0x000200f8,0x00000fa5,
	0x000200f9,0x00000f9b,0x000200f8,0x00000f9b,0x000200f9,0x00000f92,0x000200f8,0x00000f92,
	0x000200f9,0x00000f87,0x000200f8,0x00000f87,0x000200f9,0x00000f81,0x000200f8,0x00000f81,
	0x000200f9,0x00000f41,0x000200f8,0x00000f41,0x000200f9,0x00000ef1,0x000200f8,0x00000ef1,
	0x000200f9,0x00000e7d,0x000200f8,0x00000e7d,0x000200f9,0x00000e43,0x000200f8,0x00000e43,
	0x000200f9,0x00000e14,0x000200f8,0x00000e14,0x000200f9,0x00000dfa,0x000200f8,0x00000dfa,
	0x000200f9,0x00000d8a,0x000200f8,0x00000d8a,0x000200f9,0x00000d5a,0x000200f8,0x00000d5a,
	0x000200f9,0x00000d2c,0x000200f8,0x00000d2c,0x000200f9,0x00000d1a,0x000200f8,0x00000d1a,
	0x000200f9,0x00000d13,0x000200f8,0x00000d13,0x000200f9,0x00000d0d,0x000200f8,0x00000d0d,
	0x000200f9,0x00000d06,0x000200f8,0x00000d06,0x000200f9,0x00000cff,0x000200f8,0x00000cff,
	0x000200f9,0x00000cc8,0x000200f8,0x00000cc8,0x000200f9,0x00000cc2,0x000200f8,0x00000cc2,
	0x000200f9,0x00000cb3,0x000200f8,0x00000cb3,0x000200f9,0x00000c8f,0x000200f8,0x00000c8f,
	0x000200f9,0x00000c51,0x000200f8,0x00000c51,0x000200f9,0x00000c49,0x000200f8,0x00000c49,
	0x000200f9,0x00000c40,0x000200f8,0x00000c40,0x000200f9,0x00000c2d,0x000200f8,0x00000c2d,
	0x000200f9,0x000006a5,0x000200f8,0x000006a5,0x0004003d,0x00000096,0x00001120,0x000005aa,
	0x000300f7,0x00001122,0x00000000,0x000400fa,0x00001120,0x00001121,0x00001122,0x000200f8,
	0x00001121,0x0004003d,0x00000006,0x00001124,0x0000059f,0x000500aa,0x00000096,0x00001125,
	0x00001124,0x000000a7,0x000300f7,0x00001128,0x00000000,0x000400fa,0x00001125,0x00001127,
	0x0000112a,0x000200f8,0x00001127,0x0004003d,0x00000012,0x00001129,0x00000617,0x0003003e,
	0x00001126,0x00001129,0x000200f9,0x00001128,0x000200f8,0x0000112a,0x0004003d,0x0000112b,
	0x0000112e,0x0000112d,0x0004003d,0x00000304,0x0000112f,0x00000580,0x00050062,0x00000020,
	0x00001130,0x0000112e,0x0000112f,0x0008004f,0x00000012,0x00001131,0x00001130,0x00001130,
	0x00000000,0x00000001,0x00000002,0x0004003d,0x00000012,0x00001132,0x00000617,0x00050081,
	0x00000012,0x00001133,0x00001131,0x00001132,0x0003003e,0x00001126,0x00001133,0x000200f9,
	0x00001128,0x000200f8,0x00001128,0x0004003d,0x00000012,0x00001134,0x00001126,0x0003003e,
	0x00001123,0x00001134,0x0004003d,0x0000112b,0x00001135,0x0000112d,0x0004003d,0x00000304,
	0x00001136,0x00000580,0x0004003d,0x00000012,0x00001137,0x00001123,0x00050051,0x00000008,
	0x00001138,0x00001137,0x00000000,0x00050051,0x00000008,0x00001139,0x00001137,0x00000001,
	0x00050051,0x00000008,0x0000113a,0x00001137,0x00000002,0x00070050,0x00000020,0x0000113b,
	0x00001138,0x00001139,0x0000113a,0x0000009e,0x00040063,0x00001135,0x00001136,0x0000113b,
	0x0004003d,0x00000012,0x0000113c,0x00001123,0x0004003d,0x00000006,0x0000113d,0x0000059f,
	0x00050080,0x00000006,0x0000113e,0x0000113d,0x000000c7,0x00040070,0x00000008,0x0000113f,
	0x0000113e,0x00060050,0x00000012,0x00001140,0x0000113f,0x0000113f,0x0000113f,0x00050088,
	0x00000012,0x00001141,0x0000113c,0x00001140,0x0003003e,0x00000617,0x00001141,0x000200f9,
	0x00001122,0x000200f8,0x00001122,0x00060041,0x000005a4,0x00001143,0x000005a3,0x00000151,
	0x000000d8,0x0004003d,0x00000008,0x00001144,0x00001143,0x00050081,0x00000008,0x00001145,
	0x00001144,0x000003d3,0x0004006e,0x00000047,0x00001146,0x00001145,0x0003003e,0x00001142,
	0x00001146,0x0004003d,0x00000047,0x00001147,0x00001142,0x000500aa,0x00000096,0x00001148,
	0x00001147,0x000000bc,0x0004003d,0x00000047,0x00001149,0x00001142,0x000500aa,0x00000096,
	0x0000114a,0x00001149,0x00000151,0x000500a6,0x00000096,0x0000114b,0x00001148,0x0000114a,
	0x000300f7,0x0000114d,0x00000000,0x000400fa,0x0000114b,0x0000114c,0x0000114d,0x000200f8,
	0x0000114c,0x0004003d,0x00000012,0x0000114f,0x00000617,0x0003003e,0x0000114e,0x0000114f,
	0x00050039,0x00000012,0x00001150,0x0000006d,0x0000114e,0x0003003e,0x00000617,0x00001150,
	0x000200f9,0x0000114d,0x000200f8,0x0000114d,0x0004003d,0x00000589,0x00001151,0x0000058b,
	0x0004003d,0x00000304,0x00001152,0x00000580,0x0004003d,0x00000012,0x00001153,0x00000617,
	0x00050051,0x00000008,0x00001154,0x00001153,0x00000000,0x00050051,0x00000008,0x00001155,
	0x00001153,0x00000001,0x00050051,0x00000008,0x00001156,0x00001153,0x00000002,0x00070050,
	0x00000020,0x00001157,0x00001154,0x00001155,0x00001156,0x0000009e,0x00040063,0x00001151,
	0x00001152,0x00001157,0x000100fd,0x00010038,0x00050036,0x00000008,0x0000000c,0x00000000,
	0x00000009,0x00030037,0x00000007,0x0000000a,0x00030037,0x00000007,0x0000000b,0x000200f8,
	0x0000000d,0x0004003b,0x00000046,0x0000009d,0x00000007,0x0004003b,0x00000046,0x0000009f,
	0x00000007,0x0003003e,0x0000009d,0x0000009e,0x0003003e,0x0000009f,0x000000a0,0x000200f9,
	0x000000a1,0x000200f8,0x000000a1,0x000400f6,0x000000a3,0x000000a4,0x00000000,0x000200f9,
	0x000000a5,0x000200f8,0x000000a5,0x0004003d,0x00000006,0x000000a6,0x0000000a,0x000500ac,
	0x00000096,0x000000a8,0x000000a6,0x000000a7,0x000400fa,0x000000a8,0x000000a2,0x000000a3,
	0x000200f8,0x000000a2,0x0004003d,0x00000006,0x000000a9,0x0000000b,0x00040070,0x00000008,
	0x000000aa,0x000000a9,0x0004003d,0x00000008,0x000000ab,0x0000009d,0x00050088,0x00000008,
	0x000000ac,0x000000ab,0x000000aa,0x0003003e,0x0000009d,0x000000ac,0x0004003d,0x00000008,
	0x000000ad,0x0000009d,0x0004003d,0x00000006,0x000000ae,0x0000000a,0x0004003d,0x00000006,
	0x000000af,0x0000000b,0x00050089,0x00000006,0x000000b0,0x000000ae,0x000000af,0x00040070,
	0x00000008,0x000000b1,0x000000b0,0x00050085,0x00000008,0x000000b2,0x000000ad,0x000000b1,
	0x0004003d,0x00000008,0x000000b3,0x0000009f,0x00050081,0x00000008,0x000000b4,0x000000b3,
	0x000000b2,0x0003003e,0x0000009f,0x000000b4,0x0004003d,0x00000006,0x000000b5,0x0000000b,
	0x0004003d,0x00000006,0x000000b6,0x0000000a,0x00050086,0x00000006,0x000000b7,0x000000b6,
	0x000000b5,0x0003003e,0x0000000a,0x000000b7,0x000200f9,0x000000a4,0x000200f8,0x000000a4,
	0x000200f9,0x000000a1,0x000200f8,0x000000a3,0x0004003d,0x00000008,0x000000b8,0x0000009f,
	0x000200fe,0x000000b8,0x00010038,0x00050036,0x00000012,0x00000016,0x00000000,0x00000013,
	0x00030037,0x00000011,0x00000014,0x00030037,0x00000007,0x00000015,0x000200f8,0x00000017,
	0x0004003d,0x0000000e,0x000000bb,0x00000014,0x0004003d,0x00000006,0x000000bd,0x00000015,
	0x00050084,0x00000006,0x000000bf,0x000000bd,0x000000be,0x00050080,0x00000006,0x000000c0,
	0x000000bf,0x000000a7,0x00060041,0x000000c1,0x000000c2,0x000000bb,0x000000bc,0x000000c0,
	0x0006003d,0x00000008,0x000000c3,0x000000c2,0x00000002,0x00000004,0x0004003d,0x0000000e,
	0x000000c4,0x00000014,0x0004003d,0x00000006,0x000000c5,0x00000015,0x00050084,0x00000006,
	0x000000c6,0x000000c5,0x000000be,0x00050080,0x00000006,0x000000c8,0x000000c6,0x000000c7,
	0x00060041,0x000000c1,0x000000c9,0x000000c4,0x000000bc,0x000000c8,0x0006003d,0x00000008,
	0x000000ca,0x000000c9,0x00000002,0x00000004,0x0004003d,0x0000000e,0x000000cb,0x00000014,
	0x0004003d,0x00000006,0x000000cc,0x00000015,0x00050084,0x00000006,0x000000cd,0x000000cc,
	0x000000be,0x00050080,0x00000006,0x000000cf,0x000000cd,0x000000ce,0x00060041,0x000000c1,
	0x000000d0,0x000000cb,0x000000bc,0x000000cf,0x0006003d,0x00000008,0x000000d1,0x000000d0,
	0x00000002,0x00000004,0x00060050,0x00000012,0x000000d2,0x000000c3,0x000000ca,0x000000d1,
	0x000200fe,0x000000d2,0x00010038,0x00050036,0x00000012,0x0000001a,0x00000000,0x00000013,
	0x00030037,0x00000011,0x00000018,0x00030037,0x00000007,0x00000019,0x000200f8,0x0000001b,
	0x0004003d,0x0000000e,0x000000d5,0x00000018,0x0004003d,0x00000006,0x000000d6,0x00000019,
	0x00050084,0x00000006,0x000000d7,0x000000d6,0x000000be,0x00050080,0x00000006,0x000000d9,
	0x000000d7,0x000000d8,0x00060041,0x000000c1,0x000000da,0x000000d5,0x000000bc,0x000000d9,
	0x0006003d,0x00000008,0x000000db,0x000000da,0x00000002,0x00000004,0x0004003d,0x0000000e,
	0x000000dc,0x00000018,0x0004003d,0x00000006,0x000000dd,0x00000019,0x00050084,0x00000006,
	0x000000de,0x000000dd,0x000000be,0x00050080,0x00000006,0x000000e0,0x000000de,0x000000df,
	0x00060041,0x000000c1,0x000000e1,0x000000dc,0x000000bc,0x000000e0,0x0006003d,0x00000008,
	0x000000e2,0x000000e1,0x00000002,0x00000004,0x0004003d,0x0000000e,0x000000e3,0x00000018,
	0x0004003d,0x00000006,0x000000e4,0x00000019,0x00050084,0x00000006,0x000000e5,0x000000e4,
	0x000000be,0x00050080,0x00000006,0x000000e7,0x000000e5,0x000000e6,0x00060041,0x000000c1,
	0x000000e8,0x000000e3,0x000000bc,0x000000e7,0x0006003d,0x00000008,0x000000e9,0x000000e8,
	0x00000002,0x00000004,0x00060050,0x00000012,0x000000ea,0x000000db,0x000000e2,0x000000e9,
	0x000200fe,0x000000ea,0x00010038,0x00050036,0x00000020,0x00000024,0x00000000,0x00000021,
	0x00030037,0x0000001f,0x00000022,0x00030037,0x00000007,0x00000023,0x000200f8,0x00000025,
	0x0004003d,0x0000001c,0x000000ed,0x00000022,0x0004003d,0x00000006,0x000000ee,0x00000023,
	0x00050084,0x00000006,0x000000ef,0x000000ee,0x000000df,0x00050080,0x00000006,0x000000f0,
	0x000000ef,0x000000a7,0x00060041,0x000000c1,0x000000f1,0x000000ed,0x000000bc,0x000000f0,
	0x0006003d,0x00000008,0x000000f2,0x000000f1,0x00000002,0x00000004,0x0004003d,0x0000001c,
	0x000000f3,0x00000022,0x0004003d,0x00000006,0x000000f4,0x00000023,0x00050084,0x00000006,
	0x000000f5,0x000000f4,0x000000df,0x00050080,0x00000006,0x000000f6,0x000000f5,0x000000c7,
	0x00060041,0x000000c1,0x000000f7,0x000000f3,0x000000bc,0x000000f6,0x0006003d,0x00000008,
	0x000000f8,0x000000f7,0x00000002,0x00000004,0x0004003d,0x0000001c,0x000000f9,0x00000022,
	0x0004003d,0x00000006,0x000000fa,0x00000023,0x00050084,0x00000006,0x000000fb,0x000000fa,
	0x000000df,0x00050080,0x00000006,0x000000fc,0x000000fb,0x000000ce,0x00060041,0x000000c1,
	0x000000fd,0x000000f9,0x000000bc,0x000000fc,0x0006003d,0x00000008,0x000000fe,0x000000fd,
	0x00000002,0x00000004,0x0004003d,0x0000001c,0x000000ff,0x00000022,0x0004003d,0x00000006,
	0x00000100,0x00000023,0x00050084,0x00000006,0x00000101,0x00000100,0x000000df,0x00050080,
	0x00000006,0x00000102,0x00000101,0x000000d8,0x00060041,0x000000c1,0x00000103,0x000000ff,
	0x000000bc,0x00000102,0x0006003d,0x00000008,0x00000104,0x00000103,0x00000002,0x00000004,
	0x00070050,0x00000020,0x00000105,0x000000f2,0x000000f8,0x000000fe,0x00000104,0x000200fe,
	0x00000105,0x00010038,0x00050036,0x00000026,0x0000002a,0x00000000,0x00000027,0x00030037,
	0x00000011,0x00000028,0x00030037,0x00000007,0x00000029,0x000200f8,0x0000002b,0x0004003d,
	0x0000000e,0x00000108,0x00000028,0x0004003d,0x00000006,0x00000109,0x00000029,0x00050084,
	0x00000006,0x0000010a,0x00000109,0x000000be,0x00050080,0x00000006,0x0000010c,0x0000010a,
	0x0000010b,0x00060041,0x000000c1,0x0000010d,0x00000108,0x000000bc,0x0000010c,0x0006003d,
	0x00000008,0x0000010e,0x0000010d,0x00000002,0x00000004,0x0004003d,0x0000000e,0x0000010f,
	0x00000028,0x0004003d,0x00000006,0x00000110,0x00000029,0x00050084,0x00000006,0x00000111,
	0x00000110,0x000000be,0x00050080,0x00000006,0x00000113,0x00000111,0x00000112,0x00060041,
	0x000000c1,0x00000114,0x0000010f,0x000000bc,0x00000113,0x0006003d,0x00000008,0x00000115,
	0x00000114,0x00000002,0x00000004,0x00050050,0x00000026,0x00000116,0x0000010e,0x00000115,
	0x000200fe,0x00000116,0x00010038,0x00050036,0x00000026,0x00000033,0x00000000,0x00000030,
	0x00030037,0x0000002f,0x00000031,0x00030037,0x00000007,0x00000032,0x000200f8,0x00000034,
	0x0004003d,0x0000002c,0x00000119,0x00000031,0x0004003d,0x00000006,0x0000011a,0x00000032,
	0x00050084,0x00000006,0x0000011b,0x0000011a,0x000000ce,0x00050080,0x00000006,0x0000011c,
	0x0000011b,0x000000a7,0x00060041,0x000000c1,0x0000011d,0x00000119,0x000000bc,0x0000011c,
	0x0006003d,0x00000008,0x0000011e,0x0000011d,0x00000002,0x00000004,0x0004003d,0x0000002c,
	0x0000011f,0x00000031,0x0004003d,0x00000006,0x00000120,0x00000032,0x00050084,0x00000006,
	0x00000121,0x00000120,0x000000ce,0x00050080,0x00000006,0x00000122,0x00000121,0x000000c7,
	0x00060041,0x000000c1,0x00000123,0x0000011f,0x000000bc,0x00000122,0x0006003d,0x00000008,
	0x00000124,0x00000123,0x00000002,0x00000004,0x00050050,0x00000026,0x00000125,0x0000011e,
	0x00000124,0x000200fe,0x00000125,0x00010038,0x00050036,0x00000008,0x0000003c,0x00000000,
	0x00000039,0x00030037,0x00000038,0x0000003a,0x00030037,0x00000007,0x0000003b,0x000200f8,
	0x0000003d,0x0004003d,0x00000035,0x00000128,0x0000003a,0x0004003d,0x00000006,0x00000129,
	0x0000003b,0x00060041,0x000000c1,0x0000012a,0x00000128,0x000000bc,0x00000129,0x0006003d,
	0x00000008,0x0000012b,0x0000012a,0x00000002,0x00000004,0x000200fe,0x0000012b,0x00010038,
	0x00050036,0x00000047,0x0000004d,0x00000000,0x00000048,0x00030037,0x00000041,0x00000049,
	0x00030037,0x00000045,0x0000004a,0x00030037,0x00000007,0x0000004b,0x00030037,0x00000046,
	0x0000004c,0x000200f8,0x0000004e,0x0004003b,0x00000072,0x0000012e,0x00000007,0x0004003b,
	0x00000046,0x00000130,0x00000007,0x0004003b,0x00000007,0x00000131,0x00000007,0x0004003b,
	0x00000046,0x00000139,0x00000007,0x0003003e,0x0000012e,0x0000012f,0x0003003e,0x00000130,
	0x000000a0,0x0003003e,0x00000131,0x000000a7,0x000200f9,0x00000132,0x000200f8,0x00000132,
	0x000400f6,0x00000134,0x00000135,0x00000000,0x000200f9,0x00000136,0x000200f8,0x00000136,
	0x0004003d,0x00000006,0x00000137,0x00000131,0x000500b0,0x00000096,0x00000138,0x00000137,
	0x000000df,0x000400fa,0x00000138,0x00000133,0x00000134,0x000200f8,0x00000133,0x0004003d,
	0x00000042,0x0000013a,0x0000004a,0x0004003d,0x00000006,0x0000013b,0x0000004b,0x00050084,
	0x00000006,0x0000013c,0x0000013b,0x000000df,0x0004003d,0x00000006,0x0000013d,0x00000131,
	0x00050080,0x00000006,0x0000013e,0x0000013c,0x0000013d,0x00060041,0x000000c1,0x0000013f,
	0x0000013a,0x000000bc,0x0000013e,0x0006003d,0x00000008,0x00000140,0x0000013f,0x00000002,
	0x00000004,0x0003003e,0x00000139,0x00000140,0x0004003d,0x00000008,0x00000141,0x00000139,
	0x0004003d,0x00000008,0x00000142,0x00000130,0x000500ba,0x00000096,0x00000143,0x00000141,
	0x00000142,0x000300f7,0x00000145,0x00000000,0x000400fa,0x00000143,0x00000144,0x00000145,
	0x000200f8,0x00000144,0x0004003d,0x00000008,0x00000146,0x00000139,0x0003003e,0x00000130,
	0x00000146,0x0004003d,0x0000003e,0x00000147,0x00000049,0x0004003d,0x00000006,0x00000148,
	0x0000004b,0x00050084,0x00000006,0x00000149,0x00000148,0x000000df,0x0004003d,0x00000006,
	0x0000014a,0x00000131,0x00050080,0x00000006,0x0000014b,0x00000149,0x0000014a,0x00060041,
	0x0000014c,0x0000014d,0x00000147,0x000000bc,0x0000014b,0x0006003d,0x00000006,0x0000014e,
	0x0000014d,0x00000002,0x00000004,0x0004007c,0x00000047,0x0000014f,0x0000014e,0x0003003e,
	0x0000012e,0x0000014f,0x000200f9,0x00000145,0x000200f8,0x00000145,0x000200f9,0x00000135,
	0x000200f8,0x00000135,0x0004003d,0x00000006,0x00000150,0x00000131,0x00050080,0x00000006,
	0x00000152,0x00000150,0x00000151,0x0003003e,0x00000131,0x00000152,0x000200f9,0x00000132,
	0x000200f8,0x00000134,0x0004003d,0x00000008,0x00000153,0x00000130,0x0003003e,0x0000004c,
	0x00000153,0x0004003d,0x00000047,0x00000154,0x0000012e,0x000200fe,0x00000154,0x00010038,
	0x00050036,0x00000006,0x00000051,0x00000000,0x0000004f,0x00030037,0x00000007,0x00000050,
	0x000200f8,0x00000052,0x0004003d,0x00000006,0x00000157,0x00000050,0x000500c2,0x00000006,
	0x00000159,0x00000157,0x00000158,0x0004003d,0x00000006,0x0000015a,0x00000050,0x000500c6,
	0x00000006,0x0000015b,0x0000015a,0x00000159,0x0003003e,0x00000050,0x0000015b,0x0004003d,
	0x00000006,0x0000015d,0x00000050,0x00050084,0x00000006,0x0000015e,0x0000015d,0x0000015c,
	0x0003003e,0x00000050,0x0000015e,0x0004003d,0x00000006,0x0000015f,0x00000050,0x000500c2,
	0x00000006,0x00000161,0x0000015f,0x00000160,0x0004003d,0x00000006,0x00000162,0x00000050,
	0x000500c6,0x00000006,0x00000163,0x00000162,0x00000161,0x0003003e,0x00000050,0x00000163,
	0x0004003d,0x00000006,0x00000165,0x00000050,0x00050084,0x00000006,0x00000166,0x00000165,
	0x00000164,0x0003003e,0x00000050,0x00000166,0x0004003d,0x00000006,0x00000167,0x00000050,
	0x000500c2,0x00000006,0x00000168,0x00000167,0x00000158,0x0004003d,0x00000006,0x00000169,
	0x00000050,0x000500c6,0x00000006,0x0000016a,0x00000169,0x00000168,0x0003003e,0x00000050,
	0x0000016a,0x0004003d,0x00000006,0x0000016b,0x00000050,0x000200fe,0x0000016b,0x00010038,
	0x00050036,0x00000008,0x00000055,0x00000000,0x00000053,0x00030037,0x00000007,0x00000054,
	0x000200f8,0x00000056,0x0004003b,0x00000007,0x00000173,0x00000007,0x0004003d,0x00000006,
	0x0000016e,0x00000054,0x00050084,0x00000006,0x00000170,0x0000016e,0x0000016f,0x00050080,
	0x00000006,0x00000172,0x00000170,0x00000171,0x0003003e,0x00000054,0x00000172,0x0004003d,
	0x00000006,0x00000174,0x00000054,0x0004003d,0x00000006,0x00000175,0x00000054,0x000500c2,
	0x00000006,0x00000177,0x00000175,0x00000176,0x00050080,0x00000006,0x00000178,0x00000177,
	0x000000df,0x000500c2,0x00000006,0x00000179,0x00000174,0x00000178,0x0004003d,0x00000006,
	0x0000017a,0x00000054,0x000500c6,0x00000006,0x0000017b,0x00000179,0x0000017a,0x00050084,
	0x00000006,0x0000017d,0x0000017b,0x0000017c,0x0003003e,0x00000173,0x0000017d,0x0004003d,
	0x00000006,0x0000017e,0x00000173,0x000500c2,0x00000006,0x00000180,0x0000017e,0x0000017f,
	0x0004003d,0x00000006,0x00000181,0x00000173,0x000500c6,0x00000006,0x00000182,0x00000180,
	0x00000181,0x00040070,0x00000008,0x00000183,0x00000182,0x00050088,0x00000008,0x00000185,
	0x00000183,0x00000184,0x000200fe,0x00000185,0x00010038,0x00050036,0x00000012,0x0000005c,
	0x00000000,0x00000058,0x00030037,0x00000057,0x00000059,0x00030037,0x00000046,0x0000005a,
	0x00030037,0x00000046,0x0000005b,0x000200f8,0x0000005d,0x0004003b,0x00000046,0x00000188,
	0x00000007,0x0004003b,0x00000046,0x0000018b,0x00000007,0x0004003b,0x00000057,0x0000018f,
	0x00000007,0x0004003b,0x00000057,0x00000199,0x00000007,0x0004003d,0x00000008,0x00000189,
	0x0000005a,0x0006000c,0x00000008,0x0000018a,0x00000001,0x0000001f,0x00000189,0x0003003e,
	0x00000188,0x0000018a,0x0004003d,0x00000008,0x0000018d,0x0000005b,0x00050085,0x00000008,
	0x0000018e,0x0000018c,0x0000018d,0x0003003e,0x0000018b,0x0000018e,0x00050041,0x00000046,
	0x00000190,0x00000059,0x000000a7,0x0004003d,0x00000008,0x00000191,0x00000190,0x0006000c,
	0x00000008,0x00000192,0x00000001,0x00000004,0x00000191,0x000500ba,0x00000096,0x00000194,
	0x00000192,0x00000193,0x000600a9,0x00000012,0x00000197,0x00000194,0x00000195,0x00000196,
	0x0006000c,0x00000012,0x00000198,0x00000001,0x00000045,0x00000197,0x0003003e,0x0000018f,
	0x00000198,0x0004003d,0x00000012,0x0000019a,0x00000059,0x0004003d,0x00000012,0x0000019b,
	0x0000018f,0x0007000c,0x00000012,0x0000019c,0x00000001,0x00000044,0x0000019a,0x0000019b,
	0x0006000c,0x00000012,0x0000019d,0x00000001,0x00000045,0x0000019c,0x0003003e,0x00000199,
	0x0000019d,0x0004003d,0x00000012,0x0000019e,0x00000199,0x0004003d,0x00000012,0x0000019f,
	0x00000059,0x0007000c,0x00000012,0x000001a0,0x00000001,0x00000044,0x0000019e,0x0000019f,
	0x0003003e,0x0000018f,0x000001a0,0x0004003d,0x00000012,0x000001a1,0x0000018f,0x0004003d,
	0x00000008,0x000001a2,0x00000188,0x0004003d,0x00000008,0x000001a3,0x0000018b,0x0006000c,
	0x00000008,0x000001a4,0x00000001,0x0000000e,0x000001a3,0x00050085,0x00000008,0x000001a5,
	0x000001a2,0x000001a4,0x0005008e,0x00000012,0x000001a6,0x000001a1,0x000001a5,0x0004003d,
	0x00000012,0x000001a7,0x00000199,0x0004003d,0x00000008,0x000001a8,0x00000188,0x0004003d,
	0x00000008,0x000001a9,0x0000018b,0x0006000c,0x00000008,0x000001aa,0x00000001,0x0000000d,
	0x000001a9,0x00050085,0x00000008,0x000001ab,0x000001a8,0x000001aa,0x0005008e,0x00000012,
	0x000001ac,0x000001a7,0x000001ab,0x00050081,0x00000012,0x000001ad,0x000001a6,0x000001ac,
	0x0004003d,0x00000012,0x000001ae,0x00000059,0x0004003d,0x00000008,0x000001af,0x0000005a,
	0x00050083,0x00000008,0x000001b0,0x0000009e,0x000001af,0x0007000c,0x00000008,0x000001b1,
	0x00000001,0x00000028,0x000000a0,0x000001b0,0x0006000c,0x00000008,0x000001b2,0x00000001,
	0x0000001f,0x000001b1,0x0005008e,0x00000012,0x000001b3,0x000001ae,0x000001b2,0x00050081,
	0x00000012,0x000001b4,0x000001ad,0x000001b3,0x0006000c,0x00000012,0x000001b5,0x00000001,
	0x00000045,0x000001b4,0x000200fe,0x000001b5,0x00010038,0x00050036,0x00000008,0x00000060,
	0x00000000,0x00000009,0x00030037,0x00000007,0x0000005e,0x00030037,0x00000007,0x0000005f,
	0x000200f8,0x00000061,0x0004003b,0x00000083,0x000001b8,0x00000007,0x0004003d,0x00000006,
	0x000001bd,0x0000005e,0x00050084,0x00000006,0x000001bf,0x000001bd,0x000001be,0x0004003d,
	0x00000006,0x000001c1,0x0000005f,0x00050086,0x00000006,0x000001c2,0x000001c1,0x000000df,
	0x00050080,0x00000006,0x000001c3,0x000001c0,0x000001c2,0x00050080,0x00000006,0x000001c4,
	0x000001bf,0x000001c3,0x00060041,0x000001c5,0x000001c6,0x000001bc,0x000000bc,0x000001c4,
	0x0004003d,0x00000020,0x000001c7,0x000001c6,0x0003003e,0x000001b8,0x000001c7,0x0004003d,
	0x00000006,0x000001c8,0x0000005f,0x00050089,0x00000006,0x000001c9,0x000001c8,0x000000df,
	0x00050041,0x00000046,0x000001ca,0x000001b8,0x000001c9,0x0004003d,0x00000008,0x000001cb,
	0x000001ca,0x000200fe,0x000001cb,0x00010038,0x00050036,0x00000012,0x00000065,0x00000000,
	0x00000062,0x00030037,0x00000007,0x00000063,0x00030037,0x00000057,0x00000064,0x000200f8,
	0x00000066,0x0004003b,0x000001d0,0x000001d1,0x00000007,0x0004003b,0x00000057,0x00000217,
	0x00000007,0x0004003b,0x00000007,0x00000219,0x00000007,0x0004003b,0x00000007,0x00000227,
	0x00000007,0x0004003b,0x00000007,0x00000229,0x00000007,0x0004003b,0x00000007,0x0000022e,
	0x00000007,0x0004003b,0x00000007,0x00000230,0x00000007,0x0004003b,0x00000007,0x00000235,
	0x00000007,0x0004003b,0x00000007,0x00000237,0x00000007,0x00050041,0x00000046,0x000001d3,
	0x000001d1,0x000000bc,0x0003003e,0x000001d3,0x000001d2,0x00050041,0x00000046,0x000001d5,
	0x00000064,0x000000c7,0x0004003d,0x00000008,0x000001d6,0x000001d5,0x00050085,0x00000008,
	0x000001d7,0x000001d4,0x000001d6,0x00050041,0x00000046,0x000001d8,0x000001d1,0x00000151,
	0x0003003e,0x000001d8,0x000001d7,0x00050041,0x00000046,0x000001da,0x00000064,0x000000ce,
	0x0004003d,0x00000008,0x000001db,0x000001da,0x00050085,0x00000008,0x000001dc,0x000001d4,
	0x000001db,0x00050041,0x00000046,0x000001dd,0x000001d1,0x000001d9,0x0003003e,0x000001dd,
	0x000001dc,0x00050041,0x00000046,0x000001df,0x00000064,0x000000a7,0x0004003d,0x00000008,
	0x000001e0,0x000001df,0x00050085,0x00000008,0x000001e1,0x000001d4,0x000001e0,0x00050041,
	0x00000046,0x000001e2,0x000001d1,0x000001de,0x0003003e,0x000001e2,0x000001e1,0x00050041,
	0x00000046,0x000001e5,0x00000064,0x000000a7,0x0004003d,0x00000008,0x000001e6,0x000001e5,
	0x00050085,0x00000008,0x000001e7,0x000001e4,0x000001e6,0x00050041,0x00000046,0x000001e8,
	0x00000064,0x000000c7,0x0004003d,0x00000008,0x000001e9,0x000001e8,0x00050085,0x00000008,
	0x000001ea,0x000001e7,0x000001e9,0x00050041,0x00000046,0x000001eb,0x000001d1,0x000001e3,
	0x0003003e,0x000001eb,0x000001ea,0x00050041,0x00000046,0x000001ed,0x00000064,0x000000c7,
	0x0004003d,0x00000008,0x000001ee,0x000001ed,0x00050085,0x00000008,0x000001ef,0x000001e4,
	0x000001ee,0x00050041,0x00000046,0x000001f0,0x00000064,0x000000ce,0x0004003d,0x00000008,
	0x000001f1,0x000001f0,0x00050085,0x00000008,0x000001f2,0x000001ef,0x000001f1,0x00050041,
	0x00000046,0x000001f3,0x000001d1,0x000001ec,0x0003003e,0x000001f3,0x000001f2,0x00050041,
	0x00000046,0x000001f7,0x00000064,0x000000ce,0x0004003d,0x00000008,0x000001f8,0x000001f7,
	0x00050085,0x00000008,0x000001f9,0x000001f6,0x000001f8,0x00050041,0x00000046,0x000001fa,
	0x00000064,0x000000ce,0x0004003d,0x00000008,0x000001fb,0x000001fa,0x00050085,0x00000008,
	0x000001fc,0x000001f9,0x000001fb,0x00050083,0x00000008,0x000001fd,0x000001fc,0x0000009e,
	0x00050085,0x00000008,0x000001fe,0x000001f5,0x000001fd,0x00050041,0x00000046,0x000001ff,
	0x000001d1,0x000001f4,0x0003003e,0x000001ff,0x000001fe,0x00050041,0x00000046,0x00000201,
	0x00000064,0x000000a7,0x0004003d,0x00000008,0x00000202,0x00000201,0x00050085,0x00000008,
	0x00000203,0x000001e4,0x00000202,0x00050041,0x00000046,0x00000204,0x00000064,0x000000ce,
	0x0004003d,0x00000008,0x00000205,0x00000204,0x00050085,0x00000008,0x00000206,0x00000203,
	0x00000205,0x00050041,0x00000046,0x00000207,0x000001d1,0x00000200,0x0003003e,0x00000207,
	0x00000206,0x00050041,0x00000046,0x0000020a,0x00000064,0x000000a7,0x0004003d,0x00000008,
	0x0000020b,0x0000020a,0x00050041,0x00000046,0x0000020c,0x00000064,0x000000a7,0x0004003d,
	0x00000008,0x0000020d,0x0000020c,0x00050085,0x00000008,0x0000020e,0x0000020b,0x0000020d,
	0x00050041,0x00000046,0x0000020f,0x00000064,0x000000c7,0x0004003d,0x00000008,0x00000210,
	0x0000020f,0x00050041,0x00000046,0x00000211,0x00000064,0x000000c7,0x0004003d,0x00000008,
	0x00000212,0x00000211,0x00050085,0x00000008,0x00000213,0x00000210,0x00000212,0x00050083,
	0x00000008,0x00000214,0x0000020e,0x00000213,0x00050085,0x00000008,0x00000215,0x00000209,
	0x00000214,0x00050041,0x00000046,0x00000216,0x000001d1,0x00000208,0x0003003e,0x00000216,
	0x00000215,0x0003003e,0x00000217,0x00000218,0x0003003e,0x00000219,0x000000a7,0x000200f9,
	0x0000021a,0x000200f8,0x0000021a,0x000400f6,0x0000021c,0x0000021d,0x00000000,0x000200f9,
	0x0000021e,0x000200f8,0x0000021e,0x0004003d,0x00000006,0x0000021f,0x00000219,0x000500b0,
	0x00000096,0x00000220,0x0000021f,0x000001ce,0x000400fa,0x00000220,0x0000021b,0x0000021c,
	0x000200f8,0x0000021b,0x0004003d,0x00000006,0x00000221,0x00000219,0x00050041,0x00000046,
	0x00000222,0x000001d1,0x00000221,0x0004003d,0x00000008,0x00000223,0x00000222,0x0004003d,
	0x00000006,0x00000224,0x00000219,0x00050084,0x00000006,0x00000225,0x00000224,0x000000d8,
	0x00050080,0x00000006,0x00000226,0x00000225,0x000000a7,0x0004003d,0x00000006,0x00000228,
	0x00000063,0x0003003e,0x00000227,0x00000228,0x0003003e,0x00000229,0x00000226,0x00060039,
	0x00000008,0x0000022a,0x00000060,0x00000227,0x00000229,0x0004003d,0x00000006,0x0000022b,
	0x00000219,0x00050084,0x00000006,0x0000022c,0x0000022b,0x000000d8,0x00050080,0x00000006,
	0x0000022d,0x0000022c,0x000000c7,0x0004003d,0x00000006,0x0000022f,0x00000063,0x0003003e,
	0x0000022e,0x0000022f,0x0003003e,0x00000230,0x0000022d,0x00060039,0x00000008,0x00000231,
	0x00000060,0x0000022e,0x00000230,0x0004003d,0x00000006,0x00000232,0x00000219,0x00050084,
	0x00000006,0x00000233,0x00000232,0x000000d8,0x00050080,0x00000006,0x00000234,0x00000233,
	0x000000ce,0x0004003d,0x00000006,0x00000236,0x00000063,0x0003003e,0x00000235,0x00000236,
	0x0003003e,0x00000237,0x00000234,0x00060039,0x00000008,0x00000238,0x00000060,0x00000235,
	0x00000237,0x00060050,0x00000012,0x00000239,0x0000022a,0x00000231,0x00000238,0x0005008e,
	0x00000012,0x0000023a,0x00000239,0x00000223,0x0004003d,0x00000012,0x0000023b,0x00000217,
	0x00050081,0x00000012,0x0000023c,0x0000023b,0x0000023a,0x0003003e,0x00000217,0x0000023c,
	0x000200f9,0x0000021d,0x000200f8,0x0000021d,0x0004003d,0x00000006,0x0000023d,0x00000219,
	0x00050080,0x00000006,0x0000023e,0x0000023d,0x00000151,0x0003003e,0x00000219,0x0000023e,
	0x000200f9,0x0000021a,0x000200f8,0x0000021c,0x0004003d,0x00000012,0x0000023f,0x00000217,
	0x0007000c,0x00000012,0x00000240,0x00000001,0x00000028,0x0000023f,0x00000218,0x000200fe,
	0x00000240,0x00010038,0x00050036,0x00000012,0x00000069,0x00000000,0x00000067,0x00030037,
	0x00000007,0x00000068,0x000200f8,0x0000006a,0x0004003b,0x00000007,0x0000024b,0x00000007,
	0x0004003d,0x00000006,0x00000243,0x00000068,0x000500aa,0x00000096,0x00000245,0x00000243,
	0x00000244,0x000300f7,0x00000247,0x00000000,0x000400fa,0x00000245,0x00000246,0x00000247,
	0x000200f8,0x00000246,0x000200fe,0x00000249,0x000200f8,0x00000247,0x0004003d,0x00000006,
	0x0000024c,0x00000068,0x00050080,0x00000006,0x0000024d,0x0000024c,0x000000c7,0x00050084,
	0x00000006,0x0000024f,0x0000024d,0x0000024e,0x0003003e,0x0000024b,0x0000024f,0x0004003d,
	0x00000006,0x00000250,0x0000024b,0x000500c7,0x00000006,0x00000252,0x00000250,0x00000251,
	0x00040070,0x00000008,0x00000253,0x00000252,0x0004003d,0x00000006,0x00000254,0x0000024b,
	0x000500c2,0x00000006,0x00000255,0x00000254,0x00000208,0x000500c7,0x00000006,0x00000256,
	0x00000255,0x00000251,0x00040070,0x00000008,0x00000257,0x00000256,0x0004003d,0x00000006,
	0x00000258,0x0000024b,0x000500c2,0x00000006,0x00000259,0x00000258,0x00000158,0x000500c7,
	0x00000006,0x0000025a,0x00000259,0x00000251,0x00040070,0x00000008,0x0000025b,0x0000025a,
	0x00060050,0x00000012,0x0000025c,0x00000253,0x00000257,0x0000025b,0x0005008e,0x00000012,
	0x0000025e,0x0000025c,0x0000025d,0x000200fe,0x0000025e,0x00010038,0x00050036,0x00000012,
	0x0000006d,0x00000000,0x0000006b,0x00030037,0x00000057,0x0000006c,0x000200f8,0x0000006e,
	0x0004003b,0x00000057,0x00000265,0x00000007,0x0004003b,0x00000057,0x00000269,0x00000007,
	0x0004003d,0x00000012,0x00000261,0x0000006c,0x00060050,0x00000012,0x00000262,0x000000a0,
	0x000000a0,0x000000a0,0x00060050,0x00000012,0x00000263,0x0000009e,0x0000009e,0x0000009e,
	0x0008000c,0x00000012,0x00000264,0x00000001,0x0000002b,0x00000261,0x00000262,0x00000263,
	0x0003003e,0x0000006c,0x00000264,0x0004003d,0x00000012,0x00000266,0x0000006c,0x0005008e,
	0x00000012,0x00000268,0x00000266,0x00000267,0x0003003e,0x00000265,0x00000268,0x0004003d,
	0x00000012,0x0000026b,0x0000006c,0x0007000c,0x00000012,0x0000026e,0x00000001,0x0000001a,
	0x0000026b,0x0000026d,0x0005008e,0x00000012,0x0000026f,0x0000026e,0x0000026a,0x00060050,
	0x00000012,0x00000271,0x00000270,0x00000270,0x00000270,0x00050083,0x00000012,0x00000272,
	0x0000026f,0x00000271,0x0003003e,0x00000269,0x00000272,0x0004003d,0x00000012,0x00000273,
	0x00000265,0x0004003d,0x00000012,0x00000274,0x00000269,0x0004003d,0x00000012,0x00000275,
	0x0000006c,0x000500ba,0x00000278,0x00000279,0x00000275,0x00000277,0x000600a9,0x00000012,
	0x0000027a,0x00000279,0x00000274,0x00000273,0x000200fe,0x0000027a,0x00010038,0x00050036,
	0x00000012,0x00000070,0x00000000,0x0000006b,0x00030037,0x00000057,0x0000006f,0x000200f8,
	0x00000071,0x0004003b,0x00000057,0x00000281,0x00000007,0x0004003b,0x00000057,0x00000285,
	0x00000007,0x0004003d,0x00000012,0x0000027d,0x0000006f,0x00060050,0x00000012,0x0000027e,
	0x000000a0,0x000000a0,0x000000a0,0x00060050,0x00000012,0x0000027f,0x0000009e,0x0000009e,
	0x0000009e,0x0008000c,0x00000012,0x00000280,0x00000001,0x0000002b,0x0000027d,0x0000027e,
	0x0000027f,0x0003003e,0x0000006f,0x00000280,0x0004003d,0x00000012,0x00000282,0x0000006f,
	0x0005008e,0x00000012,0x00000284,0x00000282,0x00000283,0x0003003e,0x00000281,0x00000284,
	0x0004003d,0x00000012,0x00000286,0x0000006f,0x00060050,0x00000012,0x00000287,0x00000270,
	0x00000270,0x00000270,0x00050081,0x00000012,0x00000288,0x00000286,0x00000287,0x0005008e,
	0x00000012,0x0000028a,0x00000288,0x00000289,0x0007000c,0x00000012,0x0000028d,0x00000001,
	0x0000001a,0x0000028a,0x0000028c,0x0003003e,0x00000285,0x0000028d,0x0004003d,0x00000012,
	0x0000028e,0x00000281,0x0004003d,0x00000012,0x0000028f,0x00000285,0x0004003d,0x00000012,
	0x00000290,0x0000006f,0x000500ba,0x00000278,0x00000293,0x00000290,0x00000292,0x000600a9,
	0x00000012,0x00000294,0x00000293,0x0000028f,0x0000028e,0x000200fe,0x00000294,0x00010038,
	0x00050036,0x00000008,0x00000076,0x00000000,0x00000073,0x00030037,0x00000046,0x00000074,
	0x00030037,0x00000072,0x00000075,0x000200f8,0x00000077,0x0004003b,0x00000046,0x000002a5,
	0x00000007,0x0004003b,0x00000046,0x000002a8,0x00000007,0x0004003b,0x00000046,0x000002b0,
	0x00000007,0x0004003d,0x00000047,0x00000297,0x00000075,0x000500aa,0x00000096,0x00000298,
	0x00000297,0x000000bc,0x0004003d,0x00000047,0x00000299,0x00000075,0x000500aa,0x00000096,
	0x0000029a,0x00000299,0x000001de,0x000500a6,0x00000096,0x0000029b,0x00000298,0x0000029a,
	0x000300f7,0x0000029d,0x00000000,0x000400fa,0x0000029b,0x0000029c,0x0000029d,0x000200f8,
	0x0000029c,0x0004003d,0x00000008,0x0000029e,0x00000074,0x0008000c,0x00000008,0x0000029f,
	0x00000001,0x0000002b,0x0000029e,0x000000a0,0x0000009e,0x000200fe,0x0000029f,0x000200f8,
	0x0000029d,0x0004003d,0x00000047,0x000002a1,0x00000075,0x000500aa,0x00000096,0x000002a2,
	0x000002a1,0x000001d9,0x000300f7,0x000002a4,0x00000000,0x000400fa,0x000002a2,0x000002a3,
	0x000002a4,0x000200f8,0x000002a3,0x0004003d,0x00000008,0x000002a6,0x00000074,0x0006000c,
	0x00000008,0x000002a7,0x00000001,0x00000008,0x000002a6,0x0003003e,0x000002a5,0x000002a7,
	0x0004003d,0x00000008,0x000002a9,0x00000074,0x0004003d,0x00000008,0x000002aa,0x000002a5,
	0x00050083,0x00000008,0x000002ab,0x000002a9,0x000002aa,0x0003003e,0x000002a8,0x000002ab,
	0x0004003d,0x00000008,0x000002ac,0x000002a5,0x0004006e,0x00000047,0x000002ad,0x000002ac,
	0x000500c7,0x00000047,0x000002ae,0x000002ad,0x00000151,0x000500ab,0x00000096,0x000002af,
	0x000002ae,0x000000bc,0x000300f7,0x000002b2,0x00000000,0x000400fa,0x000002af,0x000002b1,
	0x000002b5,0x000200f8,0x000002b1,0x0004003d,0x00000008,0x000002b3,0x000002a8,0x00050083,
	0x00000008,0x000002b4,0x0000009e,0x000002b3,0x0003003e,0x000002b0,0x000002b4,0x000200f9,
	0x000002b2,0x000200f8,0x000002b5,0x0004003d,0x00000008,0x000002b6,0x000002a8,0x0003003e,
	0x000002b0,0x000002b6,0x000200f9,0x000002b2,0x000200f8,0x000002b2,0x0004003d,0x00000008,
	0x000002b7,0x000002b0,0x000200fe,0x000002b7,0x000200f8,0x000002a4,0x0004003d,0x00000008,
	0x000002b9,0x00000074,0x0006000c,0x00000008,0x000002ba,0x00000001,0x0000000a,0x000002b9,
	0x000200fe,0x000002ba,0x00010038,0x00050036,0x00000020,0x00000080,0x00000000,0x0000007c,
	0x00030037,0x0000007b,0x0000007d,0x00030037,0x00000072,0x0000007e,0x00030037,0x00000072,
	0x0000007f,0x000200f8,0x00000081,0x0004003b,0x00000007,0x000002bd,0x00000007,0x0004003b,
	0x00000083,0x000002d0,0x00000007,0x0004003b,0x00000057,0x000002d8,0x00000007,0x00050041,
	0x00000072,0x000002c2,0x0000007d,0x000000bc,0x0004003d,0x00000047,0x000002c3,0x000002c2,
	0x00050087,0x00000047,0x000002c4,0x000002c3,0x000001e3,0x0004003d,0x00000047,0x000002c5,
	0x0000007f,0x00050041,0x00000072,0x000002c6,0x0000007d,0x00000151,0x0004003d,0x00000047,
	0x000002c7,0x000002c6,0x00050084,0x00000047,0x000002c8,0x000002c5,0x000002c7,0x0004003d,
	0x00000047,0x000002c9,0x0000007e,0x00050080,0x00000047,0x000002ca,0x000002c8,0x000002c9,
	0x00050080,0x00000047,0x000002cb,0x000002c4,0x000002ca,0x0004007c,0x00000006,0x000002cc,
	0x000002cb,0x00060041,0x000002cd,0x000002ce,0x000002c1,0x000000bc,0x000002cc,0x0004003d,
	0x00000006,0x000002cf,0x000002ce,0x0003003e,0x000002bd,0x000002cf,0x0004003d,0x00000006,
	0x000002d1,0x000002bd,0x0006000c,0x00000020,0x000002d2,0x00000001,0x00000040,0x000002d1,
	0x0003003e,0x000002d0,0x000002d2,0x00050041,0x00000072,0x000002d3,0x0000007d,0x000001ec,
	0x0004003d,0x00000047,0x000002d4,0x000002d3,0x000500ab,0x00000096,0x000002d5,0x000002d4,
	0x000000bc,0x000300f7,0x000002d7,0x00000000,0x000400fa,0x000002d5,0x000002d6,0x000002d7,
	0x000200f8,0x000002d6,0x0004003d,0x00000020,0x000002d9,0x000002d0,0x0008004f,0x00000012,
	0x000002da,0x000002d9,0x000002d9,0x00000000,0x00000001,0x00000002,0x0003003e,0x000002d8,
	0x000002da,0x00050039,0x00000012,0x000002db,0x00000070,0x000002d8,0x00050041,0x00000046,
	0x000002dc,0x000002d0,0x000000a7,0x00050051,0x00000008,0x000002dd,0x000002db,0x00000000,
	0x0003003e,0x000002dc,0x000002dd,0x00050041,0x00000046,0x000002de,0x000002d0,0x000000c7,
	0x00050051,0x00000008,0x000002df,0x000002db,0x00000001,0x0003003e,0x000002de,0x000002df,
	0x00050041,0x00000046,0x000002e0,0x000002d0,0x000000ce,0x00050051,0x00000008,0x000002e1,
	0x000002db,0x00000002,0x0003003e,0x000002e0,0x000002e1,0x000200f9,0x000002d7,0x000200f8,
	0x000002d7,0x0004003d,0x00000020,0x000002e2,0x000002d0,0x000200fe,0x000002e2,0x00010038,
	0x00050036,0x00000020,0x00000088,0x00000000,0x00000084,0x00030037,0x00000072,0x00000085,
	0x00030037,0x00000082,0x00000086,0x00030037,0x00000083,0x00000087,0x000200f8,0x00000089,
	0x0004003b,0x0000007b,0x000002f9,0x00000007,0x0004003b,0x00000305,0x00000306,0x00000007,
	0x0004003b,0x00000072,0x0000030a,0x00000007,0x0004003b,0x00000072,0x0000031c,0x00000007,
	0x0004003b,0x00000082,0x00000342,0x00000007,0x0004003b,0x00000046,0x00000343,0x00000007,
	0x0004003b,0x00000072,0x00000346,0x00000007,0x0004003b,0x00000046,0x0000034a,0x00000007,
	0x0004003b,0x00000072,0x0000034d,0x00000007,0x0004003b,0x00000305,0x0000035c,0x00000007,
	0x0004003b,0x00000305,0x00000360,0x00000007,0x0004003b,0x00000082,0x0000036c,0x00000007,
	0x0004003b,0x00000083,0x0000036f,0x00000007,0x0004003b,0x0000007b,0x00000370,0x00000007,
	0x0004003b,0x00000072,0x00000372,0x00000007,0x0004003b,0x00000072,0x00000375,0x00000007,
	0x0004003b,0x0000007b,0x00000379,0x00000007,0x0004003b,0x00000072,0x0000037b,0x00000007,
	0x0004003b,0x00000072,0x0000037e,0x00000007,0x0004003b,0x00000083,0x00000386,0x00000007,
	0x0004003b,0x0000007b,0x00000387,0x00000007,0x0004003b,0x00000072,0x00000389,0x00000007,
	0x0004003b,0x00000072,0x0000038c,0x00000007,0x0004003b,0x0000007b,0x00000390,0x00000007,
	0x0004003b,0x00000072,0x00000392,0x00000007,0x0004003b,0x00000072,0x00000395,0x00000007,
	0x0004003d,0x00000047,0x000002e5,0x00000085,0x000500b1,0x00000096,0x000002e6,0x000002e5,
	0x000000bc,0x000400a8,0x00000096,0x000002e7,0x000002e6,0x000300f7,0x000002e9,0x00000000,
	0x000400fa,0x000002e7,0x000002e8,0x000002e9,0x000200f8,0x000002e8,0x0004003d,0x00000047,
	0x000002ea,0x00000085,0x00050044,0x00000006,0x000002f1,0x000002f0,0x00000000,0x0004007c,
	0x00000047,0x000002f2,0x000002f1,0x000500af,0x00000096,0x000002f3,0x000002ea,0x000002f2,
	0x000200f9,0x000002e9,0x000200f8,0x000002e9,0x000700f5,0x00000096,0x000002f4,0x000002e6,
	0x00000089,0x000002f3,0x000002e8,0x000300f7,0x000002f6,0x00000000,0x000400fa,0x000002f4,
	0x000002f5,0x000002f6,0x000200f8,0x000002f5,0x0004003d,0x00000020,0x000002f7,0x00000087,
	0x000200fe,0x000002f7,0x000200f8,0x000002f6,0x0004003d,0x00000047,0x000002fa,0x00000085,
	0x00060041,0x000002fb,0x000002fc,0x000002f0,0x000000bc,0x000002fa,0x0004003d,0x000002ec,
	0x000002fd,0x000002fc,0x00040190,0x0000007a,0x000002fe,0x000002fd,0x0003003e,0x000002f9,
	0x000002fe,0x00050041,0x00000072,0x000002ff,0x000002f9,0x000001f4,0x0004003d,0x00000047,
	0x00000300,0x000002ff,0x000500ab,0x00000096,0x00000301,0x00000300,0x000000bc,0x000300f7,
	0x00000303,0x00000000,0x000400fa,0x00000301,0x00000302,0x00000303,0x000200f8,0x00000302,
	0x0004003d,0x00000026,0x00000307,0x00000086,0x0006000c,0x00000026,0x00000308,0x00000001,
	0x00000008,0x00000307,0x0004006e,0x00000304,0x00000309,0x00000308,0x0003003e,0x00000306,
	0x00000309,0x00050041,0x00000072,0x0000030b,0x00000306,0x000000a7,0x0004003d,0x00000047,
	0x0000030c,0x0000030b,0x00050041,0x00000072,0x0000030d,0x00000306,0x000000c7,0x0004003d,
	0x00000047,0x0000030e,0x0000030d,0x00050084,0x00000047,0x00000310,0x0000030e,0x0000030f,
	0x00050080,0x00000047,0x00000311,0x0000030c,0x00000310,0x0003003e,0x0000030a,0x00000311,
	0x0004003d,0x00000047,0x00000312,0x0000030a,0x000500b1,0x00000096,0x00000313,0x00000312,
	0x000000bc,0x0004003d,0x00000047,0x00000314,0x0000030a,0x000500af,0x00000096,0x00000316,
	0x00000314,0x00000315,0x000500a6,0x00000096,0x00000317,0x00000313,0x00000316,0x000300f7,
	0x00000319,0x00000000,0x000400fa,0x00000317,0x00000318,0x00000319,0x000200f8,0x00000318,
	0x0004003d,0x00000020,0x0000031a,0x00000087,0x000200fe,0x0000031a,0x000200f8,0x00000319,
	0x0004003d,0x00000047,0x0000031d,0x0000030a,0x00060041,0x00000072,0x0000031e,0x000002f9,
	0x00000200,0x0000031d,0x0004003d,0x00000047,0x0000031f,0x0000031e,0x0003003e,0x0000031c,
	0x0000031f,0x0004003d,0x00000047,0x00000320,0x0000031c,0x000500b1,0x00000096,0x00000321,
	0x00000320,0x000000bc,0x000400a8,0x00000096,0x00000322,0x00000321,0x000300f7,0x00000324,
	0x00000000,0x000400fa,0x00000322,0x00000323,0x00000324,0x000200f8,0x00000323,0x0004003d,
	0x00000047,0x00000325,0x0000031c,0x00050044,0x00000006,0x00000326,0x000002f0,0x00000000,
	0x0004007c,0x00000047,0x00000327,0x00000326,0x000500af,0x00000096,0x00000328,0x00000325,
	0x00000327,0x000200f9,0x00000324,0x000200f8,0x00000324,0x000700f5,0x00000096,0x00000329,
	0x00000321,0x00000319,0x00000328,0x00000323,0x000300f7,0x0000032b,0x00000000,0x000400fa,
	0x00000329,0x0000032a,0x0000032b,0x000200f8,0x0000032a,0x0004003d,0x00000020,0x0000032c,
	0x00000087,0x000200fe,0x0000032c,0x000200f8,0x0000032b,0x0004003d,0x00000047,0x0000032e,
	0x0000031c,0x00060041,0x000002fb,0x0000032f,0x000002f0,0x000000bc,0x0000032e,0x0004003d,
	0x000002ec,0x00000330,0x0000032f,0x00040190,0x0000007a,0x00000331,0x00000330,0x0003003e,
	0x000002f9,0x00000331,0x0004003d,0x00000026,0x00000332,0x00000086,0x0006000c,0x00000026,
	0x00000333,0x00000001,0x0000000a,0x00000332,0x0003003e,0x00000086,0x00000333,0x000200f9,
	0x00000303,0x000200f8,0x00000303,0x00050041,0x00000072,0x00000334,0x000002f9,0x00000151,
	0x0004003d,0x00000047,0x00000335,0x00000334,0x000500b3,0x00000096,0x00000336,0x00000335,
	0x000000bc,0x000400a8,0x00000096,0x00000337,0x00000336,0x000300f7,0x00000339,0x00000000,
	0x000400fa,0x00000337,0x00000338,0x00000339,0x000200f8,0x00000338,0x00050041,0x00000072,
	0x0000033a,0x000002f9,0x000001d9,0x0004003d,0x00000047,0x0000033b,0x0000033a,0x000500b3,
	0x00000096,0x0000033c,0x0000033b,0x000000bc,0x000200f9,0x00000339,0x000200f8,0x00000339,
	0x000700f5,0x00000096,0x0000033d,0x00000336,0x00000303,0x0000033c,0x00000338,0x000300f7,
	0x0000033f,0x00000000,0x000400fa,0x0000033d,0x0000033e,0x0000033f,0x000200f8,0x0000033e,
	0x0004003d,0x00000020,0x00000340,0x00000087,0x000200fe,0x00000340,0x000200f8,0x0000033f,
	0x00050041,0x00000046,0x00000344,0x00000086,0x000000a7,0x0004003d,0x00000008,0x00000345,
	0x00000344,0x0003003e,0x00000343,0x00000345,0x00050041,0x00000072,0x00000347,0x000002f9,
	0x000001de,0x0004003d,0x00000047,0x00000348,0x00000347,0x0003003e,0x00000346,0x00000348,
	0x00060039,0x00000008,0x00000349,0x00000076,0x00000343,0x00000346,0x00050041,0x00000046,
	0x0000034b,0x00000086,0x000000c7,0x0004003d,0x00000008,0x0000034c,0x0000034b,0x0003003e,
	0x0000034a,0x0000034c,0x00050041,0x00000072,0x0000034e,0x000002f9,0x000001e3,0x0004003d,
	0x00000047,0x0000034f,0x0000034e,0x0003003e,0x0000034d,0x0000034f,0x00060039,0x00000008,
	0x00000350,0x00000076,0x0000034a,0x0000034d,0x00050050,0x00000026,0x00000351,0x00000349,
	0x00000350,0x00050041,0x00000072,0x00000352,0x000002f9,0x00000151,0x0004003d,0x00000047,
	0x00000353,0x00000352,0x00050082,0x00000047,0x00000354,0x00000353,0x00000151,0x0004006f,
	0x00000008,0x00000355,0x00000354,0x00050041,0x00000072,0x00000356,0x000002f9,0x000001d9,
	0x0004003d,0x00000047,0x00000357,0x00000356,0x00050082,0x00000047,0x00000358,0x00000357,
	0x00000151,0x0004006f,0x00000008,0x00000359,0x00000358,0x00050050,0x00000026,0x0000035a,
	0x00000355,0x00000359,0x00050085,0x00000026,0x0000035b,0x00000351,0x0000035a,0x0003003e,
	0x00000342,0x0000035b,0x0004003d,0x00000026,0x0000035d,0x00000342,0x0006000c,0x00000026,
	0x0000035e,0x00000001,0x00000008,0x0000035d,0x0004006e,0x00000304,0x0000035f,0x0000035e,
	0x0003003e,0x0000035c,0x0000035f,0x0004003d,0x00000304,0x00000361,0x0000035c,0x00050080,
	0x00000304,0x00000363,0x00000361,0x00000362,0x00050041,0x00000072,0x00000364,0x000002f9,
	0x00000151,0x0004003d,0x00000047,0x00000365,0x00000364,0x00050082,0x00000047,0x00000366,
	0x00000365,0x00000151,0x00050041,0x00000072,0x00000367,0x000002f9,0x000001d9,0x0004003d,
	0x00000047,0x00000368,0x00000367,0x00050082,0x00000047,0x00000369,0x00000368,0x00000151,
	0x00050050,0x00000304,0x0000036a,0x00000366,0x00000369,0x0007000c,0x00000304,0x0000036b,
	0x00000001,0x00000027,0x00000363,0x0000036a,0x0003003e,0x00000360,0x0000036b,0x0004003d,
	0x00000026,0x0000036d,0x00000342,0x0006000c,0x00000026,0x0000036e,0x00000001,0x0000000a,
	0x0000036d,0x0003003e,0x0000036c,0x0000036e,0x0004003d,0x0000007a,0x00000371,0x000002f9,
	0x0003003e,0x00000370,0x00000371,0x00050041,0x00000072,0x00000373,0x0000035c,0x000000a7,
	0x0004003d,0x00000047,0x00000374,0x00000373,0x0003003e,0x00000372,0x00000374,0x00050041,
	0x00000072,0x00000376,0x0000035c,0x000000c7,0x0004003d,0x00000047,0x00000377,0x00000376,
	0x0003003e,0x00000375,0x00000377,0x00070039,0x00000020,0x00000378,0x00000080,0x00000370,
	0x00000372,0x00000375,0x0004003d,0x0000007a,0x0000037a,0x000002f9,0x0003003e,0x00000379,
	0x0000037a,0x00050041,0x00000072,0x0000037c,0x00000360,0x000000a7,0x0004003d,0x00000047,
	0x0000037d,0x0000037c,0x0003003e,0x0000037b,0x0000037d,0x00050041,0x00000072,0x0000037f,
	0x0000035c,0x000000c7,0x0004003d,0x00000047,0x00000380,0x0000037f,0x0003003e,0x0000037e,
	0x00000380,0x00070039,0x00000020,0x00000381,0x00000080,0x00000379,0x0000037b,0x0000037e,
	0x00050041,0x00000046,0x00000382,0x0000036c,0x000000a7,0x0004003d,0x00000008,0x00000383,
	0x00000382,0x00070050,0x00000020,0x00000384,0x00000383,0x00000383,0x00000383,0x00000383,
	0x0008000c,0x00000020,0x00000385,0x00000001,0x0000002e,0x00000378,0x00000381,0x00000384,
	0x0003003e,0x0000036f,0x00000385,0x0004003d,0x0000007a,0x00000388,0x000002f9,0x0003003e,
	0x00000387,0x00000388,0x00050041,0x00000072,0x0000038a,0x0000035c,0x000000a7,0x0004003d,
	0x00000047,0x0000038b,0x0000038a,0x0003003e,0x00000389,0x0000038b,0x00050041,0x00000072,
	0x0000038d,0x00000360,0x000000c7,0x0004003d,0x00000047,0x0000038e,0x0000038d,0x0003003e,
	0x0000038c,0x0000038e,0x00070039,0x00000020,0x0000038f,0x00000080,0x00000387,0x00000389,
	0x0000038c,0x0004003d,0x0000007a,0x00000391,0x000002f9,0x0003003e,0x00000390,0x00000391,
	0x00050041,0x00000072,0x00000393,0x00000360,0x000000a7,0x0004003d,0x00000047,0x00000394,
	0x00000393,0x0003003e,0x00000392,0x00000394,0x00050041,0x00000072,0x00000396,0x00000360,
	0x000000c7,0x0004003d,0x00000047,0x00000397,0x00000396,0x0003003e,0x00000395,0x00000397,
	0x00070039,0x00000020,0x00000398,0x00000080,0x00000390,0x00000392,0x00000395,0x00050041,
	0x00000046,0x00000399,0x0000036c,0x000000a7,0x0004003d,0x00000008,0x0000039a,0x00000399,
	0x00070050,0x00000020,0x0000039b,0x0000039a,0x0000039a,0x0000039a,0x0000039a,0x0008000c,
	0x00000020,0x0000039c,0x00000001,0x0000002e,0x0000038f,0x00000398,0x0000039b,0x0003003e,
	0x00000386,0x0000039c,0x0004003d,0x00000020,0x0000039d,0x0000036f,0x0004003d,0x00000020,
	0x0000039e,0x00000386,0x00050041,0x00000046,0x0000039f,0x0000036c,0x000000c7,0x0004003d,
	0x00000008,0x000003a0,0x0000039f,0x00070050,0x00000020,0x000003a1,0x000003a0,0x000003a0,
	0x000003a0,0x000003a0,0x0008000c,0x00000020,0x000003a2,0x00000001,0x0000002e,0x0000039d,
	0x0000039e,0x000003a1,0x000200fe,0x000003a2,0x00010038,0x00050036,0x00000008,0x0000008d,
	0x00000000,0x0000008a,0x00030037,0x00000083,0x0000008b,0x00030037,0x00000072,0x0000008c,
	0x000200f8,0x0000008e,0x0004003b,0x00000046,0x000003a7,0x00000007,0x0004003b,0x00000046,
	0x000003af,0x00000007,0x0004003b,0x00000046,0x000003b7,0x00000007,0x0004003d,0x00000047,
	0x000003a5,0x0000008c,0x000500aa,0x00000096,0x000003a6,0x000003a5,0x00000151,0x000300f7,
	0x000003a9,0x00000000,0x000400fa,0x000003a6,0x000003a8,0x000003ac,0x000200f8,0x000003a8,
	0x00050041,0x00000046,0x000003aa,0x0000008b,0x000000c7,0x0004003d,0x00000008,0x000003ab,
	0x000003aa,0x0003003e,0x000003a7,0x000003ab,0x000200f9,0x000003a9,0x000200f8,0x000003ac,
	0x0004003d,0x00000047,0x000003ad,0x0000008c,0x000500aa,0x00000096,0x000003ae,0x000003ad,
	0x000001d9,0x000300f7,0x000003b1,0x00000000,0x000400fa,0x000003ae,0x000003b0,0x000003b4,
	0x000200f8,0x000003b0,0x00050041,0x00000046,0x000003b2,0x0000008b,0x000000ce,0x0004003d,
	0x00000008,0x000003b3,0x000003b2,0x0003003e,0x000003af,0x000003b3,0x000200f9,0x000003b1,
	0x000200f8,0x000003b4,0x0004003d,0x00000047,0x000003b5,0x0000008c,0x000500aa,0x00000096,
	0x000003b6,0x000003b5,0x000001de,0x000300f7,0x000003b9,0x00000000,0x000400fa,0x000003b6,
	0x000003b8,0x000003bc,0x000200f8,0x000003b8,0x00050041,0x00000046,0x000003ba,0x0000008b,
	0x000000d8,0x0004003d,0x00000008,0x000003bb,0x000003ba,0x0003003e,0x000003b7,0x000003bb,
	0x000200f9,0x000003b9,0x000200f8,0x000003bc,0x00050041,0x00000046,0x000003bd,0x0000008b,
	0x000000a7,0x0004003d,0x00000008,0x000003be,0x000003bd,0x0003003e,0x000003b7,0x000003be,
	0x000200f9,0x000003b9,0x000200f8,0x000003b9,0x0004003d,0x00000008,0x000003bf,0x000003b7,
	0x0003003e,0x000003af,0x000003bf,0x000200f9,0x000003b1,0x000200f8,0x000003b1,0x0004003d,
	0x00000008,0x000003c0,0x000003af,0x0003003e,0x000003a7,0x000003c0,0x000200f9,0x000003a9,
	0x000200f8,0x000003a9,0x0004003d,0x00000008,0x000003c1,0x000003a7,0x000200fe,0x000003c1,
	0x00010038,0x00050036,0x00000026,0x00000094,0x00000000,0x0000008f,0x00030037,0x00000007,
	0x00000090,0x00030037,0x00000072,0x00000091,0x00030037,0x00000082,0x00000092,0x00030037,
	0x00000082,0x00000093,0x000200f8,0x00000095,0x0004003b,0x00000007,0x000003c4,0x00000007,
	0x0004003b,0x00000072,0x000003c8,0x00000007,0x0004003b,0x00000082,0x000003d6,0x00000007,
	0x0004003b,0x00000007,0x000003df,0x00000007,0x0004003d,0x00000006,0x000003c5,0x00000090,
	0x00050084,0x00000006,0x000003c7,0x000003c5,0x000003c6,0x0003003e,0x000003c4,0x000003c7,
	0x0004003d,0x00000006,0x000003cd,0x000003c4,0x00050080,0x00000006,0x000003cf,0x000003cd,
	0x000003ce,0x00060041,0x000003d0,0x000003d1,0x000003cc,0x000000bc,0x000003cf,0x0004003d,
	0x00000008,0x000003d2,0x000003d1,0x00050081,0x00000008,0x000003d4,0x000003d2,0x000003d3,
	0x0004006e,0x00000047,0x000003d5,0x000003d4,0x0003003e,0x000003c8,0x000003d5,0x0004003d,
	0x00000047,0x000003d7,0x000003c8,0x0004003d,0x00000047,0x000003d8,0x00000091,0x000500c4,
	0x00000047,0x000003d9,0x00000151,0x000003d8,0x000500c7,0x00000047,0x000003da,0x000003d7,
	0x000003d9,0x000500ab,0x00000096,0x000003db,0x000003da,0x000000bc,0x0004003d,0x00000026,
	0x000003dc,0x00000093,0x0004003d,0x00000026,0x000003dd,0x00000092,0x000600a9,0x00000026,
	0x000003de,0x000003db,0x000003dc,0x000003dd,0x0003003e,0x000003d6,0x000003de,0x0004003d,
	0x00000006,0x000003e0,0x000003c4,0x0004003d,0x00000047,0x000003e1,0x00000091,0x00050084,
	0x00000047,0x000003e2,0x000003e1,0x000001f4,0x0004007c,0x00000006,0x000003e3,0x000003e2,
	0x00050080,0x00000006,0x000003e4,0x000003e0,0x000003e3,0x0003003e,0x000003df,0x000003e4,
	0x0004003d,0x00000006,0x000003e5,0x000003df,0x00050080,0x00000006,0x000003e6,0x000003e5,
	0x000000a7,0x00060041,0x000003d0,0x000003e7,0x000003cc,0x000000bc,0x000003e6,0x0004003d,
	0x00000008,0x000003e8,0x000003e7,0x00050041,0x00000046,0x000003e9,0x000003d6,0x000000a7,
	0x0004003d,0x00000008,0x000003ea,0x000003e9,0x00050085,0x00000008,0x000003eb,0x000003e8,
	0x000003ea,0x0004003d,0x00000006,0x000003ec,0x000003df,0x00050080,0x00000006,0x000003ed,
	0x000003ec,0x000000c7,0x00060041,0x000003d0,0x000003ee,0x000003cc,0x000000bc,0x000003ed,
	0x0004003d,0x00000008,0x000003ef,0x000003ee,0x00050041,0x00000046,0x000003f0,0x000003d6,
	0x000000c7,0x0004003d,0x00000008,0x000003f1,0x000003f0,0x00050085,0x00000008,0x000003f2,
	0x000003ef,0x000003f1,0x00050081,0x00000008,0x000003f3,0x000003eb,0x000003f2,0x0004003d,
	0x00000006,0x000003f4,0x000003df,0x00050080,0x00000006,0x000003f5,0x000003f4,0x000000ce,
	0x00060041,0x000003d0,0x000003f6,0x000003cc,0x000000bc,0x000003f5,0x0004003d,0x00000008,
	0x000003f7,0x000003f6,0x00050081,0x00000008,0x000003f8,0x000003f3,0x000003f7,0x0004003d,
	0x00000006,0x000003f9,0x000003df,0x00050080,0x00000006,0x000003fa,0x000003f9,0x000000d8,
	0x00060041,0x000003d0,0x000003fb,0x000003cc,0x000000bc,0x000003fa,0x0004003d,0x00000008,
	0x000003fc,0x000003fb,0x00050041,0x00000046,0x000003fd,0x000003d6,0x000000a7,0x0004003d,
	0x00000008,0x000003fe,0x000003fd,0x00050085,0x00000008,0x000003ff,0x000003fc,0x000003fe,
	0x0004003d,0x00000006,0x00000400,0x000003df,0x00050080,0x00000006,0x00000401,0x00000400,
	0x000000df,0x00060041,0x000003d0,0x00000402,0x000003cc,0x000000bc,0x00000401,0x0004003d,
	0x00000008,0x00000403,0x00000402,0x00050041,0x00000046,0x00000404,0x000003d6,0x000000c7,
	0x0004003d,0x00000008,0x00000405,0x00000404,0x00050085,0x00000008,0x00000406,0x00000403,
	0x00000405,0x00050081,0x00000008,0x00000407,0x000003ff,0x00000406,0x0004003d,0x00000006,
	0x00000408,0x000003df,0x00050080,0x00000006,0x00000409,0x00000408,0x000000e6,0x00060041,
	0x000003d0,0x0000040a,0x000003cc,0x000000bc,0x00000409,0x0004003d,0x00000008,0x0000040b,
	0x0000040a,0x00050081,0x00000008,0x0000040c,0x00000407,0x0000040b,0x00050050,0x00000026,
	0x0000040d,0x000003f8,0x0000040c,0x000200fe,0x0000040d,0x00010038,0x00050036,0x00000096,
	0x0000009b,0x00000000,0x00000097,0x00030037,0x00000007,0x00000098,0x00030037,0x00000072,
	0x00000099,0x00030037,0x00000082,0x0000009a,0x000200f8,0x0000009c,0x0004003b,0x00000411,
	0x00000412,0x00000007,0x0004003b,0x0000041f,0x00000420,0x00000007,0x0004003b,0x00000007,
	0x0000042c,0x00000007,0x0004003b,0x00000007,0x00000432,0x00000007,0x0004003b,0x00000046,
	0x0000044e,0x00000007,0x0004003b,0x00000011,0x00000462,0x00000007,0x0004003b,0x00000469,
	0x0000046a,0x00000007,0x0004003b,0x00000007,0x0000046e,0x00000007,0x0004003b,0x00000007,
	0x00000476,0x00000007,0x0004003b,0x00000007,0x0000047e,0x00000007,0x0004003b,0x00000046,
	0x00000486,0x00000007,0x0004003b,0x00000082,0x0000048d,0x00000007,0x0004003b,0x00000011,
	0x0000048e,0x00000007,0x0004003b,0x00000007,0x00000490,0x00000007,0x0004003b,0x00000011,
	0x00000495,0x00000007,0x0004003b,0x00000007,0x00000497,0x00000007,0x0004003b,0x00000011,
	0x0000049e,0x00000007,0x0004003b,0x00000007,0x000004a0,0x00000007,0x0004003b,0x00000082,
	0x000004a7,0x00000007,0x0004003b,0x0000002f,0x000004ae,0x00000007,0x0004003b,0x0000002f,
	0x000004b2,0x00000007,0x0004003b,0x00000007,0x000004b4,0x00000007,0x0004003b,0x0000002f,
	0x000004b9,0x00000007,0x0004003b,0x00000007,0x000004bb,0x00000007,0x0004003b,0x0000002f,
	0x000004c2,0x00000007,0x0004003b,0x00000007,0x000004c4,0x00000007,0x0004003b,0x00000007,
	0x000004cb,0x00000007,0x0004003b,0x00000007,0x000004ce,0x00000007,0x0004003b,0x00000083,
	0x000004d1,0x00000007,0x0004003b,0x00000007,0x000004d7,0x00000007,0x0004003b,0x00000072,
	0x000004d9,0x00000007,0x0004003b,0x00000082,0x000004da,0x00000007,0x0004003b,0x00000082,
	0x000004dc,0x00000007,0x0004003b,0x00000072,0x000004e0,0x00000007,0x0004003b,0x00000082,
	0x000004e4,0x00000007,0x0004003b,0x00000083,0x000004e5,0x00000007,0x0004003b,0x00000046,
	0x00000514,0x00000007,0x0004003b,0x00000072,0x00000520,0x00000007,0x0004003b,0x00000083,
	0x00000529,0x00000007,0x0004003b,0x00000007,0x0000052a,0x00000007,0x0004003b,0x00000072,
	0x0000052c,0x00000007,0x0004003b,0x00000082,0x0000052d,0x00000007,0x0004003b,0x00000082,
	0x0000052f,0x00000007,0x0004003b,0x00000072,0x00000532,0x00000007,0x0004003b,0x00000082,
	0x00000534,0x00000007,0x0004003b,0x00000083,0x00000535,0x00000007,0x0004003b,0x00000083,
	0x0000053e,0x00000007,0x0004003b,0x00000072,0x00000540,0x00000007,0x0004003b,0x0000001f,
	0x00000555,0x00000007,0x0004003b,0x0000001f,0x00000559,0x00000007,0x0004003b,0x00000007,
	0x0000055b,0x00000007,0x0004003b,0x0000001f,0x00000561,0x00000007,0x0004003b,0x00000007,
	0x00000563,0x00000007,0x0004003b,0x0000001f,0x0000056b,0x00000007,0x0004003b,0x00000007,
	0x0000056d,0x00000007,0x0004003d,0x00000006,0x00000418,0x00000098,0x00060041,0x00000419,
	0x0000041a,0x00000417,0x000000bc,0x00000418,0x0004003d,0x00000413,0x0000041b,0x0000041a,
	0x00040190,0x00000410,0x0000041c,0x0000041b,0x0003003e,0x00000412,0x0000041c,0x00050041,
	0x00000007,0x00000426,0x00000412,0x000000bc,0x0004003d,0x00000006,0x00000427,0x00000426,
	0x00060041,0x00000428,0x00000429,0x00000425,0x000000bc,0x00000427,0x0004003d,0x00000421,
	0x0000042a,0x00000429,0x00040190,0x0000041e,0x0000042b,0x0000042a,0x0003003e,0x00000420,
	0x0000042b,0x00050041,0x0000042d,0x0000042e,0x00000420,0x000001f4,0x0004003d,0x0000041d,
	0x0000042f,0x0000042e,0x000500ab,0x00000096,0x00000431,0x0000042f,0x00000430,0x000300f7,
	0x00000434,0x00000000,0x000400fa,0x00000431,0x00000433,0x0000043f,0x000200f8,0x00000433,
	0x00050041,0x0000042d,0x00000435,0x00000420,0x000001f4,0x0004003d,0x0000041d,0x00000436,
	0x00000435,0x00040078,0x00000437,0x0000043a,0x00000436,0x0004003d,0x00000047,0x0000043b,
	0x00000099,0x0004007c,0x00000006,0x0000043c,0x0000043b,0x00060041,0x0000014c,0x0000043d,
	0x0000043a,0x000000bc,0x0000043c,0x0006003d,0x00000006,0x0000043e,0x0000043d,0x00000002,
	0x00000004,0x0003003e,0x00000432,0x0000043e,0x000200f9,0x00000434,0x000200f8,0x0000043f,
	0x00050041,0x00000007,0x00000441,0x00000420,0x00000440,0x0004003d,0x00000006,0x00000442,
	0x00000441,0x0003003e,0x00000432,0x00000442,0x000200f9,0x00000434,0x000200f8,0x00000434,
	0x0004003d,0x00000006,0x00000443,0x00000432,0x0003003e,0x0000042c,0x00000443,0x00050041,
	0x00000007,0x00000444,0x00000412,0x00000151,0x0004003d,0x00000006,0x00000445,0x00000444,
	0x000500aa,0x00000096,0x00000446,0x00000445,0x000000a7,0x0004003d,0x00000006,0x00000447,
	0x0000042c,0x000500aa,0x00000096,0x00000448,0x00000447,0x00000244,0x000500a6,0x00000096,
	0x00000449,0x00000446,0x00000448,0x000300f7,0x0000044b,0x00000000,0x000400fa,0x00000449,
	0x0000044a,0x0000044b,0x000200f8,0x0000044a,0x000200fe,0x0000044c,0x000200f8,0x0000044b,
	0x0004003d,0x00000006,0x00000453,0x0000042c,0x00050084,0x00000006,0x00000454,0x00000453,
	0x000000d8,0x00050080,0x00000006,0x00000455,0x00000454,0x000000c7,0x00070041,0x000003d0,
	0x00000456,0x00000452,0x000000bc,0x00000455,0x000000ce,0x0004003d,0x00000008,0x00000457,
	0x00000456,0x0003003e,0x0000044e,0x00000457,0x0004003d,0x00000008,0x00000458,0x0000044e,
	0x000500ba,0x00000096,0x00000459,0x00000458,0x000003d3,0x0004003d,0x00000008,0x0000045a,
	0x0000044e,0x000500b8,0x00000096,0x0000045c,0x0000045a,0x0000045b,0x000500a7,0x00000096,
	0x0000045d,0x00000459,0x0000045c,0x000400a8,0x00000096,0x0000045e,0x0000045d,0x000300f7,
	0x00000460,0x00000000,0x000400fa,0x0000045e,0x0000045f,0x00000460,0x000200f8,0x0000045f,
	0x000200fe,0x0000044c,0x000200f8,0x00000460,0x00050041,0x0000042d,0x00000463,0x00000420,
	0x000000bc,0x0004003d,0x0000041d,0x00000464,0x00000463,0x00040078,0x0000000e,0x00000465,
	0x00000464,0x0003003e,0x00000462,0x00000465,0x00050041,0x0000042d,0x0000046b,0x00000420,
	0x00000151,0x0004003d,0x0000041d,0x0000046c,0x0000046b,0x00040078,0x00000466,0x0000046d,
	0x0000046c,0x0003003e,0x0000046a,0x0000046d,0x0004003d,0x00000466,0x0000046f,0x0000046a,
	0x0004003d,0x00000047,0x00000470,0x00000099,0x0004007c,0x00000006,0x00000471,0x00000470,
	0x00050084,0x00000006,0x00000472,0x00000471,0x000000d8,0x00050080,0x00000006,0x00000473,
	0x00000472,0x000000a7,0x00060041,0x0000014c,0x00000474,0x0000046f,0x000000bc,0x00000473,
	0x0006003d,0x00000006,0x00000475,0x00000474,0x00000002,0x00000004,0x0003003e,0x0000046e,
	0x00000475,0x0004003d,0x00000466,0x00000477,0x0000046a,0x0004003d,0x00000047,0x00000478,
	0x00000099,0x0004007c,0x00000006,0x00000479,0x00000478,0x00050084,0x00000006,0x0000047a,
	0x00000479,0x000000d8,0x00050080,0x00000006,0x0000047b,0x0000047a,0x000000c7,0x00060041,
	0x0000014c,0x0000047c,0x00000477,0x000000bc,0x0000047b,0x0006003d,0x00000006,0x0000047d,
	0x0000047c,0x00000002,0x00000004,0x0003003e,0x00000476,0x0000047d,0x0004003d,0x00000466,
	0x0000047f,0x0000046a,0x0004003d,0x00000047,0x00000480,0x00000099,0x0004007c,0x00000006,
	0x00000481,0x00000480,0x00050084,0x00000006,0x00000482,0x00000481,0x000000d8,0x00050080,
	0x00000006,0x00000483,0x00000482,0x000000ce,0x00060041,0x0000014c,0x00000484,0x0000047f,
	0x000000bc,0x00000483,0x0006003d,0x00000006,0x00000485,0x00000484,0x00000002,0x00000004,
	0x0003003e,0x0000047e,0x00000485,0x00050041,0x00000046,0x00000487,0x0000009a,0x000000a7,
	0x0004003d,0x00000008,0x00000488,0x00000487,0x00050083,0x00000008,0x00000489,0x0000009e,
	0x00000488,0x00050041,0x00000046,0x0000048a,0x0000009a,0x000000c7,0x0004003d,0x00000008,
	0x0000048b,0x0000048a,0x00050083,0x00000008,0x0000048c,0x00000489,0x0000048b,0x0003003e,
	0x00000486,0x0000048c,0x0004003d,0x0000000e,0x0000048f,0x00000462,0x0003003e,0x0000048e,
	0x0000048f,0x0004003d,0x00000006,0x00000491,0x0000046e,0x0003003e,0x00000490,0x00000491,
	0x00060039,0x00000026,0x00000492,0x0000002a,0x0000048e,0x00000490,0x0004003d,0x00000008,
	0x00000493,0x00000486,0x0005008e,0x00000026,0x00000494,0x00000492,0x00000493,0x0004003d,
	0x0000000e,0x00000496,0x00000462,0x0003003e,0x00000495,0x00000496,0x0004003d,0x00000006,
	0x00000498,0x00000476,0x0003003e,0x00000497,0x00000498,0x00060039,0x00000026,0x00000499,
	0x0000002a,0x00000495,0x00000497,0x00050041,0x00000046,0x0000049a,0x0000009a,0x000000a7,
	0x0004003d,0x00000008,0x0000049b,0x0000049a,0x0005008e,0x00000026,0x0000049c,0x00000499,
	0x0000049b,0x00050081,0x00000026,0x0000049d,0x00000494,0x0000049c,0x0004003d,0x0000000e,
	0x0000049f,0x00000462,0x0003003e,0x0000049e,0x0000049f,0x0004003d,0x00000006,0x000004a1,
	0x0000047e,0x0003003e,0x000004a0,0x000004a1,0x00060039,0x00000026,0x000004a2,0x0000002a,
	0x0000049e,0x000004a0,0x00050041,0x00000046,0x000004a3,0x0000009a,0x000000c7,0x0004003d,
	0x00000008,0x000004a4,0x000004a3,0x0005008e,0x00000026,0x000004a5,0x000004a2,0x000004a4,
	0x00050081,0x00000026,0x000004a6,0x0000049d,0x000004a5,0x0003003e,0x0000048d,0x000004a6,
	0x0004003d,0x00000026,0x000004a8,0x0000048d,0x0003003e,0x000004a7,0x000004a8,0x00050041,
	0x0000042d,0x000004a9,0x00000420,0x000001de,0x0004003d,0x0000041d,0x000004aa,0x000004a9,
	0x000500ab,0x00000096,0x000004ab,0x000004aa,0x00000430,0x000300f7,0x000004ad,0x00000000,
	0x000400fa,0x000004ab,0x000004ac,0x000004ad,0x000200f8,0x000004ac,0x00050041,0x0000042d,
	0x000004af,0x00000420,0x000001de,0x0004003d,0x0000041d,0x000004b0,0x000004af,0x00040078,
	0x0000002c,0x000004b1,0x000004b0,0x0003003e,0x000004ae,0x000004b1,0x0004003d,0x0000002c,
	0x000004b3,0x000004ae,0x0003003e,0x000004b2,0x000004b3,0x0004003d,0x00000006,0x000004b5,
	0x0000046e,0x0003003e,0x000004b4,0x000004b5,0x00060039,0x00000026,0x000004b6,0x00000033,
	0x000004b2,0x000004b4,0x0004003d,0x00000008,0x000004b7,0x00000486,0x0005008e,0x00000026,
	0x000004b8,0x000004b6,0x000004b7,0x0004003d,0x0000002c,0x000004ba,0x000004ae,0x0003003e,
	0x000004b9,0x000004ba,0x0004003d,0x00000006,0x000004bc,0x00000476,0x0003003e,0x000004bb,
	0x000004bc,0x00060039,0x00000026,0x000004bd,0x00000033,0x000004b9,0x000004bb,0x00050041,
	0x00000046,0x000004be,0x0000009a,0x000000a7,0x0004003d,0x00000008,0x000004bf,0x000004be,
	0x0005008e,0x00000026,0x000004c0,0x000004bd,0x000004bf,0x00050081,0x00000026,0x000004c1,
	0x000004b8,0x000004c0,0x0004003d,0x0000002c,0x000004c3,0x000004ae,0x0003003e,0x000004c2,
	0x000004c3,0x0004003d,0x00000006,0x000004c5,0x0000047e,0x0003003e,0x000004c4,0x000004c5,
	0x00060039,0x00000026,0x000004c6,0x00000033,0x000004c2,0x000004c4,0x00050041,0x00000046,
	0x000004c7,0x0000009a,0x000000c7,0x0004003d,0x00000008,0x000004c8,0x000004c7,0x0005008e,
	0x00000026,0x000004c9,0x000004c6,0x000004c8,0x00050081,0x00000026,0x000004ca,0x000004c1,
	0x000004c9,0x0003003e,0x000004a7,0x000004ca,0x000200f9,0x000004ad,0x000200f8,0x000004ad,
	0x0004003d,0x00000006,0x000004cc,0x0000042c,0x00050084,0x00000006,0x000004cd,0x000004cc,
	0x0000010b,0x0003003e,0x000004cb,0x000004cd,0x0004003d,0x00000006,0x000004cf,0x0000042c,
	0x00050084,0x00000006,0x000004d0,0x000004cf,0x000003c6,0x0003003e,0x000004ce,0x000004d0,
	0x0004003d,0x00000006,0x000004d6,0x000004cb,0x0004003d,0x00000006,0x000004d8,0x0000042c,
	0x0003003e,0x000004d7,0x000004d8,0x0003003e,0x000004d9,0x000000bc,0x0004003d,0x00000026,
	0x000004db,0x0000048d,0x0003003e,0x000004da,0x000004db,0x0004003d,0x00000026,0x000004dd,
	0x000004a7,0x0003003e,0x000004dc,0x000004dd,0x00080039,0x00000026,0x000004de,0x00000094,
	0x000004d7,0x000004d9,0x000004da,0x000004dc,0x00060041,0x000004e1,0x000004e2,0x000004d5,
	0x000000bc,0x000004d6,0x0004003d,0x00000047,0x000004e3,0x000004e2,0x0003003e,0x000004e0,
	0x000004e3,0x0003003e,0x000004e4,0x000004de,0x0003003e,0x000004e5,0x000004df,0x00070039,
	0x00000020,0x000004e6,0x00000088,0x000004e0,0x000004e4,0x000004e5,0x0003003e,0x000004d1,
	0x000004e6,0x0004003d,0x00000020,0x000004e7,0x000004d1,0x0004003d,0x00000006,0x000004e8,
	0x000004ce,0x00050080,0x00000006,0x000004ea,0x000004e8,0x000004e9,0x00060041,0x000003d0,
	0x000004eb,0x000003cc,0x000000bc,0x000004ea,0x0004003d,0x00000008,0x000004ec,0x000004eb,
	0x0004003d,0x00000006,0x000004ed,0x000004ce,0x00050080,0x00000006,0x000004ef,0x000004ed,
	0x000004ee,0x00060041,0x000003d0,0x000004f0,0x000003cc,0x000000bc,0x000004ef,0x0004003d,
	0x00000008,0x000004f1,0x000004f0,0x0004003d,0x00000006,0x000004f2,0x000004ce,0x00050080,
	0x00000006,0x000004f4,0x000004f2,0x000004f3,0x00060041,0x000003d0,0x000004f5,0x000003cc,
	0x000000bc,0x000004f4,0x0004003d,0x00000008,0x000004f6,0x000004f5,0x0004003d,0x00000006,
	0x000004f7,0x000004ce,0x00050080,0x00000006,0x000004f9,0x000004f7,0x000004f8,0x00060041,
	0x000003d0,0x000004fa,0x000003cc,0x000000bc,0x000004f9,0x0004003d,0x00000008,0x000004fb,
	0x000004fa,0x00070050,0x00000020,0x000004fc,0x000004ec,0x000004f1,0x000004f6,0x000004fb,
	0x00050085,0x00000020,0x000004fd,0x000004e7,0x000004fc,0x0004003d,0x00000006,0x000004fe,
	0x000004ce,0x00050080,0x00000006,0x00000500,0x000004fe,0x000004ff,0x00060041,0x000003d0,
	0x00000501,0x000003cc,0x000000bc,0x00000500,0x0004003d,0x00000008,0x00000502,0x00000501,
	0x0004003d,0x00000006,0x00000503,0x000004ce,0x00050080,0x00000006,0x00000505,0x00000503,
	0x00000504,0x00060041,0x000003d0,0x00000506,0x000003cc,0x000000bc,0x00000505,0x0004003d,
	0x00000008,0x00000507,0x00000506,0x0004003d,0x00000006,0x00000508,0x000004ce,0x00050080,
	0x00000006,0x0000050a,0x00000508,0x00000509,0x00060041,0x000003d0,0x0000050b,0x000003cc,
	0x000000bc,0x0000050a,0x0004003d,0x00000008,0x0000050c,0x0000050b,0x0004003d,0x00000006,
	0x0000050d,0x000004ce,0x00050080,0x00000006,0x0000050f,0x0000050d,0x0000050e,0x00060041,
	0x000003d0,0x00000510,0x000003cc,0x000000bc,0x0000050f,0x0004003d,0x00000008,0x00000511,
	0x00000510,0x00070050,0x00000020,0x00000512,0x00000502,0x00000507,0x0000050c,0x00000511,
	0x00050081,0x00000020,0x00000513,0x000004fd,0x00000512,0x0003003e,0x000004d1,0x00000513,
	0x0004003d,0x00000006,0x00000515,0x0000042c,0x00050084,0x00000006,0x00000516,0x00000515,
	0x000000d8,0x00050080,0x00000006,0x00000517,0x00000516,0x000000a7,0x00070041,0x000003d0,
	0x00000518,0x00000452,0x000000bc,0x00000517,0x000000d8,0x0004003d,0x00000008,0x00000519,
	0x00000518,0x00050041,0x00000046,0x0000051a,0x000004d1,0x000000d8,0x0004003d,0x00000008,
	0x0000051b,0x0000051a,0x00050085,0x00000008,0x0000051c,0x00000519,0x0000051b,0x00060041,
	0x00000046,0x0000051d,0x00000412,0x000001e3,0x000000d8,0x0004003d,0x00000008,0x0000051e,
	0x0000051d,0x00050085,0x00000008,0x0000051f,0x0000051c,0x0000051e,0x0003003e,0x00000514,
	0x0000051f,0x0004003d,0x00000006,0x00000521,0x000004cb,0x00050080,0x00000006,0x00000522,
	0x00000521,0x000000e6,0x00060041,0x000004e1,0x00000523,0x000004d5,0x000000bc,0x00000522,
	0x0004003d,0x00000047,0x00000524,0x00000523,0x0003003e,0x00000520,0x00000524,0x0004003d,
	0x00000047,0x00000525,0x00000520,0x000500af,0x00000096,0x00000526,0x00000525,0x000000bc,
	0x000300f7,0x00000528,0x00000000,0x000400fa,0x00000526,0x00000527,0x00000528,0x000200f8,
	0x00000527,0x0004003d,0x00000006,0x0000052b,0x0000042c,0x0003003e,0x0000052a,0x0000052b,
	0x0003003e,0x0000052c,0x000001ec,0x0004003d,0x00000026,0x0000052e,0x0000048d,0x0003003e,
	0x0000052d,0x0000052e,0x0004003d,0x00000026,0x00000530,0x000004a7,0x0003003e,0x0000052f,
	0x00000530,0x00080039,0x00000026,0x00000531,0x00000094,0x0000052a,0x0000052c,0x0000052d,
	0x0000052f,0x0004003d,0x00000047,0x00000533,0x00000520,0x0003003e,0x00000532,0x00000533,
	0x0003003e,0x00000534,0x00000531,0x0003003e,0x00000535,0x000004df,0x00070039,0x00000020,
	0x00000536,0x00000088,0x00000532,0x00000534,0x00000535,0x0003003e,0x00000529,0x00000536,
	0x0004003d,0x00000006,0x00000537,0x000004ce,0x00050080,0x00000006,0x00000539,0x00000537,
	0x00000538,0x00060041,0x000003d0,0x0000053a,0x000003cc,0x000000bc,0x00000539,0x0004003d,
	0x00000008,0x0000053b,0x0000053a,0x00050081,0x00000008,0x0000053c,0x0000053b,0x000003d3,
	0x0004006e,0x00000047,0x0000053d,0x0000053c,0x0004003d,0x00000020,0x0000053f,0x00000529,
	0x0003003e,0x0000053e,0x0000053f,0x0003003e,0x00000540,0x0000053d,0x00060039,0x00000008,
	0x00000541,0x0000008d,0x0000053e,0x00000540,0x0004003d,0x00000006,0x00000542,0x000004ce,
	0x00050080,0x00000006,0x00000544,0x00000542,0x00000543,0x00060041,0x000003d0,0x00000545,
	0x000003cc,0x000000bc,0x00000544,0x0004003d,0x00000008,0x00000546,0x00000545,0x00050085,
	0x00000008,0x00000547,0x00000541,0x00000546,0x0004003d,0x00000006,0x00000548,0x000004ce,
	0x00050080,0x00000006,0x0000054a,0x00000548,0x00000549,0x00060041,0x000003d0,0x0000054b,
	0x000003cc,0x000000bc,0x0000054a,0x0004003d,0x00000008,0x0000054c,0x0000054b,0x00050081,
	0x00000008,0x0000054d,0x00000547,0x0000054c,0x0004003d,0x00000008,0x0000054e,0x00000514,
	0x00050085,0x00000008,0x0000054f,0x0000054e,0x0000054d,0x0003003e,0x00000514,0x0000054f,
	0x000200f9,0x00000528,0x000200f8,0x00000528,0x00050041,0x0000042d,0x00000550,0x00000420,
	0x000001d9,0x0004003d,0x0000041d,0x00000551,0x00000550,0x000500ab,0x00000096,0x00000552,
	0x00000551,0x00000430,0x000300f7,0x00000554,0x00000000,0x000400fa,0x00000552,0x00000553,
	0x00000554,0x000200f8,0x00000553,0x00050041,0x0000042d,0x00000556,0x00000420,0x000001d9,
	0x0004003d,0x0000041d,0x00000557,0x00000556,0x00040078,0x0000001c,0x00000558,0x00000557,
	0x0003003e,0x00000555,0x00000558,0x0004003d,0x0000001c,0x0000055a,0x00000555,0x0003003e,
	0x00000559,0x0000055a,0x0004003d,0x00000006,0x0000055c,0x0000046e,0x0003003e,0x0000055b,
	0x0000055c,0x00060039,0x00000020,0x0000055d,0x00000024,0x00000559,0x0000055b,0x00050051,
	0x00000008,0x0000055e,0x0000055d,0x00000003,0x0004003d,0x00000008,0x0000055f,0x00000486,
	0x00050085,0x00000008,0x00000560,0x0000055e,0x0000055f,0x0004003d,0x0000001c,0x00000562,
	0x00000555,0x0003003e,0x00000561,0x00000562,0x0004003d,0x00000006,0x00000564,0x00000476,
	0x0003003e,0x00000563,0x00000564,0x00060039,0x00000020,0x00000565,0x00000024,0x00000561,
	0x00000563,0x00050051,0x00000008,0x00000566,0x00000565,0x00000003,0x00050041,0x00000046,
	0x00000567,0x0000009a,0x000000a7,0x0004003d,0x00000008,0x00000568,0x00000567,0x00050085,
	0x00000008,0x00000569,0x00000566,0x00000568,0x00050081,0x00000008,0x0000056a,0x00000560,
	0x00000569,0x0004003d,0x0000001c,0x0000056c,0x00000555,0x0003003e,0x0000056b,0x0000056c,
	0x0004003d,0x00000006,0x0000056e,0x0000047e,0x0003003e,0x0000056d,0x0000056e,0x00060039,
	0x00000020,0x0000056f,0x00000024,0x0000056b,0x0000056d,0x00050051,0x00000008,0x00000570,
	0x0000056f,0x00000003,0x00050041,0x00000046,0x00000571,0x0000009a,0x000000c7,0x0004003d,
	0x00000008,0x00000572,0x00000571,0x00050085,0x00000008,0x00000573,0x00000570,0x00000572,
	0x00050081,0x00000008,0x00000574,0x0000056a,0x00000573,0x0004003d,0x00000008,0x00000575,
	0x00000514,0x00050085,0x00000008,0x00000576,0x00000575,0x00000574,0x0003003e,0x00000514,
	0x00000576,0x000200f9,0x00000554,0x000200f8,0x00000554,0x0004003d,0x00000008,0x00000577,
	0x00000514,0x0004003d,0x00000006,0x00000578,0x0000042c,0x00050084,0x00000006,0x00000579,
	0x00000578,0x000000d8,0x00050080,0x00000006,0x0000057a,0x00000579,0x000000c7,0x00070041,
	0x000003d0,0x0000057b,0x00000452,0x000000bc,0x0000057a,0x000000d8,0x0004003d,0x00000008,
	0x0000057c,0x0000057b,0x000500be,0x00000096,0x0000057d,0x00000577,0x0000057c,0x000200fe,
	0x0000057d,0x00010038
};
