const uint32_t trace_materialx_path_spv[] = {
0x07230203,0x00010500,0x000d000b,0x00002559,
0x00000000,0x00020011,0x00000001,0x00020011,
0x00001178,0x0006000a,0x5f565053,0x5f52484b,
0x5f796172,0x72657571,0x00000079,0x0006000b,
0x00000001,0x4c534c47,0x6474732e,0x3035342e,
0x00000000,0x0003000e,0x00000000,0x00000001,
0x0012000f,0x00000005,0x00000004,0x6e69616d,
0x00000000,0x0000063e,0x00000722,0x00000810,
0x000013a4,0x000013a7,0x000013c5,0x000013dd,
0x000014e0,0x000014e9,0x000017d7,0x00001c08,
0x00001d98,0x00002546,0x00060010,0x00000004,
0x00000011,0x00000040,0x00000001,0x00000001,
0x00030003,0x00000002,0x000001cc,0x00060004,
0x455f4c47,0x725f5458,0x715f7961,0x79726575,
0x00000000,0x00080004,0x455f4c47,0x735f5458,
0x616c6163,0x6c625f72,0x5f6b636f,0x6f79616c,
0x00007475,0x000a0004,0x475f4c47,0x4c474f4f,
0x70635f45,0x74735f70,0x5f656c79,0x656e696c,
0x7269645f,0x69746365,0x00006576,0x00080004,
0x475f4c47,0x4c474f4f,0x6e695f45,0x64756c63,
0x69645f65,0x74636572,0x00657669,0x00040005,
0x00000004,0x6e69616d,0x00000000,0x00050005,
0x0000000a,0x68736168,0x31752855,0x0000003b,
0x00030005,0x00000009,0x00000078,0x00070005,
0x00000011,0x786c746d,0x6c746f52,0x75283233,
0x31693b31,0x0000003b,0x00030005,0x0000000f,
0x00000078,0x00030005,0x00000010,0x0000006b,
0x00080005,0x00000017,0x786c746d,0x69466a42,
0x286c616e,0x753b3175,0x31753b31,0x0000003b,
0x00030005,0x00000014,0x00000061,0x00030005,
0x00000015,0x00000062,0x00030005,0x00000016,
0x00000063,0x00080005,0x00000021,0x786c746d,
0x6c6c6543,0x73696f4e,0x69762865,0x31623b33,
0x0000003b,0x00030005,0x0000001f,0x00000070,
0x00040005,0x00000020,0x64337369,0x00000000,
0x00070005,0x00000028,0x786c746d,0x64617247,
0x31752832,0x3b31663b,0x003b3166,0x00040005,
0x00000025,0x68736168,0x00000000,0x00030005,
0x00000026,0x00000078,0x00030005,0x00000027,
0x00000079,0x00070005,0x0000002f,0x786c746d,
0x6c726550,0x28326e69,0x3b326676,0x003b3169,
0x00030005,0x0000002d,0x00000070,0x00040005,
0x0000002e,0x6e616863,0x006c656e,0x00090005,
0x00000035,0x786c746d,0x6c6c6543,0x6e616843,
0x286c656e,0x3b336976,0x693b3162,0x00003b31,
0x00030005,0x00000032,0x00000070,0x00030005,
0x00000033,0x00003364,0x00030005,0x00000034,
0x00006863,0x00090005,0x00000040,0x786c746d,
0x6c726f57,0x76287965,0x623b3366,0x31663b31,
0x3b31693b,0x003b3169,0x00030005,0x0000003b,
0x00000070,0x00030005,0x0000003c,0x00003364,
0x00040005,0x0000003d,0x7474696a,0x00007265,
0x00040005,0x0000003e,0x6c797473,0x00000065,
0x00050005,0x0000003f,0x6e616863,0x736c656e,
0x00000000,0x00080005,0x00000047,0x786c746d,
0x64617247,0x31752833,0x3b31663b,0x663b3166,
0x00003b31,0x00030005,0x00000043,0x00000068,
0x00030005,0x00000044,0x00000078,0x00030005,
0x00000045,0x00000079,0x00030005,0x00000046,
0x0000007a,0x00070005,0x0000004c,0x786c746d,
0x6c726550,0x28336e69,0x3b336676,0x003b3169,
0x00030005,0x0000004a,0x00000070,0x00040005,
0x0000004b,0x6e616863,0x006c656e,0x00090005,
0x00000052,0x786c746d,0x74746150,0x536e7265,
0x65706168,0x32667628,0x3b31663b,0x003b3169,
0x00030005,0x0000004f,0x00000070,0x00030005,
0x00000050,0x00000072,0x00040005,0x00000051,
0x646e696b,0x00000000,0x00090005,0x00000059,
0x786c746d,0x74746150,0x286e7265,0x3b326676,
0x623b3166,0x31693b31,0x0000003b,0x00030005,
0x00000055,0x00000070,0x00050005,0x00000056,
0x61726170,0x6574656d,0x00000072,0x00050005,
0x00000057,0x67617473,0x65726567,0x00000064,
0x00040005,0x00000058,0x646e696b,0x00000000,
0x000b0005,0x00000063,0x786c746d,0x706d6152,
0x6e656c42,0x31662864,0x3b31663b,0x763b3166,
0x763b3466,0x693b3466,0x00003b31,0x00030005,
0x0000005d,0x00000078,0x00030005,0x0000005e,
0x00006f6c,0x00030005,0x0000005f,0x00006968,
0x00030005,0x00000060,0x00003063,0x00030005,
0x00000061,0x00003163,0x00060005,0x00000062,
0x65746e69,0x6c6f7072,0x6f697461,0x0000006e,
0x00040005,0x00000067,0x28646e72,0x003b3175,
0x00030005,0x00000066,0x00000073,0x00060005,
0x0000006b,0x70617267,0x696f4e68,0x76286573,
0x003b3366,0x00030005,0x0000006a,0x00000070,
0x00070005,0x0000006f,0x62677273,0x694c6f54,
0x7261656e,0x33667628,0x0000003b,0x00030005,
0x0000006e,0x00000063,0x00070005,0x00000074,
0x70617277,0x726f6f43,0x31662864,0x3b31693b,
0x00000000,0x00030005,0x00000072,0x00000078,
0x00040005,0x00000073,0x65646f6d,0x00000000,
0x00080005,0x00000079,0x706d6173,0x6554656c,
0x72757478,0x31692865,0x3266763b,0x0000003b,
0x00030005,0x00000077,0x00006469,0x00030005,
0x00000078,0x00007675,0x000a0005,0x00000083,
0x70617267,0x706e4968,0x69287475,0x66763b31,
0x66763b34,0x34365b34,0x31693b5d,0x0000003b,
0x00030005,0x0000007f,0x00786469,0x00050005,
0x00000080,0x6c6c6166,0x6b636162,0x00000000,
0x00040005,0x00000081,0x756c6176,0x00007365,
0x00040005,0x00000082,0x6e756f63,0x00000074,
0x00060005,0x00000086,0x54626772,0x7673486f,
0x33667628,0x0000003b,0x00030005,0x00000085,
0x00000063,0x00060005,0x00000089,0x54767368,
0x6267526f,0x33667628,0x0000003b,0x00030005,
0x00000088,0x00000063,0x000c0005,0x00000094,
0x6c617665,0x70617247,0x6c6c4168,0x3b317528,
0x3b326676,0x3b336676,0x3b336676,0x5b346676,
0x3b5d3834,0x00000000,0x00040005,0x0000008f,
0x4974616d,0x00000064,0x00030005,0x00000090,
0x00007675,0x00040005,0x00000091,0x6d726f6e,
0x00006c61,0x00050005,0x00000092,0x69736f70,
0x6e6f6974,0x00000000,0x00040005,0x00000093,
0x74756f72,0x00006465,0x00030005,0x00000096,
0x00746948,0x00040006,0x00000096,0x00000000,
0x00000074,0x00050006,0x00000096,0x00000001,
0x6d697270,0x00000000,0x00050006,0x00000096,
0x00000002,0x79726162,0x00000000,0x00040006,
0x00000096,0x00000003,0x00000070,0x00040006,
0x00000096,0x00000004,0x0000006e,0x00050006,
0x00000096,0x00000005,0x676e6174,0x00746e65,
0x00040006,0x00000096,0x00000006,0x00007675,
0x00040006,0x00000096,0x00000007,0x0074616d,
0x00140005,0x0000009e,0x63617274,0x6f6c4365,
0x74736573,0x33667628,0x3366763b,0x3b31663b,
0x733b3166,0x63757274,0x69482d74,0x31662d74,
0x2d31752d,0x2d326676,0x2d336676,0x2d336676,
0x2d336676,0x2d326676,0x3b313175,0x00000000,
0x00030005,0x00000099,0x0000006f,0x00030005,
0x0000009a,0x00000064,0x00040005,0x0000009b,
0x6e696d74,0x00000000,0x00040005,0x0000009c,
0x78616d74,0x00000000,0x00030005,0x0000009d,
0x00000068,0x00090005,0x000000a3,0x69736f63,
0x6548656e,0x7073696d,0x65726568,0x33667628,
0x3b31753b,0x00000000,0x00030005,0x000000a1,
0x0000006e,0x00040005,0x000000a2,0x64656573,
0x00000000,0x00080005,0x000000a8,0x73657266,
0x536c656e,0x696c6863,0x66286b63,0x66763b31,
0x00003b33,0x00030005,0x000000a6,0x00000063,
0x00030005,0x000000a7,0x00003066,0x000b0005,
0x000000b0,0x61746f72,0x42646574,0x73697361,
0x33667628,0x3366763b,0x3b31663b,0x3b336676,
0x3b336676,0x00000000,0x00030005,0x000000ab,
0x0000006e,0x00040005,0x000000ac,0x676e6174,
0x00746e65,0x00050005,0x000000ad,0x61746f72,
0x6e6f6974,0x00000000,0x00030005,0x000000ae,
0x00000074,0x00030005,0x000000af,0x00000062,
0x00090005,0x000000b8,0x44786767,0x73696e41,
0x3166286f,0x3b31663b,0x663b3166,0x31663b31,
0x0000003b,0x00030005,0x000000b3,0x0000686e,
0x00030005,0x000000b4,0x00007468,0x00030005,
0x000000b5,0x00006268,0x00030005,0x000000b6,
0x00000072,0x00040005,0x000000b7,0x73696e61,
0x0000006f,0x00090005,0x000000bf,0x47786767,
0x696e4131,0x66286f73,0x31663b31,0x3b31663b,
0x663b3166,0x00003b31,0x00030005,0x000000ba,
0x0000766e,0x00030005,0x000000bb,0x00007476,
0x00030005,0x000000bc,0x00006276,0x00030005,
0x000000bd,0x00000072,0x00040005,0x000000be,
0x73696e61,0x0000006f,0x000c0005,0x000000ca,
0x706d6173,0x6747656c,0x66762878,0x66763b33,
0x66763b33,0x31663b33,0x3b31663b,0x753b3166,
0x31663b31,0x0000003b,0x00030005,0x000000c2,
0x0000006e,0x00040005,0x000000c3,0x676e6174,
0x00746e65,0x00030005,0x000000c4,0x00000076,
0x00040005,0x000000c5,0x67756f72,0x00000068,
0x00040005,0x000000c6,0x73696e61,0x0000006f,
0x00050005,0x000000c7,0x61746f72,0x6e6f6974,
0x00000000,0x00040005,0x000000c8,0x64656573,
0x00000000,0x00030005,0x000000c9,0x00666470,
0x000c0005,0x000000d5,0x42786767,0x28666472,
0x3b336676,0x3b336676,0x3b336676,0x3b336676,
0x663b3166,0x31663b31,0x3366763b,0x0000003b,
0x00030005,0x000000cd,0x0000006e,0x00040005,
0x000000ce,0x676e6174,0x00746e65,0x00030005,
0x000000cf,0x00000076,0x00030005,0x000000d0,
0x0000006c,0x00040005,0x000000d1,0x67756f72,
0x00000068,0x00040005,0x000000d2,0x73696e61,
0x0000006f,0x00050005,0x000000d3,0x61746f72,
0x6e6f6974,0x00000000,0x00030005,0x000000d4,
0x00003066,0x000b0005,0x000000df,0x50786767,
0x76286664,0x763b3366,0x763b3366,0x763b3366,
0x663b3366,0x31663b31,0x3b31663b,0x00000000,
0x00030005,0x000000d8,0x0000006e,0x00040005,
0x000000d9,0x676e6174,0x00746e65,0x00030005,
0x000000da,0x00000076,0x00030005,0x000000db,
0x0000006c,0x00040005,0x000000dc,0x67756f72,
0x00000068,0x00040005,0x000000dd,0x73696e61,
0x0000006f,0x00050005,0x000000de,0x61746f72,
0x6e6f6974,0x00000000,0x00090005,0x000000e7,
0x6e696874,0x6d6c6946,0x33667628,0x3b31663b,
0x663b3166,0x31663b31,0x0000003b,0x00030005,
0x000000e2,0x00003066,0x00030005,0x000000e3,
0x00007463,0x00040005,0x000000e4,0x67696577,
0x00007468,0x00050005,0x000000e5,0x63696874,
0x73656e6b,0x00000073,0x00040005,0x000000e6,
0x6d6c6966,0x00726f49,0x00090005,0x000000ee,
0x63657073,0x6c617274,0x28726f49,0x663b3166,
0x31663b31,0x3b31693b,0x00000000,0x00040005,
0x000000ea,0x44726f69,0x00000000,0x00040005,
0x000000eb,0x65626261,0x00000000,0x00050005,
0x000000ec,0x70736964,0x69737265,0x00006e6f,
0x00040005,0x000000ed,0x6e616863,0x006c656e,
0x000a0005,0x000000f4,0x6c707061,0x61724779,
0x6f4e6870,0x6c616d72,0x33667628,0x3366763b,
0x3366763b,0x0000003b,0x00030005,0x000000f1,
0x0000006e,0x00040005,0x000000f2,0x676e6174,
0x00746e65,0x00040005,0x000000f3,0x6f636e65,
0x00646564,0x00090005,0x000000f7,0x69766e65,
0x6d6e6f72,0x52746e65,0x61696461,0x2865636e,
0x3b336676,0x00000000,0x00030005,0x000000f6,
0x00726964,0x00060005,0x000000fa,0x6867696c,
0x69655774,0x28746867,0x003b3175,0x00030005,
0x000000f9,0x0000696c,0x00070005,0x000000fd,
0x61746f74,0x67694c6c,0x65577468,0x74686769,
0x00000028,0x00080005,0x00000102,0x706d6173,
0x694c656c,0x49746867,0x7865646e,0x3b317528,
0x003b3166,0x00040005,0x00000100,0x64656573,
0x00000000,0x00060005,0x00000101,0x656c6573,
0x6f697463,0x6664506e,0x00000000,0x00060005,
0x00000104,0x69766e65,0x6d6e6f72,0x50746e65,
0x00286664,0x00080005,0x00000109,0x65776f70,
0x75654872,0x74736972,0x66286369,0x31663b31,
0x0000003b,0x00030005,0x00000107,0x00000061,
0x00030005,0x00000108,0x00000062,0x000f0005,
0x00000115,0x706d6173,0x6944656c,0x74636572,
0x6867694c,0x31752874,0x3366763b,0x3b31753b,
0x3b336676,0x3b336676,0x663b3166,0x31623b31,
0x3b31693b,0x00000000,0x00030005,0x0000010c,
0x0000696c,0x00030005,0x0000010d,0x00000070,
0x00040005,0x0000010e,0x64656573,0x00000000,
0x00030005,0x0000010f,0x0000006c,0x00050005,
0x00000110,0x69646172,0x65636e61,0x00000000,
0x00040005,0x00000111,0x78616d74,0x00000000,
0x00060005,0x00000112,0x646e6f63,0x6f697469,
0x506c616e,0x00006664,0x00040005,0x00000113,
0x746c6564,0x00000061,0x00050005,0x00000114,
0x67726174,0x72547465,0x00000069,0x00060005,
0x00000119,0x68506768,0x28657361,0x663b3166,
0x00003b31,0x00050005,0x00000117,0x54736f63,
0x61746568,0x00000000,0x00030005,0x00000118,
0x00000067,0x00080005,0x00000120,0x706d6173,
0x6748656c,0x33667628,0x3b31663b,0x663b3175,
0x00003b31,0x00040005,0x0000011c,0x77726f66,
0x00647261,0x00030005,0x0000011d,0x00000067,
0x00040005,0x0000011e,0x64656573,0x00000000,
0x00030005,0x0000011f,0x00666470,0x00060005,
0x00000123,0x656e6f74,0x2870616d,0x3b336676,
0x00000000,0x00030005,0x00000122,0x00000078,
0x00040005,0x0000014b,0x61726170,0x0000006d,
0x00040005,0x0000014d,0x61726170,0x0000006d,
0x00040005,0x00000155,0x61726170,0x0000006d,
0x00040005,0x00000157,0x61726170,0x0000006d,
0x00040005,0x0000015f,0x61726170,0x0000006d,
0x00040005,0x00000161,0x61726170,0x0000006d,
0x00040005,0x00000168,0x61726170,0x0000006d,
0x00040005,0x0000016a,0x61726170,0x0000006d,
0x00040005,0x00000172,0x61726170,0x0000006d,
0x00040005,0x00000174,0x61726170,0x0000006d,
0x00040005,0x0000017b,0x61726170,0x0000006d,
0x00040005,0x0000017d,0x61726170,0x0000006d,
0x00040005,0x00000185,0x61726170,0x0000006d,
0x00040005,0x00000187,0x61726170,0x0000006d,
0x00030005,0x0000018e,0x00000073,0x00030005,
0x00000198,0x00000068,0x00040005,0x000001b0,
0x61726170,0x0000006d,0x00040005,0x000001b1,
0x61726170,0x0000006d,0x00040005,0x000001b2,
0x61726170,0x0000006d,0x00030005,0x000001ba,
0x00000068,0x00030005,0x000001be,0x00000075,
0x00030005,0x000001c5,0x00000076,0x00030005,
0x000001e8,0x00007069,0x00030005,0x000001ec,
0x00000066,0x00030005,0x000001f1,0x00000074,
0x00030005,0x00000203,0x00000073,0x00030005,
0x00000205,0x00303068,0x00040005,0x00000210,
0x61726170,0x0000006d,0x00040005,0x00000211,
0x61726170,0x0000006d,0x00040005,0x00000212,
0x61726170,0x0000006d,0x00030005,0x00000215,
0x00303168,0x00040005,0x00000222,0x61726170,
0x0000006d,0x00040005,0x00000223,0x61726170,
0x0000006d,0x00040005,0x00000224,0x61726170,
0x0000006d,0x00030005,0x00000227,0x00313068,
0x00040005,0x00000233,0x61726170,0x0000006d,
0x00040005,0x00000234,0x61726170,0x0000006d,
0x00040005,0x00000235,0x61726170,0x0000006d,
0x00030005,0x00000238,0x00313168,0x00040005,
0x00000245,0x61726170,0x0000006d,0x00040005,
0x00000246,0x61726170,0x0000006d,0x00040005,
0x00000247,0x61726170,0x0000006d,0x00030005,
0x0000024f,0x00006873,0x00030005,0x00000264,
0x00000061,0x00040005,0x00000265,0x61726170,
0x0000006d,0x00040005,0x00000267,0x61726170,
0x0000006d,0x00040005,0x0000026a,0x61726170,
0x0000006d,0x00030005,0x0000026e,0x00000062,
0x00040005,0x00000273,0x61726170,0x0000006d,
0x00040005,0x00000275,0x61726170,0x0000006d,
0x00040005,0x00000276,0x61726170,0x0000006d,
0x00030005,0x0000027a,0x00000063,0x00040005,
0x0000027e,0x61726170,0x0000006d,0x00040005,
0x00000280,0x61726170,0x0000006d,0x00040005,
0x00000283,0x61726170,0x0000006d,0x00030005,
0x00000285,0x00000064,0x00040005,0x0000028c,
0x61726170,0x0000006d,0x00040005,0x0000028e,
0x61726170,0x0000006d,0x00040005,0x0000028f,
0x61726170,0x0000006d,0x00030005,0x000002a7,
0x00000073,0x00030005,0x000002ad,0x00000068,
0x00040005,0x000002c3,0x61726170,0x0000006d,
0x00040005,0x000002c4,0x61726170,0x0000006d,
0x00040005,0x000002c5,0x61726170,0x0000006d,
0x00030005,0x000002da,0x00007069,0x00040005,
0x000002e3,0x61636f6c,0x0000006c,0x00040005,
0x000002e8,0x74736562,0x00000000,0x00040005,
0x000002eb,0x74616566,0x00657275,0x00030005,
0x000002ee,0x00000078,0x00030005,0x000002f7,
0x00000079,0x00030005,0x000002ff,0x0000007a,
0x00030005,0x0000030b,0x00007068,0x00030005,
0x00000312,0x00646e72,0x00040005,0x00000313,
0x61726170,0x0000006d,0x00040005,0x00000315,
0x61726170,0x0000006d,0x00040005,0x00000317,
0x61726170,0x0000006d,0x00040005,0x00000319,
0x61726170,0x0000006d,0x00040005,0x0000031b,
0x61726170,0x0000006d,0x00040005,0x0000031d,
0x61726170,0x0000006d,0x00040005,0x00000324,
0x61726170,0x0000006d,0x00040005,0x00000326,
0x61726170,0x0000006d,0x00040005,0x00000328,
0x61726170,0x0000006d,0x00030005,0x0000032d,
0x00000071,0x00040005,0x0000033d,0x746c6564,
0x00000061,0x00040005,0x00000346,0x74736964,
0x00000000,0x00040005,0x00000373,0x7674756f,
0x00000000,0x00030005,0x00000379,0x00007066,
0x00040005,0x00000381,0x656e616c,0x00000000,
0x00040005,0x0000038f,0x61726170,0x0000006d,
0x00040005,0x00000391,0x61726170,0x0000006d,
0x00040005,0x00000393,0x61726170,0x0000006d,
0x00040005,0x00000399,0x656e616c,0x00000000,
0x00030005,0x000003b0,0x00000075,0x00030005,
0x000003b7,0x00000076,0x00030005,0x000003e3,
0x00007069,0x00030005,0x000003e7,0x00000066,
0x00030005,0x000003ec,0x00000074,0x00030005,
0x000003fb,0x00000073,0x00030005,0x000003fd,
0x0000007a,0x00030005,0x00000405,0x00000079,
0x00030005,0x0000040d,0x00000078,0x00030005,
0x00000415,0x00000068,0x00040005,0x0000042b,
0x61726170,0x0000006d,0x00040005,0x0000042c,
0x61726170,0x0000006d,0x00040005,0x0000042d,
0x61726170,0x0000006d,0x00030005,0x0000043b,
0x00000067,0x00040005,0x00000452,0x61726170,
0x0000006d,0x00040005,0x00000454,0x61726170,
0x0000006d,0x00040005,0x00000455,0x61726170,
0x0000006d,0x00040005,0x00000456,0x61726170,
0x0000006d,0x00030005,0x0000045f,0x0000307a,
0x00030005,0x00000472,0x0000317a,0x00030005,
0x000004a2,0x00000073,0x00030005,0x000004a7,
0x00000064,0x00030005,0x000004b9,0x00000069,
0x00030005,0x000004d2,0x00000071,0x00030005,
0x000004d6,0x0000006b,0x00030005,0x00000514,
0x00000071,0x00040005,0x00000555,0x61726170,
0x0000006d,0x00040005,0x00000556,0x61726170,
0x0000006d,0x00040005,0x00000558,0x61726170,
0x0000006d,0x00050005,0x0000055c,0x666c6168,
0x69726550,0x0000646f,0x00040005,0x00000561,
0x66696873,0x00000074,0x00030005,0x0000056a,
0x0000786d,0x00030005,0x00000570,0x0000796d,
0x00030005,0x00000575,0x00000072,0x00040005,
0x0000057b,0x61726170,0x0000006d,0x00040005,
0x0000057c,0x61726170,0x0000006d,0x00040005,
0x0000057e,0x61726170,0x0000006d,0x00040005,
0x00000585,0x61726170,0x0000006d,0x00040005,
0x00000586,0x61726170,0x0000006d,0x00040005,
0x00000588,0x61726170,0x0000006d,0x00040005,
0x00000591,0x61726170,0x0000006d,0x00040005,
0x00000592,0x61726170,0x0000006d,0x00040005,
0x00000594,0x61726170,0x0000006d,0x00030005,
0x0000059b,0x00000074,0x00030005,0x000005d3,
0x00000072,0x00030005,0x00000617,0x00000071,
0x00030005,0x0000062f,0x00000064,0x00060005,
0x0000063c,0x74786554,0x44657275,0x73637365,
0x00000000,0x00070006,0x0000063c,0x00000000,
0x74786574,0x44657275,0x73637365,0x00000000,
0x00030005,0x0000063e,0x00000000,0x00030005,
0x00000648,0x0066666f,0x00030005,0x0000064d,
0x00000077,0x00030005,0x00000652,0x00000068,
0x00050005,0x00000662,0x6d696475,0x6174654d,
0x00000000,0x00040005,0x0000066c,0x6769726f,
0x00006e69,0x00040005,0x00000671,0x64697267,
0x00000000,0x00040005,0x00000677,0x556e696d,
0x00000000,0x00040005,0x0000067c,0x566e696d,
0x00000000,0x00030005,0x00000681,0x00007767,
0x00030005,0x00000686,0x00006867,0x00030005,
0x0000068b,0x00007574,0x00030005,0x00000692,
0x00007674,0x00030005,0x000006a9,0x00007774,
0x00030005,0x000006ad,0x00006874,0x00040005,
0x000006b1,0x61636f6c,0x0000006c,0x00030005,
0x000006b4,0x00000078,0x00030005,0x000006c1,
0x00000079,0x00030005,0x000006cf,0x00000075,
0x00040005,0x000006d2,0x61726170,0x0000006d,
0x00040005,0x000006d5,0x61726170,0x0000006d,
0x00030005,0x000006d9,0x00000076,0x00040005,
0x000006dc,0x61726170,0x0000006d,0x00040005,
0x000006df,0x61726170,0x0000006d,0x00030005,
0x000006ef,0x00003070,0x00030005,0x000006f7,
0x00003170,0x00030005,0x00000701,0x00000066,
0x00030005,0x00000708,0x00000070,0x00030005,
0x00000716,0x00000069,0x00030005,0x0000071e,
0x00000071,0x00040005,0x00000720,0x65786554,
0x0000736c,0x00050006,0x00000720,0x00000000,
0x65786574,0x0000736c,0x00030005,0x00000722,
0x00000000,0x00030005,0x00000734,0x00000063,
0x00030005,0x0000074b,0x00000072,0x00040005,
0x00000767,0x61726170,0x0000006d,0x00030005,
0x00000785,0x0000004b,0x00030005,0x00000789,
0x00000070,0x00030005,0x000007a3,0x00000071,
0x00030005,0x000007bb,0x00000064,0x00030005,
0x000007c4,0x00000065,0x00030005,0x000007df,
0x00000070,0x00030005,0x000007fa,0x00000072,
0x00030005,0x00000806,0x00006267,0x00040005,
0x0000080e,0x70617247,0x00007368,0x00050006,
0x0000080e,0x00000000,0x70617267,0x00007368,
0x00030005,0x00000810,0x00000000,0x00040005,
0x00000818,0x6e756f63,0x00000074,0x00030005,
0x00000825,0x00000069,0x00030005,0x0000082e,
0x00000070,0x00030005,0x00000836,0x0000706f,
0x00030005,0x0000083c,0x00006961,0x00030005,
0x00000843,0x00006962,0x00030005,0x0000084a,
0x00006963,0x00030005,0x00000851,0x00000061,
0x00040005,0x00000863,0x756c6176,0x00000065,
0x00040005,0x00000864,0x61726170,0x0000006d,
0x00040005,0x00000866,0x61726170,0x0000006d,
0x00040005,0x00000867,0x61726170,0x0000006d,
0x00040005,0x00000869,0x61726170,0x0000006d,
0x00030005,0x0000086c,0x00000062,0x00040005,
0x00000881,0x61726170,0x0000006d,0x00040005,
0x00000883,0x61726170,0x0000006d,0x00040005,
0x00000884,0x61726170,0x0000006d,0x00040005,
0x00000886,0x61726170,0x0000006d,0x00030005,
0x00000889,0x00000063,0x00040005,0x0000089b,
0x61726170,0x0000006d,0x00040005,0x0000089d,
0x61726170,0x0000006d,0x00040005,0x0000089e,
0x61726170,0x0000006d,0x00040005,0x000008a0,
0x61726170,0x0000006d,0x00040005,0x000008a3,
0x70617267,0x00765568,0x00040005,0x000008a5,
0x6e497675,0x00747570,0x00030005,0x000008c1,
0x00767574,0x00040005,0x000008f1,0x61726170,
0x0000006d,0x00040005,0x000008f2,0x61726170,
0x0000006d,0x00030005,0x00000a36,0x0000636e,
0x00030005,0x00000a3d,0x00000071,0x00040005,
0x00000a42,0x61726170,0x0000006d,0x00040005,
0x00000a45,0x61726170,0x0000006d,0x00040005,
0x00000a53,0x61726170,0x0000006d,0x00040005,
0x00000a56,0x61726170,0x0000006d,0x00040005,
0x00000a65,0x61726170,0x0000006d,0x00040005,
0x00000a66,0x61726170,0x0000006d,0x00040005,
0x00000a70,0x61726170,0x0000006d,0x00040005,
0x00000a73,0x61726170,0x0000006d,0x00040005,
0x00000a7c,0x61726170,0x0000006d,0x00040005,
0x00000a7f,0x61726170,0x0000006d,0x00040005,
0x00000a88,0x61726170,0x0000006d,0x00040005,
0x00000a8b,0x61726170,0x0000006d,0x00040005,
0x00000a9b,0x61726170,0x0000006d,0x00040005,
0x00000a9c,0x61726170,0x0000006d,0x00030005,
0x00000acd,0x006e6564,0x00030005,0x00000b25,
0x00676e61,0x00030005,0x00000b29,0x00007363,
0x00030005,0x00000b2c,0x00006e73,0x00030005,
0x00000b2f,0x00007861,0x00030005,0x00000b56,
0x00000071,0x00030005,0x00000b6d,0x00676e61,
0x00030005,0x00000b91,0x0000636e,0x00030005,
0x00000b98,0x00000071,0x00040005,0x00000b9d,
0x61726170,0x0000006d,0x00040005,0x00000ba0,
0x61726170,0x0000006d,0x00040005,0x00000bae,
0x61726170,0x0000006d,0x00040005,0x00000bb1,
0x61726170,0x0000006d,0x00040005,0x00000bbf,
0x61726170,0x0000006d,0x00040005,0x00000bc0,
0x61726170,0x0000006d,0x00040005,0x00000bca,
0x61726170,0x0000006d,0x00040005,0x00000bcd,
0x61726170,0x0000006d,0x00040005,0x00000bd6,
0x61726170,0x0000006d,0x00040005,0x00000bd9,
0x61726170,0x0000006d,0x00040005,0x00000be2,
0x61726170,0x0000006d,0x00040005,0x00000be5,
0x61726170,0x0000006d,0x00040005,0x00000bf5,
0x61726170,0x0000006d,0x00040005,0x00000bf6,
0x61726170,0x0000006d,0x00040005,0x00000c36,
0x656e616c,0x00000000,0x00030005,0x00000c5f,
0x00767368,0x00040005,0x00000c60,0x61726170,
0x0000006d,0x00040005,0x00000c7a,0x61726170,
0x0000006d,0x00030005,0x00000c8a,0x00737065,
0x00040005,0x00000c8c,0x6c616373,0x00000065,
0x00030005,0x00000c92,0x00003068,0x00040005,
0x00000c93,0x61726170,0x0000006d,0x00030005,
0x00000c96,0x00007868,0x00040005,0x00000c9b,
0x61726170,0x0000006d,0x00030005,0x00000c9d,
0x00007968,0x00040005,0x00000ca2,0x61726170,
0x0000006d,0x00030005,0x00000ca4,0x00006e68,
0x00040005,0x00000ced,0x656e616c,0x00000000,
0x00030005,0x00000cf5,0x00000073,0x00030005,
0x00000cfc,0x00000071,0x00030005,0x00000d21,
0x00000071,0x00030005,0x00000d34,0x00000071,
0x00030005,0x00000d50,0x00000071,0x00030005,
0x00000d6b,0x00000071,0x00030005,0x00000d89,
0x00000074,0x00030005,0x00000db9,0x00006978,
0x00030005,0x00000dc1,0x00000071,0x00030005,
0x00000ded,0x0000006c,0x00030005,0x00000e12,
0x00006978,0x00030005,0x00000e1a,0x00000071,
0x00040005,0x00000e3a,0x656b6174,0x00000000,
0x00040005,0x00000e65,0x61726170,0x0000006d,
0x00040005,0x00000e77,0x61726170,0x0000006d,
0x00030005,0x00000e88,0x00000071,0x00030005,
0x00000f17,0x00000071,0x00030005,0x00000f41,
0x00007661,0x00030005,0x00000f45,0x00007662,
0x00030005,0x00000f49,0x00000071,0x00030005,
0x00000fc6,0x00000071,0x00030005,0x00000fe5,
0x00000073,0x00040005,0x00001062,0x61726170,
0x0000006d,0x00040005,0x00001063,0x61726170,
0x0000006d,0x00030005,0x0000106d,0x00006978,
0x00030005,0x00001075,0x006d6964,0x00030005,
0x00001088,0x00706d61,0x00030005,0x00001089,
0x0074636f,0x00050005,0x00001090,0x6e616863,
0x736c656e,0x00000000,0x00030005,0x00001099,
0x00736f70,0x00030005,0x0000109c,0x00000071,
0x00030005,0x0000109d,0x0000006f,0x00040005,
0x000010ab,0x61726170,0x0000006d,0x00040005,
0x000010ad,0x61726170,0x0000006d,0x00040005,
0x000010ba,0x61726170,0x0000006d,0x00040005,
0x000010bc,0x61726170,0x0000006d,0x00040005,
0x000010c6,0x61726170,0x0000006d,0x00040005,
0x000010c7,0x61726170,0x0000006d,0x00040005,
0x000010d0,0x61726170,0x0000006d,0x00040005,
0x000010d2,0x61726170,0x0000006d,0x00040005,
0x000010da,0x61726170,0x0000006d,0x00040005,
0x000010dc,0x61726170,0x0000006d,0x00040005,
0x000010e4,0x61726170,0x0000006d,0x00040005,
0x000010e6,0x61726170,0x0000006d,0x00040005,
0x000010f4,0x61726170,0x0000006d,0x00040005,
0x000010f5,0x61726170,0x0000006d,0x00040005,
0x00001120,0x61726170,0x0000006d,0x00040005,
0x00001123,0x61726170,0x0000006d,0x00040005,
0x00001124,0x61726170,0x0000006d,0x00040005,
0x00001127,0x61726170,0x0000006d,0x00040005,
0x00001128,0x61726170,0x0000006d,0x00030005,
0x00001131,0x00006978,0x00030005,0x00001139,
0x006d6964,0x00030005,0x0000114c,0x00706d61,
0x00030005,0x0000114d,0x0074636f,0x00050005,
0x00001154,0x6e616863,0x736c656e,0x00000000,
0x00030005,0x0000115d,0x00736f70,0x00030005,
0x00001160,0x00000071,0x00030005,0x00001161,
0x0000006f,0x00040005,0x0000116f,0x61726170,
0x0000006d,0x00040005,0x00001171,0x61726170,
0x0000006d,0x00040005,0x0000117e,0x61726170,
0x0000006d,0x00040005,0x00001180,0x61726170,
0x0000006d,0x00040005,0x0000118a,0x61726170,
0x0000006d,0x00040005,0x0000118b,0x61726170,
0x0000006d,0x00040005,0x00001194,0x61726170,
0x0000006d,0x00040005,0x00001196,0x61726170,
0x0000006d,0x00040005,0x0000119e,0x61726170,
0x0000006d,0x00040005,0x000011a0,0x61726170,
0x0000006d,0x00040005,0x000011a8,0x61726170,
0x0000006d,0x00040005,0x000011aa,0x61726170,
0x0000006d,0x00040005,0x000011b8,0x61726170,
0x0000006d,0x00040005,0x000011b9,0x61726170,
0x0000006d,0x00030005,0x000011d2,0x00000073,
0x00040005,0x000011d6,0x746e6563,0x00007265,
0x00030005,0x000011da,0x00000072,0x00030005,
0x000011dd,0x00003272,0x00040005,0x000011e1,
0x69736e69,0x00006564,0x00030005,0x000011e2,
0x00000064,0x00030005,0x000011fc,0x0000006b,
0x00030005,0x0000121b,0x00000071,0x00030005,
0x0000123a,0x00006473,0x00030005,0x00001252,
0x00006978,0x00050005,0x0000125a,0x61726170,
0x6574656d,0x00000072,0x00040005,0x0000127d,
0x61726170,0x0000006d,0x00040005,0x0000127e,
0x61726170,0x0000006d,0x00040005,0x00001280,
0x61726170,0x0000006d,0x00040005,0x00001281,
0x61726170,0x0000006d,0x00040005,0x0000128b,
0x65707974,0x00000000,0x00030005,0x00001291,
0x00000064,0x00030005,0x00001296,0x00000071,
0x00040005,0x000012d0,0x72617473,0x00000074,
0x00060005,0x000012db,0x65746e69,0x6c6f7072,
0x6f697461,0x0000006e,0x00030005,0x000012e1,
0x006d756e,0x00030005,0x000012e8,0x00000078,
0x00030005,0x000012ef,0x00000071,0x00050005,
0x000012f7,0x65746e69,0x6c617672,0x00000000,
0x00040005,0x00001305,0x65736162,0x00000000,
0x00030005,0x0000130b,0x00006f6c,0x00030005,
0x00001312,0x00006968,0x00040005,0x00001329,
0x61726170,0x0000006d,0x00040005,0x0000132b,
0x61726170,0x0000006d,0x00040005,0x0000132d,
0x61726170,0x0000006d,0x00040005,0x0000132f,
0x61726170,0x0000006d,0x00040005,0x00001332,
0x61726170,0x0000006d,0x00040005,0x00001335,
0x61726170,0x0000006d,0x00030005,0x0000133b,
0x00006f6c,0x00030005,0x0000133f,0x00006968,
0x00050005,0x00001347,0x65746e69,0x6c617672,
0x006d754e,0x00040005,0x0000136a,0x61726170,
0x0000006d,0x00040005,0x0000136c,0x61726170,
0x0000006d,0x00040005,0x0000136e,0x61726170,
0x0000006d,0x00040005,0x00001370,0x61726170,
0x0000006d,0x00040005,0x00001373,0x61726170,
0x0000006d,0x00040005,0x00001376,0x61726170,
0x0000006d,0x00030005,0x00001382,0x00000072,
0x00040005,0x0000138a,0x746e6177,0x00006465,
0x00030005,0x000013a4,0x00000071,0x00040005,
0x000013a7,0x6e656373,0x00000065,0x00030005,
0x000013c1,0x00003069,0x00040005,0x000013c3,
0x69646e49,0x00736563,0x00050006,0x000013c3,
0x00000000,0x69646e69,0x00736563,0x00030005,
0x000013c5,0x00000000,0x00030005,0x000013cb,
0x00003169,0x00030005,0x000013d2,0x00003269,
0x00030005,0x000013d9,0x00003070,0x00050005,
0x000013db,0x74726556,0x73656369,0x00000000,
0x00060006,0x000013db,0x00000000,0x74726576,
0x73656369,0x00000000,0x00030005,0x000013dd,
0x00000000,0x00030005,0x000013ed,0x00003170,
0x00030005,0x000013fd,0x00003270,0x00030005,
0x0000140d,0x00000077,0x00030005,0x0000141b,
0x0000306e,0x00030005,0x0000142c,0x0000316e,
0x00030005,0x0000143d,0x0000326e,0x00030005,
0x0000146d,0x00307675,0x00030005,0x00001479,
0x00317675,0x00030005,0x00001485,0x00327675,
0x00040005,0x0000149f,0x31767564,0x00000000,
0x00040005,0x000014a3,0x32767564,0x00000000,
0x00030005,0x000014a7,0x00746564,0x00060005,
0x000014de,0x4d697254,0x72657461,0x736c6169,
0x00000000,0x00070006,0x000014de,0x00000000,
0x4d697274,0x72657461,0x736c6169,0x00000000,
0x00030005,0x000014e0,0x00000000,0x00040005,
0x000014e7,0x68737550,0x00000000,0x00060006,
0x000014e7,0x00000000,0x56766e69,0x50776569,
0x006a6f72,0x00050006,0x000014e7,0x00000001,
0x656d6163,0x00006172,0x00060006,0x000014e7,
0x00000002,0x61656c63,0x6c6f4372,0x0000726f,
0x00050006,0x000014e7,0x00000003,0x6d617266,
0x00000065,0x00050006,0x000014e7,0x00000004,
0x68746170,0x00000000,0x00030005,0x000014e9,
0x00006370,0x00030005,0x000014f3,0x00000072,
0x00040005,0x000014f4,0x61726170,0x0000006d,
0x00030005,0x000014f9,0x00000061,0x00040005,
0x000014fb,0x61726170,0x0000006d,0x00030005,
0x00001500,0x00000074,0x00030005,0x0000150f,
0x00000062,0x00030005,0x00001538,0x00003074,
0x00030005,0x00001554,0x00003062,0x00030005,
0x00001558,0x00000061,0x00030005,0x0000156e,
0x00000061,0x00030005,0x00001574,0x00007861,
0x00030005,0x0000157b,0x00007961,0x00030005,
0x00001581,0x00000071,0x00030005,0x000015a2,
0x00000061,0x00030005,0x000015a7,0x00007861,
0x00030005,0x000015ad,0x00007961,0x00030005,
0x000015b3,0x00326e76,0x00040005,0x000015b8,
0x626d616c,0x00006164,0x00040005,0x000015d4,
0x68706c61,0x00000061,0x00030005,0x000015d9,
0x00007861,0x00030005,0x000015df,0x00007961,
0x00030005,0x000015e5,0x00003175,0x00040005,
0x000015e6,0x61726170,0x0000006d,0x00030005,
0x000015ea,0x00003275,0x00040005,0x000015eb,
0x61726170,0x0000006d,0x00030005,0x000015ef,
0x00696870,0x00030005,0x0000160a,0x00007063,
0x00030005,0x0000160d,0x00007073,0x00040005,
0x00001610,0x68706c61,0x00003261,0x00030005,
0x00001621,0x00007463,0x00030005,0x0000162c,
0x00007473,0x00030005,0x00001633,0x00000074,
0x00030005,0x00001634,0x00000062,0x00040005,
0x00001635,0x61726170,0x0000006d,0x00040005,
0x00001637,0x61726170,0x0000006d,0x00040005,
0x00001639,0x61726170,0x0000006d,0x00040005,
0x0000163b,0x61726170,0x0000006d,0x00040005,
0x0000163c,0x61726170,0x0000006d,0x00030005,
0x00001640,0x00000068,0x00030005,0x00001659,
0x0000006c,0x00030005,0x0000165e,0x0000686e,
0x00030005,0x00001663,0x00006876,0x00040005,
0x0000166e,0x61726170,0x0000006d,0x00040005,
0x00001670,0x61726170,0x0000006d,0x00040005,
0x00001671,0x61726170,0x0000006d,0x00040005,
0x00001672,0x61726170,0x0000006d,0x00040005,
0x00001674,0x61726170,0x0000006d,0x00030005,
0x00001682,0x00006c6e,0x00030005,0x00001687,
0x0000766e,0x00030005,0x00001691,0x00000068,
0x00030005,0x00001696,0x00000074,0x00030005,
0x00001697,0x00000062,0x00040005,0x00001698,
0x61726170,0x0000006d,0x00040005,0x0000169a,
0x61726170,0x0000006d,0x00040005,0x0000169c,
0x61726170,0x0000006d,0x00040005,0x0000169e,
0x61726170,0x0000006d,0x00040005,0x0000169f,
0x61726170,0x0000006d,0x00030005,0x000016a3,
0x0000686e,0x00030005,0x000016a8,0x00006876,
0x00040005,0x000016ad,0x61726170,0x0000006d,
0x00040005,0x000016af,0x61726170,0x0000006d,
0x00040005,0x000016b8,0x61726170,0x0000006d,
0x00040005,0x000016ba,0x61726170,0x0000006d,
0x00040005,0x000016bb,0x61726170,0x0000006d,
0x00040005,0x000016bc,0x61726170,0x0000006d,
0x00040005,0x000016be,0x61726170,0x0000006d,
0x00040005,0x000016c8,0x61726170,0x0000006d,
0x00040005,0x000016ca,0x61726170,0x0000006d,
0x00040005,0x000016cb,0x61726170,0x0000006d,
0x00040005,0x000016cc,0x61726170,0x0000006d,
0x00040005,0x000016ce,0x61726170,0x0000006d,
0x00040005,0x000016d8,0x61726170,0x0000006d,
0x00040005,0x000016da,0x61726170,0x0000006d,
0x00040005,0x000016db,0x61726170,0x0000006d,
0x00040005,0x000016dc,0x61726170,0x0000006d,
0x00040005,0x000016de,0x61726170,0x0000006d,
0x00030005,0x000016f2,0x00000068,0x00030005,
0x000016f7,0x00000074,0x00030005,0x000016f8,
0x00000062,0x00040005,0x000016f9,0x61726170,
0x0000006d,0x00040005,0x000016fb,0x61726170,
0x0000006d,0x00040005,0x000016fd,0x61726170,
0x0000006d,0x00040005,0x000016ff,0x61726170,
0x0000006d,0x00040005,0x00001700,0x61726170,
0x0000006d,0x00030005,0x00001704,0x0000686e,
0x00030005,0x00001709,0x00006876,0x00040005,
0x00001714,0x61726170,0x0000006d,0x00040005,
0x00001716,0x61726170,0x0000006d,0x00040005,
0x00001717,0x61726170,0x0000006d,0x00040005,
0x00001718,0x61726170,0x0000006d,0x00040005,
0x0000171a,0x61726170,0x0000006d,0x00030005,
0x00001725,0x00000077,0x00040005,0x00001731,
0x73616870,0x00000065,0x00040005,0x0000173b,
0x6d6c6966,0x00000000,0x00030005,0x00001761,
0x0000636c,0x00030005,0x00001763,0x0000646c,
0x00030005,0x00001765,0x0000666c,0x00040005,
0x00001767,0x746c6564,0x00000061,0x00030005,
0x0000176f,0x00006369,0x00030005,0x00001774,
0x00006469,0x00030005,0x00001779,0x00666669,
0x00030005,0x0000177e,0x00000042,0x00030005,
0x00001785,0x00000041,0x00040005,0x0000178b,
0x626d616c,0x00006164,0x00030005,0x000017a4,
0x00000074,0x00030005,0x000017a5,0x00000062,
0x00040005,0x000017a6,0x61726170,0x0000006d,
0x00040005,0x000017a8,0x61726170,0x0000006d,
0x00040005,0x000017aa,0x61726170,0x0000006d,
0x00040005,0x000017ab,0x61726170,0x0000006d,
0x00040005,0x000017ac,0x61726170,0x0000006d,
0x00030005,0x000017b0,0x00000071,0x00040005,
0x000017c6,0x75736572,0x0000746c,0x00030005,
0x000017c7,0x0000696c,0x00030005,0x000017d1,
0x0000626c,0x00040005,0x000017d5,0x6867694c,
0x00007374,0x00050006,0x000017d5,0x00000000,
0x6867696c,0x00007374,0x00030005,0x000017d7,
0x00000000,0x00030005,0x000017e2,0x00000063,
0x00030005,0x000017f0,0x00646974,0x00030005,
0x000017fb,0x00007675,0x00040005,0x00001809,
0x61726170,0x0000006d,0x00040005,0x0000180b,
0x61726170,0x0000006d,0x00030005,0x00001827,
0x0000626c,0x00040005,0x0000182a,0x65707974,
0x00000000,0x00030005,0x00001831,0x006d756c,
0x00040005,0x00001841,0x61657261,0x00000000,
0x00030005,0x00001846,0x00000072,0x00030005,
0x00001856,0x00000072,0x00040005,0x0000189b,
0x61746f74,0x0000006c,0x00030005,0x0000189c,
0x0000696c,0x00040005,0x000018a6,0x61726170,
0x0000006d,0x00040005,0x000018b0,0x61746f74,
0x0000006c,0x00030005,0x000018b6,0x0000696c,
0x00040005,0x000018b7,0x61726170,0x0000006d,
0x00040005,0x000018cd,0x67726174,0x00007465,
0x00040005,0x000018ce,0x61726170,0x0000006d,
0x00040005,0x000018d4,0x75636361,0x0000006d,
0x00030005,0x000018d5,0x0000696c,0x00030005,
0x000018df,0x00000077,0x00040005,0x000018e0,
0x61726170,0x0000006d,0x00040005,0x000018f2,
0x7473616c,0x00000000,0x00040005,0x000018f7,
0x61726170,0x0000006d,0x00040005,0x000018ff,
0x61746f74,0x0000006c,0x00040005,0x00001901,
0x656d6f64,0x00000000,0x00030005,0x00001902,
0x0000696c,0x00040005,0x00001916,0x61726170,
0x0000006d,0x00030005,0x0000192b,0x00006161,
0x00030005,0x0000192f,0x00006262,0x00030005,
0x0000193c,0x0000626c,0x00040005,0x0000193f,
0x65707974,0x00000000,0x00030005,0x0000195c,
0x0000007a,0x00040005,0x0000195d,0x61726170,
0x0000006d,0x00030005,0x00001963,0x00696870,
0x00040005,0x00001964,0x61726170,0x0000006d,
0x00030005,0x00001969,0x00000072,0x00030005,
0x0000197a,0x00646974,0x00030005,0x00001985,
0x00007675,0x00040005,0x00001993,0x61726170,
0x0000006d,0x00040005,0x00001995,0x61726170,
0x0000006d,0x00040005,0x000019b2,0x746e6563,
0x00007265,0x00050005,0x000019bf,0x706d6173,
0x6f50656c,0x00000073,0x00050005,0x000019c1,
0x6867696c,0x726f4e74,0x006c616d,0x00040005,
0x000019c2,0x61657261,0x00000000,0x00040005,
0x000019c7,0x49697274,0x00000064,0x00030005,
0x000019dc,0x00006974,0x00030005,0x000019e0,
0x00003069,0x00030005,0x000019e4,0x00003169,
0x00030005,0x000019e9,0x00003269,0x00030005,
0x000019ee,0x00003070,0x00030005,0x000019fe,
0x00003170,0x00030005,0x00001a0e,0x00003270,
0x00030005,0x00001a1e,0x00007573,0x00040005,
0x00001a1f,0x61726170,0x0000006d,0x00030005,
0x00001a24,0x00000076,0x00040005,0x00001a25,
0x61726170,0x0000006d,0x00040005,0x00001a3a,
0x736f7263,0x00004573,0x00040005,0x00001a56,
0x73697861,0x00000000,0x00040005,0x00001a65,
0x73697861,0x00000054,0x00030005,0x00001a73,
0x00000074,0x00030005,0x00001a74,0x00000062,
0x00040005,0x00001a75,0x61726170,0x0000006d,
0x00040005,0x00001a77,0x61726170,0x0000006d,
0x00040005,0x00001a79,0x61726170,0x0000006d,
0x00040005,0x00001a7a,0x61726170,0x0000006d,
0x00040005,0x00001a7b,0x61726170,0x0000006d,
0x00030005,0x00001a83,0x0000007a,0x00040005,
0x00001a84,0x61726170,0x0000006d,0x00030005,
0x00001a8a,0x00696870,0x00040005,0x00001a8b,
0x61726170,0x0000006d,0x00030005,0x00001a90,
0x00007272,0x00040005,0x00001aa1,0x69646172,
0x00007375,0x00040005,0x00001ab6,0x69646172,
0x00007375,0x00030005,0x00001abc,0x00000072,
0x00040005,0x00001abd,0x61726170,0x0000006d,
0x00030005,0x00001ac4,0x00696870,0x00040005,
0x00001ac5,0x61726170,0x0000006d,0x00040005,
0x00001ae4,0x74646977,0x00000068,0x00040005,
0x00001aea,0x67696568,0x00007468,0x00040005,
0x00001af1,0x61726170,0x0000006d,0x00040005,
0x00001afa,0x61726170,0x0000006d,0x00040005,
0x00001b0b,0x69646172,0x00007375,0x00040005,
0x00001b11,0x676e656c,0x00006874,0x00030005,
0x00001b17,0x00696870,0x00040005,0x00001b18,
0x61726170,0x0000006d,0x00040005,0x00001b2a,
0x61726170,0x0000006d,0x00040005,0x00001b39,
0x746c6564,0x00005061,0x00030005,0x00001b3d,
0x00003264,0x00040005,0x00001b56,0x69736f63,
0x0000656e,0x00030005,0x00001b69,0x00006767,
0x00030005,0x00001b6d,0x006e6564,0x00030005,
0x00001b80,0x00000075,0x00040005,0x00001b81,
0x61726170,0x0000006d,0x00030005,0x00001b85,
0x00000076,0x00040005,0x00001b86,0x61726170,
0x0000006d,0x00030005,0x00001b8a,0x00007463,
0x00030005,0x00001bae,0x00007473,0x00030005,
0x00001bb5,0x00696870,0x00030005,0x00001bb8,
0x00000074,0x00030005,0x00001bc7,0x00000062,
0x00040005,0x00001bcb,0x4474756f,0x00007269,
0x00040005,0x00001bde,0x61726170,0x0000006d,
0x00040005,0x00001be0,0x61726170,0x0000006d,
0x00040005,0x00001c05,0x65786970,0x0000006c,
0x00080005,0x00001c08,0x475f6c67,0x61626f6c,
0x766e496c,0x7461636f,0x496e6f69,0x00000044,
0x00030005,0x00001c18,0x00007870,0x00040005,
0x00001c22,0x64656573,0x00000000,0x00040005,
0x00001c30,0x61726170,0x0000006d,0x00030005,
0x00001c32,0x006d7573,0x00030005,0x00001c33,
0x00000073,0x00040005,0x00001c3e,0x7474696a,
0x00007265,0x00040005,0x00001c3f,0x61726170,
0x0000006d,0x00040005,0x00001c43,0x61726170,
0x0000006d,0x00030005,0x00001c48,0x0063646e,
0x00030005,0x00001c56,0x00000066,0x00030005,
0x00001c64,0x0000006f,0x00030005,0x00001c68,
0x00000064,0x00040005,0x00001c6e,0x61746562,
0x00000000,0x00050005,0x00001c6f,0x69646172,
0x65636e61,0x00000000,0x00050005,0x00001c70,
0x6964656d,0x78456d75,0x00000074,0x00060005,
0x00001c71,0x6964656d,0x69536d75,0x53616d67,
0x00000000,0x00060005,0x00001c72,0x6964656d,
0x6d456d75,0x69737369,0x00006e6f,0x00050005,
0x00001c73,0x6964656d,0x6f496d75,0x00000072,
0x00040005,0x00001c74,0x6964656d,0x00476d75,
0x00050005,0x00001c75,0x76657270,0x73756f69,
0x00666450,0x00050005,0x00001c76,0x6f726568,
0x6e616843,0x006c656e,0x00060005,0x00001c77,
0x76657270,0x73756f69,0x746c6544,0x00000061,
0x00040005,0x00001c78,0x74706564,0x00000068,
0x00030005,0x00001c83,0x00000068,0x00040005,
0x00001c84,0x61726170,0x0000006d,0x00040005,
0x00001c86,0x61726170,0x0000006d,0x00040005,
0x00001c88,0x61726170,0x0000006d,0x00040005,
0x00001c89,0x61726170,0x0000006d,0x00040005,
0x00001c8a,0x61726170,0x0000006d,0x00030005,
0x00001c90,0x0073696d,0x00040005,0x00001c97,
0x61726170,0x0000006d,0x00040005,0x00001c99,
0x61726170,0x0000006d,0x00040005,0x00001c9d,
0x61726170,0x0000006d,0x00040005,0x00001caa,
0x6d676973,0x00005461,0x00050005,0x00001cb3,
0x74616373,0x54726574,0x00000000,0x00040005,
0x00001cb9,0x61726170,0x0000006d,0x00040005,
0x00001cc5,0x6d676573,0x00746e65,0x00060005,
0x00001cca,0x6e617274,0x74696d73,0x636e6174,
0x00000065,0x00030005,0x00001cf1,0x00007073,
0x00030005,0x00001d03,0x0000696c,0x00060005,
0x00001d04,0x656c6573,0x6f697463,0x6664506e,
0x00000000,0x00040005,0x00001d05,0x61726170,
0x0000006d,0x00040005,0x00001d07,0x61726170,
0x0000006d,0x00030005,0x00001d0b,0x0000006c,
0x00030005,0x00001d0c,0x0000726c,0x00040005,
0x00001d0d,0x6867696c,0x00005474,0x00070005,
0x00001d0e,0x6867696c,0x6e6f4374,0x69746964,
0x6c616e6f,0x00000000,0x00050005,0x00001d0f,
0x6867696c,0x6c654474,0x00006174,0x00050005,
0x00001d10,0x67726174,0x72547465,0x00000069,
0x00040005,0x00001d11,0x61726170,0x0000006d,
0x00040005,0x00001d13,0x61726170,0x0000006d,
0x00040005,0x00001d15,0x61726170,0x0000006d,
0x00040005,0x00001d17,0x61726170,0x0000006d,
0x00040005,0x00001d18,0x61726170,0x0000006d,
0x00040005,0x00001d19,0x61726170,0x0000006d,
0x00040005,0x00001d1a,0x61726170,0x0000006d,
0x00040005,0x00001d1b,0x61726170,0x0000006d,
0x00040005,0x00001d1c,0x61726170,0x0000006d,
0x00040005,0x00001d27,0x636f6c62,0x0064656b,
0x00030005,0x00001d2c,0x00006873,0x00040005,
0x00001d2d,0x61726170,0x0000006d,0x00040005,
0x00001d2e,0x61726170,0x0000006d,0x00040005,
0x00001d30,0x61726170,0x0000006d,0x00040005,
0x00001d31,0x61726170,0x0000006d,0x00040005,
0x00001d33,0x61726170,0x0000006d,0x00040005,
0x00001d36,0x69736976,0x00656c62,0x00040005,
0x00001d4a,0x73616870,0x00000065,0x00040005,
0x00001d4e,0x61726170,0x0000006d,0x00040005,
0x00001d4f,0x61726170,0x0000006d,0x00050005,
0x00001d52,0x6867696c,0x66645074,0x00000000,
0x00030005,0x00001d56,0x0073696d,0x00040005,
0x00001d5c,0x61726170,0x0000006d,0x00040005,
0x00001d5e,0x61726170,0x0000006d,0x00050005,
0x00001d6f,0x73616870,0x66645065,0x00000000,
0x00040005,0x00001d70,0x61726170,0x0000006d,
0x00040005,0x00001d72,0x61726170,0x0000006d,
0x00040005,0x00001d74,0x61726170,0x0000006d,
0x00040005,0x00001d76,0x61726170,0x0000006d,
0x00040005,0x00001d80,0x6e6f7266,0x00000074,
0x00030005,0x00001d8f,0x0000626d,0x00040005,
0x00001d94,0x65736162,0x00000000,0x00050005,
0x00001d96,0x6574614d,0x6c616972,0x00000073,
0x00060006,0x00001d96,0x00000000,0x6574616d,
0x6c616972,0x00000073,0x00030005,0x00001d98,
0x00000000,0x00050005,0x00001dab,0x63657073,
0x6f6c6f43,0x00000072,0x00050005,0x00001dba,
0x63657073,0x67696557,0x00007468,0x00070005,
0x00001dc0,0x6e617274,0x73696d73,0x6e6f6973,
0x6f6c6f43,0x00000072,0x00060005,0x00001dcf,
0x6e617274,0x73696d73,0x6e6f6973,0x00000000,
0x00070005,0x00001dd5,0x6e617274,0x73696d73,
0x6e6f6973,0x74616353,0x00726574,0x00070005,
0x00001de4,0x6e617274,0x73696d73,0x6e6f6973,
0x74706544,0x00000068,0x00080005,0x00001dea,
0x6e617274,0x73696d73,0x6e6f6973,0x74616353,
0x47726574,0x00000000,0x00060005,0x00001df3,
0x73627573,0x61667275,0x6f436563,0x00726f6c,
0x00050005,0x00001e02,0x73627573,0x61667275,
0x00006563,0x00070005,0x00001e08,0x73627573,
0x61667275,0x61526563,0x73756964,0x00000000,
0x00050005,0x00001e20,0x74616f63,0x6f6c6f43,
0x00000072,0x00050005,0x00001e32,0x74616f63,
0x67696557,0x00007468,0x00050005,0x00001e39,
0x65656873,0x6c6f436e,0x0000726f,0x00050005,
0x00001e4b,0x65656873,0x6965576e,0x00746867,
0x00050005,0x00001e52,0x73696d65,0x6e6f6973,
0x00000000,0x00040005,0x00001e6a,0x6361706f,
0x00797469,0x00040005,0x00001e71,0x6174656d,
0x0000006c,0x00040005,0x00001e78,0x67756f72,
0x00000068,0x00030005,0x00001e80,0x00726f69,
0x00050005,0x00001e87,0x74616f63,0x67756f52,
0x00000068,0x00040005,0x00001e8e,0x74616f63,
0x00726f49,0x00050005,0x00001e95,0x65656873,
0x756f526e,0x00006867,0x00040005,0x00001e9c,
0x73696e61,0x0000006f,0x00060005,0x00001eaa,
0x73696e61,0x746f526f,0x6f697461,0x0000006e,
0x00050005,0x00001eb0,0x74616f63,0x73696e41,
0x0000006f,0x00060005,0x00001ebe,0x74616f63,
0x61746f52,0x6e6f6974,0x00000000,0x00060005,
0x00001ec4,0x74616f63,0x65666641,0x6f437463,
0x00726f6c,0x00070005,0x00001ecb,0x74616f63,
0x65666641,0x6f527463,0x6e686775,0x00737365,
0x00060005,0x00001ed2,0x74616f63,0x6b726144,
0x6e696e65,0x00000067,0x00050005,0x00001ed9,
0x6d6c6966,0x67696557,0x00007468,0x00060005,
0x00001edf,0x6d6c6966,0x63696854,0x73656e6b,
0x00000073,0x00040005,0x00001ee7,0x6d6c6966,
0x00726f49,0x00050005,0x00001eed,0x70736964,
0x69737265,0x00006e6f,0x00060005,0x00001efa,
0x70736964,0x69737265,0x62416e6f,0x00006562,
0x00060005,0x00001f01,0x756c6f76,0x6544656d,
0x7469736e,0x00000079,0x00070005,0x00001f08,
0x756c6f76,0x6d45656d,0x69737369,0x63536e6f,
0x00656c61,0x00060005,0x00001f0f,0x756c6f76,
0x6c41656d,0x6f646562,0x00000000,0x00060005,
0x00001f21,0x756c6f76,0x6d45656d,0x69737369,
0x00006e6f,0x00030005,0x00001f33,0x00006267,
0x00030005,0x00001f3d,0x00007267,0x00040005,
0x00001f3e,0x61726170,0x0000006d,0x00040005,
0x00001f41,0x61726170,0x0000006d,0x00040005,
0x00001f44,0x61726170,0x0000006d,0x00040005,
0x00001f47,0x61726170,0x0000006d,0x00040005,
0x00001f4a,0x61726170,0x0000006d,0x00040005,
0x00001f8e,0x61726170,0x0000006d,0x00040005,
0x00001f91,0x61726170,0x0000006d,0x00040005,
0x00001f94,0x61726170,0x0000006d,0x00050005,
0x0000216b,0x68706c61,0x646f4d61,0x00000065,
0x00040005,0x00002188,0x61726170,0x0000006d,
0x00060005,0x000021b5,0x66666964,0x43657375,
0x726f6c6f,0x00000000,0x00050005,0x000021c0,
0x69646172,0x61477375,0x00006e69,0x00060005,
0x000021c7,0x73627573,0x61667275,0x72426563,
0x00006664,0x00050005,0x000021d3,0x6c656964,
0x72746365,0x00006369,0x00030005,0x000021d9,
0x00003066,0x00040005,0x000021ec,0x61726170,
0x0000006d,0x00040005,0x000021ee,0x61726170,
0x0000006d,0x00040005,0x000021ef,0x61726170,
0x0000006d,0x00040005,0x000021f1,0x61726170,
0x0000006d,0x00040005,0x000021f3,0x61726170,
0x0000006d,0x00040005,0x000021f6,0x74616f63,
0x00000046,0x00040005,0x000021fc,0x74616f63,
0x00003046,0x00050005,0x00002202,0x74616f63,
0x72656e45,0x00007967,0x00040005,0x00002206,
0x65656873,0x0000006e,0x00080005,0x00002214,
0x65746e69,0x63616672,0x61725465,0x696d736e,
0x6f697373,0x0000006e,0x00030005,0x00002219,
0x00006477,0x00030005,0x0000221f,0x00737377,
0x00030005,0x00002223,0x00007477,0x00030005,
0x0000222c,0x00006777,0x00030005,0x00002230,
0x00006377,0x00030005,0x00002234,0x00007377,
0x00040005,0x00002254,0x77656976,0x00000000,
0x00030005,0x0000225c,0x0000696c,0x00060005,
0x0000225d,0x656c6573,0x6f697463,0x6664506e,
0x00000000,0x00040005,0x0000225e,0x61726170,
0x0000006d,0x00040005,0x00002260,0x61726170,
0x0000006d,0x00030005,0x00002264,0x0000006c,
0x00030005,0x00002265,0x0000726c,0x00040005,
0x00002266,0x6867696c,0x00005474,0x00060005,
0x00002267,0x646e6f63,0x6f697469,0x506c616e,
0x00006664,0x00050005,0x00002268,0x6867696c,
0x6c654474,0x00006174,0x00050005,0x00002269,
0x67726174,0x72547465,0x00000069,0x00040005,
0x0000226a,0x61726170,0x0000006d,0x00040005,
0x0000226c,0x61726170,0x0000006d,0x00040005,
0x0000226f,0x61726170,0x0000006d,0x00040005,
0x00002271,0x61726170,0x0000006d,0x00040005,
0x00002272,0x61726170,0x0000006d,0x00040005,
0x00002273,0x61726170,0x0000006d,0x00040005,
0x00002274,0x61726170,0x0000006d,0x00040005,
0x00002275,0x61726170,0x0000006d,0x00040005,
0x00002276,0x61726170,0x0000006d,0x00030005,
0x00002281,0x00006c6e,0x00040005,0x00002287,
0x636f6c62,0x0064656b,0x00030005,0x0000228e,
0x00006873,0x00040005,0x0000228f,0x61726170,
0x0000006d,0x00040005,0x00002290,0x61726170,
0x0000006d,0x00040005,0x00002292,0x61726170,
0x0000006d,0x00040005,0x00002293,0x61726170,
0x0000006d,0x00040005,0x00002295,0x61726170,
0x0000006d,0x00040005,0x00002298,0x69736976,
0x00656c62,0x00050005,0x000022af,0x6867696c,
0x66645074,0x00000000,0x00040005,0x000022b3,
0x66647362,0x00666450,0x00040005,0x000022bf,
0x61726170,0x0000006d,0x00040005,0x000022c2,
0x61726170,0x0000006d,0x00040005,0x000022c5,
0x61726170,0x0000006d,0x00040005,0x000022c7,
0x61726170,0x0000006d,0x00040005,0x000022c9,
0x61726170,0x0000006d,0x00040005,0x000022cb,
0x61726170,0x0000006d,0x00040005,0x000022cd,
0x61726170,0x0000006d,0x00040005,0x000022d6,
0x61726170,0x0000006d,0x00040005,0x000022d9,
0x61726170,0x0000006d,0x00040005,0x000022dc,
0x61726170,0x0000006d,0x00040005,0x000022de,
0x61726170,0x0000006d,0x00040005,0x000022e0,
0x61726170,0x0000006d,0x00040005,0x000022e2,
0x61726170,0x0000006d,0x00040005,0x000022e4,
0x61726170,0x0000006d,0x00030005,0x000022e9,
0x0073696d,0x00040005,0x000022ef,0x61726170,
0x0000006d,0x00040005,0x000022f1,0x61726170,
0x0000006d,0x00040005,0x000022f5,0x63657073,
0x00000000,0x00040005,0x000022f6,0x61726170,
0x0000006d,0x00040005,0x000022f9,0x61726170,
0x0000006d,0x00040005,0x000022fc,0x61726170,
0x0000006d,0x00040005,0x000022fe,0x61726170,
0x0000006d,0x00040005,0x00002300,0x61726170,
0x0000006d,0x00040005,0x00002302,0x61726170,
0x0000006d,0x00040005,0x00002304,0x61726170,
0x0000006d,0x00040005,0x00002306,0x61726170,
0x0000006d,0x00040005,0x00002309,0x74616f63,
0x00000000,0x00040005,0x0000230a,0x61726170,
0x0000006d,0x00040005,0x0000230d,0x61726170,
0x0000006d,0x00040005,0x00002310,0x61726170,
0x0000006d,0x00040005,0x00002312,0x61726170,
0x0000006d,0x00040005,0x00002314,0x61726170,
0x0000006d,0x00040005,0x00002316,0x61726170,
0x0000006d,0x00040005,0x00002318,0x61726170,
0x0000006d,0x00040005,0x0000231a,0x61726170,
0x0000006d,0x00030005,0x00002338,0x00006978,
0x00040005,0x00002339,0x61726170,0x0000006d,
0x00040005,0x00002340,0x65646973,0x00000000,
0x00040005,0x00002350,0x61726170,0x0000006d,
0x00050005,0x00002366,0x63657073,0x6c617274,
0x00000000,0x00040005,0x0000236b,0x61726170,
0x0000006d,0x00040005,0x0000236d,0x61726170,
0x0000006d,0x00040005,0x0000236f,0x61726170,
0x0000006d,0x00040005,0x00002371,0x61726170,
0x0000006d,0x00050005,0x00002373,0x67726174,
0x6f497465,0x00000072,0x00030005,0x00002377,
0x00617465,0x00030005,0x0000237b,0x00000071,
0x00030005,0x00002381,0x00726974,0x00050005,
0x00002391,0x6f736261,0x69747072,0x00006e6f,
0x00040005,0x000023cb,0x61726170,0x0000006d,
0x00040005,0x000023cc,0x61726170,0x0000006d,
0x00030005,0x000023e3,0x00666470,0x00040005,
0x000023e4,0x61726170,0x0000006d,0x00040005,
0x000023e7,0x61726170,0x0000006d,0x00040005,
0x000023ea,0x61726170,0x0000006d,0x00040005,
0x000023ec,0x61726170,0x0000006d,0x00040005,
0x000023ee,0x61726170,0x0000006d,0x00040005,
0x000023f0,0x61726170,0x0000006d,0x00040005,
0x000023f2,0x61726170,0x0000006d,0x00040005,
0x000023f4,0x61726170,0x0000006d,0x00030005,
0x000023f8,0x00006c6e,0x00040005,0x000023fe,
0x66647262,0x00000000,0x00040005,0x000023ff,
0x61726170,0x0000006d,0x00040005,0x00002402,
0x61726170,0x0000006d,0x00040005,0x00002405,
0x61726170,0x0000006d,0x00040005,0x00002407,
0x61726170,0x0000006d,0x00040005,0x00002409,
0x61726170,0x0000006d,0x00040005,0x0000240b,
0x61726170,0x0000006d,0x00040005,0x0000240d,
0x61726170,0x0000006d,0x00040005,0x0000240f,
0x61726170,0x0000006d,0x00050005,0x00002412,
0x656c6573,0x64657463,0x00666450,0x00040005,
0x00002426,0x61726170,0x0000006d,0x00040005,
0x00002429,0x61726170,0x0000006d,0x00040005,
0x0000242c,0x61726170,0x0000006d,0x00040005,
0x0000242e,0x61726170,0x0000006d,0x00040005,
0x00002430,0x61726170,0x0000006d,0x00040005,
0x00002432,0x61726170,0x0000006d,0x00040005,
0x00002434,0x61726170,0x0000006d,0x00030005,
0x0000244e,0x00666470,0x00040005,0x0000244f,
0x61726170,0x0000006d,0x00040005,0x00002452,
0x61726170,0x0000006d,0x00040005,0x00002455,
0x61726170,0x0000006d,0x00040005,0x00002457,
0x61726170,0x0000006d,0x00040005,0x00002459,
0x61726170,0x0000006d,0x00040005,0x0000245b,
0x61726170,0x0000006d,0x00040005,0x0000245d,
0x61726170,0x0000006d,0x00040005,0x0000245f,
0x61726170,0x0000006d,0x00030005,0x00002463,
0x00006c6e,0x00040005,0x00002469,0x66647262,
0x00000000,0x00040005,0x0000246a,0x61726170,
0x0000006d,0x00040005,0x0000246d,0x61726170,
0x0000006d,0x00040005,0x00002470,0x61726170,
0x0000006d,0x00040005,0x00002472,0x61726170,
0x0000006d,0x00040005,0x00002474,0x61726170,
0x0000006d,0x00040005,0x00002476,0x61726170,
0x0000006d,0x00040005,0x00002478,0x61726170,
0x0000006d,0x00040005,0x0000247a,0x61726170,
0x0000006d,0x00050005,0x0000247f,0x656c6573,
0x64657463,0x00666450,0x00040005,0x00002491,
0x61726170,0x0000006d,0x00040005,0x00002494,
0x61726170,0x0000006d,0x00040005,0x00002497,
0x61726170,0x0000006d,0x00040005,0x00002499,
0x61726170,0x0000006d,0x00040005,0x0000249b,
0x61726170,0x0000006d,0x00040005,0x0000249d,
0x61726170,0x0000006d,0x00040005,0x0000249f,
0x61726170,0x0000006d,0x00040005,0x000024b0,
0x61726170,0x0000006d,0x00040005,0x000024b3,
0x61726170,0x0000006d,0x00030005,0x000024b7,
0x00006c6e,0x00040005,0x000024c8,0x61726170,
0x0000006d,0x00040005,0x000024cb,0x61726170,
0x0000006d,0x00040005,0x000024ce,0x61726170,
0x0000006d,0x00040005,0x000024d0,0x61726170,
0x0000006d,0x00040005,0x000024d2,0x61726170,
0x0000006d,0x00040005,0x000024d4,0x61726170,
0x0000006d,0x00040005,0x000024d6,0x61726170,
0x0000006d,0x00040005,0x000024df,0x61726170,
0x0000006d,0x00040005,0x000024e2,0x61726170,
0x0000006d,0x00040005,0x000024e5,0x61726170,
0x0000006d,0x00040005,0x000024e7,0x61726170,
0x0000006d,0x00040005,0x000024e9,0x61726170,
0x0000006d,0x00040005,0x000024eb,0x61726170,
0x0000006d,0x00040005,0x000024ed,0x61726170,
0x0000006d,0x00030005,0x0000250b,0x00000070,
0x00040005,0x00002516,0x61726170,0x0000006d,
0x00030005,0x0000252a,0x00000063,0x00040005,
0x00002537,0x61726170,0x0000006d,0x00030005,
0x00002539,0x00747364,0x00040005,0x00002544,
0x7074754f,0x00007475,0x00070006,0x00002544,
0x00000000,0x7074756f,0x69507475,0x736c6578,
0x00000000,0x00030005,0x00002546,0x00000000,
0x00040047,0x0000063b,0x00000006,0x00000004,
0x00030047,0x0000063c,0x00000002,0x00040048,
0x0000063c,0x00000000,0x00000018,0x00050048,
0x0000063c,0x00000000,0x00000023,0x00000000,
0x00030047,0x0000063e,0x00000018,0x00040047,
0x0000063e,0x00000021,0x00000007,0x00040047,
0x0000063e,0x00000022,0x00000000,0x00040047,
0x0000071f,0x00000006,0x00000004,0x00030047,
0x00000720,0x00000002,0x00040048,0x00000720,
0x00000000,0x00000018,0x00050048,0x00000720,
0x00000000,0x00000023,0x00000000,0x00030047,
0x00000722,0x00000018,0x00040047,0x00000722,
0x00000021,0x00000006,0x00040047,0x00000722,
0x00000022,0x00000000,0x00040047,0x0000080d,
0x00000006,0x00000004,0x00030047,0x0000080e,
0x00000002,0x00040048,0x0000080e,0x00000000,
0x00000018,0x00050048,0x0000080e,0x00000000,
0x00000023,0x00000000,0x00030047,0x00000810,
0x00000018,0x00040047,0x00000810,0x00000021,
0x00000005,0x00040047,0x00000810,0x00000022,
0x00000000,0x00040047,0x000013a7,0x00000021,
0x00000000,0x00040047,0x000013a7,0x00000022,
0x00000000,0x00040047,0x000013c2,0x00000006,
0x00000004,0x00030047,0x000013c3,0x00000002,
0x00040048,0x000013c3,0x00000000,0x00000018,
0x00050048,0x000013c3,0x00000000,0x00000023,
0x00000000,0x00030047,0x000013c5,0x00000018,
0x00040047,0x000013c5,0x00000021,0x00000002,
0x00040047,0x000013c5,0x00000022,0x00000000,
0x00040047,0x000013da,0x00000006,0x00000004,
0x00030047,0x000013db,0x00000002,0x00040048,
0x000013db,0x00000000,0x00000018,0x00050048,
0x000013db,0x00000000,0x00000023,0x00000000,
0x00030047,0x000013dd,0x00000018,0x00040047,
0x000013dd,0x00000021,0x00000001,0x00040047,
0x000013dd,0x00000022,0x00000000,0x00040047,
0x000014dd,0x00000006,0x00000004,0x00030047,
0x000014de,0x00000002,0x00040048,0x000014de,
0x00000000,0x00000018,0x00050048,0x000014de,
0x00000000,0x00000023,0x00000000,0x00030047,
0x000014e0,0x00000018,0x00040047,0x000014e0,
0x00000021,0x00000003,0x00040047,0x000014e0,
0x00000022,0x00000000,0x00030047,0x000014e7,
0x00000002,0x00040048,0x000014e7,0x00000000,
0x00000005,0x00050048,0x000014e7,0x00000000,
0x00000007,0x00000010,0x00050048,0x000014e7,
0x00000000,0x00000023,0x00000000,0x00050048,
0x000014e7,0x00000001,0x00000023,0x00000040,
0x00050048,0x000014e7,0x00000002,0x00000023,
0x00000050,0x00050048,0x000014e7,0x00000003,
0x00000023,0x00000060,0x00050048,0x000014e7,
0x00000004,0x00000023,0x00000070,0x00040047,
0x000017d4,0x00000006,0x00000004,0x00030047,
0x000017d5,0x00000002,0x00040048,0x000017d5,
0x00000000,0x00000018,0x00050048,0x000017d5,
0x00000000,0x00000023,0x00000000,0x00030047,
0x000017d7,0x00000018,0x00040047,0x000017d7,
0x00000021,0x00000008,0x00040047,0x000017d7,
0x00000022,0x00000000,0x00040047,0x00001c08,
0x0000000b,0x0000001c,0x00040047,0x00001d95,
0x00000006,0x00000004,0x00030047,0x00001d96,
0x00000002,0x00040048,0x00001d96,0x00000000,
0x00000018,0x00050048,0x00001d96,0x00000000,
0x00000023,0x00000000,0x00030047,0x00001d98,
0x00000018,0x00040047,0x00001d98,0x00000021,
0x00000004,0x00040047,0x00001d98,0x00000022,
0x00000000,0x00040047,0x00002543,0x00000006,
0x00000004,0x00030047,0x00002544,0x00000002,
0x00040048,0x00002544,0x00000000,0x00000019,
0x00050048,0x00002544,0x00000000,0x00000023,
0x00000000,0x00030047,0x00002546,0x00000019,
0x00040047,0x00002546,0x00000021,0x00000009,
0x00040047,0x00002546,0x00000022,0x00000000,
0x00040047,0x00002558,0x0000000b,0x00000019,
0x00020013,0x00000002,0x00030021,0x00000003,
0x00000002,0x00040015,0x00000006,0x00000020,
0x00000000,0x00040020,0x00000007,0x00000007,
0x00000006,0x00040021,0x00000008,0x00000006,
0x00000007,0x00040015,0x0000000c,0x00000020,
0x00000001,0x00040020,0x0000000d,0x00000007,
0x0000000c,0x00050021,0x0000000e,0x00000006,
0x00000007,0x0000000d,0x00060021,0x00000013,
0x00000006,0x00000007,0x00000007,0x00000007,
0x00040017,0x00000019,0x0000000c,0x00000003,
0x00040020,0x0000001a,0x00000007,0x00000019,
0x00020014,0x0000001b,0x00040020,0x0000001c,
0x00000007,0x0000001b,0x00030016,0x0000001d,
0x00000020,0x00050021,0x0000001e,0x0000001d,
0x0000001a,0x0000001c,0x00040020,0x00000023,
0x00000007,0x0000001d,0x00060021,0x00000024,
0x0000001d,0x00000007,0x00000023,0x00000023,
0x00040017,0x0000002a,0x0000001d,0x00000002,
0x00040020,0x0000002b,0x00000007,0x0000002a,
0x00050021,0x0000002c,0x0000001d,0x0000002b,
0x0000000d,0x00060021,0x00000031,0x0000001d,
0x0000001a,0x0000001c,0x0000000d,0x00040017,
0x00000037,0x0000001d,0x00000003,0x00040020,
0x00000038,0x00000007,0x00000037,0x00040017,
0x00000039,0x0000001d,0x00000004,0x00080021,
0x0000003a,0x00000039,0x00000038,0x0000001c,
0x00000023,0x0000000d,0x0000000d,0x00070021,
0x00000042,0x0000001d,0x00000007,0x00000023,
0x00000023,0x00000023,0x00050021,0x00000049,
0x0000001d,0x00000038,0x0000000d,0x00060021,
0x0000004e,0x0000001d,0x0000002b,0x00000023,
0x0000000d,0x00070021,0x00000054,0x0000001d,
0x0000002b,0x00000023,0x0000001c,0x0000000d,
0x00040020,0x0000005b,0x00000007,0x00000039,
0x00090021,0x0000005c,0x00000039,0x00000023,
0x00000023,0x00000023,0x0000005b,0x0000005b,
0x0000000d,0x00040021,0x00000065,0x0000001d,
0x00000007,0x00040021,0x00000069,0x0000001d,
0x00000038,0x00040021,0x0000006d,0x00000037,
0x00000038,0x00050021,0x00000071,0x0000001d,
0x00000023,0x0000000d,0x00050021,0x00000076,
0x00000039,0x0000000d,0x0000002b,0x0004002b,
0x00000006,0x0000007b,0x00000040,0x0004001c,
0x0000007c,0x00000039,0x0000007b,0x00040020,
0x0000007d,0x00000007,0x0000007c,0x00070021,
0x0000007e,0x00000039,0x0000000d,0x0000005b,
0x0000007d,0x0000000d,0x0004002b,0x00000006,
0x0000008b,0x00000030,0x0004001c,0x0000008c,
0x00000039,0x0000008b,0x00040020,0x0000008d,
0x00000007,0x0000008c,0x00080021,0x0000008e,
0x00000002,0x00000007,0x0000002b,0x00000038,
0x00000038,0x0000008d,0x000a001e,0x00000096,
0x0000001d,0x00000006,0x0000002a,0x00000037,
0x00000037,0x00000037,0x0000002a,0x00000006,
0x00040020,0x00000097,0x00000007,0x00000096,
0x00080021,0x00000098,0x0000001b,0x00000038,
0x00000038,0x00000023,0x00000023,0x00000097,
0x00050021,0x000000a0,0x00000037,0x00000038,
0x00000007,0x00050021,0x000000a5,0x00000037,
0x00000023,0x00000038,0x00080021,0x000000aa,
0x00000002,0x00000038,0x00000038,0x00000023,
0x00000038,0x00000038,0x00080021,0x000000b2,
0x0000001d,0x00000023,0x00000023,0x00000023,
0x00000023,0x00000023,0x000b0021,0x000000c1,
0x00000037,0x00000038,0x00000038,0x00000038,
0x00000023,0x00000023,0x00000023,0x00000007,
0x00000023,0x000b0021,0x000000cc,0x00000037,
0x00000038,0x00000038,0x00000038,0x00000038,
0x00000023,0x00000023,0x00000023,0x00000038,
0x000a0021,0x000000d7,0x0000001d,0x00000038,
0x00000038,0x00000038,0x00000038,0x00000023,
0x00000023,0x00000023,0x00080021,0x000000e1,
0x00000037,0x00000038,0x00000023,0x00000023,
0x00000023,0x00000023,0x00070021,0x000000e9,
0x0000001d,0x00000023,0x00000023,0x00000023,
0x0000000d,0x00060021,0x000000f0,0x00000037,
0x00000038,0x00000038,0x00000038,0x00030021,
0x000000fc,0x0000001d,0x00050021,0x000000ff,
0x00000006,0x00000007,0x00000023,0x00050021,
0x00000106,0x0000001d,0x00000023,0x00000023,
0x000c0021,0x0000010b,0x0000001b,0x00000007,
0x00000038,0x00000007,0x00000038,0x00000038,
0x00000023,0x00000023,0x0000001c,0x0000000d,
0x00070021,0x0000011b,0x00000037,0x00000038,
0x00000023,0x00000007,0x00000023,0x0004002b,
0x0000000c,0x00000126,0x00000010,0x0004002b,
0x00000006,0x0000012a,0x7feb352d,0x0004002b,
0x0000000c,0x0000012e,0x0000000f,0x0004002b,
0x00000006,0x00000132,0x846ca68b,0x0004002b,
0x0000000c,0x00000140,0x00000020,0x0004002b,
0x0000000c,0x0000014a,0x0000000e,0x0004002b,
0x0000000c,0x00000154,0x0000000b,0x0004002b,
0x0000000c,0x0000015e,0x00000019,0x0004002b,
0x0000000c,0x00000171,0x00000004,0x0004002b,
0x0000000c,0x00000184,0x00000018,0x0004002b,
0x00000006,0x0000018f,0xdeadbeef,0x0004002b,
0x00000006,0x00000191,0x00000003,0x0004002b,
0x00000006,0x00000192,0x00000002,0x0004002b,
0x00000006,0x00000196,0x0000000d,0x0004002b,
0x00000006,0x0000019a,0x00000000,0x0004002b,
0x00000006,0x000001a0,0x00000001,0x0004002b,
0x0000001d,0x000001b6,0x4f800000,0x0004002b,
0x00000006,0x000001bc,0x00000007,0x0004002b,
0x00000006,0x000001c0,0x00000004,0x0004002b,
0x0000001d,0x000001c6,0x40000000,0x00040017,
0x000001e6,0x0000000c,0x00000002,0x00040020,
0x000001e7,0x00000007,0x000001e6,0x0004002b,
0x0000001d,0x000001f9,0x40c00000,0x0004002b,
0x0000001d,0x000001fb,0x41700000,0x0004002b,
0x0000001d,0x000001ff,0x41200000,0x0004002b,
0x00000006,0x00000204,0xdeadbf04,0x0004002b,
0x0000000c,0x00000219,0x00000001,0x0004002b,
0x0000000c,0x0000024b,0x00000000,0x0004002b,
0x0000000c,0x00000251,0x00000008,0x0004002b,
0x00000006,0x00000256,0x000000ff,0x0004002b,
0x0000001d,0x00000271,0x3f800000,0x0004002b,
0x0000001d,0x00000291,0x3f295e9e,0x0004002b,
0x0000001d,0x000002d5,0x437f0000,0x0004002b,
0x0000001d,0x000002e9,0x49742400,0x0006002c,
0x00000037,0x000002ea,0x000002e9,0x000002e9,
0x000002e9,0x0004002b,0x0000001d,0x000002ec,
0x00000000,0x0006002c,0x00000037,0x000002ed,
0x000002ec,0x000002ec,0x000002ec,0x0004002b,
0x0000000c,0x000002ef,0xffffffff,0x0004002b,
0x0000000c,0x00000323,0x00000002,0x0004002b,
0x0000001d,0x00000336,0x3f000000,0x0006002c,
0x00000037,0x00000337,0x00000336,0x00000336,
0x00000336,0x0007002c,0x00000039,0x00000374,
0x000002ec,0x000002ec,0x000002ec,0x000002ec,
0x0004002b,0x00000006,0x000003ad,0x0000000f,
0x0004002b,0x00000006,0x000003b2,0x00000008,
0x0004002b,0x00000006,0x000003c0,0x0000000c,
0x0004002b,0x00000006,0x000003c3,0x0000000e,
0x0004002b,0x00000006,0x000003fc,0xdeadbf08,
0x0004001c,0x00000439,0x0000001d,0x000003b2,
0x00040020,0x0000043a,0x00000007,0x00000439,
0x0004002b,0x0000000c,0x00000469,0x00000003,
0x0004002b,0x0000000c,0x00000475,0x00000005,
0x0004002b,0x0000000c,0x0000047b,0x00000006,
0x0004002b,0x0000000c,0x0000047e,0x00000007,
0x0004002b,0x0000001d,0x00000487,0x3f7b645a,
0x0004001c,0x000004a5,0x0000002a,0x000001c0,
0x00040020,0x000004a6,0x00000007,0x000004a5,
0x0004002b,0x0000001d,0x000004d7,0xbf5db3d0,
0x0004002b,0x0000001d,0x000004d8,0x3f13cd36,
0x0006002c,0x00000037,0x000004d9,0x000004d7,
0x00000336,0x000004d8,0x0004002b,0x0000001d,
0x000004fa,0xbf800000,0x0005002c,0x0000002a,
0x00000516,0x00000271,0x00000271,0x0004002b,
0x0000001d,0x00000538,0x3f3504f3,0x0004002b,
0x0000001d,0x0000055f,0x3f5db3d0,0x0004002b,
0x0000001d,0x000005a0,0x322bcc77,0x0004002b,
0x0000001d,0x000005b9,0x40400000,0x0004002b,
0x00000006,0x000005cf,0x2c9277b5,0x0004002b,
0x00000006,0x000005d1,0xac564b05,0x0004002b,
0x0000000c,0x000005d6,0x0000001c,0x0004002b,
0x00000006,0x000005dc,0x108ef2d9,0x0004002b,
0x0000000c,0x000005df,0x00000016,0x0004002b,
0x0000001d,0x000005e8,0x42fe3333,0x0004002b,
0x0000001d,0x000005e9,0x439bd99a,0x0004002b,
0x0000001d,0x000005ea,0x42956666,0x0006002c,
0x00000037,0x000005eb,0x000005e8,0x000005e9,
0x000005ea,0x0004002b,0x0000001d,0x000005ee,
0x472aee8c,0x0004002b,0x0000001d,0x000005f4,
0x414eb852,0x0004002b,0x0000001d,0x000005f8,
0x3d6147ae,0x0004002b,0x0000001d,0x000005fb,
0x3f870a3d,0x0004002b,0x0000001d,0x000005fe,
0x4019999a,0x0006002c,0x00000037,0x000005ff,
0x000005fe,0x000005fe,0x000005fe,0x0004002b,
0x0000001d,0x00000602,0x3d25aee6,0x0006002c,
0x00000037,0x00000603,0x00000602,0x00000602,
0x00000602,0x00040017,0x00000604,0x0000001b,
0x00000003,0x0004002b,0x00000006,0x00000639,
0x00000005,0x0003001d,0x0000063b,0x0000000c,
0x0003001e,0x0000063c,0x0000063b,0x00040020,
0x0000063d,0x0000000c,0x0000063c,0x0004003b,
0x0000063d,0x0000063e,0x0000000c,0x0007002c,
0x00000039,0x00000646,0x00000271,0x00000271,
0x00000271,0x00000271,0x00040020,0x0000064a,
0x0000000c,0x0000000c,0x0004002b,0x00000006,
0x00000664,0x00000006,0x0004002b,0x00000006,
0x00000679,0x0000ffff,0x0004002b,0x00000006,
0x0000067e,0x00000010,0x0004001c,0x00000706,
0x000001e6,0x000001c0,0x00040020,0x00000707,
0x00000007,0x00000706,0x0003001d,0x0000071f,
0x00000006,0x0003001e,0x00000720,0x0000071f,
0x00040020,0x00000721,0x0000000c,0x00000720,
0x0004003b,0x00000721,0x00000722,0x0000000c,
0x00040020,0x0000072f,0x0000000c,0x00000006,
0x0004001c,0x00000732,0x00000039,0x000001c0,
0x00040020,0x00000733,0x00000007,0x00000732,
0x0004002b,0x0000001d,0x00000786,0xbeaaaaab,
0x0004002b,0x0000001d,0x00000787,0x3f2aaaab,
0x0007002c,0x00000039,0x00000788,0x000002ec,
0x00000786,0x00000787,0x000004fa,0x0004002b,
0x0000001d,0x000007c5,0x2edbe6ff,0x0004002b,
0x0000001d,0x000007e2,0x3eaaaaab,0x0006002c,
0x00000037,0x000007e3,0x000002ec,0x00000787,
0x000007e2,0x0006002c,0x00000037,0x000007ec,
0x00000271,0x00000271,0x00000271,0x0004002b,
0x00000006,0x00000808,0x00000572,0x0004002b,
0x00000006,0x0000080b,0x00000032,0x0003001d,
0x0000080d,0x0000001d,0x0003001e,0x0000080e,
0x0000080d,0x00040020,0x0000080f,0x0000000c,
0x0000080e,0x0004003b,0x0000080f,0x00000810,
0x0000000c,0x00040020,0x0000081a,0x0000000c,
0x0000001d,0x0004002b,0x0000001d,0x0000081d,
0x42800000,0x0004002b,0x00000006,0x00000833,
0x00000015,0x0004002b,0x00000006,0x00000872,
0x00000009,0x0004002b,0x00000006,0x00000877,
0x0000000a,0x0004002b,0x00000006,0x0000087c,
0x0000000b,0x0004002b,0x00000006,0x000008c4,
0x00000011,0x0004002b,0x00000006,0x000008c9,
0x00000012,0x0004002b,0x00000006,0x000008d0,
0x00000013,0x0004002b,0x00000006,0x000008d5,
0x00000014,0x0004002b,0x0000001d,0x00000933,
0x358637bd,0x0007002c,0x00000039,0x00000934,
0x00000933,0x00000933,0x00000933,0x00000933,
0x0004002b,0x0000000c,0x00000948,0x00000009,
0x0004002b,0x0000000c,0x00000954,0x0000000a,
0x0004002b,0x0000000c,0x00000972,0x0000000c,
0x0004002b,0x0000000c,0x0000097e,0x0000000d,
0x0004002b,0x0000000c,0x000009a6,0x00000011,
0x0004002b,0x0000000c,0x000009b0,0x00000012,
0x0004002b,0x0000000c,0x000009ba,0x00000013,
0x0004002b,0x0000001d,0x000009c1,0x3e59b3d0,
0x0004002b,0x0000001d,0x000009c2,0x3f371759,
0x0004002b,0x0000001d,0x000009c3,0x3d93dd98,
0x0006002c,0x00000037,0x000009c4,0x000009c1,
0x000009c2,0x000009c3,0x0004002b,0x0000000c,
0x000009ca,0x00000014,0x0004002b,0x0000000c,
0x000009d8,0x00000015,0x0004002b,0x0000000c,
0x000009ed,0x00000017,0x0004002b,0x0000000c,
0x00000a0a,0x0000001a,0x0004002b,0x0000000c,
0x00000a16,0x0000001b,0x0004002b,0x0000000c,
0x00000a32,0x0000001d,0x0004002b,0x0000001d,
0x00000a61,0x41980000,0x0004002b,0x0000001d,
0x00000a62,0x43410000,0x0005002c,0x0000002a,
0x00000a63,0x00000a61,0x00000a62,0x0004002b,
0x0000000c,0x00000aaa,0x0000001e,0x0004002b,
0x0000000c,0x00000ab4,0x0000001f,0x0007002c,
0x00000039,0x00000ac3,0x000005a0,0x000005a0,
0x000005a0,0x000005a0,0x0004002b,0x0000000c,
0x00000ac9,0x00000021,0x0004002b,0x0000000c,
0x00000add,0x00000022,0x0004002b,0x0000000c,
0x00000ae7,0x00000023,0x0004002b,0x0000000c,
0x00000af7,0x00000024,0x0004002b,0x0000000c,
0x00000b04,0x00000025,0x0004002b,0x0000001d,
0x00000b0c,0x3f666666,0x0006002c,0x00000037,
0x00000b12,0x000002ec,0x000002ec,0x00000271,
0x0006002c,0x00000037,0x00000b16,0x000002ec,
0x00000271,0x000002ec,0x0004002b,0x0000000c,
0x00000b21,0x00000026,0x0004002b,0x0000000c,
0x00000b52,0x00000027,0x00040018,0x00000b7d,
0x0000002a,0x00000002,0x0004002b,0x0000000c,
0x00000b8d,0x00000028,0x0004002b,0x0000001d,
0x00000bbc,0x41880000,0x0006002c,0x00000037,
0x00000bbd,0x00000a61,0x00000a62,0x00000bbc,
0x0004002b,0x0000000c,0x00000c04,0x00000029,
0x0004002b,0x0000000c,0x00000c0f,0x0000002a,
0x0004002b,0x0000000c,0x00000c19,0x0000002b,
0x0004002b,0x0000000c,0x00000c23,0x0000002c,
0x0004002b,0x0000000c,0x00000c32,0x0000002d,
0x0004002b,0x0000000c,0x00000c45,0x0000002e,
0x0004002b,0x0000000c,0x00000c4e,0x0000002f,
0x0004002b,0x0000000c,0x00000c5b,0x00000030,
0x0004002b,0x0000000c,0x00000c86,0x00000031,
0x0004002b,0x0000001d,0x00000c8b,0x3c23d70a,
0x0004002b,0x0000001d,0x00000c90,0x38d1b717,
0x0004002b,0x0000000c,0x00000cc3,0x00000032,
0x0007002c,0x00000039,0x00000cc9,0x000004fa,
0x000004fa,0x000004fa,0x000004fa,0x0004002b,
0x0000000c,0x00000ccf,0x00000033,0x0004002b,
0x0000000c,0x00000cda,0x00000034,0x0004002b,
0x0000000c,0x00000ce9,0x00000035,0x0004002b,
0x0000000c,0x00000d13,0x00000036,0x0004002b,
0x0000000c,0x00000d1d,0x00000037,0x0004002b,
0x0000000c,0x00000d30,0x00000038,0x0007002c,
0x00000039,0x00000d40,0x00000336,0x00000336,
0x00000336,0x00000336,0x0004002b,0x0000000c,
0x00000d4c,0x00000039,0x00040017,0x00000d61,
0x0000001b,0x00000004,0x0004002b,0x0000000c,
0x00000d67,0x0000003a,0x0004002b,0x0000000c,
0x00000d81,0x0000003b,0x0004002b,0x0000000c,
0x00000d84,0x0000003c,0x0004002b,0x0000000c,
0x00000db1,0x0000003d,0x0004002b,0x0000000c,
0x00000db4,0x0000003e,0x0004002b,0x0000000c,
0x00000de9,0x0000003f,0x0004002b,0x0000000c,
0x00000e06,0x00000040,0x0004002b,0x0000000c,
0x00000e09,0x00000041,0x0004002b,0x0000000c,
0x00000e0d,0x00000042,0x0004002b,0x0000000c,
0x00000e60,0x00000043,0x0004002b,0x0000000c,
0x00000e72,0x00000044,0x0004002b,0x0000000c,
0x00000e84,0x00000045,0x0004002b,0x0000000c,
0x00000ea6,0x00000046,0x0004002b,0x0000000c,
0x00000eb4,0x00000047,0x0004002b,0x0000000c,
0x00000ec7,0x00000048,0x0004002b,0x0000000c,
0x00000edc,0x00000049,0x0004002b,0x0000000c,
0x00000eef,0x0000004a,0x0004002b,0x0000000c,
0x00000f0f,0x0000004b,0x0004002b,0x0000000c,
0x00000f12,0x0000004c,0x0004002b,0x0000000c,
0x00000f35,0x0000004d,0x0004002b,0x0000000c,
0x00000f38,0x0000004e,0x0004002b,0x0000000c,
0x00000f3c,0x0000004f,0x0004002b,0x0000000c,
0x00000f68,0x00000050,0x0004002b,0x0000000c,
0x00000f75,0x00000051,0x0004002b,0x0000000c,
0x00000f78,0x00000052,0x0004002b,0x0000000c,
0x00000f8f,0x00000053,0x0004002b,0x0000000c,
0x00000f97,0x00000054,0x0004002b,0x0000000c,
0x00000fab,0x00000055,0x0004002b,0x0000000c,
0x00000fba,0x00000056,0x0004002b,0x0000000c,
0x00000fbd,0x0000005b,0x0004002b,0x0000000c,
0x00000fcd,0x00000057,0x0004002b,0x0000000c,
0x00000fd7,0x00000059,0x0004002b,0x0000000c,
0x00001019,0x00000058,0x0004002b,0x0000000c,
0x00001043,0x0000005c,0x0004002b,0x0000000c,
0x00001053,0x0000005d,0x0004002b,0x0000000c,
0x00001056,0x0000005e,0x0004002b,0x0000000c,
0x00001069,0x0000005f,0x0004002b,0x0000000c,
0x0000110a,0x00000060,0x0004002b,0x0000000c,
0x0000110d,0x00000061,0x0004002b,0x0000000c,
0x0000112d,0x00000062,0x0004002b,0x0000000c,
0x000011ce,0x00000063,0x0004002b,0x0000000c,
0x00001217,0x00000064,0x0005002c,0x0000002a,
0x00001223,0x000004d7,0x00000336,0x0004002b,
0x0000001d,0x0000122d,0xbf13cd36,0x0004002b,
0x0000000c,0x0000124a,0x00000065,0x0004002b,
0x0000000c,0x0000124d,0x00000069,0x0004002b,
0x0000000c,0x00001287,0x0000006a,0x0004002b,
0x0000001d,0x000012a1,0x40c90fe4,0x0004002b,
0x0000001d,0x000012ac,0x3fb4fdf4,0x0004002b,
0x0000000c,0x000012c8,0x0000006b,0x0004002b,
0x0000000c,0x000012cb,0x0000006c,0x00021178,
0x000013a2,0x00040020,0x000013a3,0x00000006,
0x000013a2,0x0004003b,0x000013a3,0x000013a4,
0x00000006,0x000214dd,0x000013a5,0x00040020,
0x000013a6,0x00000000,0x000013a5,0x0004003b,
0x000013a6,0x000013a7,0x00000000,0x00030029,
0x0000001b,0x000013b3,0x0003002a,0x0000001b,
0x000013b8,0x0003001d,0x000013c2,0x00000006,
0x0003001e,0x000013c3,0x000013c2,0x00040020,
0x000013c4,0x0000000c,0x000013c3,0x0004003b,
0x000013c4,0x000013c5,0x0000000c,0x0003001d,
0x000013da,0x0000001d,0x0003001e,0x000013db,
0x000013da,0x00040020,0x000013dc,0x0000000c,
0x000013db,0x0004003b,0x000013dc,0x000013dd,
0x0000000c,0x0004002b,0x0000001d,0x00001460,
0x3dcccccd,0x0003001d,0x000014dd,0x00000006,
0x0003001e,0x000014de,0x000014dd,0x00040020,
0x000014df,0x0000000c,0x000014de,0x0004003b,
0x000014df,0x000014e0,0x0000000c,0x00040018,
0x000014e5,0x00000039,0x00000004,0x00040017,
0x000014e6,0x00000006,0x00000004,0x0007001e,
0x000014e7,0x000014e5,0x00000039,0x00000039,
0x000014e6,0x000014e6,0x00040020,0x000014e8,
0x00000009,0x000014e7,0x0004003b,0x000014e8,
0x000014e9,0x00000009,0x00040020,0x000014ea,
0x00000009,0x00000006,0x0004002b,0x0000001d,
0x000014fa,0x40c90fdb,0x0004002b,0x0000001d,
0x00001532,0x40a00000,0x0004002b,0x0000001d,
0x00001572,0x3b03126f,0x0004002b,0x0000001d,
0x00001579,0x3a83126f,0x0004002b,0x0000001d,
0x00001595,0x40490fdb,0x0004002b,0x0000001d,
0x000015f9,0x3e800000,0x0004002b,0x0000001d,
0x000015fc,0x3f400000,0x0004002b,0x0000001d,
0x00001679,0x40800000,0x0004002b,0x0000001d,
0x0000173d,0x3f95c28f,0x0004002b,0x0000001d,
0x0000173e,0x3faccccd,0x0006002c,0x00000037,
0x0000173f,0x00000271,0x0000173d,0x0000173e,
0x0004002b,0x0000001d,0x00001741,0x40066666,
0x0004002b,0x0000001d,0x00001742,0x40866666,
0x0006002c,0x00000037,0x00001743,0x000002ec,
0x00001741,0x00001742,0x0004002b,0x0000001d,
0x0000174f,0x3f266666,0x0004002b,0x0000001d,
0x00001762,0x3f280179,0x0004002b,0x0000001d,
0x00001764,0x3f166a73,0x0004002b,0x0000001d,
0x00001766,0x3ef8e663,0x0004002b,0x0000001d,
0x000017a0,0x3f800347,0x0003001d,0x000017d4,
0x0000001d,0x0003001e,0x000017d5,0x000017d4,
0x00040020,0x000017d6,0x0000000c,0x000017d5,
0x0004003b,0x000017d6,0x000017d7,0x0000000c,
0x0004002b,0x0000001d,0x00001819,0x2b8cbccc,
0x00040020,0x00001820,0x00000009,0x00000039,
0x0004002b,0x0000001d,0x0000184c,0x41490fdb,
0x0004002b,0x0000001d,0x00001937,0x1e3ce508,
0x0004002b,0x0000001d,0x0000199b,0x7149f2ca,
0x0004002b,0x0000001d,0x0000199c,0x3da2f983,
0x0004002b,0x0000001d,0x00001aa6,0x3727c5ac,
0x0004002b,0x0000001d,0x00001be9,0x4020a3d7,
0x0004002b,0x0000001d,0x00001bec,0x3cf5c28f,
0x0004002b,0x0000001d,0x00001bf1,0x401b851f,
0x0004002b,0x0000001d,0x00001bf4,0x3f170a3d,
0x0004002b,0x0000001d,0x00001bf8,0x3e0f5c29,
0x0004002b,0x0000001d,0x00001c00,0x3ee8ba2f,
0x0006002c,0x00000037,0x00001c01,0x00001c00,
0x00001c00,0x00001c00,0x00040017,0x00001c06,
0x00000006,0x00000003,0x00040020,0x00001c07,
0x00000001,0x00001c06,0x0004003b,0x00001c07,
0x00001c08,0x00000001,0x00040020,0x00001c09,
0x00000001,0x00000006,0x00040017,0x00001c16,
0x00000006,0x00000002,0x00040020,0x00001c17,
0x00000007,0x00001c16,0x0004002b,0x00000006,
0x00001c2d,0x0019660d,0x00040020,0x00001c4d,
0x00000009,0x000014e6,0x00040020,0x00001c57,
0x00000009,0x000014e5,0x0006002c,0x00000037,
0x00001cd7,0x00000933,0x00000933,0x00000933,
0x0004002b,0x00000006,0x00001d92,0x00000050,
0x0003001d,0x00001d95,0x0000001d,0x0003001e,
0x00001d96,0x00001d95,0x00040020,0x00001d97,
0x0000000c,0x00001d96,0x0004003b,0x00001d97,
0x00001d98,0x0000000c,0x0004002b,0x00000006,
0x00001dec,0x0000002f,0x0004002b,0x0000001d,
0x00001df0,0xbf733333,0x0004002b,0x0000001d,
0x00001df1,0x3f733333,0x0004002b,0x00000006,
0x00001e12,0x00000016,0x0004002b,0x00000006,
0x00001e18,0x00000017,0x0006002c,0x00000037,
0x00001e1e,0x00001aa6,0x00001aa6,0x00001aa6,
0x0004002b,0x00000006,0x00001e22,0x00000018,
0x0004002b,0x00000006,0x00001e27,0x00000019,
0x0004002b,0x00000006,0x00001e2c,0x0000001a,
0x0004002b,0x00000006,0x00001e34,0x0000001b,
0x0004002b,0x00000006,0x00001e3b,0x0000001c,
0x0004002b,0x00000006,0x00001e40,0x0000001d,
0x0004002b,0x00000006,0x00001e45,0x0000001e,
0x0004002b,0x00000006,0x00001e4d,0x0000001f,
0x0004002b,0x00000006,0x00001e54,0x00000020,
0x0004002b,0x00000006,0x00001e59,0x00000021,
0x0004002b,0x00000006,0x00001e5e,0x00000022,
0x0004002b,0x00000006,0x00001e64,0x00000023,
0x0004002b,0x00000006,0x00001e6c,0x00000027,
0x0004002b,0x00000006,0x00001e73,0x00000028,
0x0004002b,0x00000006,0x00001e7a,0x0000002a,
0x0004002b,0x0000001d,0x00001e7e,0x3ca3d70a,
0x0004002b,0x00000006,0x00001e82,0x0000002b,
0x0004002b,0x00000006,0x00001e89,0x0000002c,
0x0004002b,0x00000006,0x00001e90,0x0000002d,
0x0004002b,0x00000006,0x00001e97,0x0000002e,
0x0004002b,0x00000006,0x00001e9e,0x00000039,
0x0004002b,0x00000006,0x00001ea3,0x0000003b,
0x0004002b,0x00000006,0x00001eac,0x0000003a,
0x0004002b,0x00000006,0x00001eb2,0x00000041,
0x0004002b,0x00000006,0x00001eb7,0x00000045,
0x0004002b,0x00000006,0x00001ec0,0x00000042,
0x0004002b,0x00000006,0x00001ec6,0x00000043,
0x0004002b,0x00000006,0x00001ecd,0x00000044,
0x0004002b,0x00000006,0x00001ed4,0x00000046,
0x0004002b,0x00000006,0x00001ee1,0x00000031,
0x0004002b,0x00000006,0x00001eef,0x0000003c,
0x0004002b,0x00000006,0x00001ef4,0x0000003e,
0x0004002b,0x00000006,0x00001efc,0x0000003d,
0x0004002b,0x00000006,0x00001f03,0x0000004b,
0x0004002b,0x00000006,0x00001f0a,0x0000004f,
0x0004002b,0x00000006,0x00001f11,0x00000048,
0x0004002b,0x00000006,0x00001f16,0x00000049,
0x0004002b,0x00000006,0x00001f1b,0x0000004a,
0x0004002b,0x00000006,0x00001f23,0x0000004c,
0x0004002b,0x00000006,0x00001f28,0x0000004d,
0x0004002b,0x00000006,0x00001f2d,0x0000004e,
0x0004002b,0x00000006,0x000020c4,0x00000024,
0x0004002b,0x00000006,0x000020cf,0x00000025,
0x0004002b,0x00000006,0x000020dc,0x00000026,
0x0004002b,0x00000006,0x000020fd,0x00000029,
0x0004002b,0x00000006,0x0000216d,0x00000036,
0x0004002b,0x00000006,0x0000217e,0x00000037,
0x0004002b,0x0000001d,0x0000219c,0x3e4ccccd,
0x0004002b,0x0000001d,0x000021c4,0x41000000,
0x0004002b,0x0000001d,0x0000224a,0x3c75c28f,
0x0004002b,0x0000001d,0x0000224b,0x3ccccccd,
0x0006002c,0x00000037,0x0000235c,0x000005b9,
0x000002ec,0x000002ec,0x0006002c,0x00000037,
0x00002360,0x000002ec,0x000005b9,0x000002ec,
0x0006002c,0x00000037,0x00002361,0x000002ec,
0x000002ec,0x000005b9,0x0004002b,0x0000001d,
0x00002514,0x3d4ccccd,0x00040020,0x00002532,
0x00000009,0x0000001d,0x0003001d,0x00002543,
0x0000001d,0x0003001e,0x00002544,0x00002543,
0x00040020,0x00002545,0x0000000c,0x00002544,
0x0004003b,0x00002545,0x00002546,0x0000000c,
0x0006002c,0x00001c06,0x00002558,0x0000007b,
0x000001a0,0x000001a0,0x00050036,0x00000002,
0x00000004,0x00000000,0x00000003,0x000200f8,
0x00000005,0x0004003b,0x00000007,0x00001c05,
0x00000007,0x0004003b,0x00001c17,0x00001c18,
0x00000007,0x0004003b,0x00000007,0x00001c22,
0x00000007,0x0004003b,0x00000007,0x00001c30,
0x00000007,0x0004003b,0x00000038,0x00001c32,
0x00000007,0x0004003b,0x00000007,0x00001c33,
0x00000007,0x0004003b,0x0000002b,0x00001c3e,
0x00000007,0x0004003b,0x00000007,0x00001c3f,
0x00000007,0x0004003b,0x00000007,0x00001c43,
0x00000007,0x0004003b,0x0000002b,0x00001c48,
0x00000007,0x0004003b,0x0000005b,0x00001c56,
0x00000007,0x0004003b,0x00000038,0x00001c64,
0x00000007,0x0004003b,0x00000038,0x00001c68,
0x00000007,0x0004003b,0x00000038,0x00001c6e,
0x00000007,0x0004003b,0x00000038,0x00001c6f,
0x00000007,0x0004003b,0x00000038,0x00001c70,
0x00000007,0x0004003b,0x00000038,0x00001c71,
0x00000007,0x0004003b,0x00000038,0x00001c72,
0x00000007,0x0004003b,0x00000023,0x00001c73,
0x00000007,0x0004003b,0x00000023,0x00001c74,
0x00000007,0x0004003b,0x00000023,0x00001c75,
0x00000007,0x0004003b,0x0000000d,0x00001c76,
0x00000007,0x0004003b,0x0000001c,0x00001c77,
0x00000007,0x0004003b,0x00000007,0x00001c78,
0x00000007,0x0004003b,0x00000097,0x00001c83,
0x00000007,0x0004003b,0x00000038,0x00001c84,
0x00000007,0x0004003b,0x00000038,0x00001c86,
0x00000007,0x0004003b,0x00000023,0x00001c88,
0x00000007,0x0004003b,0x00000023,0x00001c89,
0x00000007,0x0004003b,0x00000097,0x00001c8a,
0x00000007,0x0004003b,0x00000023,0x00001c90,
0x00000007,0x0004003b,0x00000023,0x00001c92,
0x00000007,0x0004003b,0x00000023,0x00001c97,
0x00000007,0x0004003b,0x00000023,0x00001c99,
0x00000007,0x0004003b,0x00000038,0x00001c9d,
0x00000007,0x0004003b,0x00000023,0x00001caa,
0x00000007,0x0004003b,0x00000023,0x00001cb3,
0x00000007,0x0004003b,0x00000023,0x00001cb6,
0x00000007,0x0004003b,0x00000007,0x00001cb9,
0x00000007,0x0004003b,0x00000023,0x00001cc5,
0x00000007,0x0004003b,0x00000038,0x00001cca,
0x00000007,0x0004003b,0x00000038,0x00001cf1,
0x00000007,0x0004003b,0x00000007,0x00001d03,
0x00000007,0x0004003b,0x00000023,0x00001d04,
0x00000007,0x0004003b,0x00000007,0x00001d05,
0x00000007,0x0004003b,0x00000023,0x00001d07,
0x00000007,0x0004003b,0x00000038,0x00001d0b,
0x00000007,0x0004003b,0x00000038,0x00001d0c,
0x00000007,0x0004003b,0x00000023,0x00001d0d,
0x00000007,0x0004003b,0x00000023,0x00001d0e,
0x00000007,0x0004003b,0x0000001c,0x00001d0f,
0x00000007,0x0004003b,0x0000000d,0x00001d10,
0x00000007,0x0004003b,0x00000007,0x00001d11,
0x00000007,0x0004003b,0x00000038,0x00001d13,
0x00000007,0x0004003b,0x00000007,0x00001d15,
0x00000007,0x0004003b,0x00000038,0x00001d17,
0x00000007,0x0004003b,0x00000038,0x00001d18,
0x00000007,0x0004003b,0x00000023,0x00001d19,
0x00000007,0x0004003b,0x00000023,0x00001d1a,
0x00000007,0x0004003b,0x0000001c,0x00001d1b,
0x00000007,0x0004003b,0x0000000d,0x00001d1c,
0x00000007,0x0004003b,0x0000001c,0x00001d27,
0x00000007,0x0004003b,0x00000097,0x00001d2c,
0x00000007,0x0004003b,0x00000038,0x00001d2d,
0x00000007,0x0004003b,0x00000038,0x00001d2e,
0x00000007,0x0004003b,0x00000023,0x00001d30,
0x00000007,0x0004003b,0x00000023,0x00001d31,
0x00000007,0x0004003b,0x00000097,0x00001d33,
0x00000007,0x0004003b,0x0000001c,0x00001d36,
0x00000007,0x0004003b,0x00000023,0x00001d4a,
0x00000007,0x0004003b,0x00000023,0x00001d4e,
0x00000007,0x0004003b,0x00000023,0x00001d4f,
0x00000007,0x0004003b,0x00000023,0x00001d52,
0x00000007,0x0004003b,0x00000023,0x00001d56,
0x00000007,0x0004003b,0x00000023,0x00001d58,
0x00000007,0x0004003b,0x00000023,0x00001d5c,
0x00000007,0x0004003b,0x00000023,0x00001d5e,
0x00000007,0x0004003b,0x00000023,0x00001d6f,
0x00000007,0x0004003b,0x00000038,0x00001d70,
0x00000007,0x0004003b,0x00000023,0x00001d72,
0x00000007,0x0004003b,0x00000007,0x00001d74,
0x00000007,0x0004003b,0x00000023,0x00001d76,
0x00000007,0x0004003b,0x0000001c,0x00001d80,
0x00000007,0x0004003b,0x00000007,0x00001d8f,
0x00000007,0x0004003b,0x00000038,0x00001d94,
0x00000007,0x0004003b,0x00000038,0x00001dab,
0x00000007,0x0004003b,0x00000023,0x00001dba,
0x00000007,0x0004003b,0x00000038,0x00001dc0,
0x00000007,0x0004003b,0x00000023,0x00001dcf,
0x00000007,0x0004003b,0x00000038,0x00001dd5,
0x00000007,0x0004003b,0x00000023,0x00001de4,
0x00000007,0x0004003b,0x00000023,0x00001dea,
0x00000007,0x0004003b,0x00000038,0x00001df3,
0x00000007,0x0004003b,0x00000023,0x00001e02,
0x00000007,0x0004003b,0x00000038,0x00001e08,
0x00000007,0x0004003b,0x00000038,0x00001e20,
0x00000007,0x0004003b,0x00000023,0x00001e32,
0x00000007,0x0004003b,0x00000038,0x00001e39,
0x00000007,0x0004003b,0x00000023,0x00001e4b,
0x00000007,0x0004003b,0x00000038,0x00001e52,
0x00000007,0x0004003b,0x00000023,0x00001e6a,
0x00000007,0x0004003b,0x00000023,0x00001e71,
0x00000007,0x0004003b,0x00000023,0x00001e78,
0x00000007,0x0004003b,0x00000023,0x00001e80,
0x00000007,0x0004003b,0x00000023,0x00001e87,
0x00000007,0x0004003b,0x00000023,0x00001e8e,
0x00000007,0x0004003b,0x00000023,0x00001e95,
0x00000007,0x0004003b,0x00000023,0x00001e9c,
0x00000007,0x0004003b,0x00000023,0x00001eaa,
0x00000007,0x0004003b,0x00000023,0x00001eb0,
0x00000007,0x0004003b,0x00000023,0x00001ebe,
0x00000007,0x0004003b,0x00000023,0x00001ec4,
0x00000007,0x0004003b,0x00000023,0x00001ecb,
0x00000007,0x0004003b,0x00000023,0x00001ed2,
0x00000007,0x0004003b,0x00000023,0x00001ed9,
0x00000007,0x0004003b,0x00000023,0x00001edf,
0x00000007,0x0004003b,0x00000023,0x00001ee7,
0x00000007,0x0004003b,0x00000023,0x00001eed,
0x00000007,0x0004003b,0x00000023,0x00001efa,
0x00000007,0x0004003b,0x00000023,0x00001f01,
0x00000007,0x0004003b,0x00000023,0x00001f08,
0x00000007,0x0004003b,0x00000038,0x00001f0f,
0x00000007,0x0004003b,0x00000038,0x00001f21,
0x00000007,0x0004003b,0x00000007,0x00001f33,
0x00000007,0x0004003b,0x0000008d,0x00001f3d,
0x00000007,0x0004003b,0x00000007,0x00001f3e,
0x00000007,0x0004003b,0x0000002b,0x00001f41,
0x00000007,0x0004003b,0x00000038,0x00001f44,
0x00000007,0x0004003b,0x00000038,0x00001f47,
0x00000007,0x0004003b,0x0000008d,0x00001f4a,
0x00000007,0x0004003b,0x00000038,0x00001f8e,
0x00000007,0x0004003b,0x00000038,0x00001f91,
0x00000007,0x0004003b,0x00000038,0x00001f94,
0x00000007,0x0004003b,0x00000038,0x00002133,
0x00000007,0x0004003b,0x0000000d,0x0000216b,
0x00000007,0x0004003b,0x00000007,0x00002188,
0x00000007,0x0004003b,0x00000038,0x000021b5,
0x00000007,0x0004003b,0x00000023,0x000021c0,
0x00000007,0x0004003b,0x00000038,0x000021c7,
0x00000007,0x0004003b,0x00000023,0x000021d3,
0x00000007,0x0004003b,0x00000038,0x000021d9,
0x00000007,0x0004003b,0x00000038,0x000021ec,
0x00000007,0x0004003b,0x00000023,0x000021ee,
0x00000007,0x0004003b,0x00000023,0x000021ef,
0x00000007,0x0004003b,0x00000023,0x000021f1,
0x00000007,0x0004003b,0x00000023,0x000021f3,
0x00000007,0x0004003b,0x00000023,0x000021f6,
0x00000007,0x0004003b,0x00000038,0x000021fc,
0x00000007,0x0004003b,0x00000038,0x00002202,
0x00000007,0x0004003b,0x00000038,0x00002206,
0x00000007,0x0004003b,0x00000038,0x00002214,
0x00000007,0x0004003b,0x00000023,0x00002219,
0x00000007,0x0004003b,0x00000023,0x0000221f,
0x00000007,0x0004003b,0x00000023,0x00002223,
0x00000007,0x0004003b,0x00000023,0x0000222c,
0x00000007,0x0004003b,0x00000023,0x00002230,
0x00000007,0x0004003b,0x00000023,0x00002234,
0x00000007,0x0004003b,0x00000038,0x00002254,
0x00000007,0x0004003b,0x00000007,0x0000225c,
0x00000007,0x0004003b,0x00000023,0x0000225d,
0x00000007,0x0004003b,0x00000007,0x0000225e,
0x00000007,0x0004003b,0x00000023,0x00002260,
0x00000007,0x0004003b,0x00000038,0x00002264,
0x00000007,0x0004003b,0x00000038,0x00002265,
0x00000007,0x0004003b,0x00000023,0x00002266,
0x00000007,0x0004003b,0x00000023,0x00002267,
0x00000007,0x0004003b,0x0000001c,0x00002268,
0x00000007,0x0004003b,0x0000000d,0x00002269,
0x00000007,0x0004003b,0x00000007,0x0000226a,
0x00000007,0x0004003b,0x00000038,0x0000226c,
0x00000007,0x0004003b,0x00000007,0x0000226f,
0x00000007,0x0004003b,0x00000038,0x00002271,
0x00000007,0x0004003b,0x00000038,0x00002272,
0x00000007,0x0004003b,0x00000023,0x00002273,
0x00000007,0x0004003b,0x00000023,0x00002274,
0x00000007,0x0004003b,0x0000001c,0x00002275,
0x00000007,0x0004003b,0x0000000d,0x00002276,
0x00000007,0x0004003b,0x00000023,0x00002281,
0x00000007,0x0004003b,0x0000001c,0x00002287,
0x00000007,0x0004003b,0x00000097,0x0000228e,
0x00000007,0x0004003b,0x00000038,0x0000228f,
0x00000007,0x0004003b,0x00000038,0x00002290,
0x00000007,0x0004003b,0x00000023,0x00002292,
0x00000007,0x0004003b,0x00000023,0x00002293,
0x00000007,0x0004003b,0x00000097,0x00002295,
0x00000007,0x0004003b,0x0000001c,0x00002298,
0x00000007,0x0004003b,0x00000023,0x000022af,
0x00000007,0x0004003b,0x00000023,0x000022b3,
0x00000007,0x0004003b,0x00000038,0x000022bf,
0x00000007,0x0004003b,0x00000038,0x000022c2,
0x00000007,0x0004003b,0x00000038,0x000022c5,
0x00000007,0x0004003b,0x00000038,0x000022c7,
0x00000007,0x0004003b,0x00000023,0x000022c9,
0x00000007,0x0004003b,0x00000023,0x000022cb,
0x00000007,0x0004003b,0x00000023,0x000022cd,
0x00000007,0x0004003b,0x00000038,0x000022d6,
0x00000007,0x0004003b,0x00000038,0x000022d9,
0x00000007,0x0004003b,0x00000038,0x000022dc,
0x00000007,0x0004003b,0x00000038,0x000022de,
0x00000007,0x0004003b,0x00000023,0x000022e0,
0x00000007,0x0004003b,0x00000023,0x000022e2,
0x00000007,0x0004003b,0x00000023,0x000022e4,
0x00000007,0x0004003b,0x00000023,0x000022e9,
0x00000007,0x0004003b,0x00000023,0x000022eb,
0x00000007,0x0004003b,0x00000023,0x000022ef,
0x00000007,0x0004003b,0x00000023,0x000022f1,
0x00000007,0x0004003b,0x00000038,0x000022f5,
0x00000007,0x0004003b,0x00000038,0x000022f6,
0x00000007,0x0004003b,0x00000038,0x000022f9,
0x00000007,0x0004003b,0x00000038,0x000022fc,
0x00000007,0x0004003b,0x00000038,0x000022fe,
0x00000007,0x0004003b,0x00000023,0x00002300,
0x00000007,0x0004003b,0x00000023,0x00002302,
0x00000007,0x0004003b,0x00000023,0x00002304,
0x00000007,0x0004003b,0x00000038,0x00002306,
0x00000007,0x0004003b,0x00000038,0x00002309,
0x00000007,0x0004003b,0x00000038,0x0000230a,
0x00000007,0x0004003b,0x00000038,0x0000230d,
0x00000007,0x0004003b,0x00000038,0x00002310,
0x00000007,0x0004003b,0x00000038,0x00002312,
0x00000007,0x0004003b,0x00000023,0x00002314,
0x00000007,0x0004003b,0x00000023,0x00002316,
0x00000007,0x0004003b,0x00000023,0x00002318,
0x00000007,0x0004003b,0x00000038,0x0000231a,
0x00000007,0x0004003b,0x00000023,0x00002338,
0x00000007,0x0004003b,0x00000007,0x00002339,
0x00000007,0x0004003b,0x00000023,0x00002340,
0x00000007,0x0004003b,0x00000007,0x00002350,
0x00000007,0x0004003b,0x00000038,0x00002359,
0x00000007,0x0004003b,0x00000023,0x00002366,
0x00000007,0x0004003b,0x00000023,0x0000236b,
0x00000007,0x0004003b,0x00000023,0x0000236d,
0x00000007,0x0004003b,0x00000023,0x0000236f,
0x00000007,0x0004003b,0x0000000d,0x00002371,
0x00000007,0x0004003b,0x00000023,0x00002373,
0x00000007,0x0004003b,0x00000023,0x00002377,
0x00000007,0x0004003b,0x00000038,0x0000237b,
0x00000007,0x0004003b,0x0000001c,0x00002381,
0x00000007,0x0004003b,0x00000038,0x00002391,
0x00000007,0x0004003b,0x00000038,0x00002394,
0x00000007,0x0004003b,0x00000038,0x000023cb,
0x00000007,0x0004003b,0x00000007,0x000023cc,
0x00000007,0x0004003b,0x00000023,0x000023e3,
0x00000007,0x0004003b,0x00000038,0x000023e4,
0x00000007,0x0004003b,0x00000038,0x000023e7,
0x00000007,0x0004003b,0x00000038,0x000023ea,
0x00000007,0x0004003b,0x00000023,0x000023ec,
0x00000007,0x0004003b,0x00000023,0x000023ee,
0x00000007,0x0004003b,0x00000023,0x000023f0,
0x00000007,0x0004003b,0x00000007,0x000023f2,
0x00000007,0x0004003b,0x00000023,0x000023f4,
0x00000007,0x0004003b,0x00000023,0x000023f8,
0x00000007,0x0004003b,0x00000038,0x000023fe,
0x00000007,0x0004003b,0x00000038,0x000023ff,
0x00000007,0x0004003b,0x00000038,0x00002402,
0x00000007,0x0004003b,0x00000038,0x00002405,
0x00000007,0x0004003b,0x00000038,0x00002407,
0x00000007,0x0004003b,0x00000023,0x00002409,
0x00000007,0x0004003b,0x00000023,0x0000240b,
0x00000007,0x0004003b,0x00000023,0x0000240d,
0x00000007,0x0004003b,0x00000038,0x0000240f,
0x00000007,0x0004003b,0x00000023,0x00002412,
0x00000007,0x0004003b,0x00000038,0x00002426,
0x00000007,0x0004003b,0x00000038,0x00002429,
0x00000007,0x0004003b,0x00000038,0x0000242c,
0x00000007,0x0004003b,0x00000038,0x0000242e,
0x00000007,0x0004003b,0x00000023,0x00002430,
0x00000007,0x0004003b,0x00000023,0x00002432,
0x00000007,0x0004003b,0x00000023,0x00002434,
0x00000007,0x0004003b,0x00000023,0x0000244e,
0x00000007,0x0004003b,0x00000038,0x0000244f,
0x00000007,0x0004003b,0x00000038,0x00002452,
0x00000007,0x0004003b,0x00000038,0x00002455,
0x00000007,0x0004003b,0x00000023,0x00002457,
0x00000007,0x0004003b,0x00000023,0x00002459,
0x00000007,0x0004003b,0x00000023,0x0000245b,
0x00000007,0x0004003b,0x00000007,0x0000245d,
0x00000007,0x0004003b,0x00000023,0x0000245f,
0x00000007,0x0004003b,0x00000023,0x00002463,
0x00000007,0x0004003b,0x00000038,0x00002469,
0x00000007,0x0004003b,0x00000038,0x0000246a,
0x00000007,0x0004003b,0x00000038,0x0000246d,
0x00000007,0x0004003b,0x00000038,0x00002470,
0x00000007,0x0004003b,0x00000038,0x00002472,
0x00000007,0x0004003b,0x00000023,0x00002474,
0x00000007,0x0004003b,0x00000023,0x00002476,
0x00000007,0x0004003b,0x00000023,0x00002478,
0x00000007,0x0004003b,0x00000038,0x0000247a,
0x00000007,0x0004003b,0x00000023,0x0000247f,
0x00000007,0x0004003b,0x00000038,0x00002491,
0x00000007,0x0004003b,0x00000038,0x00002494,
0x00000007,0x0004003b,0x00000038,0x00002497,
0x00000007,0x0004003b,0x00000038,0x00002499,
0x00000007,0x0004003b,0x00000023,0x0000249b,
0x00000007,0x0004003b,0x00000023,0x0000249d,
0x00000007,0x0004003b,0x00000023,0x0000249f,
0x00000007,0x0004003b,0x00000038,0x000024b0,
0x00000007,0x0004003b,0x00000007,0x000024b3,
0x00000007,0x0004003b,0x00000023,0x000024b7,
0x00000007,0x0004003b,0x00000038,0x000024c8,
0x00000007,0x0004003b,0x00000038,0x000024cb,
0x00000007,0x0004003b,0x00000038,0x000024ce,
0x00000007,0x0004003b,0x00000038,0x000024d0,
0x00000007,0x0004003b,0x00000023,0x000024d2,
0x00000007,0x0004003b,0x00000023,0x000024d4,
0x00000007,0x0004003b,0x00000023,0x000024d6,
0x00000007,0x0004003b,0x00000038,0x000024df,
0x00000007,0x0004003b,0x00000038,0x000024e2,
0x00000007,0x0004003b,0x00000038,0x000024e5,
0x00000007,0x0004003b,0x00000038,0x000024e7,
0x00000007,0x0004003b,0x00000023,0x000024e9,
0x00000007,0x0004003b,0x00000023,0x000024eb,
0x00000007,0x0004003b,0x00000023,0x000024ed,
0x00000007,0x0004003b,0x00000023,0x0000250b,
0x00000007,0x0004003b,0x00000007,0x00002516,
0x00000007,0x0004003b,0x00000038,0x0000252a,
0x00000007,0x0004003b,0x00000038,0x00002537,
0x00000007,0x0004003b,0x00000007,0x00002539,
0x00000007,0x00050041,0x00001c09,0x00001c0a,
0x00001c08,0x0000019a,0x0004003d,0x00000006,
0x00001c0b,0x00001c0a,0x0003003e,0x00001c05,
0x00001c0b,0x0004003d,0x00000006,0x00001c0c,
0x00001c05,0x00060041,0x000014ea,0x00001c0d,
0x000014e9,0x00000469,0x0000019a,0x0004003d,
0x00000006,0x00001c0e,0x00001c0d,0x00060041,
0x000014ea,0x00001c0f,0x000014e9,0x00000469,
0x000001a0,0x0004003d,0x00000006,0x00001c10,
0x00001c0f,0x00050084,0x00000006,0x00001c11,
0x00001c0e,0x00001c10,0x000500ae,0x0000001b,
0x00001c12,0x00001c0c,0x00001c11,0x000300f7,
0x00001c14,0x00000000,0x000400fa,0x00001c12,
0x00001c13,0x00001c14,0x000200f8,0x00001c13,
0x000100fd,0x000200f8,0x00001c14,0x0004003d,
0x00000006,0x00001c19,0x00001c05,0x00060041,
0x000014ea,0x00001c1a,0x000014e9,0x00000469,
0x0000019a,0x0004003d,0x00000006,0x00001c1b,
0x00001c1a,0x00050089,0x00000006,0x00001c1c,
0x00001c19,0x00001c1b,0x0004003d,0x00000006,
0x00001c1d,0x00001c05,0x00060041,0x000014ea,
0x00001c1e,0x000014e9,0x00000469,0x0000019a,
0x0004003d,0x00000006,0x00001c1f,0x00001c1e,
0x00050086,0x00000006,0x00001c20,0x00001c1d,
0x00001c1f,0x00050050,0x00001c16,0x00001c21,
0x00001c1c,0x00001c20,0x0003003e,0x00001c18,
0x00001c21,0x00050041,0x00000007,0x00001c23,
0x00001c18,0x0000019a,0x0004003d,0x00000006,
0x00001c24,0x00001c23,0x00050041,0x00000007,
0x00001c25,0x00001c18,0x000001a0,0x0004003d,
0x00000006,0x00001c26,0x00001c25,0x00060041,
0x000014ea,0x00001c27,0x000014e9,0x00000469,
0x0000019a,0x0004003d,0x00000006,0x00001c28,
0x00001c27,0x00050084,0x00000006,0x00001c29,
0x00001c26,0x00001c28,0x00050080,0x00000006,
0x00001c2a,0x00001c24,0x00001c29,0x00060041,
0x000014ea,0x00001c2b,0x000014e9,0x00000171,
0x000001a0,0x0004003d,0x00000006,0x00001c2c,
0x00001c2b,0x00050084,0x00000006,0x00001c2e,
0x00001c2c,0x00001c2d,0x00050080,0x00000006,
0x00001c2f,0x00001c2a,0x00001c2e,0x0003003e,
0x00001c30,0x00001c2f,0x00050039,0x00000006,
0x00001c31,0x0000000a,0x00001c30,0x0003003e,
0x00001c22,0x00001c31,0x0003003e,0x00001c32,
0x000002ed,0x0003003e,0x00001c33,0x0000019a,
0x000200f9,0x00001c34,0x000200f8,0x00001c34,
0x000400f6,0x00001c36,0x00001c37,0x00000000,
0x000200f9,0x00001c38,0x000200f8,0x00001c38,
0x0004003d,0x00000006,0x00001c39,0x00001c33,
0x00060041,0x000014ea,0x00001c3a,0x000014e9,
0x00000469,0x00000192,0x0004003d,0x00000006,
0x00001c3b,0x00001c3a,0x0007000c,0x00000006,
0x00001c3c,0x00000001,0x00000029,0x00001c3b,
0x000001a0,0x000500b0,0x0000001b,0x00001c3d,
0x00001c39,0x00001c3c,0x000400fa,0x00001c3d,
0x00001c35,0x00001c36,0x000200f8,0x00001c35,
0x0004003d,0x00000006,0x00001c40,0x00001c22,
0x0003003e,0x00001c3f,0x00001c40,0x00050039,
0x0000001d,0x00001c41,0x00000067,0x00001c3f,
0x0004003d,0x00000006,0x00001c42,0x00001c3f,
0x0003003e,0x00001c22,0x00001c42,0x0004003d,
0x00000006,0x00001c44,0x00001c22,0x0003003e,
0x00001c43,0x00001c44,0x00050039,0x0000001d,
0x00001c45,0x00000067,0x00001c43,0x0004003d,
0x00000006,0x00001c46,0x00001c43,0x0003003e,
0x00001c22,0x00001c46,0x00050050,0x0000002a,
0x00001c47,0x00001c41,0x00001c45,0x0003003e,
0x00001c3e,0x00001c47,0x0004003d,0x00001c16,
0x00001c49,0x00001c18,0x00040070,0x0000002a,
0x00001c4a,0x00001c49,0x0004003d,0x0000002a,
0x00001c4b,0x00001c3e,0x00050081,0x0000002a,
0x00001c4c,0x00001c4a,0x00001c4b,0x00050041,
0x00001c4d,0x00001c4e,0x000014e9,0x00000469,
0x0004003d,0x000014e6,0x00001c4f,0x00001c4e,
0x0007004f,0x00001c16,0x00001c50,0x00001c4f,
0x00001c4f,0x00000000,0x00000001,0x00040070,
0x0000002a,0x00001c51,0x00001c50,0x00050088,
0x0000002a,0x00001c52,0x00001c4c,0x00001c51,
0x0005008e,0x0000002a,0x00001c53,0x00001c52,
0x000001c6,0x00050050,0x0000002a,0x00001c54,
0x00000271,0x00000271,0x00050083,0x0000002a,
0x00001c55,0x00001c53,0x00001c54,0x0003003e,
0x00001c48,0x00001c55,0x00050041,0x00001c57,
0x00001c58,0x000014e9,0x0000024b,0x0004003d,
0x000014e5,0x00001c59,0x00001c58,0x0004003d,
0x0000002a,0x00001c5a,0x00001c48,0x00050051,
0x0000001d,0x00001c5b,0x00001c5a,0x00000000,
0x00050051,0x0000001d,0x00001c5c,0x00001c5a,
0x00000001,0x00070050,0x00000039,0x00001c5d,
0x00001c5b,0x00001c5c,0x00000271,0x00000271,
0x00050091,0x00000039,0x00001c5e,0x00001c59,
0x00001c5d,0x0003003e,0x00001c56,0x00001c5e,
0x00050041,0x00000023,0x00001c5f,0x00001c56,
0x00000191,0x0004003d,0x0000001d,0x00001c60,
0x00001c5f,0x0004003d,0x00000039,0x00001c61,
0x00001c56,0x00070050,0x00000039,0x00001c62,
0x00001c60,0x00001c60,0x00001c60,0x00001c60,
0x00050088,0x00000039,0x00001c63,0x00001c61,
0x00001c62,0x0003003e,0x00001c56,0x00001c63,
0x00050041,0x00001820,0x00001c65,0x000014e9,
0x00000219,0x0004003d,0x00000039,0x00001c66,
0x00001c65,0x0008004f,0x00000037,0x00001c67,
0x00001c66,0x00001c66,0x00000000,0x00000001,
0x00000002,0x0003003e,0x00001c64,0x00001c67,
0x0004003d,0x00000039,0x00001c69,0x00001c56,
0x0008004f,0x00000037,0x00001c6a,0x00001c69,
0x00001c69,0x00000000,0x00000001,0x00000002,
0x0004003d,0x00000037,0x00001c6b,0x00001c64,
0x00050083,0x00000037,0x00001c6c,0x00001c6a,
0x00001c6b,0x0006000c,0x00000037,0x00001c6d,
0x00000001,0x00000045,0x00001c6c,0x0003003e,
0x00001c68,0x00001c6d,0x0003003e,0x00001c6e,
0x000007ec,0x0003003e,0x00001c6f,0x000002ed,
0x0003003e,0x00001c70,0x000002ed,0x0003003e,
0x00001c71,0x000002ed,0x0003003e,0x00001c72,
0x000002ed,0x0003003e,0x00001c73,0x00000271,
0x0003003e,0x00001c74,0x000002ec,0x0003003e,
0x00001c75,0x000002ec,0x0003003e,0x00001c76,
0x000002ef,0x0003003e,0x00001c77,0x000013b3,
0x0003003e,0x00001c78,0x0000019a,0x000200f9,
0x00001c79,0x000200f8,0x00001c79,0x000400f6,
0x00001c7b,0x00001c7c,0x00000000,0x000200f9,
0x00001c7d,0x000200f8,0x00001c7d,0x0004003d,
0x00000006,0x00001c7e,0x00001c78,0x00060041,
0x000014ea,0x00001c7f,0x000014e9,0x00000469,
0x00000191,0x0004003d,0x00000006,0x00001c80,
0x00001c7f,0x0007000c,0x00000006,0x00001c81,
0x00000001,0x00000029,0x00001c80,0x000001a0,
0x000500b0,0x0000001b,0x00001c82,0x00001c7e,
0x00001c81,0x000400fa,0x00001c82,0x00001c7a,
0x00001c7b,0x000200f8,0x00001c7a,0x0004003d,
0x00000037,0x00001c85,0x00001c64,0x0003003e,
0x00001c84,0x00001c85,0x0004003d,0x00000037,
0x00001c87,0x00001c68,0x0003003e,0x00001c86,
0x00001c87,0x0003003e,0x00001c88,0x00000c90,
0x0003003e,0x00001c89,0x0000199b,0x00090039,
0x0000001b,0x00001c8b,0x0000009e,0x00001c84,
0x00001c86,0x00001c88,0x00001c89,0x00001c8a,
0x0004003d,0x00000096,0x00001c8c,0x00001c8a,
0x0003003e,0x00001c83,0x00001c8c,0x000400a8,
0x0000001b,0x00001c8d,0x00001c8b,0x000300f7,
0x00001c8f,0x00000000,0x000400fa,0x00001c8d,
0x00001c8e,0x00001c8f,0x000200f8,0x00001c8e,
0x0004003d,0x0000001b,0x00001c91,0x00001c77,
0x000300f7,0x00001c94,0x00000000,0x000400fa,
0x00001c91,0x00001c93,0x00001c95,0x000200f8,
0x00001c93,0x0003003e,0x00001c92,0x00000271,
0x000200f9,0x00001c94,0x000200f8,0x00001c95,
0x00040039,0x0000001d,0x00001c96,0x00000104,
0x0004003d,0x0000001d,0x00001c98,0x00001c75,
0x0003003e,0x00001c97,0x00001c98,0x0003003e,
0x00001c99,0x00001c96,0x00060039,0x0000001d,
0x00001c9a,0x00000109,0x00001c97,0x00001c99,
0x0003003e,0x00001c92,0x00001c9a,0x000200f9,
0x00001c94,0x000200f8,0x00001c94,0x0004003d,
0x0000001d,0x00001c9b,0x00001c92,0x0003003e,
0x00001c90,0x00001c9b,0x0004003d,0x00000037,
0x00001c9c,0x00001c6e,0x0004003d,0x00000037,
0x00001c9e,0x00001c68,0x0003003e,0x00001c9d,
0x00001c9e,0x00050039,0x00000037,0x00001c9f,
0x000000f7,0x00001c9d,0x00050085,0x00000037,
0x00001ca0,0x00001c9c,0x00001c9f,0x0004003d,
0x0000001d,0x00001ca1,0x00001c90,0x0005008e,
0x00000037,0x00001ca2,0x00001ca0,0x00001ca1,
0x0004003d,0x00000037,0x00001ca3,0x00001c6f,
0x00050081,0x00000037,0x00001ca4,0x00001ca3,
0x00001ca2,0x0003003e,0x00001c6f,0x00001ca4,
0x000200f9,0x00001c7b,0x000200f8,0x00001c8f,
0x0004003d,0x0000001d,0x00001ca6,0x00001c73,
0x000500ba,0x0000001b,0x00001ca7,0x00001ca6,
0x000017a0,0x000300f7,0x00001ca9,0x00000000,
0x000400fa,0x00001ca7,0x00001ca8,0x00001ca9,
0x000200f8,0x00001ca8,0x00050041,0x00000023,
0x00001cab,0x00001c70,0x0000019a,0x0004003d,
0x0000001d,0x00001cac,0x00001cab,0x00050041,
0x00000023,0x00001cad,0x00001c70,0x000001a0,
0x0004003d,0x0000001d,0x00001cae,0x00001cad,
0x00050041,0x00000023,0x00001caf,0x00001c70,
0x00000192,0x0004003d,0x0000001d,0x00001cb0,
0x00001caf,0x0007000c,0x0000001d,0x00001cb1,
0x00000001,0x00000028,0x00001cae,0x00001cb0,
0x0007000c,0x0000001d,0x00001cb2,0x00000001,
0x00000028,0x00001cac,0x00001cb1,0x0003003e,
0x00001caa,0x00001cb2,0x0004003d,0x0000001d,
0x00001cb4,0x00001caa,0x000500ba,0x0000001b,
0x00001cb5,0x00001cb4,0x00000933,0x000300f7,
0x00001cb8,0x00000000,0x000400fa,0x00001cb5,
0x00001cb7,0x00001cc3,0x000200f8,0x00001cb7,
0x0004003d,0x00000006,0x00001cba,0x00001c22,
0x0003003e,0x00001cb9,0x00001cba,0x00050039,
0x0000001d,0x00001cbb,0x00000067,0x00001cb9,
0x0004003d,0x00000006,0x00001cbc,0x00001cb9,
0x0003003e,0x00001c22,0x00001cbc,0x00050083,
0x0000001d,0x00001cbd,0x00000271,0x00001cbb,
0x0007000c,0x0000001d,0x00001cbe,0x00000001,
0x00000028,0x00001cbd,0x00000933,0x0006000c,
0x0000001d,0x00001cbf,0x00000001,0x0000001c,
0x00001cbe,0x0004007f,0x0000001d,0x00001cc0,
0x00001cbf,0x0004003d,0x0000001d,0x00001cc1,
0x00001caa,0x00050088,0x0000001d,0x00001cc2,
0x00001cc0,0x00001cc1,0x0003003e,0x00001cb6,
0x00001cc2,0x000200f9,0x00001cb8,0x000200f8,
0x00001cc3,0x0003003e,0x00001cb6,0x0000199b,
0x000200f9,0x00001cb8,0x000200f8,0x00001cb8,
0x0004003d,0x0000001d,0x00001cc4,0x00001cb6,
0x0003003e,0x00001cb3,0x00001cc4,0x0004003d,
0x0000001d,0x00001cc6,0x00001cb3,0x00050041,
0x00000023,0x00001cc7,0x00001c83,0x0000024b,
0x0004003d,0x0000001d,0x00001cc8,0x00001cc7,
0x0007000c,0x0000001d,0x00001cc9,0x00000001,
0x00000025,0x00001cc6,0x00001cc8,0x0003003e,
0x00001cc5,0x00001cc9,0x0004003d,0x00000037,
0x00001ccb,0x00001c70,0x0004007f,0x00000037,
0x00001ccc,0x00001ccb,0x0004003d,0x0000001d,
0x00001ccd,0x00001cc5,0x0005008e,0x00000037,
0x00001cce,0x00001ccc,0x00001ccd,0x0006000c,
0x00000037,0x00001ccf,0x00000001,0x0000001b,
0x00001cce,0x0003003e,0x00001cca,0x00001ccf,
0x0004003d,0x00000037,0x00001cd0,0x00001c6e,
0x0004003d,0x00000037,0x00001cd1,0x00001c72,
0x00050085,0x00000037,0x00001cd2,0x00001cd0,
0x00001cd1,0x0004003d,0x00000037,0x00001cd3,
0x00001cca,0x00050083,0x00000037,0x00001cd4,
0x000007ec,0x00001cd3,0x00050085,0x00000037,
0x00001cd5,0x00001cd2,0x00001cd4,0x0004003d,
0x00000037,0x00001cd6,0x00001c70,0x0007000c,
0x00000037,0x00001cd8,0x00000001,0x00000028,
0x00001cd6,0x00001cd7,0x00050088,0x00000037,
0x00001cd9,0x00001cd5,0x00001cd8,0x0004003d,
0x00000037,0x00001cda,0x00001c6f,0x00050081,
0x00000037,0x00001cdb,0x00001cda,0x00001cd9,
0x0003003e,0x00001c6f,0x00001cdb,0x0004003d,
0x00000037,0x00001cdc,0x00001cca,0x0004003d,
0x00000037,0x00001cdd,0x00001c6e,0x00050085,
0x00000037,0x00001cde,0x00001cdd,0x00001cdc,
0x0003003e,0x00001c6e,0x00001cde,0x0004003d,
0x0000001d,0x00001cdf,0x00001cb3,0x00050041,
0x00000023,0x00001ce0,0x00001c83,0x0000024b,
0x0004003d,0x0000001d,0x00001ce1,0x00001ce0,
0x000500b8,0x0000001b,0x00001ce2,0x00001cdf,
0x00001ce1,0x000300f7,0x00001ce4,0x00000000,
0x000400fa,0x00001ce2,0x00001ce3,0x00001ce4,
0x000200f8,0x00001ce3,0x00050041,0x00000023,
0x00001ce5,0x00001c71,0x0000019a,0x0004003d,
0x0000001d,0x00001ce6,0x00001ce5,0x00050041,
0x00000023,0x00001ce7,0x00001c71,0x000001a0,
0x0004003d,0x0000001d,0x00001ce8,0x00001ce7,
0x00050041,0x00000023,0x00001ce9,0x00001c71,
0x00000192,0x0004003d,0x0000001d,0x00001cea,
0x00001ce9,0x0007000c,0x0000001d,0x00001ceb,
0x00000001,0x00000028,0x00001ce8,0x00001cea,
0x0007000c,0x0000001d,0x00001cec,0x00000001,
0x00000028,0x00001ce6,0x00001ceb,0x000500ba,
0x0000001b,0x00001ced,0x00001cec,0x00000933,
0x000200f9,0x00001ce4,0x000200f8,0x00001ce4,
0x000700f5,0x0000001b,0x00001cee,0x00001ce2,
0x00001cb8,0x00001ced,0x00001ce3,0x000300f7,
0x00001cf0,0x00000000,0x000400fa,0x00001cee,
0x00001cef,0x00001cf0,0x000200f8,0x00001cef,
0x0004003d,0x00000037,0x00001cf2,0x00001c64,
0x0004003d,0x00000037,0x00001cf3,0x00001c68,
0x0004003d,0x0000001d,0x00001cf4,0x00001cb3,
0x0005008e,0x00000037,0x00001cf5,0x00001cf3,
0x00001cf4,0x00050081,0x00000037,0x00001cf6,
0x00001cf2,0x00001cf5,0x0003003e,0x00001cf1,
0x00001cf6,0x0004003d,0x00000037,0x00001cf7,
0x00001c71,0x0004003d,0x0000001d,0x00001cf8,
0x00001caa,0x0007000c,0x0000001d,0x00001cf9,
0x00000001,0x00000028,0x00001cf8,0x00000933,
0x00060050,0x00000037,0x00001cfa,0x00001cf9,
0x00001cf9,0x00001cf9,0x00050088,0x00000037,
0x00001cfb,0x00001cf7,0x00001cfa,0x0004003d,
0x00000037,0x00001cfc,0x00001c6e,0x00050085,
0x00000037,0x00001cfd,0x00001cfc,0x00001cfb,
0x0003003e,0x00001c6e,0x00001cfd,0x00060041,
0x000014ea,0x00001cfe,0x000014e9,0x00000171,
0x00000191,0x0004003d,0x00000006,0x00001cff,
0x00001cfe,0x000500ac,0x0000001b,0x00001d00,
0x00001cff,0x0000019a,0x000300f7,0x00001d02,
0x00000000,0x000400fa,0x00001d00,0x00001d01,
0x00001d02,0x000200f8,0x00001d01,0x0004003d,
0x00000006,0x00001d06,0x00001c22,0x0003003e,
0x00001d05,0x00001d06,0x00060039,0x00000006,
0x00001d08,0x00000102,0x00001d05,0x00001d07,
0x0004003d,0x00000006,0x00001d09,0x00001d05,
0x0003003e,0x00001c22,0x00001d09,0x0004003d,
0x0000001d,0x00001d0a,0x00001d07,0x0003003e,
0x00001d04,0x00001d0a,0x0003003e,0x00001d03,
0x00001d08,0x0004003d,0x00000006,0x00001d12,
0x00001d03,0x0003003e,0x00001d11,0x00001d12,
0x0004003d,0x00000037,0x00001d14,0x00001cf1,
0x0003003e,0x00001d13,0x00001d14,0x0004003d,
0x00000006,0x00001d16,0x00001c22,0x0003003e,
0x00001d15,0x00001d16,0x000d0039,0x0000001b,
0x00001d1d,0x00000115,0x00001d11,0x00001d13,
0x00001d15,0x00001d17,0x00001d18,0x00001d19,
0x00001d1a,0x00001d1b,0x00001d1c,0x0004003d,
0x00000006,0x00001d1e,0x00001d15,0x0003003e,
0x00001c22,0x00001d1e,0x0004003d,0x00000037,
0x00001d1f,0x00001d17,0x0003003e,0x00001d0b,
0x00001d1f,0x0004003d,0x00000037,0x00001d20,
0x00001d18,0x0003003e,0x00001d0c,0x00001d20,
0x0004003d,0x0000001d,0x00001d21,0x00001d19,
0x0003003e,0x00001d0d,0x00001d21,0x0004003d,
0x0000001d,0x00001d22,0x00001d1a,0x0003003e,
0x00001d0e,0x00001d22,0x0004003d,0x0000001b,
0x00001d23,0x00001d1b,0x0003003e,0x00001d0f,
0x00001d23,0x0004003d,0x0000000c,0x00001d24,
0x00001d1c,0x0003003e,0x00001d10,0x00001d24,
0x000300f7,0x00001d26,0x00000000,0x000400fa,
0x00001d1d,0x00001d25,0x00001d26,0x000200f8,
0x00001d25,0x0004003d,0x00000037,0x00001d28,
0x00001cf1,0x0004003d,0x00000037,0x00001d29,
0x00001d0b,0x0005008e,0x00000037,0x00001d2a,
0x00001d29,0x00000c90,0x00050081,0x00000037,
0x00001d2b,0x00001d28,0x00001d2a,0x0003003e,
0x00001d2d,0x00001d2b,0x0004003d,0x00000037,
0x00001d2f,0x00001d0b,0x0003003e,0x00001d2e,
0x00001d2f,0x0003003e,0x00001d30,0x00000c90,
0x0004003d,0x0000001d,0x00001d32,0x00001d0d,
0x0003003e,0x00001d31,0x00001d32,0x00090039,
0x0000001b,0x00001d34,0x0000009e,0x00001d2d,
0x00001d2e,0x00001d30,0x00001d31,0x00001d33,
0x0004003d,0x00000096,0x00001d35,0x00001d33,
0x0003003e,0x00001d2c,0x00001d35,0x0003003e,
0x00001d27,0x00001d34,0x0004003d,0x0000001b,
0x00001d37,0x00001d27,0x000400a8,0x0000001b,
0x00001d38,0x00001d37,0x000400a8,0x0000001b,
0x00001d39,0x00001d38,0x000300f7,0x00001d3b,
0x00000000,0x000400fa,0x00001d39,0x00001d3a,
0x00001d3b,0x000200f8,0x00001d3a,0x0004003d,
0x0000000c,0x00001d3c,0x00001d10,0x000500af,
0x0000001b,0x00001d3d,0x00001d3c,0x0000024b,
0x000300f7,0x00001d3f,0x00000000,0x000400fa,
0x00001d3d,0x00001d3e,0x00001d3f,0x000200f8,
0x00001d3e,0x00050041,0x00000007,0x00001d40,
0x00001d2c,0x00000219,0x0004003d,0x00000006,
0x00001d41,0x00001d40,0x0004003d,0x0000000c,
0x00001d42,0x00001d10,0x0004007c,0x00000006,
0x00001d43,0x00001d42,0x000500aa,0x0000001b,
0x00001d44,0x00001d41,0x00001d43,0x000200f9,
0x00001d3f,0x000200f8,0x00001d3f,0x000700f5,
0x0000001b,0x00001d45,0x00001d3d,0x00001d3a,
0x00001d44,0x00001d3e,0x000200f9,0x00001d3b,
0x000200f8,0x00001d3b,0x000700f5,0x0000001b,
0x00001d46,0x00001d38,0x00001d25,0x00001d45,
0x00001d3f,0x0003003e,0x00001d36,0x00001d46,
0x0004003d,0x0000001b,0x00001d47,0x00001d36,
0x000300f7,0x00001d49,0x00000000,0x000400fa,
0x00001d47,0x00001d48,0x00001d49,0x000200f8,
0x00001d48,0x0004003d,0x00000037,0x00001d4b,
0x00001c68,0x0004003d,0x00000037,0x00001d4c,
0x00001d0b,0x00050094,0x0000001d,0x00001d4d,
0x00001d4b,0x00001d4c,0x0003003e,0x00001d4e,
0x00001d4d,0x0004003d,0x0000001d,0x00001d50,
0x00001c74,0x0003003e,0x00001d4f,0x00001d50,
0x00060039,0x0000001d,0x00001d51,0x00000119,
0x00001d4e,0x00001d4f,0x0003003e,0x00001d4a,
0x00001d51,0x0004003d,0x0000001d,0x00001d53,
0x00001d0e,0x0004003d,0x0000001d,0x00001d54,
0x00001d04,0x00050085,0x0000001d,0x00001d55,
0x00001d53,0x00001d54,0x0003003e,0x00001d52,
0x00001d55,0x0004003d,0x0000001b,0x00001d57,
0x00001d0f,0x000300f7,0x00001d5a,0x00000000,
0x000400fa,0x00001d57,0x00001d59,0x00001d5b,
0x000200f8,0x00001d59,0x0003003e,0x00001d58,
0x00000271,0x000200f9,0x00001d5a,0x000200f8,
0x00001d5b,0x0004003d,0x0000001d,0x00001d5d,
0x00001d52,0x0003003e,0x00001d5c,0x00001d5d,
0x0004003d,0x0000001d,0x00001d5f,0x00001d4a,
0x0003003e,0x00001d5e,0x00001d5f,0x00060039,
0x0000001d,0x00001d60,0x00000109,0x00001d5c,
0x00001d5e,0x0003003e,0x00001d58,0x00001d60,
0x000200f9,0x00001d5a,0x000200f8,0x00001d5a,
0x0004003d,0x0000001d,0x00001d61,0x00001d58,
0x0003003e,0x00001d56,0x00001d61,0x0004003d,
0x00000037,0x00001d62,0x00001c6e,0x0004003d,
0x00000037,0x00001d63,0x00001d0c,0x00050085,
0x00000037,0x00001d64,0x00001d62,0x00001d63,
0x0004003d,0x0000001d,0x00001d65,0x00001d4a,
0x0005008e,0x00000037,0x00001d66,0x00001d64,
0x00001d65,0x0004003d,0x0000001d,0x00001d67,
0x00001d56,0x0005008e,0x00000037,0x00001d68,
0x00001d66,0x00001d67,0x0004003d,0x0000001d,
0x00001d69,0x00001d52,0x0007000c,0x0000001d,
0x00001d6a,0x00000001,0x00000028,0x00001d69,
0x000005a0,0x00060050,0x00000037,0x00001d6b,
0x00001d6a,0x00001d6a,0x00001d6a,0x00050088,
0x00000037,0x00001d6c,0x00001d68,0x00001d6b,
0x0004003d,0x00000037,0x00001d6d,0x00001c6f,
0x00050081,0x00000037,0x00001d6e,0x00001d6d,
0x00001d6c,0x0003003e,0x00001c6f,0x00001d6e,
0x000200f9,0x00001d49,0x000200f8,0x00001d49,
0x000200f9,0x00001d26,0x000200f8,0x00001d26,
0x000200f9,0x00001d02,0x000200f8,0x00001d02,
0x0004003d,0x00000037,0x00001d71,0x00001c68,
0x0003003e,0x00001d70,0x00001d71,0x0004003d,
0x0000001d,0x00001d73,0x00001c74,0x0003003e,
0x00001d72,0x00001d73,0x0004003d,0x00000006,
0x00001d75,0x00001c22,0x0003003e,0x00001d74,
0x00001d75,0x00080039,0x00000037,0x00001d77,
0x00000120,0x00001d70,0x00001d72,0x00001d74,
0x00001d76,0x0004003d,0x00000006,0x00001d78,
0x00001d74,0x0003003e,0x00001c22,0x00001d78,
0x0004003d,0x0000001d,0x00001d79,0x00001d76,
0x0003003e,0x00001d6f,0x00001d79,0x0003003e,
0x00001c68,0x00001d77,0x0004003d,0x00000037,
0x00001d7a,0x00001cf1,0x0004003d,0x00000037,
0x00001d7b,0x00001c68,0x0005008e,0x00000037,
0x00001d7c,0x00001d7b,0x00000c90,0x00050081,
0x00000037,0x00001d7d,0x00001d7a,0x00001d7c,
0x0003003e,0x00001c64,0x00001d7d,0x0004003d,
0x0000001d,0x00001d7e,0x00001d6f,0x0003003e,
0x00001c75,0x00001d7e,0x0003003e,0x00001c77,
0x000013b8,0x000200f9,0x00001c7c,0x000200f8,
0x00001cf0,0x000200f9,0x00001ca9,0x000200f8,
0x00001ca9,0x00050041,0x00000038,0x00001d81,
0x00001c83,0x00000171,0x0004003d,0x00000037,
0x00001d82,0x00001d81,0x0004003d,0x00000037,
0x00001d83,0x00001c68,0x0004007f,0x00000037,
0x00001d84,0x00001d83,0x00050094,0x0000001d,
0x00001d85,0x00001d82,0x00001d84,0x000500be,
0x0000001b,0x00001d86,0x00001d85,0x000002ec,
0x0003003e,0x00001d80,0x00001d86,0x0004003d,
0x0000001b,0x00001d87,0x00001d80,0x000400a8,
0x0000001b,0x00001d88,0x00001d87,0x000300f7,
0x00001d8a,0x00000000,0x000400fa,0x00001d88,
0x00001d89,0x00001d8a,0x000200f8,0x00001d89,
0x00050041,0x00000038,0x00001d8b,0x00001c83,
0x00000171,0x0004003d,0x00000037,0x00001d8c,
0x00001d8b,0x0004007f,0x00000037,0x00001d8d,
0x00001d8c,0x00050041,0x00000038,0x00001d8e,
0x00001c83,0x00000171,0x0003003e,0x00001d8e,
0x00001d8d,0x000200f9,0x00001d8a,0x000200f8,
0x00001d8a,0x00050041,0x00000007,0x00001d90,
0x00001c83,0x0000047e,0x0004003d,0x00000006,
0x00001d91,0x00001d90,0x00050084,0x00000006,
0x00001d93,0x00001d91,0x00001d92,0x0003003e,
0x00001d8f,0x00001d93,0x0004003d,0x00000006,
0x00001d99,0x00001d8f,0x00060041,0x0000081a,
0x00001d9a,0x00001d98,0x0000024b,0x00001d99,
0x0004003d,0x0000001d,0x00001d9b,0x00001d9a,
0x0004003d,0x00000006,0x00001d9c,0x00001d8f,
0x00050080,0x00000006,0x00001d9d,0x00001d9c,
0x000001a0,0x00060041,0x0000081a,0x00001d9e,
0x00001d98,0x0000024b,0x00001d9d,0x0004003d,
0x0000001d,0x00001d9f,0x00001d9e,0x0004003d,
0x00000006,0x00001da0,0x00001d8f,0x00050080,
0x00000006,0x00001da1,0x00001da0,0x00000192,
0x00060041,0x0000081a,0x00001da2,0x00001d98,
0x0000024b,0x00001da1,0x0004003d,0x0000001d,
0x00001da3,0x00001da2,0x00060050,0x00000037,
0x00001da4,0x00001d9b,0x00001d9f,0x00001da3,
0x0004003d,0x00000006,0x00001da5,0x00001d8f,
0x00050080,0x00000006,0x00001da6,0x00001da5,
0x00000191,0x00060041,0x0000081a,0x00001da7,
0x00001d98,0x0000024b,0x00001da6,0x0004003d,
0x0000001d,0x00001da8,0x00001da7,0x0005008e,
0x00000037,0x00001da9,0x00001da4,0x00001da8,
0x0007000c,0x00000037,0x00001daa,0x00000001,
0x00000028,0x00001da9,0x000002ed,0x0003003e,
0x00001d94,0x00001daa,0x0004003d,0x00000006,
0x00001dac,0x00001d8f,0x00050080,0x00000006,
0x00001dad,0x00001dac,0x000001c0,0x00060041,
0x0000081a,0x00001dae,0x00001d98,0x0000024b,
0x00001dad,0x0004003d,0x0000001d,0x00001daf,
0x00001dae,0x0004003d,0x00000006,0x00001db0,
0x00001d8f,0x00050080,0x00000006,0x00001db1,
0x00001db0,0x00000639,0x00060041,0x0000081a,
0x00001db2,0x00001d98,0x0000024b,0x00001db1,
0x0004003d,0x0000001d,0x00001db3,0x00001db2,
0x0004003d,0x00000006,0x00001db4,0x00001d8f,
0x00050080,0x00000006,0x00001db5,0x00001db4,
0x00000664,0x00060041,0x0000081a,0x00001db6,
0x00001d98,0x0000024b,0x00001db5,0x0004003d,
0x0000001d,0x00001db7,0x00001db6,0x00060050,
0x00000037,0x00001db8,0x00001daf,0x00001db3,
0x00001db7,0x0007000c,0x00000037,0x00001db9,
0x00000001,0x00000028,0x00001db8,0x000002ed,
0x0003003e,0x00001dab,0x00001db9,0x0004003d,
0x00000006,0x00001dbb,0x00001d8f,0x00050080,
0x00000006,0x00001dbc,0x00001dbb,0x000001bc,
0x00060041,0x0000081a,0x00001dbd,0x00001d98,
0x0000024b,0x00001dbc,0x0004003d,0x0000001d,
0x00001dbe,0x00001dbd,0x0008000c,0x0000001d,
0x00001dbf,0x00000001,0x0000002b,0x00001dbe,
0x000002ec,0x00000271,0x0003003e,0x00001dba,
0x00001dbf,0x0004003d,0x00000006,0x00001dc1,
0x00001d8f,0x00050080,0x00000006,0x00001dc2,
0x00001dc1,0x000003b2,0x00060041,0x0000081a,
0x00001dc3,0x00001d98,0x0000024b,0x00001dc2,
0x0004003d,0x0000001d,0x00001dc4,0x00001dc3,
0x0004003d,0x00000006,0x00001dc5,0x00001d8f,
0x00050080,0x00000006,0x00001dc6,0x00001dc5,
0x00000872,0x00060041,0x0000081a,0x00001dc7,
0x00001d98,0x0000024b,0x00001dc6,0x0004003d,
0x0000001d,0x00001dc8,0x00001dc7,0x0004003d,
0x00000006,0x00001dc9,0x00001d8f,0x00050080,
0x00000006,0x00001dca,0x00001dc9,0x00000877,
0x00060041,0x0000081a,0x00001dcb,0x00001d98,
0x0000024b,0x00001dca,0x0004003d,0x0000001d,
0x00001dcc,0x00001dcb,0x00060050,0x00000037,
0x00001dcd,0x00001dc4,0x00001dc8,0x00001dcc,
0x0007000c,0x00000037,0x00001dce,0x00000001,
0x00000028,0x00001dcd,0x000002ed,0x0003003e,
0x00001dc0,0x00001dce,0x0004003d,0x00000006,
0x00001dd0,0x00001d8f,0x00050080,0x00000006,
0x00001dd1,0x00001dd0,0x0000087c,0x00060041,
0x0000081a,0x00001dd2,0x00001d98,0x0000024b,
0x00001dd1,0x0004003d,0x0000001d,0x00001dd3,
0x00001dd2,0x0008000c,0x0000001d,0x00001dd4,
0x00000001,0x0000002b,0x00001dd3,0x000002ec,
0x00000271,0x0003003e,0x00001dcf,0x00001dd4,
0x0004003d,0x00000006,0x00001dd6,0x00001d8f,
0x00050080,0x00000006,0x00001dd7,0x00001dd6,
0x000003c0,0x00060041,0x0000081a,0x00001dd8,
0x00001d98,0x0000024b,0x00001dd7,0x0004003d,
0x0000001d,0x00001dd9,0x00001dd8,0x0004003d,
0x00000006,0x00001dda,0x00001d8f,0x00050080,
0x00000006,0x00001ddb,0x00001dda,0x00000196,
0x00060041,0x0000081a,0x00001ddc,0x00001d98,
0x0000024b,0x00001ddb,0x0004003d,0x0000001d,
0x00001ddd,0x00001ddc,0x0004003d,0x00000006,
0x00001dde,0x00001d8f,0x00050080,0x00000006,
0x00001ddf,0x00001dde,0x000003c3,0x00060041,
0x0000081a,0x00001de0,0x00001d98,0x0000024b,
0x00001ddf,0x0004003d,0x0000001d,0x00001de1,
0x00001de0,0x00060050,0x00000037,0x00001de2,
0x00001dd9,0x00001ddd,0x00001de1,0x0007000c,
0x00000037,0x00001de3,0x00000001,0x00000028,
0x00001de2,0x000002ed,0x0003003e,0x00001dd5,
0x00001de3,0x0004003d,0x00000006,0x00001de5,
0x00001d8f,0x00050080,0x00000006,0x00001de6,
0x00001de5,0x000003ad,0x00060041,0x0000081a,
0x00001de7,0x00001d98,0x0000024b,0x00001de6,
0x0004003d,0x0000001d,0x00001de8,0x00001de7,
0x0007000c,0x0000001d,0x00001de9,0x00000001,
0x00000028,0x00001de8,0x000002ec,0x0003003e,
0x00001de4,0x00001de9,0x0004003d,0x00000006,
0x00001deb,0x00001d8f,0x00050080,0x00000006,
0x00001ded,0x00001deb,0x00001dec,0x00060041,
0x0000081a,0x00001dee,0x00001d98,0x0000024b,
0x00001ded,0x0004003d,0x0000001d,0x00001def,
0x00001dee,0x0008000c,0x0000001d,0x00001df2,
0x00000001,0x0000002b,0x00001def,0x00001df0,
0x00001df1,0x0003003e,0x00001dea,0x00001df2,
0x0004003d,0x00000006,0x00001df4,0x00001d8f,
0x00050080,0x00000006,0x00001df5,0x00001df4,
0x0000067e,0x00060041,0x0000081a,0x00001df6,
0x00001d98,0x0000024b,0x00001df5,0x0004003d,
0x0000001d,0x00001df7,0x00001df6,0x0004003d,
0x00000006,0x00001df8,0x00001d8f,0x00050080,
0x00000006,0x00001df9,0x00001df8,0x000008c4,
0x00060041,0x0000081a,0x00001dfa,0x00001d98,
0x0000024b,0x00001df9,0x0004003d,0x0000001d,
0x00001dfb,0x00001dfa,0x0004003d,0x00000006,
0x00001dfc,0x00001d8f,0x00050080,0x00000006,
0x00001dfd,0x00001dfc,0x000008c9,0x00060041,
0x0000081a,0x00001dfe,0x00001d98,0x0000024b,
0x00001dfd,0x0004003d,0x0000001d,0x00001dff,
0x00001dfe,0x00060050,0x00000037,0x00001e00,
0x00001df7,0x00001dfb,0x00001dff,0x0007000c,
0x00000037,0x00001e01,0x00000001,0x00000028,
0x00001e00,0x000002ed,0x0003003e,0x00001df3,
0x00001e01,0x0004003d,0x00000006,0x00001e03,
0x00001d8f,0x00050080,0x00000006,0x00001e04,
0x00001e03,0x000008d0,0x00060041,0x0000081a,
0x00001e05,0x00001d98,0x0000024b,0x00001e04,
0x0004003d,0x0000001d,0x00001e06,0x00001e05,
0x0008000c,0x0000001d,0x00001e07,0x00000001,
0x0000002b,0x00001e06,0x000002ec,0x00000271,
0x0003003e,0x00001e02,0x00001e07,0x0004003d,
0x00000006,0x00001e09,0x00001d8f,0x00050080,
0x00000006,0x00001e0a,0x00001e09,0x000008d5,
0x00060041,0x0000081a,0x00001e0b,0x00001d98,
0x0000024b,0x00001e0a,0x0004003d,0x0000001d,
0x00001e0c,0x00001e0b,0x0004003d,0x00000006,
0x00001e0d,0x00001d8f,0x00050080,0x00000006,
0x00001e0e,0x00001e0d,0x00000833,0x00060041,
0x0000081a,0x00001e0f,0x00001d98,0x0000024b,
0x00001e0e,0x0004003d,0x0000001d,0x00001e10,
0x00001e0f,0x0004003d,0x00000006,0x00001e11,
0x00001d8f,0x00050080,0x00000006,0x00001e13,
0x00001e11,0x00001e12,0x00060041,0x0000081a,
0x00001e14,0x00001d98,0x0000024b,0x00001e13,
0x0004003d,0x0000001d,0x00001e15,0x00001e14,
0x00060050,0x00000037,0x00001e16,0x00001e0c,
0x00001e10,0x00001e15,0x0004003d,0x00000006,
0x00001e17,0x00001d8f,0x00050080,0x00000006,
0x00001e19,0x00001e17,0x00001e18,0x00060041,
0x0000081a,0x00001e1a,0x00001d98,0x0000024b,
0x00001e19,0x0004003d,0x0000001d,0x00001e1b,
0x00001e1a,0x0007000c,0x0000001d,0x00001e1c,
0x00000001,0x00000028,0x00001e1b,0x000002ec,
0x0005008e,0x00000037,0x00001e1d,0x00001e16,
0x00001e1c,0x0007000c,0x00000037,0x00001e1f,
0x00000001,0x00000028,0x00001e1d,0x00001e1e,
0x0003003e,0x00001e08,0x00001e1f,0x0004003d,
0x00000006,0x00001e21,0x00001d8f,0x00050080,
0x00000006,0x00001e23,0x00001e21,0x00001e22,
0x00060041,0x0000081a,0x00001e24,0x00001d98,
0x0000024b,0x00001e23,0x0004003d,0x0000001d,
0x00001e25,0x00001e24,0x0004003d,0x00000006,
0x00001e26,0x00001d8f,0x00050080,0x00000006,
0x00001e28,0x00001e26,0x00001e27,0x00060041,
0x0000081a,0x00001e29,0x00001d98,0x0000024b,
0x00001e28,0x0004003d,0x0000001d,0x00001e2a,
0x00001e29,0x0004003d,0x00000006,0x00001e2b,
0x00001d8f,0x00050080,0x00000006,0x00001e2d,
0x00001e2b,0x00001e2c,0x00060041,0x0000081a,
0x00001e2e,0x00001d98,0x0000024b,0x00001e2d,
0x0004003d,0x0000001d,0x00001e2f,0x00001e2e,
0x00060050,0x00000037,0x00001e30,0x00001e25,
0x00001e2a,0x00001e2f,0x0007000c,0x00000037,
0x00001e31,0x00000001,0x00000028,0x00001e30,
0x000002ed,0x0003003e,0x00001e20,0x00001e31,
0x0004003d,0x00000006,0x00001e33,0x00001d8f,
0x00050080,0x00000006,0x00001e35,0x00001e33,
0x00001e34,0x00060041,0x0000081a,0x00001e36,
0x00001d98,0x0000024b,0x00001e35,0x0004003d,
0x0000001d,0x00001e37,0x00001e36,0x0008000c,
0x0000001d,0x00001e38,0x00000001,0x0000002b,
0x00001e37,0x000002ec,0x00000271,0x0003003e,
0x00001e32,0x00001e38,0x0004003d,0x00000006,
0x00001e3a,0x00001d8f,0x00050080,0x00000006,
0x00001e3c,0x00001e3a,0x00001e3b,0x00060041,
0x0000081a,0x00001e3d,0x00001d98,0x0000024b,
0x00001e3c,0x0004003d,0x0000001d,0x00001e3e,
0x00001e3d,0x0004003d,0x00000006,0x00001e3f,
0x00001d8f,0x00050080,0x00000006,0x00001e41,
0x00001e3f,0x00001e40,0x00060041,0x0000081a,
0x00001e42,0x00001d98,0x0000024b,0x00001e41,
0x0004003d,0x0000001d,0x00001e43,0x00001e42,
0x0004003d,0x00000006,0x00001e44,0x00001d8f,
0x00050080,0x00000006,0x00001e46,0x00001e44,
0x00001e45,0x00060041,0x0000081a,0x00001e47,
0x00001d98,0x0000024b,0x00001e46,0x0004003d,
0x0000001d,0x00001e48,0x00001e47,0x00060050,
0x00000037,0x00001e49,0x00001e3e,0x00001e43,
0x00001e48,0x0007000c,0x00000037,0x00001e4a,
0x00000001,0x00000028,0x00001e49,0x000002ed,
0x0003003e,0x00001e39,0x00001e4a,0x0004003d,
0x00000006,0x00001e4c,0x00001d8f,0x00050080,
0x00000006,0x00001e4e,0x00001e4c,0x00001e4d,
0x00060041,0x0000081a,0x00001e4f,0x00001d98,
0x0000024b,0x00001e4e,0x0004003d,0x0000001d,
0x00001e50,0x00001e4f,0x0008000c,0x0000001d,
0x00001e51,0x00000001,0x0000002b,0x00001e50,
0x000002ec,0x00000271,0x0003003e,0x00001e4b,
0x00001e51,0x0004003d,0x00000006,0x00001e53,
0x00001d8f,0x00050080,0x00000006,0x00001e55,
0x00001e53,0x00001e54,0x00060041,0x0000081a,
0x00001e56,0x00001d98,0x0000024b,0x00001e55,
0x0004003d,0x0000001d,0x00001e57,0x00001e56,
0x0004003d,0x00000006,0x00001e58,0x00001d8f,
0x00050080,0x00000006,0x00001e5a,0x00001e58,
0x00001e59,0x00060041,0x0000081a,0x00001e5b,
0x00001d98,0x0000024b,0x00001e5a,0x0004003d,
0x0000001d,0x00001e5c,0x00001e5b,0x0004003d,
0x00000006,0x00001e5d,0x00001d8f,0x00050080,
0x00000006,0x00001e5f,0x00001e5d,0x00001e5e,
0x00060041,0x0000081a,0x00001e60,0x00001d98,
0x0000024b,0x00001e5f,0x0004003d,0x0000001d,
0x00001e61,0x00001e60,0x00060050,0x00000037,
0x00001e62,0x00001e57,0x00001e5c,0x00001e61,
0x0004003d,0x00000006,0x00001e63,0x00001d8f,
0x00050080,0x00000006,0x00001e65,0x00001e63,
0x00001e64,0x00060041,0x0000081a,0x00001e66,
0x00001d98,0x0000024b,0x00001e65,0x0004003d,
0x0000001d,0x00001e67,0x00001e66,0x0005008e,
0x00000037,0x00001e68,0x00001e62,0x00001e67,
0x0007000c,0x00000037,0x00001e69,0x00000001,
0x00000028,0x00001e68,0x000002ed,0x0003003e,
0x00001e52,0x00001e69,0x0004003d,0x00000006,
0x00001e6b,0x00001d8f,0x00050080,0x00000006,
0x00001e6d,0x00001e6b,0x00001e6c,0x00060041,
0x0000081a,0x00001e6e,0x00001d98,0x0000024b,
0x00001e6d,0x0004003d,0x0000001d,0x00001e6f,
0x00001e6e,0x0008000c,0x0000001d,0x00001e70,
0x00000001,0x0000002b,0x00001e6f,0x000002ec,
0x00000271,0x0003003e,0x00001e6a,0x00001e70,
0x0004003d,0x00000006,0x00001e72,0x00001d8f,
0x00050080,0x00000006,0x00001e74,0x00001e72,
0x00001e73,0x00060041,0x0000081a,0x00001e75,
0x00001d98,0x0000024b,0x00001e74,0x0004003d,
0x0000001d,0x00001e76,0x00001e75,0x0008000c,
0x0000001d,0x00001e77,0x00000001,0x0000002b,
0x00001e76,0x000002ec,0x00000271,0x0003003e,
0x00001e71,0x00001e77,0x0004003d,0x00000006,
0x00001e79,0x00001d8f,0x00050080,0x00000006,
0x00001e7b,0x00001e79,0x00001e7a,0x00060041,
0x0000081a,0x00001e7c,0x00001d98,0x0000024b,
0x00001e7b,0x0004003d,0x0000001d,0x00001e7d,
0x00001e7c,0x0008000c,0x0000001d,0x00001e7f,
0x00000001,0x0000002b,0x00001e7d,0x00001e7e,
0x00000271,0x0003003e,0x00001e78,0x00001e7f,
0x0004003d,0x00000006,0x00001e81,0x00001d8f,
0x00050080,0x00000006,0x00001e83,0x00001e81,
0x00001e82,0x00060041,0x0000081a,0x00001e84,
0x00001d98,0x0000024b,0x00001e83,0x0004003d,
0x0000001d,0x00001e85,0x00001e84,0x0007000c,
0x0000001d,0x00001e86,0x00000001,0x00000028,
0x00001e85,0x000017a0,0x0003003e,0x00001e80,
0x00001e86,0x0004003d,0x00000006,0x00001e88,
0x00001d8f,0x00050080,0x00000006,0x00001e8a,
0x00001e88,0x00001e89,0x00060041,0x0000081a,
0x00001e8b,0x00001d98,0x0000024b,0x00001e8a,
0x0004003d,0x0000001d,0x00001e8c,0x00001e8b,
0x0008000c,0x0000001d,0x00001e8d,0x00000001,
0x0000002b,0x00001e8c,0x00001e7e,0x00000271,
0x0003003e,0x00001e87,0x00001e8d,0x0004003d,
0x00000006,0x00001e8f,0x00001d8f,0x00050080,
0x00000006,0x00001e91,0x00001e8f,0x00001e90,
0x00060041,0x0000081a,0x00001e92,0x00001d98,
0x0000024b,0x00001e91,0x0004003d,0x0000001d,
0x00001e93,0x00001e92,0x0007000c,0x0000001d,
0x00001e94,0x00000001,0x00000028,0x00001e93,
0x000017a0,0x0003003e,0x00001e8e,0x00001e94,
0x0004003d,0x00000006,0x00001e96,0x00001d8f,
0x00050080,0x00000006,0x00001e98,0x00001e96,
0x00001e97,0x00060041,0x0000081a,0x00001e99,
0x00001d98,0x0000024b,0x00001e98,0x0004003d,
0x0000001d,0x00001e9a,0x00001e99,0x0008000c,
0x0000001d,0x00001e9b,0x00000001,0x0000002b,
0x00001e9a,0x00001e7e,0x00000271,0x0003003e,
0x00001e95,0x00001e9b,0x0004003d,0x00000006,
0x00001e9d,0x00001d8f,0x00050080,0x00000006,
0x00001e9f,0x00001e9d,0x00001e9e,0x00060041,
0x0000081a,0x00001ea0,0x00001d98,0x0000024b,
0x00001e9f,0x0004003d,0x0000001d,0x00001ea1,
0x00001ea0,0x0004003d,0x00000006,0x00001ea2,
0x00001d8f,0x00050080,0x00000006,0x00001ea4,
0x00001ea2,0x00001ea3,0x00060041,0x0000081a,
0x00001ea5,0x00001d98,0x0000024b,0x00001ea4,
0x0004003d,0x0000001d,0x00001ea6,0x00001ea5,
0x00050085,0x0000001d,0x00001ea7,0x00000336,
0x00001ea6,0x00050081,0x0000001d,0x00001ea8,
0x00001ea1,0x00001ea7,0x0008000c,0x0000001d,
0x00001ea9,0x00000001,0x0000002b,0x00001ea8,
0x00001df0,0x00001df1,0x0003003e,0x00001e9c,
0x00001ea9,0x0004003d,0x00000006,0x00001eab,
0x00001d8f,0x00050080,0x00000006,0x00001ead,
0x00001eab,0x00001eac,0x00060041,0x0000081a,
0x00001eae,0x00001d98,0x0000024b,0x00001ead,
0x0004003d,0x0000001d,0x00001eaf,0x00001eae,
0x0003003e,0x00001eaa,0x00001eaf,0x0004003d,
0x00000006,0x00001eb1,0x00001d8f,0x00050080,
0x00000006,0x00001eb3,0x00001eb1,0x00001eb2,
0x00060041,0x0000081a,0x00001eb4,0x00001d98,
0x0000024b,0x00001eb3,0x0004003d,0x0000001d,
0x00001eb5,0x00001eb4,0x0004003d,0x00000006,
0x00001eb6,0x00001d8f,0x00050080,0x00000006,
0x00001eb8,0x00001eb6,0x00001eb7,0x00060041,
0x0000081a,0x00001eb9,0x00001d98,0x0000024b,
0x00001eb8,0x0004003d,0x0000001d,0x00001eba,
0x00001eb9,0x00050085,0x0000001d,0x00001ebb,
0x00000336,0x00001eba,0x00050081,0x0000001d,
0x00001ebc,0x00001eb5,0x00001ebb,0x0008000c,
0x0000001d,0x00001ebd,0x00000001,0x0000002b,
0x00001ebc,0x00001df0,0x00001df1,0x0003003e,
0x00001eb0,0x00001ebd,0x0004003d,0x00000006,
0x00001ebf,0x00001d8f,0x00050080,0x00000006,
0x00001ec1,0x00001ebf,0x00001ec0,0x00060041,
0x0000081a,0x00001ec2,0x00001d98,0x0000024b,
0x00001ec1,0x0004003d,0x0000001d,0x00001ec3,
0x00001ec2,0x0003003e,0x00001ebe,0x00001ec3,
0x0004003d,0x00000006,0x00001ec5,0x00001d8f,
0x00050080,0x00000006,0x00001ec7,0x00001ec5,
0x00001ec6,0x00060041,0x0000081a,0x00001ec8,
0x00001d98,0x0000024b,0x00001ec7,0x0004003d,
0x0000001d,0x00001ec9,0x00001ec8,0x0008000c,
0x0000001d,0x00001eca,0x00000001,0x0000002b,
0x00001ec9,0x000002ec,0x00000271,0x0003003e,
0x00001ec4,0x00001eca,0x0004003d,0x00000006,
0x00001ecc,0x00001d8f,0x00050080,0x00000006,
0x00001ece,0x00001ecc,0x00001ecd,0x00060041,
0x0000081a,0x00001ecf,0x00001d98,0x0000024b,
0x00001ece,0x0004003d,0x0000001d,0x00001ed0,
0x00001ecf,0x0008000c,0x0000001d,0x00001ed1,
0x00000001,0x0000002b,0x00001ed0,0x000002ec,
0x00000271,0x0003003e,0x00001ecb,0x00001ed1,
0x0004003d,0x00000006,0x00001ed3,0x00001d8f,
0x00050080,0x00000006,0x00001ed5,0x00001ed3,
0x00001ed4,0x00060041,0x0000081a,0x00001ed6,
0x00001d98,0x0000024b,0x00001ed5,0x0004003d,
0x0000001d,0x00001ed7,0x00001ed6,0x0008000c,
0x0000001d,0x00001ed8,0x00000001,0x0000002b,
0x00001ed7,0x000002ec,0x00000271,0x0003003e,
0x00001ed2,0x00001ed8,0x0004003d,0x00000006,
0x00001eda,0x00001d8f,0x00050080,0x00000006,
0x00001edb,0x00001eda,0x0000008b,0x00060041,
0x0000081a,0x00001edc,0x00001d98,0x0000024b,
0x00001edb,0x0004003d,0x0000001d,0x00001edd,
0x00001edc,0x0008000c,0x0000001d,0x00001ede,
0x00000001,0x0000002b,0x00001edd,0x000002ec,
0x00000271,0x0003003e,0x00001ed9,0x00001ede,
0x0004003d,0x00000006,0x00001ee0,0x00001d8f,
0x00050080,0x00000006,0x00001ee2,0x00001ee0,
0x00001ee1,0x00060041,0x0000081a,0x00001ee3,
0x00001d98,0x0000024b,0x00001ee2,0x0004003d,
0x0000001d,0x00001ee4,0x00001ee3,0x0007000c,
0x0000001d,0x00001ee5,0x00000001,0x00000028,
0x00001ee4,0x000002ec,0x00050085,0x0000001d,
0x00001ee6,0x00001ee5,0x00001579,0x0003003e,
0x00001edf,0x00001ee6,0x0004003d,0x00000006,
0x00001ee8,0x00001d8f,0x00050080,0x00000006,
0x00001ee9,0x00001ee8,0x0000080b,0x00060041,
0x0000081a,0x00001eea,0x00001d98,0x0000024b,
0x00001ee9,0x0004003d,0x0000001d,0x00001eeb,
0x00001eea,0x0007000c,0x0000001d,0x00001eec,
0x00000001,0x00000028,0x00001eeb,0x00000271,
0x0003003e,0x00001ee7,0x00001eec,0x0004003d,
0x00000006,0x00001eee,0x00001d8f,0x00050080,
0x00000006,0x00001ef0,0x00001eee,0x00001eef,
0x00060041,0x0000081a,0x00001ef1,0x00001d98,
0x0000024b,0x00001ef0,0x0004003d,0x0000001d,
0x00001ef2,0x00001ef1,0x0004003d,0x00000006,
0x00001ef3,0x00001d8f,0x00050080,0x00000006,
0x00001ef5,0x00001ef3,0x00001ef4,0x00060041,
0x0000081a,0x00001ef6,0x00001d98,0x0000024b,
0x00001ef5,0x0004003d,0x0000001d,0x00001ef7,
0x00001ef6,0x00050085,0x0000001d,0x00001ef8,
0x00001ef2,0x00001ef7,0x0007000c,0x0000001d,
0x00001ef9,0x00000001,0x00000028,0x00001ef8,
0x000002ec,0x0003003e,0x00001eed,0x00001ef9,
0x0004003d,0x00000006,0x00001efb,0x00001d8f,
0x00050080,0x00000006,0x00001efd,0x00001efb,
0x00001efc,0x00060041,0x0000081a,0x00001efe,
0x00001d98,0x0000024b,0x00001efd,0x0004003d,
0x0000001d,0x00001eff,0x00001efe,0x0007000c,
0x0000001d,0x00001f00,0x00000001,0x00000028,
0x00001eff,0x000002ec,0x0003003e,0x00001efa,
0x00001f00,0x0004003d,0x00000006,0x00001f02,
0x00001d8f,0x00050080,0x00000006,0x00001f04,
0x00001f02,0x00001f03,0x00060041,0x0000081a,
0x00001f05,0x00001d98,0x0000024b,0x00001f04,
0x0004003d,0x0000001d,0x00001f06,0x00001f05,
0x0007000c,0x0000001d,0x00001f07,0x00000001,
0x00000028,0x00001f06,0x000002ec,0x0003003e,
0x00001f01,0x00001f07,0x0004003d,0x00000006,
0x00001f09,0x00001d8f,0x00050080,0x00000006,
0x00001f0b,0x00001f09,0x00001f0a,0x00060041,
0x0000081a,0x00001f0c,0x00001d98,0x0000024b,
0x00001f0b,0x0004003d,0x0000001d,0x00001f0d,
0x00001f0c,0x0007000c,0x0000001d,0x00001f0e,
0x00000001,0x00000028,0x00001f0d,0x000002ec,
0x0003003e,0x00001f08,0x00001f0e,0x0004003d,
0x00000006,0x00001f10,0x00001d8f,0x00050080,
0x00000006,0x00001f12,0x00001f10,0x00001f11,
0x00060041,0x0000081a,0x00001f13,0x00001d98,
0x0000024b,0x00001f12,0x0004003d,0x0000001d,
0x00001f14,0x00001f13,0x0004003d,0x00000006,
0x00001f15,0x00001d8f,0x00050080,0x00000006,
0x00001f17,0x00001f15,0x00001f16,0x00060041,
0x0000081a,0x00001f18,0x00001d98,0x0000024b,
0x00001f17,0x0004003d,0x0000001d,0x00001f19,
0x00001f18,0x0004003d,0x00000006,0x00001f1a,
0x00001d8f,0x00050080,0x00000006,0x00001f1c,
0x00001f1a,0x00001f1b,0x00060041,0x0000081a,
0x00001f1d,0x00001d98,0x0000024b,0x00001f1c,
0x0004003d,0x0000001d,0x00001f1e,0x00001f1d,
0x00060050,0x00000037,0x00001f1f,0x00001f14,
0x00001f19,0x00001f1e,0x0007000c,0x00000037,
0x00001f20,0x00000001,0x00000028,0x00001f1f,
0x000002ed,0x0003003e,0x00001f0f,0x00001f20,
0x0004003d,0x00000006,0x00001f22,0x00001d8f,
0x00050080,0x00000006,0x00001f24,0x00001f22,
0x00001f23,0x00060041,0x0000081a,0x00001f25,
0x00001d98,0x0000024b,0x00001f24,0x0004003d,
0x0000001d,0x00001f26,0x00001f25,0x0004003d,
0x00000006,0x00001f27,0x00001d8f,0x00050080,
0x00000006,0x00001f29,0x00001f27,0x00001f28,
0x00060041,0x0000081a,0x00001f2a,0x00001d98,
0x0000024b,0x00001f29,0x0004003d,0x0000001d,
0x00001f2b,0x00001f2a,0x0004003d,0x00000006,
0x00001f2c,0x00001d8f,0x00050080,0x00000006,
0x00001f2e,0x00001f2c,0x00001f2d,0x00060041,
0x0000081a,0x00001f2f,0x00001d98,0x0000024b,
0x00001f2e,0x0004003d,0x0000001d,0x00001f30,
0x00001f2f,0x00060050,0x00000037,0x00001f31,
0x00001f26,0x00001f2b,0x00001f30,0x0007000c,
0x00000037,0x00001f32,0x00000001,0x00000028,
0x00001f31,0x000002ed,0x0003003e,0x00001f21,
0x00001f32,0x00050041,0x00000007,0x00001f34,
0x00001c83,0x0000047e,0x0004003d,0x00000006,
0x00001f35,0x00001f34,0x00050084,0x00000006,
0x00001f36,0x00001f35,0x00000808,0x0003003e,
0x00001f33,0x00001f36,0x0004003d,0x00000006,
0x00001f37,0x00001f33,0x00060041,0x0000081a,
0x00001f38,0x00000810,0x0000024b,0x00001f37,
0x0004003d,0x0000001d,0x00001f39,0x00001f38,
0x000500ba,0x0000001b,0x00001f3a,0x00001f39,
0x000002ec,0x000300f7,0x00001f3c,0x00000000,
0x000400fa,0x00001f3a,0x00001f3b,0x00001f3c,
0x000200f8,0x00001f3b,0x00050041,0x00000007,
0x00001f3f,0x00001c83,0x0000047e,0x0004003d,
0x00000006,0x00001f40,0x00001f3f,0x0003003e,
0x00001f3e,0x00001f40,0x00050041,0x0000002b,
0x00001f42,0x00001c83,0x0000047b,0x0004003d,
0x0000002a,0x00001f43,0x00001f42,0x0003003e,
0x00001f41,0x00001f43,0x00050041,0x00000038,
0x00001f45,0x00001c83,0x00000171,0x0004003d,
0x00000037,0x00001f46,0x00001f45,0x0003003e,
0x00001f44,0x00001f46,0x00050041,0x00000038,
0x00001f48,0x00001c83,0x00000469,0x0004003d,
0x00000037,0x00001f49,0x00001f48,0x0003003e,
0x00001f47,0x00001f49,0x00090039,0x00000002,
0x00001f4b,0x00000094,0x00001f3e,0x00001f41,
0x00001f44,0x00001f47,0x00001f4a,0x0004003d,
0x0000008c,0x00001f4c,0x00001f4a,0x0003003e,
0x00001f3d,0x00001f4c,0x0004003d,0x00000006,
0x00001f4d,0x00001f33,0x00050080,0x00000006,
0x00001f4e,0x00001f4d,0x000001a0,0x00060041,
0x0000081a,0x00001f4f,0x00000810,0x0000024b,
0x00001f4e,0x0004003d,0x0000001d,0x00001f50,
0x00001f4f,0x000500be,0x0000001b,0x00001f51,
0x00001f50,0x000002ec,0x000300f7,0x00001f53,
0x00000000,0x000400fa,0x00001f51,0x00001f52,
0x00001f53,0x000200f8,0x00001f52,0x00050041,
0x0000005b,0x00001f54,0x00001f3d,0x0000024b,
0x0004003d,0x00000039,0x00001f55,0x00001f54,
0x0008004f,0x00000037,0x00001f56,0x00001f55,
0x00001f55,0x00000000,0x00000001,0x00000002,
0x0007000c,0x00000037,0x00001f57,0x00000001,
0x00000028,0x00001f56,0x000002ed,0x0003003e,
0x00001d94,0x00001f57,0x000200f9,0x00001f53,
0x000200f8,0x00001f53,0x0004003d,0x00000006,
0x00001f58,0x00001f33,0x00050080,0x00000006,
0x00001f59,0x00001f58,0x00000192,0x00060041,
0x0000081a,0x00001f5a,0x00000810,0x0000024b,
0x00001f59,0x0004003d,0x0000001d,0x00001f5b,
0x00001f5a,0x000500be,0x0000001b,0x00001f5c,
0x00001f5b,0x000002ec,0x000300f7,0x00001f5e,
0x00000000,0x000400fa,0x00001f5c,0x00001f5d,
0x00001f5e,0x000200f8,0x00001f5d,0x00060041,
0x00000023,0x00001f5f,0x00001f3d,0x00000219,
0x0000019a,0x0004003d,0x0000001d,0x00001f60,
0x00001f5f,0x0008000c,0x0000001d,0x00001f61,
0x00000001,0x0000002b,0x00001f60,0x000002ec,
0x00000271,0x0003003e,0x00001e71,0x00001f61,
0x000200f9,0x00001f5e,0x000200f8,0x00001f5e,
0x0004003d,0x00000006,0x00001f62,0x00001f33,
0x00050080,0x00000006,0x00001f63,0x00001f62,
0x00000191,0x00060041,0x0000081a,0x00001f64,
0x00000810,0x0000024b,0x00001f63,0x0004003d,
0x0000001d,0x00001f65,0x00001f64,0x000500be,
0x0000001b,0x00001f66,0x00001f65,0x000002ec,
0x000300f7,0x00001f68,0x00000000,0x000400fa,
0x00001f66,0x00001f67,0x00001f68,0x000200f8,
0x00001f67,0x00060041,0x00000023,0x00001f69,
0x00001f3d,0x00000323,0x0000019a,0x0004003d,
0x0000001d,0x00001f6a,0x00001f69,0x0008000c,
0x0000001d,0x00001f6b,0x00000001,0x0000002b,
0x00001f6a,0x00001e7e,0x00000271,0x0003003e,
0x00001e78,0x00001f6b,0x000200f9,0x00001f68,
0x000200f8,0x00001f68,0x0004003d,0x00000006,
0x00001f6c,0x00001f33,0x00050080,0x00000006,
0x00001f6d,0x00001f6c,0x000001c0,0x00060041,
0x0000081a,0x00001f6e,0x00000810,0x0000024b,
0x00001f6d,0x0004003d,0x0000001d,0x00001f6f,
0x00001f6e,0x000500be,0x0000001b,0x00001f70,
0x00001f6f,0x000002ec,0x000300f7,0x00001f72,
0x00000000,0x000400fa,0x00001f70,0x00001f71,
0x00001f72,0x000200f8,0x00001f71,0x00060041,
0x00000023,0x00001f73,0x00001f3d,0x00000469,
0x0000019a,0x0004003d,0x0000001d,0x00001f74,
0x00001f73,0x0008000c,0x0000001d,0x00001f75,
0x00000001,0x0000002b,0x00001f74,0x000002ec,
0x00000271,0x0003003e,0x00001e6a,0x00001f75,
0x000200f9,0x00001f72,0x000200f8,0x00001f72,
0x0004003d,0x00000006,0x00001f76,0x00001f33,
0x00050080,0x00000006,0x00001f77,0x00001f76,
0x00000639,0x00060041,0x0000081a,0x00001f78,
0x00000810,0x0000024b,0x00001f77,0x0004003d,
0x0000001d,0x00001f79,0x00001f78,0x000500be,
0x0000001b,0x00001f7a,0x00001f79,0x000002ec,
0x000300f7,0x00001f7c,0x00000000,0x000400fa,
0x00001f7a,0x00001f7b,0x00001f7c,0x000200f8,
0x00001f7b,0x00050041,0x0000005b,0x00001f7d,
0x00001f3d,0x00000171,0x0004003d,0x00000039,
0x00001f7e,0x00001f7d,0x0008004f,0x00000037,
0x00001f7f,0x00001f7e,0x00001f7e,0x00000000,
0x00000001,0x00000002,0x0007000c,0x00000037,
0x00001f80,0x00000001,0x00000028,0x00001f7f,
0x000002ed,0x0004003d,0x00000006,0x00001f81,
0x00001d8f,0x00050080,0x00000006,0x00001f82,
0x00001f81,0x00001e64,0x00060041,0x0000081a,
0x00001f83,0x00001d98,0x0000024b,0x00001f82,
0x0004003d,0x0000001d,0x00001f84,0x00001f83,
0x0007000c,0x0000001d,0x00001f85,0x00000001,
0x00000028,0x00001f84,0x000002ec,0x0005008e,
0x00000037,0x00001f86,0x00001f80,0x00001f85,
0x0003003e,0x00001e52,0x00001f86,0x000200f9,
0x00001f7c,0x000200f8,0x00001f7c,0x0004003d,
0x00000006,0x00001f87,0x00001f33,0x00050080,
0x00000006,0x00001f88,0x00001f87,0x00000664,
0x00060041,0x0000081a,0x00001f89,0x00000810,
0x0000024b,0x00001f88,0x0004003d,0x0000001d,
0x00001f8a,0x00001f89,0x000500be,0x0000001b,
0x00001f8b,0x00001f8a,0x000002ec,0x000300f7,
0x00001f8d,0x00000000,0x000400fa,0x00001f8b,
0x00001f8c,0x00001f8d,0x000200f8,0x00001f8c,
0x00050041,0x00000038,0x00001f8f,0x00001c83,
0x00000171,0x0004003d,0x00000037,0x00001f90,
0x00001f8f,0x0003003e,0x00001f8e,0x00001f90,
0x00050041,0x00000038,0x00001f92,0x00001c83,
0x00000475,0x0004003d,0x00000037,0x00001f93,
0x00001f92,0x0003003e,0x00001f91,0x00001f93,
0x00050041,0x0000005b,0x00001f95,0x00001f3d,
0x00000475,0x0004003d,0x00000039,0x00001f96,
0x00001f95,0x0008004f,0x00000037,0x00001f97,
0x00001f96,0x00001f96,0x00000000,0x00000001,
0x00000002,0x0003003e,0x00001f94,0x00001f97,
0x00070039,0x00000037,0x00001f98,0x000000f4,
0x00001f8e,0x00001f91,0x00001f94,0x00050041,
0x00000038,0x00001f99,0x00001c83,0x00000171,
0x0003003e,0x00001f99,0x00001f98,0x000200f9,
0x00001f8d,0x000200f8,0x00001f8d,0x0004003d,
0x00000006,0x00001f9a,0x00001f33,0x00050080,
0x00000006,0x00001f9b,0x00001f9a,0x000001bc,
0x00060041,0x0000081a,0x00001f9c,0x00000810,
0x0000024b,0x00001f9b,0x0004003d,0x0000001d,
0x00001f9d,0x00001f9c,0x000500be,0x0000001b,
0x00001f9e,0x00001f9d,0x000002ec,0x000300f7,
0x00001fa0,0x00000000,0x000400fa,0x00001f9e,
0x00001f9f,0x00001fa0,0x000200f8,0x00001f9f,
0x00060041,0x00000023,0x00001fa1,0x00001f3d,
0x0000047b,0x0000019a,0x0004003d,0x0000001d,
0x00001fa2,0x00001fa1,0x0008000c,0x0000001d,
0x00001fa3,0x00000001,0x0000002b,0x00001fa2,
0x000002ec,0x00000271,0x0003003e,0x00001e02,
0x00001fa3,0x000200f9,0x00001fa0,0x000200f8,
0x00001fa0,0x0004003d,0x00000006,0x00001fa4,
0x00001f33,0x00050080,0x00000006,0x00001fa5,
0x00001fa4,0x000003b2,0x00060041,0x0000081a,
0x00001fa6,0x00000810,0x0000024b,0x00001fa5,
0x0004003d,0x0000001d,0x00001fa7,0x00001fa6,
0x000500be,0x0000001b,0x00001fa8,0x00001fa7,
0x000002ec,0x000300f7,0x00001faa,0x00000000,
0x000400fa,0x00001fa8,0x00001fa9,0x00001faa,
0x000200f8,0x00001fa9,0x00050041,0x0000005b,
0x00001fab,0x00001f3d,0x0000047e,0x0004003d,
0x00000039,0x00001fac,0x00001fab,0x0008004f,
0x00000037,0x00001fad,0x00001fac,0x00001fac,
0x00000000,0x00000001,0x00000002,0x0007000c,
0x00000037,0x00001fae,0x00000001,0x00000028,
0x00001fad,0x000002ed,0x0003003e,0x00001df3,
0x00001fae,0x000200f9,0x00001faa,0x000200f8,
0x00001faa,0x0004003d,0x00000006,0x00001faf,
0x00001f33,0x00050080,0x00000006,0x00001fb0,
0x00001faf,0x00000872,0x00060041,0x0000081a,
0x00001fb1,0x00000810,0x0000024b,0x00001fb0,
0x0004003d,0x0000001d,0x00001fb2,0x00001fb1,
0x000500be,0x0000001b,0x00001fb3,0x00001fb2,
0x000002ec,0x000300f7,0x00001fb5,0x00000000,
0x000400fa,0x00001fb3,0x00001fb4,0x00001fb5,
0x000200f8,0x00001fb4,0x00050041,0x0000005b,
0x00001fb6,0x00001f3d,0x00000251,0x0004003d,
0x00000039,0x00001fb7,0x00001fb6,0x0008004f,
0x00000037,0x00001fb8,0x00001fb7,0x00001fb7,
0x00000000,0x00000001,0x00000002,0x0007000c,
0x00000037,0x00001fb9,0x00000001,0x00000028,
0x00001fb8,0x00001e1e,0x0003003e,0x00001e08,
0x00001fb9,0x000200f9,0x00001fb5,0x000200f8,
0x00001fb5,0x0004003d,0x00000006,0x00001fba,
0x00001f33,0x00050080,0x00000006,0x00001fbb,
0x00001fba,0x00000877,0x00060041,0x0000081a,
0x00001fbc,0x00000810,0x0000024b,0x00001fbb,
0x0004003d,0x0000001d,0x00001fbd,0x00001fbc,
0x000500be,0x0000001b,0x00001fbe,0x00001fbd,
0x000002ec,0x000300f7,0x00001fc0,0x00000000,
0x000400fa,0x00001fbe,0x00001fbf,0x00001fc0,
0x000200f8,0x00001fbf,0x00060041,0x00000023,
0x00001fc1,0x00001f3d,0x00000948,0x0000019a,
0x0004003d,0x0000001d,0x00001fc2,0x00001fc1,
0x0008000c,0x0000001d,0x00001fc3,0x00000001,
0x0000002b,0x00001fc2,0x000002ec,0x00000271,
0x0003003e,0x00001dba,0x00001fc3,0x000200f9,
0x00001fc0,0x000200f8,0x00001fc0,0x0004003d,
0x00000006,0x00001fc4,0x00001f33,0x00050080,
0x00000006,0x00001fc5,0x00001fc4,0x0000087c,
0x00060041,0x0000081a,0x00001fc6,0x00000810,
0x0000024b,0x00001fc5,0x0004003d,0x0000001d,
0x00001fc7,0x00001fc6,0x000500be,0x0000001b,
0x00001fc8,0x00001fc7,0x000002ec,0x000300f7,
0x00001fca,0x00000000,0x000400fa,0x00001fc8,
0x00001fc9,0x00001fca,0x000200f8,0x00001fc9,
0x00050041,0x0000005b,0x00001fcb,0x00001f3d,
0x00000954,0x0004003d,0x00000039,0x00001fcc,
0x00001fcb,0x0008004f,0x00000037,0x00001fcd,
0x00001fcc,0x00001fcc,0x00000000,0x00000001,
0x00000002,0x0007000c,0x00000037,0x00001fce,
0x00000001,0x00000028,0x00001fcd,0x000002ed,
0x0003003e,0x00001dab,0x00001fce,0x000200f9,
0x00001fca,0x000200f8,0x00001fca,0x0004003d,
0x00000006,0x00001fcf,0x00001f33,0x00050080,
0x00000006,0x00001fd0,0x00001fcf,0x000003c0,
0x00060041,0x0000081a,0x00001fd1,0x00000810,
0x0000024b,0x00001fd0,0x0004003d,0x0000001d,
0x00001fd2,0x00001fd1,0x000500be,0x0000001b,
0x00001fd3,0x00001fd2,0x000002ec,0x000300f7,
0x00001fd5,0x00000000,0x000400fa,0x00001fd3,
0x00001fd4,0x00001fd5,0x000200f8,0x00001fd4,
0x00060041,0x00000023,0x00001fd6,0x00001f3d,
0x00000154,0x0000019a,0x0004003d,0x0000001d,
0x00001fd7,0x00001fd6,0x0008000c,0x0000001d,
0x00001fd8,0x00000001,0x0000002b,0x00001fd7,
0x000002ec,0x00000271,0x0003003e,0x00001dcf,
0x00001fd8,0x000200f9,0x00001fd5,0x000200f8,
0x00001fd5,0x0004003d,0x00000006,0x00001fd9,
0x00001f33,0x00050080,0x00000006,0x00001fda,
0x00001fd9,0x00000196,0x00060041,0x0000081a,
0x00001fdb,0x00000810,0x0000024b,0x00001fda,
0x0004003d,0x0000001d,0x00001fdc,0x00001fdb,
0x000500be,0x0000001b,0x00001fdd,0x00001fdc,
0x000002ec,0x000300f7,0x00001fdf,0x00000000,
0x000400fa,0x00001fdd,0x00001fde,0x00001fdf,
0x000200f8,0x00001fde,0x00050041,0x0000005b,
0x00001fe0,0x00001f3d,0x00000972,0x0004003d,
0x00000039,0x00001fe1,0x00001fe0,0x0008004f,
0x00000037,0x00001fe2,0x00001fe1,0x00001fe1,
0x00000000,0x00000001,0x00000002,0x0007000c,
0x00000037,0x00001fe3,0x00000001,0x00000028,
0x00001fe2,0x000002ed,0x0003003e,0x00001dc0,
0x00001fe3,0x000200f9,0x00001fdf,0x000200f8,
0x00001fdf,0x0004003d,0x00000006,0x00001fe4,
0x00001f33,0x00050080,0x00000006,0x00001fe5,
0x00001fe4,0x000003c3,0x00060041,0x0000081a,
0x00001fe6,0x00000810,0x0000024b,0x00001fe5,
0x0004003d,0x0000001d,0x00001fe7,0x00001fe6,
0x000500be,0x0000001b,0x00001fe8,0x00001fe7,
0x000002ec,0x000300f7,0x00001fea,0x00000000,
0x000400fa,0x00001fe8,0x00001fe9,0x00001fea,
0x000200f8,0x00001fe9,0x00060041,0x00000023,
0x00001feb,0x00001f3d,0x0000097e,0x0000019a,
0x0004003d,0x0000001d,0x00001fec,0x00001feb,
0x0008000c,0x0000001d,0x00001fed,0x00000001,
0x0000002b,0x00001fec,0x000002ec,0x00000271,
0x0003003e,0x00001e32,0x00001fed,0x000200f9,
0x00001fea,0x000200f8,0x00001fea,0x0004003d,
0x00000006,0x00001fee,0x00001f33,0x00050080,
0x00000006,0x00001fef,0x00001fee,0x000003ad,
0x00060041,0x0000081a,0x00001ff0,0x00000810,
0x0000024b,0x00001fef,0x0004003d,0x0000001d,
0x00001ff1,0x00001ff0,0x000500be,0x0000001b,
0x00001ff2,0x00001ff1,0x000002ec,0x000300f7,
0x00001ff4,0x00000000,0x000400fa,0x00001ff2,
0x00001ff3,0x00001ff4,0x000200f8,0x00001ff3,
0x00050041,0x0000005b,0x00001ff5,0x00001f3d,
0x0000014a,0x0004003d,0x00000039,0x00001ff6,
0x00001ff5,0x0008004f,0x00000037,0x00001ff7,
0x00001ff6,0x00001ff6,0x00000000,0x00000001,
0x00000002,0x0007000c,0x00000037,0x00001ff8,
0x00000001,0x00000028,0x00001ff7,0x000002ed,
0x0003003e,0x00001e20,0x00001ff8,0x000200f9,
0x00001ff4,0x000200f8,0x00001ff4,0x0004003d,
0x00000006,0x00001ff9,0x00001f33,0x00050080,
0x00000006,0x00001ffa,0x00001ff9,0x0000067e,
0x00060041,0x0000081a,0x00001ffb,0x00000810,
0x0000024b,0x00001ffa,0x0004003d,0x0000001d,
0x00001ffc,0x00001ffb,0x000500be,0x0000001b,
0x00001ffd,0x00001ffc,0x000002ec,0x000300f7,
0x00001fff,0x00000000,0x000400fa,0x00001ffd,
0x00001ffe,0x00001fff,0x000200f8,0x00001ffe,
0x00060041,0x00000023,0x00002000,0x00001f3d,
0x0000012e,0x0000019a,0x0004003d,0x0000001d,
0x00002001,0x00002000,0x0008000c,0x0000001d,
0x00002002,0x00000001,0x0000002b,0x00002001,
0x00001e7e,0x00000271,0x0003003e,0x00001e87,
0x00002002,0x000200f9,0x00001fff,0x000200f8,
0x00001fff,0x0004003d,0x00000006,0x00002003,
0x00001f33,0x00050080,0x00000006,0x00002004,
0x00002003,0x000008c4,0x00060041,0x0000081a,
0x00002005,0x00000810,0x0000024b,0x00002004,
0x0004003d,0x0000001d,0x00002006,0x00002005,
0x000500be,0x0000001b,0x00002007,0x00002006,
0x000002ec,0x000300f7,0x00002009,0x00000000,
0x000400fa,0x00002007,0x00002008,0x00002009,
0x000200f8,0x00002008,0x00060041,0x00000023,
0x0000200a,0x00001f3d,0x00000126,0x0000019a,
0x0004003d,0x0000001d,0x0000200b,0x0000200a,
0x0008000c,0x0000001d,0x0000200c,0x00000001,
0x0000002b,0x0000200b,0x000002ec,0x00000271,
0x0003003e,0x00001e4b,0x0000200c,0x000200f9,
0x00002009,0x000200f8,0x00002009,0x0004003d,
0x00000006,0x0000200d,0x00001f33,0x00050080,
0x00000006,0x0000200e,0x0000200d,0x000008c9,
0x00060041,0x0000081a,0x0000200f,0x00000810,
0x0000024b,0x0000200e,0x0004003d,0x0000001d,
0x00002010,0x0000200f,0x000500be,0x0000001b,
0x00002011,0x00002010,0x000002ec,0x000300f7,
0x00002013,0x00000000,0x000400fa,0x00002011,
0x00002012,0x00002013,0x000200f8,0x00002012,
0x00050041,0x0000005b,0x00002014,0x00001f3d,
0x000009a6,0x0004003d,0x00000039,0x00002015,
0x00002014,0x0008004f,0x00000037,0x00002016,
0x00002015,0x00002015,0x00000000,0x00000001,
0x00000002,0x0007000c,0x00000037,0x00002017,
0x00000001,0x00000028,0x00002016,0x000002ed,
0x0003003e,0x00001e39,0x00002017,0x000200f9,
0x00002013,0x000200f8,0x00002013,0x0004003d,
0x00000006,0x00002018,0x00001f33,0x00050080,
0x00000006,0x00002019,0x00002018,0x000008d0,
0x00060041,0x0000081a,0x0000201a,0x00000810,
0x0000024b,0x00002019,0x0004003d,0x0000001d,
0x0000201b,0x0000201a,0x000500be,0x0000001b,
0x0000201c,0x0000201b,0x000002ec,0x000300f7,
0x0000201e,0x00000000,0x000400fa,0x0000201c,
0x0000201d,0x0000201e,0x000200f8,0x0000201d,
0x00060041,0x00000023,0x0000201f,0x00001f3d,
0x000009b0,0x0000019a,0x0004003d,0x0000001d,
0x00002020,0x0000201f,0x0008000c,0x0000001d,
0x00002021,0x00000001,0x0000002b,0x00002020,
0x00001e7e,0x00000271,0x0003003e,0x00001e95,
0x00002021,0x000200f9,0x0000201e,0x000200f8,
0x0000201e,0x0004003d,0x00000006,0x00002022,
0x00001f33,0x00050080,0x00000006,0x00002023,
0x00002022,0x000008d5,0x00060041,0x0000081a,
0x00002024,0x00000810,0x0000024b,0x00002023,
0x0004003d,0x0000001d,0x00002025,0x00002024,
0x000500be,0x0000001b,0x00002026,0x00002025,
0x000002ec,0x000300f7,0x00002028,0x00000000,
0x000400fa,0x00002026,0x00002027,0x00002028,
0x000200f8,0x00002027,0x00060041,0x00000023,
0x00002029,0x00001f3d,0x000009ba,0x0000019a,
0x0004003d,0x0000001d,0x0000202a,0x00002029,
0x0007000c,0x0000001d,0x0000202b,0x00000001,
0x00000028,0x0000202a,0x000017a0,0x0003003e,
0x00001e80,0x0000202b,0x000200f9,0x00002028,
0x000200f8,0x00002028,0x0004003d,0x00000006,
0x0000202c,0x00001f33,0x00050080,0x00000006,
0x0000202d,0x0000202c,0x00000833,0x00060041,
0x0000081a,0x0000202e,0x00000810,0x0000024b,
0x0000202d,0x0004003d,0x0000001d,0x0000202f,
0x0000202e,0x000500be,0x0000001b,0x00002030,
0x0000202f,0x000002ec,0x000300f7,0x00002032,
0x00000000,0x000400fa,0x00002030,0x00002031,
0x00002032,0x000200f8,0x00002031,0x00060041,
0x00000023,0x00002033,0x00001f3d,0x000009ca,
0x0000019a,0x0004003d,0x0000001d,0x00002034,
0x00002033,0x0007000c,0x0000001d,0x00002035,
0x00000001,0x00000028,0x00002034,0x000002ec,
0x0004003d,0x00000037,0x00002036,0x00001d94,
0x0005008e,0x00000037,0x00002037,0x00002036,
0x00002035,0x0003003e,0x00001d94,0x00002037,
0x000200f9,0x00002032,0x000200f8,0x00002032,
0x0004003d,0x00000006,0x00002038,0x00001f33,
0x00050080,0x00000006,0x00002039,0x00002038,
0x00001e12,0x00060041,0x0000081a,0x0000203a,
0x00000810,0x0000024b,0x00002039,0x0004003d,
0x0000001d,0x0000203b,0x0000203a,0x000500be,
0x0000001b,0x0000203c,0x0000203b,0x000002ec,
0x000300f7,0x0000203e,0x00000000,0x000400fa,
0x0000203c,0x0000203d,0x0000203e,0x000200f8,
0x0000203d,0x0004003d,0x0000001d,0x0000203f,
0x00001e78,0x00060041,0x00000023,0x00002040,
0x00001f3d,0x000009d8,0x0000019a,0x0004003d,
0x0000001d,0x00002041,0x00002040,0x0007000c,
0x0000001d,0x00002042,0x00000001,0x00000028,
0x0000203f,0x00002041,0x0008000c,0x0000001d,
0x00002043,0x00000001,0x0000002b,0x00002042,
0x00001e7e,0x00000271,0x0003003e,0x00001e78,
0x00002043,0x000200f9,0x0000203e,0x000200f8,
0x0000203e,0x0004003d,0x00000006,0x00002044,
0x00001f33,0x00050080,0x00000006,0x00002045,
0x00002044,0x00001e18,0x00060041,0x0000081a,
0x00002046,0x00000810,0x0000024b,0x00002045,
0x0004003d,0x0000001d,0x00002047,0x00002046,
0x000500be,0x0000001b,0x00002048,0x00002047,
0x000002ec,0x000300f7,0x0000204a,0x00000000,
0x000400fa,0x00002048,0x00002049,0x0000204a,
0x000200f8,0x00002049,0x00050041,0x0000005b,
0x0000204b,0x00001f3d,0x000005df,0x0004003d,
0x00000039,0x0000204c,0x0000204b,0x0008004f,
0x00000037,0x0000204d,0x0000204c,0x0000204c,
0x00000000,0x00000001,0x00000002,0x0007000c,
0x00000037,0x0000204e,0x00000001,0x00000028,
0x0000204d,0x000002ed,0x0003003e,0x00001dd5,
0x0000204e,0x000200f9,0x0000204a,0x000200f8,
0x0000204a,0x0004003d,0x00000006,0x0000204f,
0x00001f33,0x00050080,0x00000006,0x00002050,
0x0000204f,0x00001e22,0x00060041,0x0000081a,
0x00002051,0x00000810,0x0000024b,0x00002050,
0x0004003d,0x0000001d,0x00002052,0x00002051,
0x000500be,0x0000001b,0x00002053,0x00002052,
0x000002ec,0x000300f7,0x00002055,0x00000000,
0x000400fa,0x00002053,0x00002054,0x00002055,
0x000200f8,0x00002054,0x00060041,0x00000023,
0x00002056,0x00001f3d,0x000009ed,0x0000019a,
0x0004003d,0x0000001d,0x00002057,0x00002056,
0x0007000c,0x0000001d,0x00002058,0x00000001,
0x00000028,0x00002057,0x000002ec,0x0003003e,
0x00001de4,0x00002058,0x000200f9,0x00002055,
0x000200f8,0x00002055,0x0004003d,0x00000006,
0x00002059,0x00001f33,0x00050080,0x00000006,
0x0000205a,0x00002059,0x00001e27,0x00060041,
0x0000081a,0x0000205b,0x00000810,0x0000024b,
0x0000205a,0x0004003d,0x0000001d,0x0000205c,
0x0000205b,0x000500be,0x0000001b,0x0000205d,
0x0000205c,0x000002ec,0x000300f7,0x0000205f,
0x00000000,0x000400fa,0x0000205d,0x0000205e,
0x0000205f,0x000200f8,0x0000205e,0x00060041,
0x00000023,0x00002060,0x00001f3d,0x00000184,
0x0000019a,0x0004003d,0x0000001d,0x00002061,
0x00002060,0x0008000c,0x0000001d,0x00002062,
0x00000001,0x0000002b,0x00002061,0x00001df0,
0x00001df1,0x0003003e,0x00001dea,0x00002062,
0x000200f9,0x0000205f,0x000200f8,0x0000205f,
0x0004003d,0x00000006,0x00002063,0x00001f33,
0x00050080,0x00000006,0x00002064,0x00002063,
0x00001e2c,0x00060041,0x0000081a,0x00002065,
0x00000810,0x0000024b,0x00002064,0x0004003d,
0x0000001d,0x00002066,0x00002065,0x000500be,
0x0000001b,0x00002067,0x00002066,0x000002ec,
0x000300f7,0x00002069,0x00000000,0x000400fa,
0x00002067,0x00002068,0x00002069,0x000200f8,
0x00002068,0x00050041,0x0000005b,0x0000206a,
0x00001f3d,0x0000015e,0x0004003d,0x00000039,
0x0000206b,0x0000206a,0x0008004f,0x00000037,
0x0000206c,0x0000206b,0x0000206b,0x00000000,
0x00000001,0x00000002,0x0007000c,0x00000037,
0x0000206d,0x00000001,0x00000028,0x0000206c,
0x000002ed,0x0004003d,0x00000037,0x0000206e,
0x00001e08,0x00050085,0x00000037,0x0000206f,
0x0000206e,0x0000206d,0x0003003e,0x00001e08,
0x0000206f,0x000200f9,0x00002069,0x000200f8,
0x00002069,0x0004003d,0x00000006,0x00002070,
0x00001f33,0x00050080,0x00000006,0x00002071,
0x00002070,0x00001e3b,0x00060041,0x0000081a,
0x00002072,0x00000810,0x0000024b,0x00002071,
0x0004003d,0x0000001d,0x00002073,0x00002072,
0x000500be,0x0000001b,0x00002074,0x00002073,
0x000002ec,0x000300f7,0x00002076,0x00000000,
0x000400fa,0x00002074,0x00002075,0x00002076,
0x000200f8,0x00002075,0x00060041,0x00000023,
0x00002077,0x00001f3d,0x00000a16,0x0000019a,
0x0004003d,0x0000001d,0x00002078,0x00002077,
0x0007000c,0x0000001d,0x00002079,0x00000001,
0x00000028,0x00002078,0x000017a0,0x0003003e,
0x00001e8e,0x00002079,0x000200f9,0x00002076,
0x000200f8,0x00002076,0x0004003d,0x00000006,
0x0000207a,0x00001f33,0x00050080,0x00000006,
0x0000207b,0x0000207a,0x00001e40,0x00060041,
0x0000081a,0x0000207c,0x00000810,0x0000024b,
0x0000207b,0x0004003d,0x0000001d,0x0000207d,
0x0000207c,0x000500be,0x0000001b,0x0000207e,
0x0000207d,0x000002ec,0x000300f7,0x00002080,
0x00000000,0x000400fa,0x0000207e,0x0000207f,
0x00002080,0x000200f8,0x0000207f,0x00060041,
0x00000023,0x00002081,0x00001f3d,0x000005d6,
0x0000019a,0x0004003d,0x0000001d,0x00002082,
0x00002081,0x0008000c,0x0000001d,0x00002083,
0x00000001,0x0000002b,0x00002082,0x000002ec,
0x00000271,0x0003003e,0x00001ed9,0x00002083,
0x000200f9,0x00002080,0x000200f8,0x00002080,
0x0004003d,0x00000006,0x00002084,0x00001f33,
0x00050080,0x00000006,0x00002085,0x00002084,
0x00001e45,0x00060041,0x0000081a,0x00002086,
0x00000810,0x0000024b,0x00002085,0x0004003d,
0x0000001d,0x00002087,0x00002086,0x000500be,
0x0000001b,0x00002088,0x00002087,0x000002ec,
0x000300f7,0x0000208a,0x00000000,0x000400fa,
0x00002088,0x00002089,0x0000208a,0x000200f8,
0x00002089,0x00060041,0x00000023,0x0000208b,
0x00001f3d,0x00000a32,0x0000019a,0x0004003d,
0x0000001d,0x0000208c,0x0000208b,0x0007000c,
0x0000001d,0x0000208d,0x00000001,0x00000028,
0x0000208c,0x000002ec,0x00050085,0x0000001d,
0x0000208e,0x0000208d,0x00001579,0x0003003e,
0x00001edf,0x0000208e,0x000200f9,0x0000208a,
0x000200f8,0x0000208a,0x0004003d,0x00000006,
0x0000208f,0x00001f33,0x00050080,0x00000006,
0x00002090,0x0000208f,0x00001e4d,0x00060041,
0x0000081a,0x00002091,0x00000810,0x0000024b,
0x00002090,0x0004003d,0x0000001d,0x00002092,
0x00002091,0x000500be,0x0000001b,0x00002093,
0x00002092,0x000002ec,0x000300f7,0x00002095,
0x00000000,0x000400fa,0x00002093,0x00002094,
0x00002095,0x000200f8,0x00002094,0x00060041,
0x00000023,0x00002096,0x00001f3d,0x00000aaa,
0x0000019a,0x0004003d,0x0000001d,0x00002097,
0x00002096,0x0007000c,0x0000001d,0x00002098,
0x00000001,0x00000028,0x00002097,0x00000271,
0x0003003e,0x00001ee7,0x00002098,0x000200f9,
0x00002095,0x000200f8,0x00002095,0x0004003d,
0x00000006,0x00002099,0x00001f33,0x00050080,
0x00000006,0x0000209a,0x00002099,0x00001e54,
0x00060041,0x0000081a,0x0000209b,0x00000810,
0x0000024b,0x0000209a,0x0004003d,0x0000001d,
0x0000209c,0x0000209b,0x000500be,0x0000001b,
0x0000209d,0x0000209c,0x000002ec,0x000300f7,
0x0000209f,0x00000000,0x000400fa,0x0000209d,
0x0000209e,0x0000209f,0x000200f8,0x0000209e,
0x00060041,0x00000023,0x000020a0,0x00001f3d,
0x00000ab4,0x0000019a,0x0004003d,0x0000001d,
0x000020a1,0x000020a0,0x0008000c,0x0000001d,
0x000020a2,0x00000001,0x0000002b,0x000020a1,
0x00001df0,0x00001df1,0x0003003e,0x00001e9c,
0x000020a2,0x000200f9,0x0000209f,0x000200f8,
0x0000209f,0x0004003d,0x00000006,0x000020a3,
0x00001f33,0x00050080,0x00000006,0x000020a4,
0x000020a3,0x00001e59,0x00060041,0x0000081a,
0x000020a5,0x00000810,0x0000024b,0x000020a4,
0x0004003d,0x0000001d,0x000020a6,0x000020a5,
0x000500be,0x0000001b,0x000020a7,0x000020a6,
0x000002ec,0x000300f7,0x000020a9,0x00000000,
0x000400fa,0x000020a7,0x000020a8,0x000020a9,
0x000200f8,0x000020a8,0x00060041,0x00000023,
0x000020aa,0x00001f3d,0x00000140,0x0000019a,
0x0004003d,0x0000001d,0x000020ab,0x000020aa,
0x0003003e,0x00001eaa,0x000020ab,0x000200f9,
0x000020a9,0x000200f8,0x000020a9,0x0004003d,
0x00000006,0x000020ac,0x00001f33,0x00050080,
0x00000006,0x000020ad,0x000020ac,0x00001e5e,
0x00060041,0x0000081a,0x000020ae,0x00000810,
0x0000024b,0x000020ad,0x0004003d,0x0000001d,
0x000020af,0x000020ae,0x000500be,0x0000001b,
0x000020b0,0x000020af,0x000002ec,0x000300f7,
0x000020b2,0x00000000,0x000400fa,0x000020b0,
0x000020b1,0x000020b2,0x000200f8,0x000020b1,
0x0004003d,0x0000001d,0x000020b3,0x00001e9c,
0x00060041,0x00000023,0x000020b4,0x00001f3d,
0x00000ac9,0x0000019a,0x0004003d,0x0000001d,
0x000020b5,0x000020b4,0x00050085,0x0000001d,
0x000020b6,0x00000336,0x000020b5,0x00050081,
0x0000001d,0x000020b7,0x000020b3,0x000020b6,
0x0008000c,0x0000001d,0x000020b8,0x00000001,
0x0000002b,0x000020b7,0x00001df0,0x00001df1,
0x0003003e,0x00001e9c,0x000020b8,0x000200f9,
0x000020b2,0x000200f8,0x000020b2,0x0004003d,
0x00000006,0x000020b9,0x00001f33,0x00050080,
0x00000006,0x000020ba,0x000020b9,0x00001e64,
0x00060041,0x0000081a,0x000020bb,0x00000810,
0x0000024b,0x000020ba,0x0004003d,0x0000001d,
0x000020bc,0x000020bb,0x000500be,0x0000001b,
0x000020bd,0x000020bc,0x000002ec,0x000300f7,
0x000020bf,0x00000000,0x000400fa,0x000020bd,
0x000020be,0x000020bf,0x000200f8,0x000020be,
0x00060041,0x00000023,0x000020c0,0x00001f3d,
0x00000add,0x0000019a,0x0004003d,0x0000001d,
0x000020c1,0x000020c0,0x0007000c,0x0000001d,
0x000020c2,0x00000001,0x00000028,0x000020c1,
0x000002ec,0x0003003e,0x00001eed,0x000020c2,
0x000200f9,0x000020bf,0x000200f8,0x000020bf,
0x0004003d,0x00000006,0x000020c3,0x00001f33,
0x00050080,0x00000006,0x000020c5,0x000020c3,
0x000020c4,0x00060041,0x0000081a,0x000020c6,
0x00000810,0x0000024b,0x000020c5,0x0004003d,
0x0000001d,0x000020c7,0x000020c6,0x000500be,
0x0000001b,0x000020c8,0x000020c7,0x000002ec,
0x000300f7,0x000020ca,0x00000000,0x000400fa,
0x000020c8,0x000020c9,0x000020ca,0x000200f8,
0x000020c9,0x00060041,0x00000023,0x000020cb,
0x00001f3d,0x00000ae7,0x0000019a,0x0004003d,
0x0000001d,0x000020cc,0x000020cb,0x0007000c,
0x0000001d,0x000020cd,0x00000001,0x00000028,
0x000020cc,0x000002ec,0x0003003e,0x00001efa,
0x000020cd,0x000200f9,0x000020ca,0x000200f8,
0x000020ca,0x0004003d,0x00000006,0x000020ce,
0x00001f33,0x00050080,0x00000006,0x000020d0,
0x000020ce,0x000020cf,0x00060041,0x0000081a,
0x000020d1,0x00000810,0x0000024b,0x000020d0,
0x0004003d,0x0000001d,0x000020d2,0x000020d1,
0x000500be,0x0000001b,0x000020d3,0x000020d2,
0x000002ec,0x000300f7,0x000020d5,0x00000000,
0x000400fa,0x000020d3,0x000020d4,0x000020d5,
0x000200f8,0x000020d4,0x00060041,0x00000023,
0x000020d6,0x00001f3d,0x00000af7,0x0000019a,
0x0004003d,0x0000001d,0x000020d7,0x000020d6,
0x0007000c,0x0000001d,0x000020d8,0x00000001,
0x00000028,0x000020d7,0x000002ec,0x0004003d,
0x0000001d,0x000020d9,0x00001eed,0x00050085,
0x0000001d,0x000020da,0x000020d9,0x000020d8,
0x0003003e,0x00001eed,0x000020da,0x000200f9,
0x000020d5,0x000200f8,0x000020d5,0x0004003d,
0x00000006,0x000020db,0x00001f33,0x00050080,
0x00000006,0x000020dd,0x000020db,0x000020dc,
0x00060041,0x0000081a,0x000020de,0x00000810,
0x0000024b,0x000020dd,0x0004003d,0x0000001d,
0x000020df,0x000020de,0x000500be,0x0000001b,
0x000020e0,0x000020df,0x000002ec,0x000300f7,
0x000020e2,0x00000000,0x000400fa,0x000020e0,
0x000020e1,0x000020e2,0x000200f8,0x000020e1,
0x00060041,0x00000023,0x000020e3,0x00001f3d,
0x00000b04,0x0000019a,0x0004003d,0x0000001d,
0x000020e4,0x000020e3,0x0008000c,0x0000001d,
0x000020e5,0x00000001,0x0000002b,0x000020e4,
0x00001df0,0x00001df1,0x0003003e,0x00001eb0,
0x000020e5,0x000200f9,0x000020e2,0x000200f8,
0x000020e2,0x0004003d,0x00000006,0x000020e6,
0x00001f33,0x00050080,0x00000006,0x000020e7,
0x000020e6,0x00001e6c,0x00060041,0x0000081a,
0x000020e8,0x00000810,0x0000024b,0x000020e7,
0x0004003d,0x0000001d,0x000020e9,0x000020e8,
0x000500be,0x0000001b,0x000020ea,0x000020e9,
0x000002ec,0x000300f7,0x000020ec,0x00000000,
0x000400fa,0x000020ea,0x000020eb,0x000020ec,
0x000200f8,0x000020eb,0x00060041,0x00000023,
0x000020ed,0x00001f3d,0x00000b21,0x0000019a,
0x0004003d,0x0000001d,0x000020ee,0x000020ed,
0x0003003e,0x00001ebe,0x000020ee,0x000200f9,
0x000020ec,0x000200f8,0x000020ec,0x0004003d,
0x00000006,0x000020ef,0x00001f33,0x00050080,
0x00000006,0x000020f0,0x000020ef,0x00001e73,
0x00060041,0x0000081a,0x000020f1,0x00000810,
0x0000024b,0x000020f0,0x0004003d,0x0000001d,
0x000020f2,0x000020f1,0x000500be,0x0000001b,
0x000020f3,0x000020f2,0x000002ec,0x000300f7,
0x000020f5,0x00000000,0x000400fa,0x000020f3,
0x000020f4,0x000020f5,0x000200f8,0x000020f4,
0x0004003d,0x0000001d,0x000020f6,0x00001eb0,
0x00060041,0x00000023,0x000020f7,0x00001f3d,
0x00000b52,0x0000019a,0x0004003d,0x0000001d,
0x000020f8,0x000020f7,0x00050085,0x0000001d,
0x000020f9,0x00000336,0x000020f8,0x00050081,
0x0000001d,0x000020fa,0x000020f6,0x000020f9,
0x0008000c,0x0000001d,0x000020fb,0x00000001,
0x0000002b,0x000020fa,0x00001df0,0x00001df1,
0x0003003e,0x00001eb0,0x000020fb,0x000200f9,
0x000020f5,0x000200f8,0x000020f5,0x0004003d,
0x00000006,0x000020fc,0x00001f33,0x00050080,
0x00000006,0x000020fe,0x000020fc,0x000020fd,
0x00060041,0x0000081a,0x000020ff,0x00000810,
0x0000024b,0x000020fe,0x0004003d,0x0000001d,
0x00002100,0x000020ff,0x000500be,0x0000001b,
0x00002101,0x00002100,0x000002ec,0x000300f7,
0x00002103,0x00000000,0x000400fa,0x00002101,
0x00002102,0x00002103,0x000200f8,0x00002102,
0x00060041,0x00000023,0x00002104,0x00001f3d,
0x00000b8d,0x0000019a,0x0004003d,0x0000001d,
0x00002105,0x00002104,0x0007000c,0x0000001d,
0x00002106,0x00000001,0x00000028,0x00002105,
0x000002ec,0x0003003e,0x00001f01,0x00002106,
0x000200f9,0x00002103,0x000200f8,0x00002103,
0x0004003d,0x00000006,0x00002107,0x00001f33,
0x00050080,0x00000006,0x00002108,0x00002107,
0x00001e7a,0x00060041,0x0000081a,0x00002109,
0x00000810,0x0000024b,0x00002108,0x0004003d,
0x0000001d,0x0000210a,0x00002109,0x000500be,
0x0000001b,0x0000210b,0x0000210a,0x000002ec,
0x000300f7,0x0000210d,0x00000000,0x000400fa,
0x0000210b,0x0000210c,0x0000210d,0x000200f8,
0x0000210c,0x00050041,0x0000005b,0x0000210e,
0x00001f3d,0x00000c04,0x0004003d,0x00000039,
0x0000210f,0x0000210e,0x0008004f,0x00000037,
0x00002110,0x0000210f,0x0000210f,0x00000000,
0x00000001,0x00000002,0x0007000c,0x00000037,
0x00002111,0x00000001,0x00000028,0x00002110,
0x000002ed,0x0003003e,0x00001f0f,0x00002111,
0x000200f9,0x0000210d,0x000200f8,0x0000210d,
0x0004003d,0x00000006,0x00002112,0x00001f33,
0x00050080,0x00000006,0x00002113,0x00002112,
0x00001e82,0x00060041,0x0000081a,0x00002114,
0x00000810,0x0000024b,0x00002113,0x0004003d,
0x0000001d,0x00002115,0x00002114,0x000500be,
0x0000001b,0x00002116,0x00002115,0x000002ec,
0x000300f7,0x00002118,0x00000000,0x000400fa,
0x00002116,0x00002117,0x00002118,0x000200f8,
0x00002117,0x00050041,0x0000005b,0x00002119,
0x00001f3d,0x00000c0f,0x0004003d,0x00000039,
0x0000211a,0x00002119,0x0008004f,0x00000037,
0x0000211b,0x0000211a,0x0000211a,0x00000000,
0x00000001,0x00000002,0x0007000c,0x00000037,
0x0000211c,0x00000001,0x00000028,0x0000211b,
0x000002ed,0x0003003e,0x00001f21,0x0000211c,
0x000200f9,0x00002118,0x000200f8,0x00002118,
0x0004003d,0x00000006,0x0000211d,0x00001f33,
0x00050080,0x00000006,0x0000211e,0x0000211d,
0x00001e89,0x00060041,0x0000081a,0x0000211f,
0x00000810,0x0000024b,0x0000211e,0x0004003d,
0x0000001d,0x00002120,0x0000211f,0x000500be,
0x0000001b,0x00002121,0x00002120,0x000002ec,
0x000300f7,0x00002123,0x00000000,0x000400fa,
0x00002121,0x00002122,0x00002123,0x000200f8,
0x00002122,0x00060041,0x00000023,0x00002124,
0x00001f3d,0x00000c19,0x0000019a,0x0004003d,
0x0000001d,0x00002125,0x00002124,0x0007000c,
0x0000001d,0x00002126,0x00000001,0x00000028,
0x00002125,0x000002ec,0x0003003e,0x00001f08,
0x00002126,0x000200f9,0x00002123,0x000200f8,
0x00002123,0x0004003d,0x00000006,0x00002127,
0x00001f33,0x00050080,0x00000006,0x00002128,
0x00002127,0x00001e90,0x00060041,0x0000081a,
0x00002129,0x00000810,0x0000024b,0x00002128,
0x0004003d,0x0000001d,0x0000212a,0x00002129,
0x000500be,0x0000001b,0x0000212b,0x0000212a,
0x000002ec,0x000300f7,0x0000212d,0x00000000,
0x000400fa,0x0000212b,0x0000212c,0x0000212d,
0x000200f8,0x0000212c,0x0004003d,0x00000006,
0x0000212e,0x00001f33,0x00050080,0x00000006,
0x0000212f,0x0000212e,0x00000639,0x00060041,
0x0000081a,0x00002130,0x00000810,0x0000024b,
0x0000212f,0x0004003d,0x0000001d,0x00002131,
0x00002130,0x000500be,0x0000001b,0x00002132,
0x00002131,0x000002ec,0x000300f7,0x00002135,
0x00000000,0x000400fa,0x00002132,0x00002134,
0x00002139,0x000200f8,0x00002134,0x00050041,
0x0000005b,0x00002136,0x00001f3d,0x00000171,
0x0004003d,0x00000039,0x00002137,0x00002136,
0x0008004f,0x00000037,0x00002138,0x00002137,
0x00002137,0x00000000,0x00000001,0x00000002,
0x0003003e,0x00002133,0x00002138,0x000200f9,
0x00002135,0x000200f8,0x00002139,0x0004003d,
0x00000006,0x0000213a,0x00001d8f,0x00050080,
0x00000006,0x0000213b,0x0000213a,0x00001e54,
0x00060041,0x0000081a,0x0000213c,0x00001d98,
0x0000024b,0x0000213b,0x0004003d,0x0000001d,
0x0000213d,0x0000213c,0x0004003d,0x00000006,
0x0000213e,0x00001d8f,0x00050080,0x00000006,
0x0000213f,0x0000213e,0x00001e59,0x00060041,
0x0000081a,0x00002140,0x00001d98,0x0000024b,
0x0000213f,0x0004003d,0x0000001d,0x00002141,
0x00002140,0x0004003d,0x00000006,0x00002142,
0x00001d8f,0x00050080,0x00000006,0x00002143,
0x00002142,0x00001e5e,0x00060041,0x0000081a,
0x00002144,0x00001d98,0x0000024b,0x00002143,
0x0004003d,0x0000001d,0x00002145,0x00002144,
0x00060050,0x00000037,0x00002146,0x0000213d,
0x00002141,0x00002145,0x0003003e,0x00002133,
0x00002146,0x000200f9,0x00002135,0x000200f8,
0x00002135,0x0004003d,0x00000037,0x00002147,
0x00002133,0x0007000c,0x00000037,0x00002148,
0x00000001,0x00000028,0x00002147,0x000002ed,
0x00060041,0x00000023,0x00002149,0x00001f3d,
0x00000c23,0x0000019a,0x0004003d,0x0000001d,
0x0000214a,0x00002149,0x0007000c,0x0000001d,
0x0000214b,0x00000001,0x00000028,0x0000214a,
0x000002ec,0x0005008e,0x00000037,0x0000214c,
0x00002148,0x0000214b,0x0003003e,0x00001e52,
0x0000214c,0x000200f9,0x0000212d,0x000200f8,
0x0000212d,0x0004003d,0x00000006,0x0000214d,
0x00001f33,0x00050080,0x00000006,0x0000214e,
0x0000214d,0x00001e97,0x00060041,0x0000081a,
0x0000214f,0x00000810,0x0000024b,0x0000214e,
0x0004003d,0x0000001d,0x00002150,0x0000214f,
0x000500be,0x0000001b,0x00002151,0x00002150,
0x000002ec,0x000300f7,0x00002153,0x00000000,
0x000400fa,0x00002151,0x00002152,0x00002153,
0x000200f8,0x00002152,0x00060041,0x00000023,
0x00002154,0x00001f3d,0x00000c32,0x0000019a,
0x0004003d,0x0000001d,0x00002155,0x00002154,
0x0008000c,0x0000001d,0x00002156,0x00000001,
0x0000002b,0x00002155,0x000002ec,0x00000271,
0x0003003e,0x00001ec4,0x00002156,0x000200f9,
0x00002153,0x000200f8,0x00002153,0x0004003d,
0x00000006,0x00002157,0x00001f33,0x00050080,
0x00000006,0x00002158,0x00002157,0x00001dec,
0x00060041,0x0000081a,0x00002159,0x00000810,
0x0000024b,0x00002158,0x0004003d,0x0000001d,
0x0000215a,0x00002159,0x000500be,0x0000001b,
0x0000215b,0x0000215a,0x000002ec,0x000300f7,
0x0000215d,0x00000000,0x000400fa,0x0000215b,
0x0000215c,0x0000215d,0x000200f8,0x0000215c,
0x00060041,0x00000023,0x0000215e,0x00001f3d,
0x00000c45,0x0000019a,0x0004003d,0x0000001d,
0x0000215f,0x0000215e,0x0008000c,0x0000001d,
0x00002160,0x00000001,0x0000002b,0x0000215f,
0x000002ec,0x00000271,0x0003003e,0x00001ecb,
0x00002160,0x000200f9,0x0000215d,0x000200f8,
0x0000215d,0x0004003d,0x00000006,0x00002161,
0x00001f33,0x00050080,0x00000006,0x00002162,
0x00002161,0x0000008b,0x00060041,0x0000081a,
0x00002163,0x00000810,0x0000024b,0x00002162,
0x0004003d,0x0000001d,0x00002164,0x00002163,
0x000500be,0x0000001b,0x00002165,0x00002164,
0x000002ec,0x000300f7,0x00002167,0x00000000,
0x000400fa,0x00002165,0x00002166,0x00002167,
0x000200f8,0x00002166,0x00060041,0x00000023,
0x00002168,0x00001f3d,0x00000c4e,0x0000019a,
0x0004003d,0x0000001d,0x00002169,0x00002168,
0x0008000c,0x0000001d,0x0000216a,0x00000001,
0x0000002b,0x00002169,0x000002ec,0x00000271,
0x0003003e,0x00001ed2,0x0000216a,0x000200f9,
0x00002167,0x000200f8,0x00002167,0x000200f9,
0x00001f3c,0x000200f8,0x00001f3c,0x0004003d,
0x00000006,0x0000216c,0x00001d8f,0x00050080,
0x00000006,0x0000216e,0x0000216c,0x0000216d,
0x00060041,0x0000081a,0x0000216f,0x00001d98,
0x0000024b,0x0000216e,0x0004003d,0x0000001d,
0x00002170,0x0000216f,0x0006000c,0x0000001d,
0x00002171,0x00000001,0x00000001,0x00002170,
0x0004006e,0x0000000c,0x00002172,0x00002171,
0x0003003e,0x0000216b,0x00002172,0x0004003d,
0x0000000c,0x00002173,0x0000216b,0x000500aa,
0x0000001b,0x00002174,0x00002173,0x0000024b,
0x000300f7,0x00002176,0x00000000,0x000400fa,
0x00002174,0x00002175,0x00002177,0x000200f8,
0x00002175,0x0003003e,0x00001e6a,0x00000271,
0x000200f9,0x00002176,0x000200f8,0x00002177,
0x0004003d,0x0000000c,0x00002178,0x0000216b,
0x000500aa,0x0000001b,0x00002179,0x00002178,
0x00000219,0x000300f7,0x0000217b,0x00000000,
0x000400fa,0x00002179,0x0000217a,0x0000217b,
0x000200f8,0x0000217a,0x0004003d,0x0000001d,
0x0000217c,0x00001e6a,0x0004003d,0x00000006,
0x0000217d,0x00001d8f,0x00050080,0x00000006,
0x0000217f,0x0000217d,0x0000217e,0x00060041,
0x0000081a,0x00002180,0x00001d98,0x0000024b,
0x0000217f,0x0004003d,0x0000001d,0x00002181,
0x00002180,0x000500be,0x0000001b,0x00002182,
0x0000217c,0x00002181,0x000600a9,0x0000001d,
0x00002183,0x00002182,0x00000271,0x000002ec,
0x0003003e,0x00001e6a,0x00002183,0x000200f9,
0x0000217b,0x000200f8,0x0000217b,0x000200f9,
0x00002176,0x000200f8,0x00002176,0x0004003d,
0x0000001d,0x00002184,0x00001e6a,0x000500b8,
0x0000001b,0x00002185,0x00002184,0x00000271,
0x000300f7,0x00002187,0x00000000,0x000400fa,
0x00002185,0x00002186,0x00002187,0x000200f8,
0x00002186,0x0004003d,0x00000006,0x00002189,
0x00001c22,0x0003003e,0x00002188,0x00002189,
0x00050039,0x0000001d,0x0000218a,0x00000067,
0x00002188,0x0004003d,0x00000006,0x0000218b,
0x00002188,0x0003003e,0x00001c22,0x0000218b,
0x0004003d,0x0000001d,0x0000218c,0x00001e6a,
0x000500ba,0x0000001b,0x0000218d,0x0000218a,
0x0000218c,0x000200f9,0x00002187,0x000200f8,
0x00002187,0x000700f5,0x0000001b,0x0000218e,
0x00002185,0x00002176,0x0000218d,0x00002186,
0x000300f7,0x00002190,0x00000000,0x000400fa,
0x0000218e,0x0000218f,0x00002190,0x000200f8,
0x0000218f,0x00050041,0x00000038,0x00002191,
0x00001c83,0x00000469,0x0004003d,0x00000037,
0x00002192,0x00002191,0x0004003d,0x00000037,
0x00002193,0x00001c68,0x0005008e,0x00000037,
0x00002194,0x00002193,0x00000c90,0x00050081,
0x00000037,0x00002195,0x00002192,0x00002194,
0x0003003e,0x00001c64,0x00002195,0x000200f9,
0x00001c7c,0x000200f8,0x00002190,0x0004003d,
0x00000037,0x00002197,0x00001c6e,0x0004003d,
0x00000037,0x00002198,0x00001e52,0x00050085,
0x00000037,0x00002199,0x00002197,0x00002198,
0x0004003d,0x00000037,0x0000219a,0x00001c6f,
0x00050081,0x00000037,0x0000219b,0x0000219a,
0x00002199,0x0003003e,0x00001c6f,0x0000219b,
0x0004003d,0x0000001d,0x0000219d,0x00001e32,
0x0004003d,0x0000001d,0x0000219e,0x00001ed2,
0x00050085,0x0000001d,0x0000219f,0x0000219d,
0x0000219e,0x0008000c,0x0000001d,0x000021a0,
0x00000001,0x0000002b,0x0000219f,0x000002ec,
0x00000271,0x00050085,0x0000001d,0x000021a1,
0x0000219c,0x000021a0,0x00050083,0x0000001d,
0x000021a2,0x00000271,0x000021a1,0x0004003d,
0x00000037,0x000021a3,0x00001d94,0x0005008e,
0x00000037,0x000021a4,0x000021a3,0x000021a2,
0x0003003e,0x00001d94,0x000021a4,0x0004003d,
0x00000037,0x000021a5,0x00001e20,0x0004003d,
0x0000001d,0x000021a6,0x00001e32,0x0004003d,
0x0000001d,0x000021a7,0x00001ec4,0x00050085,
0x0000001d,0x000021a8,0x000021a6,0x000021a7,
0x0008000c,0x0000001d,0x000021a9,0x00000001,
0x0000002b,0x000021a8,0x000002ec,0x00000271,
0x00060050,0x00000037,0x000021aa,0x000021a9,
0x000021a9,0x000021a9,0x0008000c,0x00000037,
0x000021ab,0x00000001,0x0000002e,0x000007ec,
0x000021a5,0x000021aa,0x0004003d,0x00000037,
0x000021ac,0x00001d94,0x00050085,0x00000037,
0x000021ad,0x000021ac,0x000021ab,0x0003003e,
0x00001d94,0x000021ad,0x0004003d,0x0000001d,
0x000021ae,0x00001e78,0x0004003d,0x0000001d,
0x000021af,0x00001e87,0x0004003d,0x0000001d,
0x000021b0,0x00001e32,0x0004003d,0x0000001d,
0x000021b1,0x00001ecb,0x00050085,0x0000001d,
0x000021b2,0x000021b0,0x000021b1,0x0008000c,
0x0000001d,0x000021b3,0x00000001,0x0000002b,
0x000021b2,0x000002ec,0x00000271,0x0008000c,
0x0000001d,0x000021b4,0x00000001,0x0000002e,
0x000021ae,0x000021af,0x000021b3,0x0003003e,
0x00001e78,0x000021b4,0x0004003d,0x00000037,
0x000021b6,0x00001d94,0x0004003d,0x0000001d,
0x000021b7,0x00001e02,0x00050083,0x0000001d,
0x000021b8,0x00000271,0x000021b7,0x0005008e,
0x00000037,0x000021b9,0x000021b6,0x000021b8,
0x0004003d,0x0000001d,0x000021ba,0x00001e71,
0x00050083,0x0000001d,0x000021bb,0x00000271,
0x000021ba,0x0005008e,0x00000037,0x000021bc,
0x000021b9,0x000021bb,0x0004003d,0x0000001d,
0x000021bd,0x00001dcf,0x00050083,0x0000001d,
0x000021be,0x00000271,0x000021bd,0x0005008e,
0x00000037,0x000021bf,0x000021bc,0x000021be,
0x0003003e,0x000021b5,0x000021bf,0x0004003d,
0x00000037,0x000021c1,0x00001e08,0x00050094,
0x0000001d,0x000021c2,0x000021c1,0x000009c4,
0x0006000c,0x0000001d,0x000021c3,0x00000001,
0x0000001f,0x000021c2,0x00050085,0x0000001d,
0x000021c5,0x000021c3,0x000021c4,0x0008000c,
0x0000001d,0x000021c6,0x00000001,0x0000002b,
0x000021c5,0x000002ec,0x00000271,0x0003003e,
0x000021c0,0x000021c6,0x0004003d,0x00000037,
0x000021c8,0x00001df3,0x0004003d,0x0000001d,
0x000021c9,0x00001e02,0x0005008e,0x00000037,
0x000021ca,0x000021c8,0x000021c9,0x0004003d,
0x0000001d,0x000021cb,0x00001e71,0x00050083,
0x0000001d,0x000021cc,0x00000271,0x000021cb,
0x0005008e,0x00000037,0x000021cd,0x000021ca,
0x000021cc,0x0004003d,0x0000001d,0x000021ce,
0x00001dcf,0x00050083,0x0000001d,0x000021cf,
0x00000271,0x000021ce,0x0005008e,0x00000037,
0x000021d0,0x000021cd,0x000021cf,0x0004003d,
0x0000001d,0x000021d1,0x000021c0,0x0005008e,
0x00000037,0x000021d2,0x000021d0,0x000021d1,
0x0003003e,0x000021c7,0x000021d2,0x0004003d,
0x0000001d,0x000021d4,0x00001e80,0x00050083,
0x0000001d,0x000021d5,0x000021d4,0x00000271,
0x0004003d,0x0000001d,0x000021d6,0x00001e80,
0x00050081,0x0000001d,0x000021d7,0x000021d6,
0x00000271,0x00050088,0x0000001d,0x000021d8,
0x000021d5,0x000021d7,0x0003003e,0x000021d3,
0x000021d8,0x0004003d,0x0000001d,0x000021da,
0x000021d3,0x0004003d,0x0000001d,0x000021db,
0x000021d3,0x00050085,0x0000001d,0x000021dc,
0x000021da,0x000021db,0x00060050,0x00000037,
0x000021dd,0x000021dc,0x000021dc,0x000021dc,
0x0004003d,0x00000037,0x000021de,0x00001dab,
0x00050085,0x00000037,0x000021df,0x000021dd,
0x000021de,0x0004003d,0x0000001d,0x000021e0,
0x00001dba,0x0005008e,0x00000037,0x000021e1,
0x000021df,0x000021e0,0x0004003d,0x00000037,
0x000021e2,0x00001d94,0x0004003d,0x0000001d,
0x000021e3,0x00001e71,0x00060050,0x00000037,
0x000021e4,0x000021e3,0x000021e3,0x000021e3,
0x0008000c,0x00000037,0x000021e5,0x00000001,
0x0000002e,0x000021e1,0x000021e2,0x000021e4,
0x0003003e,0x000021d9,0x000021e5,0x00050041,
0x00000038,0x000021e6,0x00001c83,0x00000171,
0x0004003d,0x00000037,0x000021e7,0x000021e6,
0x0004003d,0x00000037,0x000021e8,0x00001c68,
0x0004007f,0x00000037,0x000021e9,0x000021e8,
0x00050094,0x0000001d,0x000021ea,0x000021e7,
0x000021e9,0x0007000c,0x0000001d,0x000021eb,
0x00000001,0x00000028,0x000021ea,0x000002ec,
0x0004003d,0x00000037,0x000021ed,0x000021d9,
0x0003003e,0x000021ec,0x000021ed,0x0003003e,
0x000021ee,0x000021eb,0x0004003d,0x0000001d,
0x000021f0,0x00001ed9,0x0003003e,0x000021ef,
0x000021f0,0x0004003d,0x0000001d,0x000021f2,
0x00001edf,0x0003003e,0x000021f1,0x000021f2,
0x0004003d,0x0000001d,0x000021f4,0x00001ee7,
0x0003003e,0x000021f3,0x000021f4,0x00090039,
0x00000037,0x000021f5,0x000000e7,0x000021ec,
0x000021ee,0x000021ef,0x000021f1,0x000021f3,
0x0003003e,0x000021d9,0x000021f5,0x0004003d,
0x0000001d,0x000021f7,0x00001e8e,0x00050083,
0x0000001d,0x000021f8,0x000021f7,0x00000271,
0x0004003d,0x0000001d,0x000021f9,0x00001e8e,
0x00050081,0x0000001d,0x000021fa,0x000021f9,
0x00000271,0x00050088,0x0000001d,0x000021fb,
0x000021f8,0x000021fa,0x0003003e,0x000021f6,
0x000021fb,0x0004003d,0x00000037,0x000021fd,
0x00001e20,0x0004003d,0x0000001d,0x000021fe,
0x000021f6,0x0004003d,0x0000001d,0x000021ff,
0x000021f6,0x00050085,0x0000001d,0x00002200,
0x000021fe,0x000021ff,0x0005008e,0x00000037,
0x00002201,0x000021fd,0x00002200,0x0003003e,
0x000021fc,0x00002201,0x0004003d,0x00000037,
0x00002203,0x000021fc,0x0004003d,0x0000001d,
0x00002204,0x00001e32,0x0005008e,0x00000037,
0x00002205,0x00002203,0x00002204,0x0003003e,
0x00002202,0x00002205,0x0004003d,0x00000037,
0x00002207,0x00001e39,0x0004003d,0x0000001d,
0x00002208,0x00001e4b,0x0005008e,0x00000037,
0x00002209,0x00002207,0x00002208,0x0004003d,
0x0000001d,0x0000220a,0x00001e95,0x00050085,
0x0000001d,0x0000220b,0x00000336,0x0000220a,
0x00050081,0x0000001d,0x0000220c,0x00000336,
0x0000220b,0x0005008e,0x00000037,0x0000220d,
0x00002209,0x0000220c,0x0004003d,0x0000001d,
0x0000220e,0x00001e71,0x00050083,0x0000001d,
0x0000220f,0x00000271,0x0000220e,0x0005008e,
0x00000037,0x00002210,0x0000220d,0x0000220f,
0x0004003d,0x0000001d,0x00002211,0x00001dcf,
0x00050083,0x0000001d,0x00002212,0x00000271,
0x00002211,0x0005008e,0x00000037,0x00002213,
0x00002210,0x00002212,0x0003003e,0x00002206,
0x00002213,0x0004003d,0x0000001d,0x00002215,
0x00001de4,0x000500ba,0x0000001b,0x00002216,
0x00002215,0x000002ec,0x0004003d,0x00000037,
0x00002217,0x00001dc0,0x000600a9,0x00000037,
0x00002218,0x00002216,0x000007ec,0x00002217,
0x0003003e,0x00002214,0x00002218,0x0004003d,
0x00000037,0x0000221a,0x000021b5,0x0004003d,
0x00000037,0x0000221b,0x00002206,0x00050081,
0x00000037,0x0000221c,0x0000221a,0x0000221b,
0x00050094,0x0000001d,0x0000221d,0x0000221c,
0x000009c4,0x0007000c,0x0000001d,0x0000221e,
0x00000001,0x00000028,0x0000221d,0x000002ec,
0x0003003e,0x00002219,0x0000221e,0x0004003d,
0x00000037,0x00002220,0x000021c7,0x00050094,
0x0000001d,0x00002221,0x00002220,0x000009c4,
0x0007000c,0x0000001d,0x00002222,0x00000001,
0x00000028,0x00002221,0x000002ec,0x0003003e,
0x0000221f,0x00002222,0x0004003d,0x00000037,
0x00002224,0x00002214,0x00050094,0x0000001d,
0x00002225,0x00002224,0x000009c4,0x0004003d,
0x0000001d,0x00002226,0x00001dcf,0x00050085,
0x0000001d,0x00002227,0x00002225,0x00002226,
0x0004003d,0x0000001d,0x00002228,0x00001e71,
0x00050083,0x0000001d,0x00002229,0x00000271,
0x00002228,0x00050085,0x0000001d,0x0000222a,
0x00002227,0x00002229,0x0007000c,0x0000001d,
0x0000222b,0x00000001,0x00000028,0x0000222a,
0x000002ec,0x0003003e,0x00002223,0x0000222b,
0x0004003d,0x00000037,0x0000222d,0x000021d9,
0x00050094,0x0000001d,0x0000222e,0x0000222d,
0x000009c4,0x0007000c,0x0000001d,0x0000222f,
0x00000001,0x00000028,0x0000222e,0x000002ec,
0x0003003e,0x0000222c,0x0000222f,0x0004003d,
0x00000037,0x00002231,0x00002202,0x00050094,
0x0000001d,0x00002232,0x00002231,0x000009c4,
0x0007000c,0x0000001d,0x00002233,0x00000001,
0x00000028,0x00002232,0x000002ec,0x0003003e,
0x00002230,0x00002233,0x0004003d,0x0000001d,
0x00002235,0x00002219,0x0004003d,0x0000001d,
0x00002236,0x0000221f,0x00050081,0x0000001d,
0x00002237,0x00002235,0x00002236,0x0004003d,
0x0000001d,0x00002238,0x00002223,0x00050081,
0x0000001d,0x00002239,0x00002237,0x00002238,
0x0004003d,0x0000001d,0x0000223a,0x0000222c,
0x00050081,0x0000001d,0x0000223b,0x00002239,
0x0000223a,0x0004003d,0x0000001d,0x0000223c,
0x00002230,0x00050081,0x0000001d,0x0000223d,
0x0000223b,0x0000223c,0x0003003e,0x00002234,
0x0000223d,0x0004003d,0x00000006,0x0000223e,
0x00001c78,0x000500aa,0x0000001b,0x0000223f,
0x0000223e,0x0000019a,0x000300f7,0x00002241,
0x00000000,0x000400fa,0x0000223f,0x00002240,
0x00002241,0x000200f8,0x00002240,0x0004003d,
0x00000037,0x00002242,0x00001c6e,0x0004003d,
0x00000037,0x00002243,0x000021b5,0x0004003d,
0x00000037,0x00002244,0x000021c7,0x00050081,
0x00000037,0x00002245,0x00002243,0x00002244,
0x0004003d,0x00000037,0x00002246,0x00002206,
0x0005008e,0x00000037,0x00002247,0x00002246,
0x000015f9,0x00050081,0x00000037,0x00002248,
0x00002245,0x00002247,0x00050085,0x00000037,
0x00002249,0x00002242,0x00002248,0x00060041,
0x00000023,0x0000224c,0x00001c83,0x00000171,
0x000001a0,0x0004003d,0x0000001d,0x0000224d,
0x0000224c,0x0007000c,0x0000001d,0x0000224e,
0x00000001,0x00000028,0x0000224d,0x000002ec,
0x00050085,0x0000001d,0x0000224f,0x0000224b,
0x0000224e,0x00050081,0x0000001d,0x00002250,
0x0000224a,0x0000224f,0x0005008e,0x00000037,
0x00002251,0x00002249,0x00002250,0x0004003d,
0x00000037,0x00002252,0x00001c6f,0x00050081,
0x00000037,0x00002253,0x00002252,0x00002251,
0x0003003e,0x00001c6f,0x00002253,0x000200f9,
0x00002241,0x000200f8,0x00002241,0x0004003d,
0x00000037,0x00002255,0x00001c68,0x0004007f,
0x00000037,0x00002256,0x00002255,0x0003003e,
0x00002254,0x00002256,0x00060041,0x000014ea,
0x00002257,0x000014e9,0x00000171,0x00000191,
0x0004003d,0x00000006,0x00002258,0x00002257,
0x000500ac,0x0000001b,0x00002259,0x00002258,
0x0000019a,0x000300f7,0x0000225b,0x00000000,
0x000400fa,0x00002259,0x0000225a,0x0000225b,
0x000200f8,0x0000225a,0x0004003d,0x00000006,
0x0000225f,0x00001c22,0x0003003e,0x0000225e,
0x0000225f,0x00060039,0x00000006,0x00002261,
0x00000102,0x0000225e,0x00002260,0x0004003d,
0x00000006,0x00002262,0x0000225e,0x0003003e,
0x00001c22,0x00002262,0x0004003d,0x0000001d,
0x00002263,0x00002260,0x0003003e,0x0000225d,
0x00002263,0x0003003e,0x0000225c,0x00002261,
0x0004003d,0x00000006,0x0000226b,0x0000225c,
0x0003003e,0x0000226a,0x0000226b,0x00050041,
0x00000038,0x0000226d,0x00001c83,0x00000469,
0x0004003d,0x00000037,0x0000226e,0x0000226d,
0x0003003e,0x0000226c,0x0000226e,0x0004003d,
0x00000006,0x00002270,0x00001c22,0x0003003e,
0x0000226f,0x00002270,0x000d0039,0x0000001b,
0x00002277,0x00000115,0x0000226a,0x0000226c,
0x0000226f,0x00002271,0x00002272,0x00002273,
0x00002274,0x00002275,0x00002276,0x0004003d,
0x00000006,0x00002278,0x0000226f,0x0003003e,
0x00001c22,0x00002278,0x0004003d,0x00000037,
0x00002279,0x00002271,0x0003003e,0x00002264,
0x00002279,0x0004003d,0x00000037,0x0000227a,
0x00002272,0x0003003e,0x00002265,0x0000227a,
0x0004003d,0x0000001d,0x0000227b,0x00002273,
0x0003003e,0x00002266,0x0000227b,0x0004003d,
0x0000001d,0x0000227c,0x00002274,0x0003003e,
0x00002267,0x0000227c,0x0004003d,0x0000001b,
0x0000227d,0x00002275,0x0003003e,0x00002268,
0x0000227d,0x0004003d,0x0000000c,0x0000227e,
0x00002276,0x0003003e,0x00002269,0x0000227e,
0x000300f7,0x00002280,0x00000000,0x000400fa,
0x00002277,0x0000227f,0x00002280,0x000200f8,
0x0000227f,0x00050041,0x00000038,0x00002282,
0x00001c83,0x00000171,0x0004003d,0x00000037,
0x00002283,0x00002282,0x0004003d,0x00000037,
0x00002284,0x00002264,0x00050094,0x0000001d,
0x00002285,0x00002283,0x00002284,0x0007000c,
0x0000001d,0x00002286,0x00000001,0x00000028,
0x00002285,0x000002ec,0x0003003e,0x00002281,
0x00002286,0x00050041,0x00000038,0x00002288,
0x00001c83,0x00000469,0x0004003d,0x00000037,
0x00002289,0x00002288,0x00050041,0x00000038,
0x0000228a,0x00001c83,0x00000171,0x0004003d,
0x00000037,0x0000228b,0x0000228a,0x0005008e,
0x00000037,0x0000228c,0x0000228b,0x00000c90,
0x00050081,0x00000037,0x0000228d,0x00002289,
0x0000228c,0x0003003e,0x0000228f,0x0000228d,
0x0004003d,0x00000037,0x00002291,0x00002264,
0x0003003e,0x00002290,0x00002291,0x0003003e,
0x00002292,0x00000c90,0x0004003d,0x0000001d,
0x00002294,0x00002266,0x0003003e,0x00002293,
0x00002294,0x00090039,0x0000001b,0x00002296,
0x0000009e,0x0000228f,0x00002290,0x00002292,
0x00002293,0x00002295,0x0004003d,0x00000096,
0x00002297,0x00002295,0x0003003e,0x0000228e,
0x00002297,0x0003003e,0x00002287,0x00002296,
0x0004003d,0x0000001b,0x00002299,0x00002287,
0x000400a8,0x0000001b,0x0000229a,0x00002299,
0x000400a8,0x0000001b,0x0000229b,0x0000229a,
0x000300f7,0x0000229d,0x00000000,0x000400fa,
0x0000229b,0x0000229c,0x0000229d,0x000200f8,
0x0000229c,0x0004003d,0x0000000c,0x0000229e,
0x00002269,0x000500af,0x0000001b,0x0000229f,
0x0000229e,0x0000024b,0x000300f7,0x000022a1,
0x00000000,0x000400fa,0x0000229f,0x000022a0,
0x000022a1,0x000200f8,0x000022a0,0x00050041,
0x00000007,0x000022a2,0x0000228e,0x00000219,
0x0004003d,0x00000006,0x000022a3,0x000022a2,
0x0004003d,0x0000000c,0x000022a4,0x00002269,
0x0004007c,0x00000006,0x000022a5,0x000022a4,
0x000500aa,0x0000001b,0x000022a6,0x000022a3,
0x000022a5,0x000200f9,0x000022a1,0x000200f8,
0x000022a1,0x000700f5,0x0000001b,0x000022a7,
0x0000229f,0x0000229c,0x000022a6,0x000022a0,
0x000200f9,0x0000229d,0x000200f8,0x0000229d,
0x000700f5,0x0000001b,0x000022a8,0x0000229a,
0x0000227f,0x000022a7,0x000022a1,0x0003003e,
0x00002298,0x000022a8,0x0004003d,0x0000001d,
0x000022a9,0x00002281,0x000500ba,0x0000001b,
0x000022aa,0x000022a9,0x000002ec,0x0004003d,
0x0000001b,0x000022ab,0x00002298,0x000500a7,
0x0000001b,0x000022ac,0x000022aa,0x000022ab,
0x000300f7,0x000022ae,0x00000000,0x000400fa,
0x000022ac,0x000022ad,0x000022ae,0x000200f8,
0x000022ad,0x0004003d,0x0000001d,0x000022b0,
0x00002267,0x0004003d,0x0000001d,0x000022b1,
0x0000225d,0x00050085,0x0000001d,0x000022b2,
0x000022b0,0x000022b1,0x0003003e,0x000022af,
0x000022b2,0x0004003d,0x0000001d,0x000022b4,
0x00002219,0x0004003d,0x0000001d,0x000022b5,
0x00002234,0x0007000c,0x0000001d,0x000022b6,
0x00000001,0x00000028,0x000022b5,0x00000933,
0x00050088,0x0000001d,0x000022b7,0x000022b4,
0x000022b6,0x0004003d,0x0000001d,0x000022b8,
0x00002281,0x00050085,0x0000001d,0x000022b9,
0x000022b7,0x000022b8,0x00050088,0x0000001d,
0x000022ba,0x000022b9,0x00001595,0x0004003d,
0x0000001d,0x000022bb,0x0000222c,0x0004003d,
0x0000001d,0x000022bc,0x00002234,0x0007000c,
0x0000001d,0x000022bd,0x00000001,0x00000028,
0x000022bc,0x00000933,0x00050088,0x0000001d,
0x000022be,0x000022bb,0x000022bd,0x00050041,
0x00000038,0x000022c0,0x00001c83,0x00000171,
0x0004003d,0x00000037,0x000022c1,0x000022c0,
0x0003003e,0x000022bf,0x000022c1,0x00050041,
0x00000038,0x000022c3,0x00001c83,0x00000475,
0x0004003d,0x00000037,0x000022c4,0x000022c3,
0x0003003e,0x000022c2,0x000022c4,0x0004003d,
0x00000037,0x000022c6,0x00002254,0x0003003e,
0x000022c5,0x000022c6,0x0004003d,0x00000037,
0x000022c8,0x00002264,0x0003003e,0x000022c7,
0x000022c8,0x0004003d,0x0000001d,0x000022ca,
0x00001e78,0x0003003e,0x000022c9,0x000022ca,
0x0004003d,0x0000001d,0x000022cc,0x00001e9c,
0x0003003e,0x000022cb,0x000022cc,0x0004003d,
0x0000001d,0x000022ce,0x00001eaa,0x0003003e,
0x000022cd,0x000022ce,0x000b0039,0x0000001d,
0x000022cf,0x000000df,0x000022bf,0x000022c2,
0x000022c5,0x000022c7,0x000022c9,0x000022cb,
0x000022cd,0x00050085,0x0000001d,0x000022d0,
0x000022be,0x000022cf,0x00050081,0x0000001d,
0x000022d1,0x000022ba,0x000022d0,0x0004003d,
0x0000001d,0x000022d2,0x00002230,0x0004003d,
0x0000001d,0x000022d3,0x00002234,0x0007000c,
0x0000001d,0x000022d4,0x00000001,0x00000028,
0x000022d3,0x00000933,0x00050088,0x0000001d,
0x000022d5,0x000022d2,0x000022d4,0x00050041,
0x00000038,0x000022d7,0x00001c83,0x00000171,
0x0004003d,0x00000037,0x000022d8,0x000022d7,
0x0003003e,0x000022d6,0x000022d8,0x00050041,
0x00000038,0x000022da,0x00001c83,0x00000475,
0x0004003d,0x00000037,0x000022db,0x000022da,
0x0003003e,0x000022d9,0x000022db,0x0004003d,
0x00000037,0x000022dd,0x00002254,0x0003003e,
0x000022dc,0x000022dd,0x0004003d,0x00000037,
0x000022df,0x00002264,0x0003003e,0x000022de,
0x000022df,0x0004003d,0x0000001d,0x000022e1,
0x00001e87,0x0003003e,0x000022e0,0x000022e1,
0x0004003d,0x0000001d,0x000022e3,0x00001eb0,
0x0003003e,0x000022e2,0x000022e3,0x0004003d,
0x0000001d,0x000022e5,0x00001ebe,0x0003003e,
0x000022e4,0x000022e5,0x000b0039,0x0000001d,
0x000022e6,0x000000df,0x000022d6,0x000022d9,
0x000022dc,0x000022de,0x000022e0,0x000022e2,
0x000022e4,0x00050085,0x0000001d,0x000022e7,
0x000022d5,0x000022e6,0x00050081,0x0000001d,
0x000022e8,0x000022d1,0x000022e7,0x0003003e,
0x000022b3,0x000022e8,0x0004003d,0x0000001b,
0x000022ea,0x00002268,0x000300f7,0x000022ed,
0x00000000,0x000400fa,0x000022ea,0x000022ec,
0x000022ee,0x000200f8,0x000022ec,0x0003003e,
0x000022eb,0x00000271,0x000200f9,0x000022ed,
0x000200f8,0x000022ee,0x0004003d,0x0000001d,
0x000022f0,0x000022af,0x0003003e,0x000022ef,
0x000022f0,0x0004003d,0x0000001d,0x000022f2,
0x000022b3,0x0003003e,0x000022f1,0x000022f2,
0x00060039,0x0000001d,0x000022f3,0x00000109,
0x000022ef,0x000022f1,0x0003003e,0x000022eb,
0x000022f3,0x000200f9,0x000022ed,0x000200f8,
0x000022ed,0x0004003d,0x0000001d,0x000022f4,
0x000022eb,0x0003003e,0x000022e9,0x000022f4,
0x00050041,0x00000038,0x000022f7,0x00001c83,
0x00000171,0x0004003d,0x00000037,0x000022f8,
0x000022f7,0x0003003e,0x000022f6,0x000022f8,
0x00050041,0x00000038,0x000022fa,0x00001c83,
0x00000475,0x0004003d,0x00000037,0x000022fb,
0x000022fa,0x0003003e,0x000022f9,0x000022fb,
0x0004003d,0x00000037,0x000022fd,0x00002254,
0x0003003e,0x000022fc,0x000022fd,0x0004003d,
0x00000037,0x000022ff,0x00002264,0x0003003e,
0x000022fe,0x000022ff,0x0004003d,0x0000001d,
0x00002301,0x00001e78,0x0003003e,0x00002300,
0x00002301,0x0004003d,0x0000001d,0x00002303,
0x00001e9c,0x0003003e,0x00002302,0x00002303,
0x0004003d,0x0000001d,0x00002305,0x00001eaa,
0x0003003e,0x00002304,0x00002305,0x0004003d,
0x00000037,0x00002307,0x000021d9,0x0003003e,
0x00002306,0x00002307,0x000c0039,0x00000037,
0x00002308,0x000000d5,0x000022f6,0x000022f9,
0x000022fc,0x000022fe,0x00002300,0x00002302,
0x00002304,0x00002306,0x0003003e,0x000022f5,
0x00002308,0x00050041,0x00000038,0x0000230b,
0x00001c83,0x00000171,0x0004003d,0x00000037,
0x0000230c,0x0000230b,0x0003003e,0x0000230a,
0x0000230c,0x00050041,0x00000038,0x0000230e,
0x00001c83,0x00000475,0x0004003d,0x00000037,
0x0000230f,0x0000230e,0x0003003e,0x0000230d,
0x0000230f,0x0004003d,0x00000037,0x00002311,
0x00002254,0x0003003e,0x00002310,0x00002311,
0x0004003d,0x00000037,0x00002313,0x00002264,
0x0003003e,0x00002312,0x00002313,0x0004003d,
0x0000001d,0x00002315,0x00001e87,0x0003003e,
0x00002314,0x00002315,0x0004003d,0x0000001d,
0x00002317,0x00001eb0,0x0003003e,0x00002316,
0x00002317,0x0004003d,0x0000001d,0x00002319,
0x00001ebe,0x0003003e,0x00002318,0x00002319,
0x0004003d,0x00000037,0x0000231b,0x000021fc,
0x0003003e,0x0000231a,0x0000231b,0x000c0039,
0x00000037,0x0000231c,0x000000d5,0x0000230a,
0x0000230d,0x00002310,0x00002312,0x00002314,
0x00002316,0x00002318,0x0000231a,0x0004003d,
0x0000001d,0x0000231d,0x00001e32,0x0005008e,
0x00000037,0x0000231e,0x0000231c,0x0000231d,
0x0003003e,0x00002309,0x0000231e,0x0004003d,
0x00000037,0x0000231f,0x00001c6e,0x0004003d,
0x00000037,0x00002320,0x00002265,0x00050085,
0x00000037,0x00002321,0x0000231f,0x00002320,
0x0004003d,0x0000001d,0x00002322,0x00002281,
0x0005008e,0x00000037,0x00002323,0x00002321,
0x00002322,0x0004003d,0x00000037,0x00002324,
0x000021b5,0x0004003d,0x00000037,0x00002325,
0x000021c7,0x00050081,0x00000037,0x00002326,
0x00002324,0x00002325,0x0004003d,0x00000037,
0x00002327,0x00002206,0x00050081,0x00000037,
0x00002328,0x00002326,0x00002327,0x00060050,
0x00000037,0x00002329,0x00001595,0x00001595,
0x00001595,0x00050088,0x00000037,0x0000232a,
0x00002328,0x00002329,0x0004003d,0x00000037,
0x0000232b,0x000022f5,0x00050081,0x00000037,
0x0000232c,0x0000232a,0x0000232b,0x0004003d,
0x00000037,0x0000232d,0x00002309,0x00050081,
0x00000037,0x0000232e,0x0000232c,0x0000232d,
0x00050085,0x00000037,0x0000232f,0x00002323,
0x0000232e,0x0004003d,0x0000001d,0x00002330,
0x000022e9,0x0005008e,0x00000037,0x00002331,
0x0000232f,0x00002330,0x0004003d,0x0000001d,
0x00002332,0x000022af,0x0007000c,0x0000001d,
0x00002333,0x00000001,0x00000028,0x00002332,
0x000005a0,0x00060050,0x00000037,0x00002334,
0x00002333,0x00002333,0x00002333,0x00050088,
0x00000037,0x00002335,0x00002331,0x00002334,
0x0004003d,0x00000037,0x00002336,0x00001c6f,
0x00050081,0x00000037,0x00002337,0x00002336,
0x00002335,0x0003003e,0x00001c6f,0x00002337,
0x000200f9,0x000022ae,0x000200f8,0x000022ae,
0x000200f9,0x00002280,0x000200f8,0x00002280,
0x000200f9,0x0000225b,0x000200f8,0x0000225b,
0x0004003d,0x00000006,0x0000233a,0x00001c22,
0x0003003e,0x00002339,0x0000233a,0x00050039,
0x0000001d,0x0000233b,0x00000067,0x00002339,
0x0004003d,0x00000006,0x0000233c,0x00002339,
0x0003003e,0x00001c22,0x0000233c,0x0004003d,
0x0000001d,0x0000233d,0x00002234,0x0007000c,
0x0000001d,0x0000233e,0x00000001,0x00000028,
0x0000233d,0x00000933,0x00050085,0x0000001d,
0x0000233f,0x0000233b,0x0000233e,0x0003003e,
0x00002338,0x0000233f,0x0003003e,0x00002340,
0x00000271,0x0004003d,0x0000001d,0x00002341,
0x00002338,0x0004003d,0x0000001d,0x00002342,
0x00002223,0x000500b8,0x0000001b,0x00002343,
0x00002341,0x00002342,0x000300f7,0x00002345,
0x00000000,0x000400fa,0x00002343,0x00002344,
0x000023c0,0x000200f8,0x00002344,0x0004003d,
0x0000000c,0x00002346,0x00001c76,0x000500b1,
0x0000001b,0x00002347,0x00002346,0x0000024b,
0x0004003d,0x0000001d,0x00002348,0x00001eed,
0x000500ba,0x0000001b,0x00002349,0x00002348,
0x000002ec,0x000500a7,0x0000001b,0x0000234a,
0x00002347,0x00002349,0x0004003d,0x0000001d,
0x0000234b,0x00001efa,0x000500ba,0x0000001b,
0x0000234c,0x0000234b,0x000002ec,0x000500a7,
0x0000001b,0x0000234d,0x0000234a,0x0000234c,
0x000300f7,0x0000234f,0x00000000,0x000400fa,
0x0000234d,0x0000234e,0x0000234f,0x000200f8,
0x0000234e,0x0004003d,0x00000006,0x00002351,
0x00001c22,0x0003003e,0x00002350,0x00002351,
0x00050039,0x0000001d,0x00002352,0x00000067,
0x00002350,0x0004003d,0x00000006,0x00002353,
0x00002350,0x0003003e,0x00001c22,0x00002353,
0x00050085,0x0000001d,0x00002354,0x00002352,
0x000005b9,0x0004006e,0x0000000c,0x00002355,
0x00002354,0x0007000c,0x0000000c,0x00002356,
0x00000001,0x00000027,0x00002355,0x00000323,
0x0003003e,0x00001c76,0x00002356,0x0004003d,
0x0000000c,0x00002357,0x00001c76,0x000500aa,
0x0000001b,0x00002358,0x00002357,0x0000024b,
0x000300f7,0x0000235b,0x00000000,0x000400fa,
0x00002358,0x0000235a,0x0000235d,0x000200f8,
0x0000235a,0x0003003e,0x00002359,0x0000235c,
0x000200f9,0x0000235b,0x000200f8,0x0000235d,
0x0004003d,0x0000000c,0x0000235e,0x00001c76,
0x000500aa,0x0000001b,0x0000235f,0x0000235e,
0x00000219,0x000600a9,0x00000037,0x00002362,
0x0000235f,0x00002360,0x00002361,0x0003003e,
0x00002359,0x00002362,0x000200f9,0x0000235b,
0x000200f8,0x0000235b,0x0004003d,0x00000037,
0x00002363,0x00002359,0x0004003d,0x00000037,
0x00002364,0x00001c6e,0x00050085,0x00000037,
0x00002365,0x00002364,0x00002363,0x0003003e,
0x00001c6e,0x00002365,0x000200f9,0x0000234f,
0x000200f8,0x0000234f,0x0004003d,0x0000000c,
0x00002367,0x00001c76,0x000500b1,0x0000001b,
0x00002368,0x00002367,0x0000024b,0x0004003d,
0x0000000c,0x00002369,0x00001c76,0x000600a9,
0x0000000c,0x0000236a,0x00002368,0x00000219,
0x00002369,0x0004003d,0x0000001d,0x0000236c,
0x00001e80,0x0003003e,0x0000236b,0x0000236c,
0x0004003d,0x0000001d,0x0000236e,0x00001efa,
0x0003003e,0x0000236d,0x0000236e,0x0004003d,
0x0000001d,0x00002370,0x00001eed,0x0003003e,
0x0000236f,0x00002370,0x0003003e,0x00002371,
0x0000236a,0x00080039,0x0000001d,0x00002372,
0x000000ee,0x0000236b,0x0000236d,0x0000236f,
0x00002371,0x0003003e,0x00002366,0x00002372,
0x0004003d,0x0000001b,0x00002374,0x00001d80,
0x0004003d,0x0000001d,0x00002375,0x00002366,
0x000600a9,0x0000001d,0x00002376,0x00002374,
0x00002375,0x00000271,0x0003003e,0x00002373,
0x00002376,0x0004003d,0x0000001d,0x00002378,
0x00001c73,0x0004003d,0x0000001d,0x00002379,
0x00002373,0x00050088,0x0000001d,0x0000237a,
0x00002378,0x00002379,0x0003003e,0x00002377,
0x0000237a,0x0004003d,0x00000037,0x0000237c,
0x00001c68,0x00050041,0x00000038,0x0000237d,
0x00001c83,0x00000171,0x0004003d,0x00000037,
0x0000237e,0x0000237d,0x0004003d,0x0000001d,
0x0000237f,0x00002377,0x0008000c,0x00000037,
0x00002380,0x00000001,0x00000048,0x0000237c,
0x0000237e,0x0000237f,0x0003003e,0x0000237b,
0x00002380,0x0004003d,0x00000037,0x00002382,
0x0000237b,0x0006000c,0x0000001d,0x00002383,
0x00000001,0x00000042,0x00002382,0x000500b8,
0x0000001b,0x00002384,0x00002383,0x00001460,
0x0003003e,0x00002381,0x00002384,0x0004003d,
0x0000001b,0x00002385,0x00002381,0x000300f7,
0x00002387,0x00000000,0x000400fa,0x00002385,
0x00002386,0x0000238c,0x000200f8,0x00002386,
0x0004003d,0x00000037,0x00002388,0x00001c68,
0x00050041,0x00000038,0x00002389,0x00001c83,
0x00000171,0x0004003d,0x00000037,0x0000238a,
0x00002389,0x0007000c,0x00000037,0x0000238b,
0x00000001,0x00000047,0x00002388,0x0000238a,
0x0003003e,0x0000237b,0x0000238b,0x000200f9,
0x00002387,0x000200f8,0x0000238c,0x0004003d,
0x0000001d,0x0000238d,0x00002373,0x0003003e,
0x00001c73,0x0000238d,0x0004003d,0x0000001b,
0x0000238e,0x00001d80,0x000300f7,0x00002390,
0x00000000,0x000400fa,0x0000238e,0x0000238f,
0x000023b2,0x000200f8,0x0000238f,0x0004003d,
0x0000001d,0x00002392,0x00001de4,0x000500ba,
0x0000001b,0x00002393,0x00002392,0x000002ec,
0x000300f7,0x00002396,0x00000000,0x000400fa,
0x00002393,0x00002395,0x0000239e,0x000200f8,
0x00002395,0x0004003d,0x00000037,0x00002397,
0x00001dc0,0x0008000c,0x00000037,0x00002398,
0x00000001,0x0000002b,0x00002397,0x00001cd7,
0x000007ec,0x0006000c,0x00000037,0x00002399,
0x00000001,0x0000001c,0x00002398,0x0004007f,
0x00000037,0x0000239a,0x00002399,0x0004003d,
0x0000001d,0x0000239b,0x00001de4,0x00060050,
0x00000037,0x0000239c,0x0000239b,0x0000239b,
0x0000239b,0x00050088,0x00000037,0x0000239d,
0x0000239a,0x0000239c,0x0003003e,0x00002394,
0x0000239d,0x000200f9,0x00002396,0x000200f8,
0x0000239e,0x0003003e,0x00002394,0x000002ed,
0x000200f9,0x00002396,0x000200f8,0x00002396,
0x0004003d,0x00000037,0x0000239f,0x00002394,
0x0003003e,0x00002391,0x0000239f,0x0004003d,
0x00000037,0x000023a0,0x00001dd5,0x0004003d,
0x00000037,0x000023a1,0x00001f0f,0x0004003d,
0x0000001d,0x000023a2,0x00001f01,0x0005008e,
0x00000037,0x000023a3,0x000023a1,0x000023a2,
0x00050081,0x00000037,0x000023a4,0x000023a0,
0x000023a3,0x0003003e,0x00001c71,0x000023a4,
0x0004003d,0x00000037,0x000023a5,0x00002391,
0x0004003d,0x00000037,0x000023a6,0x00001c71,
0x00050081,0x00000037,0x000023a7,0x000023a5,
0x000023a6,0x0004003d,0x00000037,0x000023a8,
0x00001f0f,0x00050083,0x00000037,0x000023a9,
0x000007ec,0x000023a8,0x0007000c,0x00000037,
0x000023aa,0x00000001,0x00000028,0x000023a9,
0x000002ed,0x0004003d,0x0000001d,0x000023ab,
0x00001f01,0x0005008e,0x00000037,0x000023ac,
0x000023aa,0x000023ab,0x00050081,0x00000037,
0x000023ad,0x000023a7,0x000023ac,0x0003003e,
0x00001c70,0x000023ad,0x0004003d,0x00000037,
0x000023ae,0x00001f21,0x0004003d,0x0000001d,
0x000023af,0x00001f08,0x0005008e,0x00000037,
0x000023b0,0x000023ae,0x000023af,0x0003003e,
0x00001c72,0x000023b0,0x0004003d,0x0000001d,
0x000023b1,0x00001dea,0x0003003e,0x00001c74,
0x000023b1,0x000200f9,0x00002390,0x000200f8,
0x000023b2,0x0003003e,0x00001c70,0x000002ed,
0x0003003e,0x00001c71,0x000002ed,0x0003003e,
0x00001c72,0x000002ed,0x0003003e,0x00001c74,
0x000002ec,0x000200f9,0x00002390,0x000200f8,
0x00002390,0x000200f9,0x00002387,0x000200f8,
0x00002387,0x0004003d,0x00000037,0x000023b3,
0x0000237b,0x0006000c,0x00000037,0x000023b4,
0x00000001,0x00000045,0x000023b3,0x0003003e,
0x00001c68,0x000023b4,0x0004003d,0x00000037,
0x000023b5,0x00002214,0x0004003d,0x0000001d,
0x000023b6,0x00002223,0x0004003d,0x0000001d,
0x000023b7,0x00002234,0x00050088,0x0000001d,
0x000023b8,0x000023b6,0x000023b7,0x0007000c,
0x0000001d,0x000023b9,0x00000001,0x00000028,
0x000023b8,0x00000933,0x00060050,0x00000037,
0x000023ba,0x000023b9,0x000023b9,0x000023b9,
0x00050088,0x00000037,0x000023bb,0x000023b5,
0x000023ba,0x0004003d,0x00000037,0x000023bc,
0x00001c6e,0x00050085,0x00000037,0x000023bd,
0x000023bc,0x000023bb,0x0003003e,0x00001c6e,
0x000023bd,0x0004003d,0x0000001b,0x000023be,
0x00002381,0x000600a9,0x0000001d,0x000023bf,
0x000023be,0x00000271,0x000004fa,0x0003003e,
0x00002340,0x000023bf,0x0003003e,0x00001c77,
0x000013b3,0x0003003e,0x00001c75,0x000002ec,
0x000200f9,0x00002345,0x000200f8,0x000023c0,
0x0004003d,0x0000001d,0x000023c1,0x00002338,
0x0004003d,0x0000001d,0x000023c2,0x00002223,
0x0004003d,0x0000001d,0x000023c3,0x0000221f,
0x00050081,0x0000001d,0x000023c4,0x000023c2,
0x000023c3,0x000500b8,0x0000001b,0x000023c5,
0x000023c1,0x000023c4,0x000300f7,0x000023c7,
0x00000000,0x000400fa,0x000023c5,0x000023c6,
0x000023d9,0x000200f8,0x000023c6,0x00050041,
0x00000038,0x000023c8,0x00001c83,0x00000171,
0x0004003d,0x00000037,0x000023c9,0x000023c8,
0x0004007f,0x00000037,0x000023ca,0x000023c9,
0x0003003e,0x000023cb,0x000023ca,0x0004003d,
0x00000006,0x000023cd,0x00001c22,0x0003003e,
0x000023cc,0x000023cd,0x00060039,0x00000037,
0x000023ce,0x000000a3,0x000023cb,0x000023cc,
0x0004003d,0x00000006,0x000023cf,0x000023cc,
0x0003003e,0x00001c22,0x000023cf,0x0003003e,
0x00001c68,0x000023ce,0x0004003d,0x00000037,
0x000023d0,0x000021c7,0x0004003d,0x0000001d,
0x000023d1,0x0000221f,0x0004003d,0x0000001d,
0x000023d2,0x00002234,0x00050088,0x0000001d,
0x000023d3,0x000023d1,0x000023d2,0x0007000c,
0x0000001d,0x000023d4,0x00000001,0x00000028,
0x000023d3,0x00000933,0x00060050,0x00000037,
0x000023d5,0x000023d4,0x000023d4,0x000023d4,
0x00050088,0x00000037,0x000023d6,0x000023d0,
0x000023d5,0x0004003d,0x00000037,0x000023d7,
0x00001c6e,0x00050085,0x00000037,0x000023d8,
0x000023d7,0x000023d6,0x0003003e,0x00001c6e,
0x000023d8,0x0003003e,0x00002340,0x000004fa,
0x0003003e,0x00001c77,0x000013b3,0x0003003e,
0x00001c75,0x000002ec,0x000200f9,0x000023c7,
0x000200f8,0x000023d9,0x0004003d,0x0000001d,
0x000023da,0x00002338,0x0004003d,0x0000001d,
0x000023db,0x00002223,0x0004003d,0x0000001d,
0x000023dc,0x0000221f,0x00050081,0x0000001d,
0x000023dd,0x000023db,0x000023dc,0x0004003d,
0x0000001d,0x000023de,0x0000222c,0x00050081,
0x0000001d,0x000023df,0x000023dd,0x000023de,
0x000500b8,0x0000001b,0x000023e0,0x000023da,
0x000023df,0x000300f7,0x000023e2,0x00000000,
0x000400fa,0x000023e0,0x000023e1,0x00002442,
0x000200f8,0x000023e1,0x00050041,0x00000038,
0x000023e5,0x00001c83,0x00000171,0x0004003d,
0x00000037,0x000023e6,0x000023e5,0x0003003e,
0x000023e4,0x000023e6,0x00050041,0x00000038,
0x000023e8,0x00001c83,0x00000475,0x0004003d,
0x00000037,0x000023e9,0x000023e8,0x0003003e,
0x000023e7,0x000023e9,0x0004003d,0x00000037,
0x000023eb,0x00002254,0x0003003e,0x000023ea,
0x000023eb,0x0004003d,0x0000001d,0x000023ed,
0x00001e78,0x0003003e,0x000023ec,0x000023ed,
0x0004003d,0x0000001d,0x000023ef,0x00001e9c,
0x0003003e,0x000023ee,0x000023ef,0x0004003d,
0x0000001d,0x000023f1,0x00001eaa,0x0003003e,
0x000023f0,0x000023f1,0x0004003d,0x00000006,
0x000023f3,0x00001c22,0x0003003e,0x000023f2,
0x000023f3,0x000c0039,0x00000037,0x000023f5,
0x000000ca,0x000023e4,0x000023e7,0x000023ea,
0x000023ec,0x000023ee,0x000023f0,0x000023f2,
0x000023f4,0x0004003d,0x00000006,0x000023f6,
0x000023f2,0x0003003e,0x00001c22,0x000023f6,
0x0004003d,0x0000001d,0x000023f7,0x000023f4,
0x0003003e,0x000023e3,0x000023f7,0x0003003e,
0x00001c68,0x000023f5,0x00050041,0x00000038,
0x000023f9,0x00001c83,0x00000171,0x0004003d,
0x00000037,0x000023fa,0x000023f9,0x0004003d,
0x00000037,0x000023fb,0x00001c68,0x00050094,
0x0000001d,0x000023fc,0x000023fa,0x000023fb,
0x0007000c,0x0000001d,0x000023fd,0x00000001,
0x00000028,0x000023fc,0x000002ec,0x0003003e,
0x000023f8,0x000023fd,0x00050041,0x00000038,
0x00002400,0x00001c83,0x00000171,0x0004003d,
0x00000037,0x00002401,0x00002400,0x0003003e,
0x000023ff,0x00002401,0x00050041,0x00000038,
0x00002403,0x00001c83,0x00000475,0x0004003d,
0x00000037,0x00002404,0x00002403,0x0003003e,
0x00002402,0x00002404,0x0004003d,0x00000037,
0x00002406,0x00002254,0x0003003e,0x00002405,
0x00002406,0x0004003d,0x00000037,0x00002408,
0x00001c68,0x0003003e,0x00002407,0x00002408,
0x0004003d,0x0000001d,0x0000240a,0x00001e78,
0x0003003e,0x00002409,0x0000240a,0x0004003d,
0x0000001d,0x0000240c,0x00001e9c,0x0003003e,
0x0000240b,0x0000240c,0x0004003d,0x0000001d,
0x0000240e,0x00001eaa,0x0003003e,0x0000240d,
0x0000240e,0x0004003d,0x00000037,0x00002410,
0x000021d9,0x0003003e,0x0000240f,0x00002410,
0x000c0039,0x00000037,0x00002411,0x000000d5,
0x000023ff,0x00002402,0x00002405,0x00002407,
0x00002409,0x0000240b,0x0000240d,0x0000240f,
0x0003003e,0x000023fe,0x00002411,0x0004003d,
0x0000001d,0x00002413,0x000023e3,0x0004003d,
0x0000001d,0x00002414,0x0000222c,0x0004003d,
0x0000001d,0x00002415,0x00002234,0x0007000c,
0x0000001d,0x00002416,0x00000001,0x00000028,
0x00002415,0x00000933,0x00050088,0x0000001d,
0x00002417,0x00002414,0x00002416,0x00050085,
0x0000001d,0x00002418,0x00002413,0x00002417,
0x0003003e,0x00002412,0x00002418,0x0004003d,
0x0000001d,0x00002419,0x00002219,0x0004003d,
0x0000001d,0x0000241a,0x00002234,0x0007000c,
0x0000001d,0x0000241b,0x00000001,0x00000028,
0x0000241a,0x00000933,0x00050088,0x0000001d,
0x0000241c,0x00002419,0x0000241b,0x0004003d,
0x0000001d,0x0000241d,0x000023f8,0x00050085,
0x0000001d,0x0000241e,0x0000241c,0x0000241d,
0x00050088,0x0000001d,0x0000241f,0x0000241e,
0x00001595,0x0004003d,0x0000001d,0x00002420,
0x00002412,0x00050081,0x0000001d,0x00002421,
0x0000241f,0x00002420,0x0004003d,0x0000001d,
0x00002422,0x00002230,0x0004003d,0x0000001d,
0x00002423,0x00002234,0x0007000c,0x0000001d,
0x00002424,0x00000001,0x00000028,0x00002423,
0x00000933,0x00050088,0x0000001d,0x00002425,
0x00002422,0x00002424,0x00050041,0x00000038,
0x00002427,0x00001c83,0x00000171,0x0004003d,
0x00000037,0x00002428,0x00002427,0x0003003e,
0x00002426,0x00002428,0x00050041,0x00000038,
0x0000242a,0x00001c83,0x00000475,0x0004003d,
0x00000037,0x0000242b,0x0000242a,0x0003003e,
0x00002429,0x0000242b,0x0004003d,0x00000037,
0x0000242d,0x00002254,0x0003003e,0x0000242c,
0x0000242d,0x0004003d,0x00000037,0x0000242f,
0x00001c68,0x0003003e,0x0000242e,0x0000242f,
0x0004003d,0x0000001d,0x00002431,0x00001e87,
0x0003003e,0x00002430,0x00002431,0x0004003d,
0x0000001d,0x00002433,0x00001eb0,0x0003003e,
0x00002432,0x00002433,0x0004003d,0x0000001d,
0x00002435,0x00001ebe,0x0003003e,0x00002434,
0x00002435,0x000b0039,0x0000001d,0x00002436,
0x000000df,0x00002426,0x00002429,0x0000242c,
0x0000242e,0x00002430,0x00002432,0x00002434,
0x00050085,0x0000001d,0x00002437,0x00002425,
0x00002436,0x00050081,0x0000001d,0x00002438,
0x00002421,0x00002437,0x0003003e,0x00001c75,
0x00002438,0x0003003e,0x00001c77,0x000013b8,
0x0004003d,0x00000037,0x00002439,0x000023fe,
0x0004003d,0x0000001d,0x0000243a,0x000023f8,
0x0005008e,0x00000037,0x0000243b,0x00002439,
0x0000243a,0x0004003d,0x0000001d,0x0000243c,
0x00002412,0x0007000c,0x0000001d,0x0000243d,
0x00000001,0x00000028,0x0000243c,0x00000933,
0x00060050,0x00000037,0x0000243e,0x0000243d,
0x0000243d,0x0000243d,0x00050088,0x00000037,
0x0000243f,0x0000243b,0x0000243e,0x0004003d,
0x00000037,0x00002440,0x00001c6e,0x00050085,
0x00000037,0x00002441,0x00002440,0x0000243f,
0x0003003e,0x00001c6e,0x00002441,0x000200f9,
0x000023e2,0x000200f8,0x00002442,0x0004003d,
0x0000001d,0x00002443,0x00002338,0x0004003d,
0x0000001d,0x00002444,0x00002223,0x0004003d,
0x0000001d,0x00002445,0x0000221f,0x00050081,
0x0000001d,0x00002446,0x00002444,0x00002445,
0x0004003d,0x0000001d,0x00002447,0x0000222c,
0x00050081,0x0000001d,0x00002448,0x00002446,
0x00002447,0x0004003d,0x0000001d,0x00002449,
0x00002230,0x00050081,0x0000001d,0x0000244a,
0x00002448,0x00002449,0x000500b8,0x0000001b,
0x0000244b,0x00002443,0x0000244a,0x000300f7,
0x0000244d,0x00000000,0x000400fa,0x0000244b,
0x0000244c,0x000024af,0x000200f8,0x0000244c,
0x00050041,0x00000038,0x00002450,0x00001c83,
0x00000171,0x0004003d,0x00000037,0x00002451,
0x00002450,0x0003003e,0x0000244f,0x00002451,
0x00050041,0x00000038,0x00002453,0x00001c83,
0x00000475,0x0004003d,0x00000037,0x00002454,
0x00002453,0x0003003e,0x00002452,0x00002454,
0x0004003d,0x00000037,0x00002456,0x00002254,
0x0003003e,0x00002455,0x00002456,0x0004003d,
0x0000001d,0x00002458,0x00001e87,0x0003003e,
0x00002457,0x00002458,0x0004003d,0x0000001d,
0x0000245a,0x00001eb0,0x0003003e,0x00002459,
0x0000245a,0x0004003d,0x0000001d,0x0000245c,
0x00001ebe,0x0003003e,0x0000245b,0x0000245c,
0x0004003d,0x00000006,0x0000245e,0x00001c22,
0x0003003e,0x0000245d,0x0000245e,0x000c0039,
0x00000037,0x00002460,0x000000ca,0x0000244f,
0x00002452,0x00002455,0x00002457,0x00002459,
0x0000245b,0x0000245d,0x0000245f,0x0004003d,
0x00000006,0x00002461,0x0000245d,0x0003003e,
0x00001c22,0x00002461,0x0004003d,0x0000001d,
0x00002462,0x0000245f,0x0003003e,0x0000244e,
0x00002462,0x0003003e,0x00001c68,0x00002460,
0x00050041,0x00000038,0x00002464,0x00001c83,
0x00000171,0x0004003d,0x00000037,0x00002465,
0x00002464,0x0004003d,0x00000037,0x00002466,
0x00001c68,0x00050094,0x0000001d,0x00002467,
0x00002465,0x00002466,0x0007000c,0x0000001d,
0x00002468,0x00000001,0x00000028,0x00002467,
0x000002ec,0x0003003e,0x00002463,0x00002468,
0x00050041,0x00000038,0x0000246b,0x00001c83,
0x00000171,0x0004003d,0x00000037,0x0000246c,
0x0000246b,0x0003003e,0x0000246a,0x0000246c,
0x00050041,0x00000038,0x0000246e,0x00001c83,
0x00000475,0x0004003d,0x00000037,0x0000246f,
0x0000246e,0x0003003e,0x0000246d,0x0000246f,
0x0004003d,0x00000037,0x00002471,0x00002254,
0x0003003e,0x00002470,0x00002471,0x0004003d,
0x00000037,0x00002473,0x00001c68,0x0003003e,
0x00002472,0x00002473,0x0004003d,0x0000001d,
0x00002475,0x00001e87,0x0003003e,0x00002474,
0x00002475,0x0004003d,0x0000001d,0x00002477,
0x00001eb0,0x0003003e,0x00002476,0x00002477,
0x0004003d,0x0000001d,0x00002479,0x00001ebe,
0x0003003e,0x00002478,0x00002479,0x0004003d,
0x00000037,0x0000247b,0x000021fc,0x0003003e,
0x0000247a,0x0000247b,0x000c0039,0x00000037,
0x0000247c,0x000000d5,0x0000246a,0x0000246d,
0x00002470,0x00002472,0x00002474,0x00002476,
0x00002478,0x0000247a,0x0004003d,0x0000001d,
0x0000247d,0x00001e32,0x0005008e,0x00000037,
0x0000247e,0x0000247c,0x0000247d,0x0003003e,
0x00002469,0x0000247e,0x0004003d,0x0000001d,
0x00002480,0x0000244e,0x0004003d,0x0000001d,
0x00002481,0x00002230,0x0004003d,0x0000001d,
0x00002482,0x00002234,0x0007000c,0x0000001d,
0x00002483,0x00000001,0x00000028,0x00002482,
0x00000933,0x00050088,0x0000001d,0x00002484,
0x00002481,0x00002483,0x00050085,0x0000001d,
0x00002485,0x00002480,0x00002484,0x0003003e,
0x0000247f,0x00002485,0x0004003d,0x0000001d,
0x00002486,0x00002219,0x0004003d,0x0000001d,
0x00002487,0x00002234,0x0007000c,0x0000001d,
0x00002488,0x00000001,0x00000028,0x00002487,
0x00000933,0x00050088,0x0000001d,0x00002489,
0x00002486,0x00002488,0x0004003d,0x0000001d,
0x0000248a,0x00002463,0x00050085,0x0000001d,
0x0000248b,0x00002489,0x0000248a,0x00050088,
0x0000001d,0x0000248c,0x0000248b,0x00001595,
0x0004003d,0x0000001d,0x0000248d,0x0000222c,
0x0004003d,0x0000001d,0x0000248e,0x00002234,
0x0007000c,0x0000001d,0x0000248f,0x00000001,
0x00000028,0x0000248e,0x00000933,0x00050088,
0x0000001d,0x00002490,0x0000248d,0x0000248f,
0x00050041,0x00000038,0x00002492,0x00001c83,
0x00000171,0x0004003d,0x00000037,0x00002493,
0x00002492,0x0003003e,0x00002491,0x00002493,
0x00050041,0x00000038,0x00002495,0x00001c83,
0x00000475,0x0004003d,0x00000037,0x00002496,
0x00002495,0x0003003e,0x00002494,0x00002496,
0x0004003d,0x00000037,0x00002498,0x00002254,
0x0003003e,0x00002497,0x00002498,0x0004003d,
0x00000037,0x0000249a,0x00001c68,0x0003003e,
0x00002499,0x0000249a,0x0004003d,0x0000001d,
0x0000249c,0x00001e78,0x0003003e,0x0000249b,
0x0000249c,0x0004003d,0x0000001d,0x0000249e,
0x00001e9c,0x0003003e,0x0000249d,0x0000249e,
0x0004003d,0x0000001d,0x000024a0,0x00001eaa,
0x0003003e,0x0000249f,0x000024a0,0x000b0039,
0x0000001d,0x000024a1,0x000000df,0x00002491,
0x00002494,0x00002497,0x00002499,0x0000249b,
0x0000249d,0x0000249f,0x00050085,0x0000001d,
0x000024a2,0x00002490,0x000024a1,0x00050081,
0x0000001d,0x000024a3,0x0000248c,0x000024a2,
0x0004003d,0x0000001d,0x000024a4,0x0000247f,
0x00050081,0x0000001d,0x000024a5,0x000024a3,
0x000024a4,0x0003003e,0x00001c75,0x000024a5,
0x0003003e,0x00001c77,0x000013b8,0x0004003d,
0x00000037,0x000024a6,0x00002469,0x0004003d,
0x0000001d,0x000024a7,0x00002463,0x0005008e,
0x00000037,0x000024a8,0x000024a6,0x000024a7,
0x0004003d,0x0000001d,0x000024a9,0x0000247f,
0x0007000c,0x0000001d,0x000024aa,0x00000001,
0x00000028,0x000024a9,0x00000933,0x00060050,
0x00000037,0x000024ab,0x000024aa,0x000024aa,
0x000024aa,0x00050088,0x00000037,0x000024ac,
0x000024a8,0x000024ab,0x0004003d,0x00000037,
0x000024ad,0x00001c6e,0x00050085,0x00000037,
0x000024ae,0x000024ad,0x000024ac,0x0003003e,
0x00001c6e,0x000024ae,0x000200f9,0x0000244d,
0x000200f8,0x000024af,0x00050041,0x00000038,
0x000024b1,0x00001c83,0x00000171,0x0004003d,
0x00000037,0x000024b2,0x000024b1,0x0003003e,
0x000024b0,0x000024b2,0x0004003d,0x00000006,
0x000024b4,0x00001c22,0x0003003e,0x000024b3,
0x000024b4,0x00060039,0x00000037,0x000024b5,
0x000000a3,0x000024b0,0x000024b3,0x0004003d,
0x00000006,0x000024b6,0x000024b3,0x0003003e,
0x00001c22,0x000024b6,0x0003003e,0x00001c68,
0x000024b5,0x00050041,0x00000038,0x000024b8,
0x00001c83,0x00000171,0x0004003d,0x00000037,
0x000024b9,0x000024b8,0x0004003d,0x00000037,
0x000024ba,0x00001c68,0x00050094,0x0000001d,
0x000024bb,0x000024b9,0x000024ba,0x0007000c,
0x0000001d,0x000024bc,0x00000001,0x00000028,
0x000024bb,0x000002ec,0x0003003e,0x000024b7,
0x000024bc,0x0004003d,0x0000001d,0x000024bd,
0x00002219,0x0004003d,0x0000001d,0x000024be,
0x00002234,0x0007000c,0x0000001d,0x000024bf,
0x00000001,0x00000028,0x000024be,0x00000933,
0x00050088,0x0000001d,0x000024c0,0x000024bd,
0x000024bf,0x0004003d,0x0000001d,0x000024c1,
0x000024b7,0x00050085,0x0000001d,0x000024c2,
0x000024c0,0x000024c1,0x00050088,0x0000001d,
0x000024c3,0x000024c2,0x00001595,0x0004003d,
0x0000001d,0x000024c4,0x0000222c,0x0004003d,
0x0000001d,0x000024c5,0x00002234,0x0007000c,
0x0000001d,0x000024c6,0x00000001,0x00000028,
0x000024c5,0x00000933,0x00050088,0x0000001d,
0x000024c7,0x000024c4,0x000024c6,0x00050041,
0x00000038,0x000024c9,0x00001c83,0x00000171,
0x0004003d,0x00000037,0x000024ca,0x000024c9,
0x0003003e,0x000024c8,0x000024ca,0x00050041,
0x00000038,0x000024cc,0x00001c83,0x00000475,
0x0004003d,0x00000037,0x000024cd,0x000024cc,
0x0003003e,0x000024cb,0x000024cd,0x0004003d,
0x00000037,0x000024cf,0x00002254,0x0003003e,
0x000024ce,0x000024cf,0x0004003d,0x00000037,
0x000024d1,0x00001c68,0x0003003e,0x000024d0,
0x000024d1,0x0004003d,0x0000001d,0x000024d3,
0x00001e78,0x0003003e,0x000024d2,0x000024d3,
0x0004003d,0x0000001d,0x000024d5,0x00001e9c,
0x0003003e,0x000024d4,0x000024d5,0x0004003d,
0x0000001d,0x000024d7,0x00001eaa,0x0003003e,
0x000024d6,0x000024d7,0x000b0039,0x0000001d,
0x000024d8,0x000000df,0x000024c8,0x000024cb,
0x000024ce,0x000024d0,0x000024d2,0x000024d4,
0x000024d6,0x00050085,0x0000001d,0x000024d9,
0x000024c7,0x000024d8,0x00050081,0x0000001d,
0x000024da,0x000024c3,0x000024d9,0x0004003d,
0x0000001d,0x000024db,0x00002230,0x0004003d,
0x0000001d,0x000024dc,0x00002234,0x0007000c,
0x0000001d,0x000024dd,0x00000001,0x00000028,
0x000024dc,0x00000933,0x00050088,0x0000001d,
0x000024de,0x000024db,0x000024dd,0x00050041,
0x00000038,0x000024e0,0x00001c83,0x00000171,
0x0004003d,0x00000037,0x000024e1,0x000024e0,
0x0003003e,0x000024df,0x000024e1,0x00050041,
0x00000038,0x000024e3,0x00001c83,0x00000475,
0x0004003d,0x00000037,0x000024e4,0x000024e3,
0x0003003e,0x000024e2,0x000024e4,0x0004003d,
0x00000037,0x000024e6,0x00002254,0x0003003e,
0x000024e5,0x000024e6,0x0004003d,0x00000037,
0x000024e8,0x00001c68,0x0003003e,0x000024e7,
0x000024e8,0x0004003d,0x0000001d,0x000024ea,
0x00001e87,0x0003003e,0x000024e9,0x000024ea,
0x0004003d,0x0000001d,0x000024ec,0x00001eb0,
0x0003003e,0x000024eb,0x000024ec,0x0004003d,
0x0000001d,0x000024ee,0x00001ebe,0x0003003e,
0x000024ed,0x000024ee,0x000b0039,0x0000001d,
0x000024ef,0x000000df,0x000024df,0x000024e2,
0x000024e5,0x000024e7,0x000024e9,0x000024eb,
0x000024ed,0x00050085,0x0000001d,0x000024f0,
0x000024de,0x000024ef,0x00050081,0x0000001d,
0x000024f1,0x000024da,0x000024f0,0x0003003e,
0x00001c75,0x000024f1,0x0003003e,0x00001c77,
0x000013b8,0x0004003d,0x00000037,0x000024f2,
0x000021b5,0x0004003d,0x00000037,0x000024f3,
0x00002206,0x00050081,0x00000037,0x000024f4,
0x000024f2,0x000024f3,0x0004003d,0x0000001d,
0x000024f5,0x00002219,0x0004003d,0x0000001d,
0x000024f6,0x00002234,0x00050088,0x0000001d,
0x000024f7,0x000024f5,0x000024f6,0x0007000c,
0x0000001d,0x000024f8,0x00000001,0x00000028,
0x000024f7,0x00000933,0x00060050,0x00000037,
0x000024f9,0x000024f8,0x000024f8,0x000024f8,
0x00050088,0x00000037,0x000024fa,0x000024f4,
0x000024f9,0x0004003d,0x00000037,0x000024fb,
0x00001c6e,0x00050085,0x00000037,0x000024fc,
0x000024fb,0x000024fa,0x0003003e,0x00001c6e,
0x000024fc,0x000200f9,0x0000244d,0x000200f8,
0x0000244d,0x000200f9,0x000023e2,0x000200f8,
0x000023e2,0x000200f9,0x000023c7,0x000200f8,
0x000023c7,0x000200f9,0x00002345,0x000200f8,
0x00002345,0x00050041,0x00000038,0x000024fd,
0x00001c83,0x00000469,0x0004003d,0x00000037,
0x000024fe,0x000024fd,0x00050041,0x00000038,
0x000024ff,0x00001c83,0x00000171,0x0004003d,
0x00000037,0x00002500,0x000024ff,0x0004003d,
0x0000001d,0x00002501,0x00002340,0x00050085,
0x0000001d,0x00002502,0x00002501,0x00000c90,
0x0005008e,0x00000037,0x00002503,0x00002500,
0x00002502,0x00050081,0x00000037,0x00002504,
0x000024fe,0x00002503,0x0003003e,0x00001c64,
0x00002504,0x0004003d,0x00000006,0x00002505,
0x00001c78,0x00060041,0x000014ea,0x00002506,
0x000014e9,0x00000171,0x0000019a,0x0004003d,
0x00000006,0x00002507,0x00002506,0x000500ae,
0x0000001b,0x00002508,0x00002505,0x00002507,
0x000300f7,0x0000250a,0x00000000,0x000400fa,
0x00002508,0x00002509,0x0000250a,0x000200f8,
0x00002509,0x00050041,0x00000023,0x0000250c,
0x00001c6e,0x0000019a,0x0004003d,0x0000001d,
0x0000250d,0x0000250c,0x00050041,0x00000023,
0x0000250e,0x00001c6e,0x000001a0,0x0004003d,
0x0000001d,0x0000250f,0x0000250e,0x00050041,
0x00000023,0x00002510,0x00001c6e,0x00000192,
0x0004003d,0x0000001d,0x00002511,0x00002510,
0x0007000c,0x0000001d,0x00002512,0x00000001,
0x00000028,0x0000250f,0x00002511,0x0007000c,
0x0000001d,0x00002513,0x00000001,0x00000028,
0x0000250d,0x00002512,0x0008000c,0x0000001d,
0x00002515,0x00000001,0x0000002b,0x00002513,
0x00002514,0x00001df1,0x0003003e,0x0000250b,
0x00002515,0x0004003d,0x00000006,0x00002517,
0x00001c22,0x0003003e,0x00002516,0x00002517,
0x00050039,0x0000001d,0x00002518,0x00000067,
0x00002516,0x0004003d,0x00000006,0x00002519,
0x00002516,0x0003003e,0x00001c22,0x00002519,
0x0004003d,0x0000001d,0x0000251a,0x0000250b,
0x000500ba,0x0000001b,0x0000251b,0x00002518,
0x0000251a,0x000300f7,0x0000251d,0x00000000,
0x000400fa,0x0000251b,0x0000251c,0x0000251d,
0x000200f8,0x0000251c,0x000200f9,0x00001c7b,
0x000200f8,0x0000251d,0x0004003d,0x0000001d,
0x0000251f,0x0000250b,0x0004003d,0x00000037,
0x00002520,0x00001c6e,0x00060050,0x00000037,
0x00002521,0x0000251f,0x0000251f,0x0000251f,
0x00050088,0x00000037,0x00002522,0x00002520,
0x00002521,0x0003003e,0x00001c6e,0x00002522,
0x000200f9,0x0000250a,0x000200f8,0x0000250a,
0x000200f9,0x00001c7c,0x000200f8,0x00001c7c,
0x0004003d,0x00000006,0x00002523,0x00001c78,
0x00050080,0x00000006,0x00002524,0x00002523,
0x00000219,0x0003003e,0x00001c78,0x00002524,
0x000200f9,0x00001c79,0x000200f8,0x00001c7b,
0x0004003d,0x00000037,0x00002525,0x00001c6f,
0x0004003d,0x00000037,0x00002526,0x00001c32,
0x00050081,0x00000037,0x00002527,0x00002526,
0x00002525,0x0003003e,0x00001c32,0x00002527,
0x000200f9,0x00001c37,0x000200f8,0x00001c37,
0x0004003d,0x00000006,0x00002528,0x00001c33,
0x00050080,0x00000006,0x00002529,0x00002528,
0x00000219,0x0003003e,0x00001c33,0x00002529,
0x000200f9,0x00001c34,0x000200f8,0x00001c36,
0x0004003d,0x00000037,0x0000252b,0x00001c32,
0x00060041,0x000014ea,0x0000252c,0x000014e9,
0x00000469,0x00000192,0x0004003d,0x00000006,
0x0000252d,0x0000252c,0x0007000c,0x00000006,
0x0000252e,0x00000001,0x00000029,0x0000252d,
0x000001a0,0x00040070,0x0000001d,0x0000252f,
0x0000252e,0x00060050,0x00000037,0x00002530,
0x0000252f,0x0000252f,0x0000252f,0x00050088,
0x00000037,0x00002531,0x0000252b,0x00002530,
0x00060041,0x00002532,0x00002533,0x000014e9,
0x00000323,0x00000191,0x0004003d,0x0000001d,
0x00002534,0x00002533,0x0006000c,0x0000001d,
0x00002535,0x00000001,0x0000001d,0x00002534,
0x0005008e,0x00000037,0x00002536,0x00002531,
0x00002535,0x0003003e,0x00002537,0x00002536,
0x00050039,0x00000037,0x00002538,0x00000123,
0x00002537,0x0003003e,0x0000252a,0x00002538,
0x00050041,0x00000007,0x0000253a,0x00001c18,
0x000001a0,0x0004003d,0x00000006,0x0000253b,
0x0000253a,0x00060041,0x000014ea,0x0000253c,
0x000014e9,0x00000469,0x0000019a,0x0004003d,
0x00000006,0x0000253d,0x0000253c,0x00050084,
0x00000006,0x0000253e,0x0000253b,0x0000253d,
0x00050041,0x00000007,0x0000253f,0x00001c18,
0x0000019a,0x0004003d,0x00000006,0x00002540,
0x0000253f,0x00050080,0x00000006,0x00002541,
0x0000253e,0x00002540,0x00050084,0x00000006,
0x00002542,0x00002541,0x000001c0,0x0003003e,
0x00002539,0x00002542,0x0004003d,0x00000006,
0x00002547,0x00002539,0x00050041,0x00000023,
0x00002548,0x0000252a,0x0000019a,0x0004003d,
0x0000001d,0x00002549,0x00002548,0x00060041,
0x0000081a,0x0000254a,0x00002546,0x0000024b,
0x00002547,0x0003003e,0x0000254a,0x00002549,
0x0004003d,0x00000006,0x0000254b,0x00002539,
0x00050080,0x00000006,0x0000254c,0x0000254b,
0x000001a0,0x00050041,0x00000023,0x0000254d,
0x0000252a,0x000001a0,0x0004003d,0x0000001d,
0x0000254e,0x0000254d,0x00060041,0x0000081a,
0x0000254f,0x00002546,0x0000024b,0x0000254c,
0x0003003e,0x0000254f,0x0000254e,0x0004003d,
0x00000006,0x00002550,0x00002539,0x00050080,
0x00000006,0x00002551,0x00002550,0x00000192,
0x00050041,0x00000023,0x00002552,0x0000252a,
0x00000192,0x0004003d,0x0000001d,0x00002553,
0x00002552,0x00060041,0x0000081a,0x00002554,
0x00002546,0x0000024b,0x00002551,0x0003003e,
0x00002554,0x00002553,0x0004003d,0x00000006,
0x00002555,0x00002539,0x00050080,0x00000006,
0x00002556,0x00002555,0x00000191,0x00060041,
0x0000081a,0x00002557,0x00002546,0x0000024b,
0x00002556,0x0003003e,0x00002557,0x00000271,
0x000100fd,0x00010038,0x00050036,0x00000006,
0x0000000a,0x00000000,0x00000008,0x00030037,
0x00000007,0x00000009,0x000200f8,0x0000000b,
0x0004003d,0x00000006,0x00000125,0x00000009,
0x000500c2,0x00000006,0x00000127,0x00000125,
0x00000126,0x0004003d,0x00000006,0x00000128,
0x00000009,0x000500c6,0x00000006,0x00000129,
0x00000128,0x00000127,0x0003003e,0x00000009,
0x00000129,0x0004003d,0x00000006,0x0000012b,
0x00000009,0x00050084,0x00000006,0x0000012c,
0x0000012b,0x0000012a,0x0003003e,0x00000009,
0x0000012c,0x0004003d,0x00000006,0x0000012d,
0x00000009,0x000500c2,0x00000006,0x0000012f,
0x0000012d,0x0000012e,0x0004003d,0x00000006,
0x00000130,0x00000009,0x000500c6,0x00000006,
0x00000131,0x00000130,0x0000012f,0x0003003e,
0x00000009,0x00000131,0x0004003d,0x00000006,
0x00000133,0x00000009,0x00050084,0x00000006,
0x00000134,0x00000133,0x00000132,0x0003003e,
0x00000009,0x00000134,0x0004003d,0x00000006,
0x00000135,0x00000009,0x000500c2,0x00000006,
0x00000136,0x00000135,0x00000126,0x0004003d,
0x00000006,0x00000137,0x00000009,0x000500c6,
0x00000006,0x00000138,0x00000137,0x00000136,
0x0003003e,0x00000009,0x00000138,0x0004003d,
0x00000006,0x00000139,0x00000009,0x000200fe,
0x00000139,0x00010038,0x00050036,0x00000006,
0x00000011,0x00000000,0x0000000e,0x00030037,
0x00000007,0x0000000f,0x00030037,0x0000000d,
0x00000010,0x000200f8,0x00000012,0x0004003d,
0x00000006,0x0000013c,0x0000000f,0x0004003d,
0x0000000c,0x0000013d,0x00000010,0x000500c4,
0x00000006,0x0000013e,0x0000013c,0x0000013d,
0x0004003d,0x00000006,0x0000013f,0x0000000f,
0x0004003d,0x0000000c,0x00000141,0x00000010,
0x00050082,0x0000000c,0x00000142,0x00000140,
0x00000141,0x000500c2,0x00000006,0x00000143,
0x0000013f,0x00000142,0x000500c5,0x00000006,
0x00000144,0x0000013e,0x00000143,0x000200fe,
0x00000144,0x00010038,0x00050036,0x00000006,
0x00000017,0x00000000,0x00000013,0x00030037,
0x00000007,0x00000014,0x00030037,0x00000007,
0x00000015,0x00030037,0x00000007,0x00000016,
0x000200f8,0x00000018,0x0004003b,0x00000007,
0x0000014b,0x00000007,0x0004003b,0x0000000d,
0x0000014d,0x00000007,0x0004003b,0x00000007,
0x00000155,0x00000007,0x0004003b,0x0000000d,
0x00000157,0x00000007,0x0004003b,0x00000007,
0x0000015f,0x00000007,0x0004003b,0x0000000d,
0x00000161,0x00000007,0x0004003b,0x00000007,
0x00000168,0x00000007,0x0004003b,0x0000000d,
0x0000016a,0x00000007,0x0004003b,0x00000007,
0x00000172,0x00000007,0x0004003b,0x0000000d,
0x00000174,0x00000007,0x0004003b,0x00000007,
0x0000017b,0x00000007,0x0004003b,0x0000000d,
0x0000017d,0x00000007,0x0004003b,0x00000007,
0x00000185,0x00000007,0x0004003b,0x0000000d,
0x00000187,0x00000007,0x0004003d,0x00000006,
0x00000147,0x00000015,0x0004003d,0x00000006,
0x00000148,0x00000016,0x000500c6,0x00000006,
0x00000149,0x00000148,0x00000147,0x0003003e,
0x00000016,0x00000149,0x0004003d,0x00000006,
0x0000014c,0x00000015,0x0003003e,0x0000014b,
0x0000014c,0x0003003e,0x0000014d,0x0000014a,
0x00060039,0x00000006,0x0000014e,0x00000011,
0x0000014b,0x0000014d,0x0004003d,0x00000006,
0x0000014f,0x00000016,0x00050082,0x00000006,
0x00000150,0x0000014f,0x0000014e,0x0003003e,
0x00000016,0x00000150,0x0004003d,0x00000006,
0x00000151,0x00000016,0x0004003d,0x00000006,
0x00000152,0x00000014,0x000500c6,0x00000006,
0x00000153,0x00000152,0x00000151,0x0003003e,
0x00000014,0x00000153,0x0004003d,0x00000006,
0x00000156,0x00000016,0x0003003e,0x00000155,
0x00000156,0x0003003e,0x00000157,0x00000154,
0x00060039,0x00000006,0x00000158,0x00000011,
0x00000155,0x00000157,0x0004003d,0x00000006,
0x00000159,0x00000014,0x00050082,0x00000006,
0x0000015a,0x00000159,0x00000158,0x0003003e,
0x00000014,0x0000015a,0x0004003d,0x00000006,
0x0000015b,0x00000014,0x0004003d,0x00000006,
0x0000015c,0x00000015,0x000500c6,0x00000006,
0x0000015d,0x0000015c,0x0000015b,0x0003003e,
0x00000015,0x0000015d,0x0004003d,0x00000006,
0x00000160,0x00000014,0x0003003e,0x0000015f,
0x00000160,0x0003003e,0x00000161,0x0000015e,
0x00060039,0x00000006,0x00000162,0x00000011,
0x0000015f,0x00000161,0x0004003d,0x00000006,
0x00000163,0x00000015,0x00050082,0x00000006,
0x00000164,0x00000163,0x00000162,0x0003003e,
0x00000015,0x00000164,0x0004003d,0x00000006,
0x00000165,0x00000015,0x0004003d,0x00000006,
0x00000166,0x00000016,0x000500c6,0x00000006,
0x00000167,0x00000166,0x00000165,0x0003003e,
0x00000016,0x00000167,0x0004003d,0x00000006,
0x00000169,0x00000015,0x0003003e,0x00000168,
0x00000169,0x0003003e,0x0000016a,0x00000126,
0x00060039,0x00000006,0x0000016b,0x00000011,
0x00000168,0x0000016a,0x0004003d,0x00000006,
0x0000016c,0x00000016,0x00050082,0x00000006,
0x0000016d,0x0000016c,0x0000016b,0x0003003e,
0x00000016,0x0000016d,0x0004003d,0x00000006,
0x0000016e,0x00000016,0x0004003d,0x00000006,
0x0000016f,0x00000014,0x000500c6,0x00000006,
0x00000170,0x0000016f,0x0000016e,0x0003003e,
0x00000014,0x00000170,0x0004003d,0x00000006,
0x00000173,0x00000016,0x0003003e,0x00000172,
0x00000173,0x0003003e,0x00000174,0x00000171,
0x00060039,0x00000006,0x00000175,0x00000011,
0x00000172,0x00000174,0x0004003d,0x00000006,
0x00000176,0x00000014,0x00050082,0x00000006,
0x00000177,0x00000176,0x00000175,0x0003003e,
0x00000014,0x00000177,0x0004003d,0x00000006,
0x00000178,0x00000014,0x0004003d,0x00000006,
0x00000179,0x00000015,0x000500c6,0x00000006,
0x0000017a,0x00000179,0x00000178,0x0003003e,
0x00000015,0x0000017a,0x0004003d,0x00000006,
0x0000017c,0x00000014,0x0003003e,0x0000017b,
0x0000017c,0x0003003e,0x0000017d,0x0000014a,
0x00060039,0x00000006,0x0000017e,0x00000011,
0x0000017b,0x0000017d,0x0004003d,0x00000006,
0x0000017f,0x00000015,0x00050082,0x00000006,
0x00000180,0x0000017f,0x0000017e,0x0003003e,
0x00000015,0x00000180,0x0004003d,0x00000006,
0x00000181,0x00000015,0x0004003d,0x00000006,
0x00000182,0x00000016,0x000500c6,0x00000006,
0x00000183,0x00000182,0x00000181,0x0003003e,
0x00000016,0x00000183,0x0004003d,0x00000006,
0x00000186,0x00000015,0x0003003e,0x00000185,
0x00000186,0x0003003e,0x00000187,0x00000184,
0x00060039,0x00000006,0x00000188,0x00000011,
0x00000185,0x00000187,0x0004003d,0x00000006,
0x00000189,0x00000016,0x00050082,0x00000006,
0x0000018a,0x00000189,0x00000188,0x0003003e,
0x00000016,0x0000018a,0x0004003d,0x00000006,
0x0000018b,0x00000016,0x000200fe,0x0000018b,
0x00010038,0x00050036,0x0000001d,0x00000021,
0x00000000,0x0000001e,0x00030037,0x0000001a,
0x0000001f,0x00030037,0x0000001c,0x00000020,
0x000200f8,0x00000022,0x0004003b,0x00000007,
0x0000018e,0x00000007,0x0004003b,0x00000007,
0x00000198,0x00000007,0x0004003b,0x00000007,
0x000001a7,0x00000007,0x0004003b,0x00000007,
0x000001b0,0x00000007,0x0004003b,0x00000007,
0x000001b1,0x00000007,0x0004003b,0x00000007,
0x000001b2,0x00000007,0x0004003d,0x0000001b,
0x00000190,0x00000020,0x000600a9,0x00000006,
0x00000193,0x00000190,0x00000191,0x00000192,
0x000500c4,0x00000006,0x00000194,0x00000193,
0x00000192,0x00050080,0x00000006,0x00000195,
0x0000018f,0x00000194,0x00050080,0x00000006,
0x00000197,0x00000195,0x00000196,0x0003003e,
0x0000018e,0x00000197,0x0004003d,0x00000006,
0x00000199,0x0000018e,0x00050041,0x0000000d,
0x0000019b,0x0000001f,0x0000019a,0x0004003d,
0x0000000c,0x0000019c,0x0000019b,0x0004007c,
0x00000006,0x0000019d,0x0000019c,0x00050080,
0x00000006,0x0000019e,0x00000199,0x0000019d,
0x0004003d,0x00000006,0x0000019f,0x0000018e,
0x00050041,0x0000000d,0x000001a1,0x0000001f,
0x000001a0,0x0004003d,0x0000000c,0x000001a2,
0x000001a1,0x0004007c,0x00000006,0x000001a3,
0x000001a2,0x00050080,0x00000006,0x000001a4,
0x0000019f,0x000001a3,0x0004003d,0x00000006,
0x000001a5,0x0000018e,0x0004003d,0x0000001b,
0x000001a6,0x00000020,0x000300f7,0x000001a9,
0x00000000,0x000400fa,0x000001a6,0x000001a8,
0x000001ad,0x000200f8,0x000001a8,0x00050041,
0x0000000d,0x000001aa,0x0000001f,0x00000192,
0x0004003d,0x0000000c,0x000001ab,0x000001aa,
0x0004007c,0x00000006,0x000001ac,0x000001ab,
0x0003003e,0x000001a7,0x000001ac,0x000200f9,
0x000001a9,0x000200f8,0x000001ad,0x0003003e,
0x000001a7,0x0000019a,0x000200f9,0x000001a9,
0x000200f8,0x000001a9,0x0004003d,0x00000006,
0x000001ae,0x000001a7,0x00050080,0x00000006,
0x000001af,0x000001a5,0x000001ae,0x0003003e,
0x000001b0,0x0000019e,0x0003003e,0x000001b1,
0x000001a4,0x0003003e,0x000001b2,0x000001af,
0x00070039,0x00000006,0x000001b3,0x00000017,
0x000001b0,0x000001b1,0x000001b2,0x0003003e,
0x00000198,0x000001b3,0x0004003d,0x00000006,
0x000001b4,0x00000198,0x00040070,0x0000001d,
0x000001b5,0x000001b4,0x00050088,0x0000001d,
0x000001b7,0x000001b5,0x000001b6,0x000200fe,
0x000001b7,0x00010038,0x00050036,0x0000001d,
0x00000028,0x00000000,0x00000024,0x00030037,
0x00000007,0x00000025,0x00030037,0x00000023,
0x00000026,0x00030037,0x00000023,0x00000027,
0x000200f8,0x00000029,0x0004003b,0x00000007,
0x000001ba,0x00000007,0x0004003b,0x00000023,
0x000001be,0x00000007,0x0004003b,0x00000023,
0x000001c5,0x00000007,0x0004003b,0x00000023,
0x000001d0,0x00000007,0x0004003b,0x00000023,
0x000001db,0x00000007,0x0004003d,0x00000006,
0x000001bb,0x00000025,0x000500c7,0x00000006,
0x000001bd,0x000001bb,0x000001bc,0x0003003e,
0x000001ba,0x000001bd,0x0004003d,0x00000006,
0x000001bf,0x000001ba,0x000500b0,0x0000001b,
0x000001c1,0x000001bf,0x000001c0,0x0004003d,
0x0000001d,0x000001c2,0x00000026,0x0004003d,
0x0000001d,0x000001c3,0x00000027,0x000600a9,
0x0000001d,0x000001c4,0x000001c1,0x000001c2,
0x000001c3,0x0003003e,0x000001be,0x000001c4,
0x0004003d,0x00000006,0x000001c7,0x000001ba,
0x000500b0,0x0000001b,0x000001c8,0x000001c7,
0x000001c0,0x0004003d,0x0000001d,0x000001c9,
0x00000027,0x0004003d,0x0000001d,0x000001ca,
0x00000026,0x000600a9,0x0000001d,0x000001cb,
0x000001c8,0x000001c9,0x000001ca,0x00050085,
0x0000001d,0x000001cc,0x000001c6,0x000001cb,
0x0003003e,0x000001c5,0x000001cc,0x0004003d,
0x00000006,0x000001cd,0x000001ba,0x000500c7,
0x00000006,0x000001ce,0x000001cd,0x000001a0,
0x000500ab,0x0000001b,0x000001cf,0x000001ce,
0x0000019a,0x000300f7,0x000001d2,0x00000000,
0x000400fa,0x000001cf,0x000001d1,0x000001d5,
0x000200f8,0x000001d1,0x0004003d,0x0000001d,
0x000001d3,0x000001be,0x0004007f,0x0000001d,
0x000001d4,0x000001d3,0x0003003e,0x000001d0,
0x000001d4,0x000200f9,0x000001d2,0x000200f8,
0x000001d5,0x0004003d,0x0000001d,0x000001d6,
0x000001be,0x0003003e,0x000001d0,0x000001d6,
0x000200f9,0x000001d2,0x000200f8,0x000001d2,
0x0004003d,0x0000001d,0x000001d7,0x000001d0,
0x0004003d,0x00000006,0x000001d8,0x000001ba,
0x000500c7,0x00000006,0x000001d9,0x000001d8,
0x00000192,0x000500ab,0x0000001b,0x000001da,
0x000001d9,0x0000019a,0x000300f7,0x000001dd,
0x00000000,0x000400fa,0x000001da,0x000001dc,
0x000001e0,0x000200f8,0x000001dc,0x0004003d,
0x0000001d,0x000001de,0x000001c5,0x0004007f,
0x0000001d,0x000001df,0x000001de,0x0003003e,
0x000001db,0x000001df,0x000200f9,0x000001dd,
0x000200f8,0x000001e0,0x0004003d,0x0000001d,
0x000001e1,0x000001c5,0x0003003e,0x000001db,
0x000001e1,0x000200f9,0x000001dd,0x000200f8,
0x000001dd,0x0004003d,0x0000001d,0x000001e2,
0x000001db,0x00050081,0x0000001d,0x000001e3,
0x000001d7,0x000001e2,0x000200fe,0x000001e3,
0x00010038,0x00050036,0x0000001d,0x0000002f,
0x00000000,0x0000002c,0x00030037,0x0000002b,
0x0000002d,0x00030037,0x0000000d,0x0000002e,
0x000200f8,0x00000030,0x0004003b,0x000001e7,
0x000001e8,0x00000007,0x0004003b,0x0000002b,
0x000001ec,0x00000007,0x0004003b,0x0000002b,
0x000001f1,0x00000007,0x0004003b,0x00000007,
0x00000203,0x00000007,0x0004003b,0x00000007,
0x00000205,0x00000007,0x0004003b,0x00000007,
0x00000210,0x00000007,0x0004003b,0x00000007,
0x00000211,0x00000007,0x0004003b,0x00000007,
0x00000212,0x00000007,0x0004003b,0x00000007,
0x00000215,0x00000007,0x0004003b,0x00000007,
0x00000222,0x00000007,0x0004003b,0x00000007,
0x00000223,0x00000007,0x0004003b,0x00000007,
0x00000224,0x00000007,0x0004003b,0x00000007,
0x00000227,0x00000007,0x0004003b,0x00000007,
0x00000233,0x00000007,0x0004003b,0x00000007,
0x00000234,0x00000007,0x0004003b,0x00000007,
0x00000235,0x00000007,0x0004003b,0x00000007,
0x00000238,0x00000007,0x0004003b,0x00000007,
0x00000245,0x00000007,0x0004003b,0x00000007,
0x00000246,0x00000007,0x0004003b,0x00000007,
0x00000247,0x00000007,0x0004003b,0x0000000d,
0x0000024f,0x00000007,0x0004003b,0x00000023,
0x00000264,0x00000007,0x0004003b,0x00000007,
0x00000265,0x00000007,0x0004003b,0x00000023,
0x00000267,0x00000007,0x0004003b,0x00000023,
0x0000026a,0x00000007,0x0004003b,0x00000023,
0x0000026e,0x00000007,0x0004003b,0x00000007,
0x00000273,0x00000007,0x0004003b,0x00000023,
0x00000275,0x00000007,0x0004003b,0x00000023,
0x00000276,0x00000007,0x0004003b,0x00000023,
0x0000027a,0x00000007,0x0004003b,0x00000007,
0x0000027e,0x00000007,0x0004003b,0x00000023,
0x00000280,0x00000007,0x0004003b,0x00000023,
0x00000283,0x00000007,0x0004003b,0x00000023,
0x00000285,0x00000007,0x0004003b,0x00000007,
0x0000028c,0x00000007,0x0004003b,0x00000023,
0x0000028e,0x00000007,0x0004003b,0x00000023,
0x0000028f,0x00000007,0x0004003d,0x0000002a,
0x000001e9,0x0000002d,0x0006000c,0x0000002a,
0x000001ea,0x00000001,0x00000008,0x000001e9,
0x0004006e,0x000001e6,0x000001eb,0x000001ea,
0x0003003e,0x000001e8,0x000001eb,0x0004003d,
0x0000002a,0x000001ed,0x0000002d,0x0004003d,
0x000001e6,0x000001ee,0x000001e8,0x0004006f,
0x0000002a,0x000001ef,0x000001ee,0x00050083,
0x0000002a,0x000001f0,0x000001ed,0x000001ef,
0x0003003e,0x000001ec,0x000001f0,0x0004003d,
0x0000002a,0x000001f2,0x000001ec,0x0004003d,
0x0000002a,0x000001f3,0x000001ec,0x00050085,
0x0000002a,0x000001f4,0x000001f2,0x000001f3,
0x0004003d,0x0000002a,0x000001f5,0x000001ec,
0x00050085,0x0000002a,0x000001f6,0x000001f4,
0x000001f5,0x0004003d,0x0000002a,0x000001f7,
0x000001ec,0x0004003d,0x0000002a,0x000001f8,
0x000001ec,0x0005008e,0x0000002a,0x000001fa,
0x000001f8,0x000001f9,0x00050050,0x0000002a,
0x000001fc,0x000001fb,0x000001fb,0x00050083,
0x0000002a,0x000001fd,0x000001fa,0x000001fc,
0x00050085,0x0000002a,0x000001fe,0x000001f7,
0x000001fd,0x00050050,0x0000002a,0x00000200,
0x000001ff,0x000001ff,0x00050081,0x0000002a,
0x00000201,0x000001fe,0x00000200,0x00050085,
0x0000002a,0x00000202,0x000001f6,0x00000201,
0x0003003e,0x000001f1,0x00000202,0x0003003e,
0x00000203,0x00000204,0x0004003d,0x00000006,
0x00000206,0x00000203,0x00050041,0x0000000d,
0x00000207,0x000001e8,0x0000019a,0x0004003d,
0x0000000c,0x00000208,0x00000207,0x0004007c,
0x00000006,0x00000209,0x00000208,0x00050080,
0x00000006,0x0000020a,0x00000206,0x00000209,
0x0004003d,0x00000006,0x0000020b,0x00000203,
0x00050041,0x0000000d,0x0000020c,0x000001e8,
0x000001a0,0x0004003d,0x0000000c,0x0000020d,
0x0000020c,0x0004007c,0x00000006,0x0000020e,
0x0000020d,0x00050080,0x00000006,0x0000020f,
0x0000020b,0x0000020e,0x0003003e,0x00000210,
0x0000020a,0x0003003e,0x00000211,0x0000020f,
0x0004003d,0x00000006,0x00000213,0x00000203,
0x0003003e,0x00000212,0x00000213,0x00070039,
0x00000006,0x00000214,0x00000017,0x00000210,
0x00000211,0x00000212,0x0003003e,0x00000205,
0x00000214,0x0004003d,0x00000006,0x00000216,
0x00000203,0x00050041,0x0000000d,0x00000217,
0x000001e8,0x0000019a,0x0004003d,0x0000000c,
0x00000218,0x00000217,0x00050080,0x0000000c,
0x0000021a,0x00000218,0x00000219,0x0004007c,
0x00000006,0x0000021b,0x0000021a,0x00050080,
0x00000006,0x0000021c,0x00000216,0x0000021b,
0x0004003d,0x00000006,0x0000021d,0x00000203,
0x00050041,0x0000000d,0x0000021e,0x000001e8,
0x000001a0,0x0004003d,0x0000000c,0x0000021f,
0x0000021e,0x0004007c,0x00000006,0x00000220,
0x0000021f,0x00050080,0x00000006,0x00000221,
0x0000021d,0x00000220,0x0003003e,0x00000222,
0x0000021c,0x0003003e,0x00000223,0x00000221,
0x0004003d,0x00000006,0x00000225,0x00000203,
0x0003003e,0x00000224,0x00000225,0x00070039,
0x00000006,0x00000226,0x00000017,0x00000222,
0x00000223,0x00000224,0x0003003e,0x00000215,
0x00000226,0x0004003d,0x00000006,0x00000228,
0x00000203,0x00050041,0x0000000d,0x00000229,
0x000001e8,0x0000019a,0x0004003d,0x0000000c,
0x0000022a,0x00000229,0x0004007c,0x00000006,
0x0000022b,0x0000022a,0x00050080,0x00000006,
0x0000022c,0x00000228,0x0000022b,0x0004003d,
0x00000006,0x0000022d,0x00000203,0x00050041,
0x0000000d,0x0000022e,0x000001e8,0x000001a0,
0x0004003d,0x0000000c,0x0000022f,0x0000022e,
0x00050080,0x0000000c,0x00000230,0x0000022f,
0x00000219,0x0004007c,0x00000006,0x00000231,
0x00000230,0x00050080,0x00000006,0x00000232,
0x0000022d,0x00000231,0x0003003e,0x00000233,
0x0000022c,0x0003003e,0x00000234,0x00000232,
0x0004003d,0x00000006,0x00000236,0x00000203,
0x0003003e,0x00000235,0x00000236,0x00070039,
0x00000006,0x00000237,0x00000017,0x00000233,
0x00000234,0x00000235,0x0003003e,0x00000227,
0x00000237,0x0004003d,0x00000006,0x00000239,
0x00000203,0x00050041,0x0000000d,0x0000023a,
0x000001e8,0x0000019a,0x0004003d,0x0000000c,
0x0000023b,0x0000023a,0x00050080,0x0000000c,
0x0000023c,0x0000023b,0x00000219,0x0004007c,
0x00000006,0x0000023d,0x0000023c,0x00050080,
0x00000006,0x0000023e,0x00000239,0x0000023d,
0x0004003d,0x00000006,0x0000023f,0x00000203,
0x00050041,0x0000000d,0x00000240,0x000001e8,
0x000001a0,0x0004003d,0x0000000c,0x00000241,
0x00000240,0x00050080,0x0000000c,0x00000242,
0x00000241,0x00000219,0x0004007c,0x00000006,
0x00000243,0x00000242,0x00050080,0x00000006,
0x00000244,0x0000023f,0x00000243,0x0003003e,
0x00000245,0x0000023e,0x0003003e,0x00000246,
0x00000244,0x0004003d,0x00000006,0x00000248,
0x00000203,0x0003003e,0x00000247,0x00000248,
0x00070039,0x00000006,0x00000249,0x00000017,
0x00000245,0x00000246,0x00000247,0x0003003e,
0x00000238,0x00000249,0x0004003d,0x0000000c,
0x0000024a,0x0000002e,0x000500af,0x0000001b,
0x0000024c,0x0000024a,0x0000024b,0x000300f7,
0x0000024e,0x00000000,0x000400fa,0x0000024c,
0x0000024d,0x0000024e,0x000200f8,0x0000024d,
0x0004003d,0x0000000c,0x00000250,0x0000002e,
0x00050084,0x0000000c,0x00000252,0x00000250,
0x00000251,0x0003003e,0x0000024f,0x00000252,
0x0004003d,0x00000006,0x00000253,0x00000205,
0x0004003d,0x0000000c,0x00000254,0x0000024f,
0x000500c2,0x00000006,0x00000255,0x00000253,
0x00000254,0x000500c7,0x00000006,0x00000257,
0x00000255,0x00000256,0x0003003e,0x00000205,
0x00000257,0x0004003d,0x00000006,0x00000258,
0x00000215,0x0004003d,0x0000000c,0x00000259,
0x0000024f,0x000500c2,0x00000006,0x0000025a,
0x00000258,0x00000259,0x000500c7,0x00000006,
0x0000025b,0x0000025a,0x00000256,0x0003003e,
0x00000215,0x0000025b,0x0004003d,0x00000006,
0x0000025c,0x00000227,0x0004003d,0x0000000c,
0x0000025d,0x0000024f,0x000500c2,0x00000006,
0x0000025e,0x0000025c,0x0000025d,0x000500c7,
0x00000006,0x0000025f,0x0000025e,0x00000256,
0x0003003e,0x00000227,0x0000025f,0x0004003d,
0x00000006,0x00000260,0x00000238,0x0004003d,
0x0000000c,0x00000261,0x0000024f,0x000500c2,
0x00000006,0x00000262,0x00000260,0x00000261,
0x000500c7,0x00000006,0x00000263,0x00000262,
0x00000256,0x0003003e,0x00000238,0x00000263,
0x000200f9,0x0000024e,0x000200f8,0x0000024e,
0x0004003d,0x00000006,0x00000266,0x00000205,
0x0003003e,0x00000265,0x00000266,0x00050041,
0x00000023,0x00000268,0x000001ec,0x0000019a,
0x0004003d,0x0000001d,0x00000269,0x00000268,
0x0003003e,0x00000267,0x00000269,0x00050041,
0x00000023,0x0000026b,0x000001ec,0x000001a0,
0x0004003d,0x0000001d,0x0000026c,0x0000026b,
0x0003003e,0x0000026a,0x0000026c,0x00070039,
0x0000001d,0x0000026d,0x00000028,0x00000265,
0x00000267,0x0000026a,0x0003003e,0x00000264,
0x0000026d,0x00050041,0x00000023,0x0000026f,
0x000001ec,0x0000019a,0x0004003d,0x0000001d,
0x00000270,0x0000026f,0x00050083,0x0000001d,
0x00000272,0x00000270,0x00000271,0x0004003d,
0x00000006,0x00000274,0x00000215,0x0003003e,
0x00000273,0x00000274,0x0003003e,0x00000275,
0x00000272,0x00050041,0x00000023,0x00000277,
0x000001ec,0x000001a0,0x0004003d,0x0000001d,
0x00000278,0x00000277,0x0003003e,0x00000276,
0x00000278,0x00070039,0x0000001d,0x00000279,
0x00000028,0x00000273,0x00000275,0x00000276,
0x0003003e,0x0000026e,0x00000279,0x00050041,
0x00000023,0x0000027b,0x000001ec,0x000001a0,
0x0004003d,0x0000001d,0x0000027c,0x0000027b,
0x00050083,0x0000001d,0x0000027d,0x0000027c,
0x00000271,0x0004003d,0x00000006,0x0000027f,
0x00000227,0x0003003e,0x0000027e,0x0000027f,
0x00050041,0x00000023,0x00000281,0x000001ec,
0x0000019a,0x0004003d,0x0000001d,0x00000282,
0x00000281,0x0003003e,0x00000280,0x00000282,
0x0003003e,0x00000283,0x0000027d,0x00070039,
0x0000001d,0x00000284,0x00000028,0x0000027e,
0x00000280,0x00000283,0x0003003e,0x0000027a,
0x00000284,0x00050041,0x00000023,0x00000286,
0x000001ec,0x0000019a,0x0004003d,0x0000001d,
0x00000287,0x00000286,0x00050083,0x0000001d,
0x00000288,0x00000287,0x00000271,0x00050041,
0x00000023,0x00000289,0x000001ec,0x000001a0,
0x0004003d,0x0000001d,0x0000028a,0x00000289,
0x00050083,0x0000001d,0x0000028b,0x0000028a,
0x00000271,0x0004003d,0x00000006,0x0000028d,
0x00000238,0x0003003e,0x0000028c,0x0000028d,
0x0003003e,0x0000028e,0x00000288,0x0003003e,
0x0000028f,0x0000028b,0x00070039,0x0000001d,
0x00000290,0x00000028,0x0000028c,0x0000028e,
0x0000028f,0x0003003e,0x00000285,0x00000290,
0x00050041,0x00000023,0x00000292,0x000001f1,
0x000001a0,0x0004003d,0x0000001d,0x00000293,
0x00000292,0x00050083,0x0000001d,0x00000294,
0x00000271,0x00000293,0x0004003d,0x0000001d,
0x00000295,0x00000264,0x0004003d,0x0000001d,
0x00000296,0x0000026e,0x00050041,0x00000023,
0x00000297,0x000001f1,0x0000019a,0x0004003d,
0x0000001d,0x00000298,0x00000297,0x0008000c,
0x0000001d,0x00000299,0x00000001,0x0000002e,
0x00000295,0x00000296,0x00000298,0x00050085,
0x0000001d,0x0000029a,0x00000294,0x00000299,
0x00050041,0x00000023,0x0000029b,0x000001f1,
0x000001a0,0x0004003d,0x0000001d,0x0000029c,
0x0000029b,0x0004003d,0x0000001d,0x0000029d,
0x0000027a,0x0004003d,0x0000001d,0x0000029e,
0x00000285,0x00050041,0x00000023,0x0000029f,
0x000001f1,0x0000019a,0x0004003d,0x0000001d,
0x000002a0,0x0000029f,0x0008000c,0x0000001d,
0x000002a1,0x00000001,0x0000002e,0x0000029d,
0x0000029e,0x000002a0,0x00050085,0x0000001d,
0x000002a2,0x0000029c,0x000002a1,0x00050081,
0x0000001d,0x000002a3,0x0000029a,0x000002a2,
0x00050085,0x0000001d,0x000002a4,0x00000291,
0x000002a3,0x000200fe,0x000002a4,0x00010038,
0x00050036,0x0000001d,0x00000035,0x00000000,
0x00000031,0x00030037,0x0000001a,0x00000032,
0x00030037,0x0000001c,0x00000033,0x00030037,
0x0000000d,0x00000034,0x000200f8,0x00000036,
0x0004003b,0x00000007,0x000002a7,0x00000007,
0x0004003b,0x00000007,0x000002ad,0x00000007,
0x0004003b,0x00000007,0x000002ba,0x00000007,
0x0004003b,0x00000007,0x000002c3,0x00000007,
0x0004003b,0x00000007,0x000002c4,0x00000007,
0x0004003b,0x00000007,0x000002c5,0x00000007,
0x0004003d,0x0000001b,0x000002a8,0x00000033,
0x000600a9,0x00000006,0x000002a9,0x000002a8,
0x00000191,0x00000192,0x000500c4,0x00000006,
0x000002aa,0x000002a9,0x00000192,0x00050080,
0x00000006,0x000002ab,0x0000018f,0x000002aa,
0x00050080,0x00000006,0x000002ac,0x000002ab,
0x00000196,0x0003003e,0x000002a7,0x000002ac,
0x0004003d,0x00000006,0x000002ae,0x000002a7,
0x00050041,0x0000000d,0x000002af,0x00000032,
0x0000019a,0x0004003d,0x0000000c,0x000002b0,
0x000002af,0x0004007c,0x00000006,0x000002b1,
0x000002b0,0x00050080,0x00000006,0x000002b2,
0x000002ae,0x000002b1,0x0004003d,0x00000006,
0x000002b3,0x000002a7,0x00050041,0x0000000d,
0x000002b4,0x00000032,0x000001a0,0x0004003d,
0x0000000c,0x000002b5,0x000002b4,0x0004007c,
0x00000006,0x000002b6,0x000002b5,0x00050080,
0x00000006,0x000002b7,0x000002b3,0x000002b6,
0x0004003d,0x00000006,0x000002b8,0x000002a7,
0x0004003d,0x0000001b,0x000002b9,0x00000033,
0x000300f7,0x000002bc,0x00000000,0x000400fa,
0x000002b9,0x000002bb,0x000002c0,0x000200f8,
0x000002bb,0x00050041,0x0000000d,0x000002bd,
0x00000032,0x00000192,0x0004003d,0x0000000c,
0x000002be,0x000002bd,0x0004007c,0x00000006,
0x000002bf,0x000002be,0x0003003e,0x000002ba,
0x000002bf,0x000200f9,0x000002bc,0x000200f8,
0x000002c0,0x0003003e,0x000002ba,0x0000019a,
0x000200f9,0x000002bc,0x000200f8,0x000002bc,
0x0004003d,0x00000006,0x000002c1,0x000002ba,
0x00050080,0x00000006,0x000002c2,0x000002b8,
0x000002c1,0x0003003e,0x000002c3,0x000002b2,
0x0003003e,0x000002c4,0x000002b7,0x0003003e,
0x000002c5,0x000002c2,0x00070039,0x00000006,
0x000002c6,0x00000017,0x000002c3,0x000002c4,
0x000002c5,0x0003003e,0x000002ad,0x000002c6,
0x0004003d,0x0000000c,0x000002c7,0x00000034,
0x000500af,0x0000001b,0x000002c8,0x000002c7,
0x0000024b,0x000300f7,0x000002ca,0x00000000,
0x000400fa,0x000002c8,0x000002c9,0x000002ca,
0x000200f8,0x000002c9,0x0004003d,0x00000006,
0x000002cb,0x000002ad,0x0004003d,0x0000000c,
0x000002cc,0x00000034,0x00050084,0x0000000c,
0x000002cd,0x000002cc,0x00000251,0x0004007c,
0x00000006,0x000002ce,0x000002cd,0x000500c2,
0x00000006,0x000002cf,0x000002cb,0x000002ce,
0x000500c7,0x00000006,0x000002d0,0x000002cf,
0x00000256,0x0003003e,0x000002ad,0x000002d0,
0x000200f9,0x000002ca,0x000200f8,0x000002ca,
0x0004003d,0x00000006,0x000002d1,0x000002ad,
0x00040070,0x0000001d,0x000002d2,0x000002d1,
0x0004003d,0x0000000c,0x000002d3,0x00000034,
0x000500af,0x0000001b,0x000002d4,0x000002d3,
0x0000024b,0x000600a9,0x0000001d,0x000002d6,
0x000002d4,0x000002d5,0x000001b6,0x00050088,
0x0000001d,0x000002d7,0x000002d2,0x000002d6,
0x000200fe,0x000002d7,0x00010038,0x00050036,
0x00000039,0x00000040,0x00000000,0x0000003a,
0x00030037,0x00000038,0x0000003b,0x00030037,
0x0000001c,0x0000003c,0x00030037,0x00000023,
0x0000003d,0x00030037,0x0000000d,0x0000003e,
0x00030037,0x0000000d,0x0000003f,0x000200f8,
0x00000041,0x0004003b,0x0000001a,0x000002da,
0x00000007,0x0004003b,0x00000038,0x000002e3,
0x00000007,0x0004003b,0x00000038,0x000002e8,
0x00000007,0x0004003b,0x00000038,0x000002eb,
0x00000007,0x0004003b,0x0000000d,0x000002ee,
0x00000007,0x0004003b,0x0000000d,0x000002f7,
0x00000007,0x0004003b,0x0000000d,0x000002ff,
0x00000007,0x0004003b,0x0000001a,0x0000030b,
0x00000007,0x0004003b,0x00000038,0x00000312,
0x00000007,0x0004003b,0x0000001a,0x00000313,
0x00000007,0x0004003b,0x0000001c,0x00000315,
0x00000007,0x0004003b,0x0000000d,0x00000317,
0x00000007,0x0004003b,0x0000001a,0x00000319,
0x00000007,0x0004003b,0x0000001c,0x0000031b,
0x00000007,0x0004003b,0x0000000d,0x0000031d,
0x00000007,0x0004003b,0x00000023,0x00000320,
0x00000007,0x0004003b,0x0000001a,0x00000324,
0x00000007,0x0004003b,0x0000001c,0x00000326,
0x00000007,0x0004003b,0x0000000d,0x00000328,
0x00000007,0x0004003b,0x00000038,0x0000032d,
0x00000007,0x0004003b,0x00000038,0x0000033d,
0x00000007,0x0004003b,0x00000023,0x00000346,
0x00000007,0x0004003b,0x0000005b,0x00000373,
0x00000007,0x0004003b,0x0000001a,0x00000379,
0x00000007,0x0004003b,0x0000000d,0x00000381,
0x00000007,0x0004003b,0x0000001a,0x0000038f,
0x00000007,0x0004003b,0x0000001c,0x00000391,
0x00000007,0x0004003b,0x0000000d,0x00000393,
0x00000007,0x0004003b,0x0000000d,0x00000399,
0x00000007,0x0004003d,0x00000037,0x000002db,
0x0000003b,0x0006000c,0x00000037,0x000002dc,
0x00000001,0x00000008,0x000002db,0x0004006e,
0x00000019,0x000002dd,0x000002dc,0x0003003e,
0x000002da,0x000002dd,0x0004003d,0x0000001b,
0x000002de,0x0000003c,0x000400a8,0x0000001b,
0x000002df,0x000002de,0x000300f7,0x000002e1,
0x00000000,0x000400fa,0x000002df,0x000002e0,
0x000002e1,0x000200f8,0x000002e0,0x00050041,
0x0000000d,0x000002e2,0x000002da,0x00000192,
0x0003003e,0x000002e2,0x0000024b,0x000200f9,
0x000002e1,0x000200f8,0x000002e1,0x0004003d,
0x00000037,0x000002e4,0x0000003b,0x0004003d,
0x00000019,0x000002e5,0x000002da,0x0004006f,
0x00000037,0x000002e6,0x000002e5,0x00050083,
0x00000037,0x000002e7,0x000002e4,0x000002e6,
0x0003003e,0x000002e3,0x000002e7,0x0003003e,
0x000002e8,0x000002ea,0x0003003e,0x000002eb,
0x000002ed,0x0003003e,0x000002ee,0x000002ef,
0x000200f9,0x000002f0,0x000200f8,0x000002f0,
0x000400f6,0x000002f2,0x000002f3,0x00000000,
0x000200f9,0x000002f4,0x000200f8,0x000002f4,
0x0004003d,0x0000000c,0x000002f5,0x000002ee,
0x000500b3,0x0000001b,0x000002f6,0x000002f5,
0x00000219,0x000400fa,0x000002f6,0x000002f1,
0x000002f2,0x000200f8,0x000002f1,0x0003003e,
0x000002f7,0x000002ef,0x000200f9,0x000002f8,
0x000200f8,0x000002f8,0x000400f6,0x000002fa,
0x000002fb,0x00000000,0x000200f9,0x000002fc,
0x000200f8,0x000002fc,0x0004003d,0x0000000c,
0x000002fd,0x000002f7,0x000500b3,0x0000001b,
0x000002fe,0x000002fd,0x00000219,0x000400fa,
0x000002fe,0x000002f9,0x000002fa,0x000200f8,
0x000002f9,0x0004003d,0x0000001b,0x00000300,
0x0000003c,0x000600a9,0x0000000c,0x00000301,
0x00000300,0x000002ef,0x0000024b,0x0003003e,
0x000002ff,0x00000301,0x000200f9,0x00000302,
0x000200f8,0x00000302,0x000400f6,0x00000304,
0x00000305,0x00000000,0x000200f9,0x00000306,
0x000200f8,0x00000306,0x0004003d,0x0000000c,
0x00000307,0x000002ff,0x0004003d,0x0000001b,
0x00000308,0x0000003c,0x000600a9,0x0000000c,
0x00000309,0x00000308,0x00000219,0x0000024b,
0x000500b3,0x0000001b,0x0000030a,0x00000307,
0x00000309,0x000400fa,0x0000030a,0x00000303,
0x00000304,0x000200f8,0x00000303,0x0004003d,
0x00000019,0x0000030c,0x000002da,0x0004003d,
0x0000000c,0x0000030d,0x000002ee,0x0004003d,
0x0000000c,0x0000030e,0x000002f7,0x0004003d,
0x0000000c,0x0000030f,0x000002ff,0x00060050,
0x00000019,0x00000310,0x0000030d,0x0000030e,
0x0000030f,0x00050080,0x00000019,0x00000311,
0x0000030c,0x00000310,0x0003003e,0x0000030b,
0x00000311,0x0004003d,0x00000019,0x00000314,
0x0000030b,0x0003003e,0x00000313,0x00000314,
0x0004003d,0x0000001b,0x00000316,0x0000003c,
0x0003003e,0x00000315,0x00000316,0x0003003e,
0x00000317,0x0000024b,0x00070039,0x0000001d,
0x00000318,0x00000035,0x00000313,0x00000315,
0x00000317,0x0004003d,0x00000019,0x0000031a,
0x0000030b,0x0003003e,0x00000319,0x0000031a,
0x0004003d,0x0000001b,0x0000031c,0x0000003c,
0x0003003e,0x0000031b,0x0000031c,0x0003003e,
0x0000031d,0x00000219,0x00070039,0x0000001d,
0x0000031e,0x00000035,0x00000319,0x0000031b,
0x0000031d,0x0004003d,0x0000001b,0x0000031f,
0x0000003c,0x000300f7,0x00000322,0x00000000,
0x000400fa,0x0000031f,0x00000321,0x0000032a,
0x000200f8,0x00000321,0x0004003d,0x00000019,
0x00000325,0x0000030b,0x0003003e,0x00000324,
0x00000325,0x0004003d,0x0000001b,0x00000327,
0x0000003c,0x0003003e,0x00000326,0x00000327,
0x0003003e,0x00000328,0x00000323,0x00070039,
0x0000001d,0x00000329,0x00000035,0x00000324,
0x00000326,0x00000328,0x0003003e,0x00000320,
0x00000329,0x000200f9,0x00000322,0x000200f8,
0x0000032a,0x0003003e,0x00000320,0x000002ec,
0x000200f9,0x00000322,0x000200f8,0x00000322,
0x0004003d,0x0000001d,0x0000032b,0x00000320,
0x00060050,0x00000037,0x0000032c,0x00000318,
0x0000031e,0x0000032b,0x0003003e,0x00000312,
0x0000032c,0x0004003d,0x0000000c,0x0000032e,
0x000002ee,0x0004006f,0x0000001d,0x0000032f,
0x0000032e,0x0004003d,0x0000000c,0x00000330,
0x000002f7,0x0004006f,0x0000001d,0x00000331,
0x00000330,0x0004003d,0x0000000c,0x00000332,
0x000002ff,0x0004006f,0x0000001d,0x00000333,
0x00000332,0x00060050,0x00000037,0x00000334,
0x0000032f,0x00000331,0x00000333,0x0004003d,
0x00000037,0x00000335,0x00000312,0x00050083,
0x00000037,0x00000338,0x00000335,0x00000337,
0x0004003d,0x0000001d,0x00000339,0x0000003d,
0x0005008e,0x00000037,0x0000033a,0x00000338,
0x00000339,0x00050081,0x00000037,0x0000033b,
0x00000334,0x0000033a,0x00050081,0x00000037,
0x0000033c,0x0000033b,0x00000337,0x0003003e,
0x0000032d,0x0000033c,0x0004003d,0x00000037,
0x0000033e,0x0000032d,0x0004003d,0x00000037,
0x0000033f,0x000002e3,0x00050083,0x00000037,
0x00000340,0x0000033e,0x0000033f,0x0003003e,
0x0000033d,0x00000340,0x0004003d,0x0000001b,
0x00000341,0x0000003c,0x000400a8,0x0000001b,
0x00000342,0x00000341,0x000300f7,0x00000344,
0x00000000,0x000400fa,0x00000342,0x00000343,
0x00000344,0x000200f8,0x00000343,0x00050041,
0x00000023,0x00000345,0x0000033d,0x00000192,
0x0003003e,0x00000345,0x000002ec,0x000200f9,
0x00000344,0x000200f8,0x00000344,0x0004003d,
0x00000037,0x00000347,0x0000033d,0x0004003d,
0x00000037,0x00000348,0x0000033d,0x00050094,
0x0000001d,0x00000349,0x00000347,0x00000348,
0x0003003e,0x00000346,0x00000349,0x0004003d,
0x0000001d,0x0000034a,0x00000346,0x00050041,
0x00000023,0x0000034b,0x000002e8,0x0000019a,
0x0004003d,0x0000001d,0x0000034c,0x0000034b,
0x000500b8,0x0000001b,0x0000034d,0x0000034a,
0x0000034c,0x000300f7,0x0000034f,0x00000000,
0x000400fa,0x0000034d,0x0000034e,0x00000357,
0x000200f8,0x0000034e,0x0004003d,0x0000001d,
0x00000350,0x00000346,0x00050041,0x00000023,
0x00000351,0x000002e8,0x0000019a,0x0004003d,
0x0000001d,0x00000352,0x00000351,0x00050041,
0x00000023,0x00000353,0x000002e8,0x000001a0,
0x0004003d,0x0000001d,0x00000354,0x00000353,
0x00060050,0x00000037,0x00000355,0x00000350,
0x00000352,0x00000354,0x0003003e,0x000002e8,
0x00000355,0x0004003d,0x00000037,0x00000356,
0x0000032d,0x0003003e,0x000002eb,0x00000356,
0x000200f9,0x0000034f,0x000200f8,0x00000357,
0x0004003d,0x0000001d,0x00000358,0x00000346,
0x00050041,0x00000023,0x00000359,0x000002e8,
0x000001a0,0x0004003d,0x0000001d,0x0000035a,
0x00000359,0x000500b8,0x0000001b,0x0000035b,
0x00000358,0x0000035a,0x000300f7,0x0000035d,
0x00000000,0x000400fa,0x0000035b,0x0000035c,
0x00000364,0x000200f8,0x0000035c,0x00050041,
0x00000023,0x0000035e,0x000002e8,0x0000019a,
0x0004003d,0x0000001d,0x0000035f,0x0000035e,
0x0004003d,0x0000001d,0x00000360,0x00000346,
0x00050041,0x00000023,0x00000361,0x000002e8,
0x000001a0,0x0004003d,0x0000001d,0x00000362,
0x00000361,0x00060050,0x00000037,0x00000363,
0x0000035f,0x00000360,0x00000362,0x0003003e,
0x000002e8,0x00000363,0x000200f9,0x0000035d,
0x000200f8,0x00000364,0x0004003d,0x0000001d,
0x00000365,0x00000346,0x00050041,0x00000023,
0x00000366,0x000002e8,0x00000192,0x0004003d,
0x0000001d,0x00000367,0x00000366,0x000500b8,
0x0000001b,0x00000368,0x00000365,0x00000367,
0x000300f7,0x0000036a,0x00000000,0x000400fa,
0x00000368,0x00000369,0x0000036a,0x000200f8,
0x00000369,0x0004003d,0x0000001d,0x0000036b,
0x00000346,0x00050041,0x00000023,0x0000036c,
0x000002e8,0x00000192,0x0003003e,0x0000036c,
0x0000036b,0x000200f9,0x0000036a,0x000200f8,
0x0000036a,0x000200f9,0x0000035d,0x000200f8,
0x0000035d,0x000200f9,0x0000034f,0x000200f8,
0x0000034f,0x000200f9,0x00000305,0x000200f8,
0x00000305,0x0004003d,0x0000000c,0x0000036d,
0x000002ff,0x00050080,0x0000000c,0x0000036e,
0x0000036d,0x00000219,0x0003003e,0x000002ff,
0x0000036e,0x000200f9,0x00000302,0x000200f8,
0x00000304,0x000200f9,0x000002fb,0x000200f8,
0x000002fb,0x0004003d,0x0000000c,0x0000036f,
0x000002f7,0x00050080,0x0000000c,0x00000370,
0x0000036f,0x00000219,0x0003003e,0x000002f7,
0x00000370,0x000200f9,0x000002f8,0x000200f8,
0x000002fa,0x000200f9,0x000002f3,0x000200f8,
0x000002f3,0x0004003d,0x0000000c,0x00000371,
0x000002ee,0x00050080,0x0000000c,0x00000372,
0x00000371,0x00000219,0x0003003e,0x000002ee,
0x00000372,0x000200f9,0x000002f0,0x000200f8,
0x000002f2,0x0003003e,0x00000373,0x00000374,
0x0004003d,0x0000000c,0x00000375,0x0000003e,
0x000500aa,0x0000001b,0x00000376,0x00000375,
0x00000219,0x000300f7,0x00000378,0x00000000,
0x000400fa,0x00000376,0x00000377,0x00000398,
0x000200f8,0x00000377,0x0004003d,0x00000037,
0x0000037a,0x000002eb,0x0004003d,0x00000037,
0x0000037b,0x000002e3,0x00050083,0x00000037,
0x0000037c,0x0000037a,0x0000037b,0x0004003d,
0x00000037,0x0000037d,0x0000003b,0x00050081,
0x00000037,0x0000037e,0x0000037c,0x0000037d,
0x0006000c,0x00000037,0x0000037f,0x00000001,
0x00000008,0x0000037e,0x0004006e,0x00000019,
0x00000380,0x0000037f,0x0003003e,0x00000379,
0x00000380,0x0003003e,0x00000381,0x0000024b,
0x000200f9,0x00000382,0x000200f8,0x00000382,
0x000400f6,0x00000384,0x00000385,0x00000000,
0x000200f9,0x00000386,0x000200f8,0x00000386,
0x0004003d,0x0000000c,0x00000387,0x00000381,
0x0004003d,0x0000000c,0x00000388,0x0000003f,
0x000500b1,0x0000001b,0x00000389,0x00000387,
0x00000388,0x000400fa,0x00000389,0x00000383,
0x00000384,0x000200f8,0x00000383,0x0004003d,
0x0000000c,0x0000038a,0x00000381,0x0004003d,
0x0000000c,0x0000038b,0x0000003f,0x000500aa,
0x0000001b,0x0000038c,0x0000038b,0x00000219,
0x0004003d,0x0000000c,0x0000038d,0x00000381,
0x000600a9,0x0000000c,0x0000038e,0x0000038c,
0x000002ef,0x0000038d,0x0004003d,0x00000019,
0x00000390,0x00000379,0x0003003e,0x0000038f,
0x00000390,0x0004003d,0x0000001b,0x00000392,
0x0000003c,0x0003003e,0x00000391,0x00000392,
0x0003003e,0x00000393,0x0000038e,0x00070039,
0x0000001d,0x00000394,0x00000035,0x0000038f,
0x00000391,0x00000393,0x00050041,0x00000023,
0x00000395,0x00000373,0x0000038a,0x0003003e,
0x00000395,0x00000394,0x000200f9,0x00000385,
0x000200f8,0x00000385,0x0004003d,0x0000000c,
0x00000396,0x00000381,0x00050080,0x0000000c,
0x00000397,0x00000396,0x00000219,0x0003003e,
0x00000381,0x00000397,0x000200f9,0x00000382,
0x000200f8,0x00000384,0x000200f9,0x00000378,
0x000200f8,0x00000398,0x0003003e,0x00000399,
0x0000024b,0x000200f9,0x0000039a,0x000200f8,
0x0000039a,0x000400f6,0x0000039c,0x0000039d,
0x00000000,0x000200f9,0x0000039e,0x000200f8,
0x0000039e,0x0004003d,0x0000000c,0x0000039f,
0x00000399,0x0004003d,0x0000000c,0x000003a0,
0x0000003f,0x000500b1,0x0000001b,0x000003a1,
0x0000039f,0x000003a0,0x000400fa,0x000003a1,
0x0000039b,0x0000039c,0x000200f8,0x0000039b,
0x0004003d,0x0000000c,0x000003a2,0x00000399,
0x0004003d,0x0000000c,0x000003a3,0x00000399,
0x00050041,0x00000023,0x000003a4,0x000002e8,
0x000003a3,0x0004003d,0x0000001d,0x000003a5,
0x000003a4,0x0006000c,0x0000001d,0x000003a6,
0x00000001,0x0000001f,0x000003a5,0x00050041,
0x00000023,0x000003a7,0x00000373,0x000003a2,
0x0003003e,0x000003a7,0x000003a6,0x000200f9,
0x0000039d,0x000200f8,0x0000039d,0x0004003d,
0x0000000c,0x000003a8,0x00000399,0x00050080,
0x0000000c,0x000003a9,0x000003a8,0x00000219,
0x0003003e,0x00000399,0x000003a9,0x000200f9,
0x0000039a,0x000200f8,0x0000039c,0x000200f9,
0x00000378,0x000200f8,0x00000378,0x0004003d,
0x00000039,0x000003aa,0x00000373,0x000200fe,
0x000003aa,0x00010038,0x00050036,0x0000001d,
0x00000047,0x00000000,0x00000042,0x00030037,
0x00000007,0x00000043,0x00030037,0x00000023,
0x00000044,0x00030037,0x00000023,0x00000045,
0x00030037,0x00000023,0x00000046,0x000200f8,
0x00000048,0x0004003b,0x00000023,0x000003b0,
0x00000007,0x0004003b,0x00000023,0x000003b7,
0x00000007,0x0004003b,0x00000023,0x000003ba,
0x00000007,0x0004003b,0x00000023,0x000003cd,
0x00000007,0x0004003b,0x00000023,0x000003d8,
0x00000007,0x0004003d,0x00000006,0x000003ae,
0x00000043,0x000500c7,0x00000006,0x000003af,
0x000003ae,0x000003ad,0x0003003e,0x00000043,
0x000003af,0x0004003d,0x00000006,0x000003b1,
0x00000043,0x000500b0,0x0000001b,0x000003b3,
0x000003b1,0x000003b2,0x0004003d,0x0000001d,
0x000003b4,0x00000044,0x0004003d,0x0000001d,
0x000003b5,0x00000045,0x000600a9,0x0000001d,
0x000003b6,0x000003b3,0x000003b4,0x000003b5,
0x0003003e,0x000003b0,0x000003b6,0x0004003d,
0x00000006,0x000003b8,0x00000043,0x000500b0,
0x0000001b,0x000003b9,0x000003b8,0x000001c0,
0x000300f7,0x000003bc,0x00000000,0x000400fa,
0x000003b9,0x000003bb,0x000003be,0x000200f8,
0x000003bb,0x0004003d,0x0000001d,0x000003bd,
0x00000045,0x0003003e,0x000003ba,0x000003bd,
0x000200f9,0x000003bc,0x000200f8,0x000003be,
0x0004003d,0x00000006,0x000003bf,0x00000043,
0x000500aa,0x0000001b,0x000003c1,0x000003bf,
0x000003c0,0x0004003d,0x00000006,0x000003c2,
0x00000043,0x000500aa,0x0000001b,0x000003c4,
0x000003c2,0x000003c3,0x000500a6,0x0000001b,
0x000003c5,0x000003c1,0x000003c4,0x0004003d,
0x0000001d,0x000003c6,0x00000044,0x0004003d,
0x0000001d,0x000003c7,0x00000046,0x000600a9,
0x0000001d,0x000003c8,0x000003c5,0x000003c6,
0x000003c7,0x0003003e,0x000003ba,0x000003c8,
0x000200f9,0x000003bc,0x000200f8,0x000003bc,
0x0004003d,0x0000001d,0x000003c9,0x000003ba,
0x0003003e,0x000003b7,0x000003c9,0x0004003d,
0x00000006,0x000003ca,0x00000043,0x000500c7,
0x00000006,0x000003cb,0x000003ca,0x000001a0,
0x000500ab,0x0000001b,0x000003cc,0x000003cb,
0x0000019a,0x000300f7,0x000003cf,0x00000000,
0x000400fa,0x000003cc,0x000003ce,0x000003d2,
0x000200f8,0x000003ce,0x0004003d,0x0000001d,
0x000003d0,0x000003b0,0x0004007f,0x0000001d,
0x000003d1,0x000003d0,0x0003003e,0x000003cd,
0x000003d1,0x000200f9,0x000003cf,0x000200f8,
0x000003d2,0x0004003d,0x0000001d,0x000003d3,
0x000003b0,0x0003003e,0x000003cd,0x000003d3,
0x000200f9,0x000003cf,0x000200f8,0x000003cf,
0x0004003d,0x0000001d,0x000003d4,0x000003cd,
0x0004003d,0x00000006,0x000003d5,0x00000043,
0x000500c7,0x00000006,0x000003d6,0x000003d5,
0x00000192,0x000500ab,0x0000001b,0x000003d7,
0x000003d6,0x0000019a,0x000300f7,0x000003da,
0x00000000,0x000400fa,0x000003d7,0x000003d9,
0x000003dd,0x000200f8,0x000003d9,0x0004003d,
0x0000001d,0x000003db,0x000003b7,0x0004007f,
0x0000001d,0x000003dc,0x000003db,0x0003003e,
0x000003d8,0x000003dc,0x000200f9,0x000003da,
0x000200f8,0x000003dd,0x0004003d,0x0000001d,
0x000003de,0x000003b7,0x0003003e,0x000003d8,
0x000003de,0x000200f9,0x000003da,0x000200f8,
0x000003da,0x0004003d,0x0000001d,0x000003df,
0x000003d8,0x00050081,0x0000001d,0x000003e0,
0x000003d4,0x000003df,0x000200fe,0x000003e0,
0x00010038,0x00050036,0x0000001d,0x0000004c,
0x00000000,0x00000049,0x00030037,0x00000038,
0x0000004a,0x00030037,0x0000000d,0x0000004b,
0x000200f8,0x0000004d,0x0004003b,0x0000001a,
0x000003e3,0x00000007,0x0004003b,0x00000038,
0x000003e7,0x00000007,0x0004003b,0x00000038,
0x000003ec,0x00000007,0x0004003b,0x00000007,
0x000003fb,0x00000007,0x0004003b,0x0000000d,
0x000003fd,0x00000007,0x0004003b,0x0000000d,
0x00000405,0x00000007,0x0004003b,0x0000000d,
0x0000040d,0x00000007,0x0004003b,0x00000007,
0x00000415,0x00000007,0x0004003b,0x00000007,
0x0000042b,0x00000007,0x0004003b,0x00000007,
0x0000042c,0x00000007,0x0004003b,0x00000007,
0x0000042d,0x00000007,0x0004003b,0x0000043a,
0x0000043b,0x00000007,0x0004003b,0x00000007,
0x00000452,0x00000007,0x0004003b,0x00000023,
0x00000454,0x00000007,0x0004003b,0x00000023,
0x00000455,0x00000007,0x0004003b,0x00000023,
0x00000456,0x00000007,0x0004003b,0x00000023,
0x0000045f,0x00000007,0x0004003b,0x00000023,
0x00000472,0x00000007,0x0004003d,0x00000037,
0x000003e4,0x0000004a,0x0006000c,0x00000037,
0x000003e5,0x00000001,0x00000008,0x000003e4,
0x0004006e,0x00000019,0x000003e6,0x000003e5,
0x0003003e,0x000003e3,0x000003e6,0x0004003d,
0x00000037,0x000003e8,0x0000004a,0x0004003d,
0x00000019,0x000003e9,0x000003e3,0x0004006f,
0x00000037,0x000003ea,0x000003e9,0x00050083,
0x00000037,0x000003eb,0x000003e8,0x000003ea,
0x0003003e,0x000003e7,0x000003eb,0x0004003d,
0x00000037,0x000003ed,0x000003e7,0x0004003d,
0x00000037,0x000003ee,0x000003e7,0x00050085,
0x00000037,0x000003ef,0x000003ed,0x000003ee,
0x0004003d,0x00000037,0x000003f0,0x000003e7,
0x00050085,0x00000037,0x000003f1,0x000003ef,
0x000003f0,0x0004003d,0x00000037,0x000003f2,
0x000003e7,0x0004003d,0x00000037,0x000003f3,
0x000003e7,0x0005008e,0x00000037,0x000003f4,
0x000003f3,0x000001f9,0x00060050,0x00000037,
0x000003f5,0x000001fb,0x000001fb,0x000001fb,
0x00050083,0x00000037,0x000003f6,0x000003f4,
0x000003f5,0x00050085,0x00000037,0x000003f7,
0x000003f2,0x000003f6,0x00060050,0x00000037,
0x000003f8,0x000001ff,0x000001ff,0x000001ff,
0x00050081,0x00000037,0x000003f9,0x000003f7,
0x000003f8,0x00050085,0x00000037,0x000003fa,
0x000003f1,0x000003f9,0x0003003e,0x000003ec,
0x000003fa,0x0003003e,0x000003fb,0x000003fc,
0x0003003e,0x000003fd,0x0000024b,0x000200f9,
0x000003fe,0x000200f8,0x000003fe,0x000400f6,
0x00000400,0x00000401,0x00000000,0x000200f9,
0x00000402,0x000200f8,0x00000402,0x0004003d,
0x0000000c,0x00000403,0x000003fd,0x000500b1,
0x0000001b,0x00000404,0x00000403,0x00000323,
0x000400fa,0x00000404,0x000003ff,0x00000400,
0x000200f8,0x000003ff,0x0003003e,0x00000405,
0x0000024b,0x000200f9,0x00000406,0x000200f8,
0x00000406,0x000400f6,0x00000408,0x00000409,
0x00000000,0x000200f9,0x0000040a,0x000200f8,
0x0000040a,0x0004003d,0x0000000c,0x0000040b,
0x00000405,0x000500b1,0x0000001b,0x0000040c,
0x0000040b,0x00000323,0x000400fa,0x0000040c,
0x00000407,0x00000408,0x000200f8,0x00000407,
0x0003003e,0x0000040d,0x0000024b,0x000200f9,
0x0000040e,0x000200f8,0x0000040e,0x000400f6,
0x00000410,0x00000411,0x00000000,0x000200f9,
0x00000412,0x000200f8,0x00000412,0x0004003d,
0x0000000c,0x00000413,0x0000040d,0x000500b1,
0x0000001b,0x00000414,0x00000413,0x00000323,
0x000400fa,0x00000414,0x0000040f,0x00000410,
0x000200f8,0x0000040f,0x0004003d,0x00000006,
0x00000416,0x000003fb,0x00050041,0x0000000d,
0x00000417,0x000003e3,0x0000019a,0x0004003d,
0x0000000c,0x00000418,0x00000417,0x0004003d,
0x0000000c,0x00000419,0x0000040d,0x00050080,
0x0000000c,0x0000041a,0x00000418,0x00000419,
0x0004007c,0x00000006,0x0000041b,0x0000041a,
0x00050080,0x00000006,0x0000041c,0x00000416,
0x0000041b,0x0004003d,0x00000006,0x0000041d,
0x000003fb,0x00050041,0x0000000d,0x0000041e,
0x000003e3,0x000001a0,0x0004003d,0x0000000c,
0x0000041f,0x0000041e,0x0004003d,0x0000000c,
0x00000420,0x00000405,0x00050080,0x0000000c,
0x00000421,0x0000041f,0x00000420,0x0004007c,
0x00000006,0x00000422,0x00000421,0x00050080,
0x00000006,0x00000423,0x0000041d,0x00000422,
0x0004003d,0x00000006,0x00000424,0x000003fb,
0x00050041,0x0000000d,0x00000425,0x000003e3,
0x00000192,0x0004003d,0x0000000c,0x00000426,
0x00000425,0x0004003d,0x0000000c,0x00000427,
0x000003fd,0x00050080,0x0000000c,0x00000428,
0x00000426,0x00000427,0x0004007c,0x00000006,
0x00000429,0x00000428,0x00050080,0x00000006,
0x0000042a,0x00000424,0x00000429,0x0003003e,
0x0000042b,0x0000041c,0x0003003e,0x0000042c,
0x00000423,0x0003003e,0x0000042d,0x0000042a,
0x00070039,0x00000006,0x0000042e,0x00000017,
0x0000042b,0x0000042c,0x0000042d,0x0003003e,
0x00000415,0x0000042e,0x0004003d,0x0000000c,
0x0000042f,0x0000004b,0x000500af,0x0000001b,
0x00000430,0x0000042f,0x0000024b,0x000300f7,
0x00000432,0x00000000,0x000400fa,0x00000430,
0x00000431,0x00000432,0x000200f8,0x00000431,
0x0004003d,0x00000006,0x00000433,0x00000415,
0x0004003d,0x0000000c,0x00000434,0x0000004b,
0x00050084,0x0000000c,0x00000435,0x00000434,
0x00000251,0x0004007c,0x00000006,0x00000436,
0x00000435,0x000500c2,0x00000006,0x00000437,
0x00000433,0x00000436,0x000500c7,0x00000006,
0x00000438,0x00000437,0x00000256,0x0003003e,
0x00000415,0x00000438,0x000200f9,0x00000432,
0x000200f8,0x00000432,0x0004003d,0x0000000c,
0x0000043c,0x000003fd,0x00050084,0x0000000c,
0x0000043d,0x0000043c,0x00000171,0x0004003d,
0x0000000c,0x0000043e,0x00000405,0x00050084,
0x0000000c,0x0000043f,0x0000043e,0x00000323,
0x00050080,0x0000000c,0x00000440,0x0000043d,
0x0000043f,0x0004003d,0x0000000c,0x00000441,
0x0000040d,0x00050080,0x0000000c,0x00000442,
0x00000440,0x00000441,0x00050041,0x00000023,
0x00000443,0x000003e7,0x0000019a,0x0004003d,
0x0000001d,0x00000444,0x00000443,0x0004003d,
0x0000000c,0x00000445,0x0000040d,0x0004006f,
0x0000001d,0x00000446,0x00000445,0x00050083,
0x0000001d,0x00000447,0x00000444,0x00000446,
0x00050041,0x00000023,0x00000448,0x000003e7,
0x000001a0,0x0004003d,0x0000001d,0x00000449,
0x00000448,0x0004003d,0x0000000c,0x0000044a,
0x00000405,0x0004006f,0x0000001d,0x0000044b,
0x0000044a,0x00050083,0x0000001d,0x0000044c,
0x00000449,0x0000044b,0x00050041,0x00000023,
0x0000044d,0x000003e7,0x00000192,0x0004003d,
0x0000001d,0x0000044e,0x0000044d,0x0004003d,
0x0000000c,0x0000044f,0x000003fd,0x0004006f,
0x0000001d,0x00000450,0x0000044f,0x00050083,
0x0000001d,0x00000451,0x0000044e,0x00000450,
0x0004003d,0x00000006,0x00000453,0x00000415,
0x0003003e,0x00000452,0x00000453,0x0003003e,
0x00000454,0x00000447,0x0003003e,0x00000455,
0x0000044c,0x0003003e,0x00000456,0x00000451,
0x00080039,0x0000001d,0x00000457,0x00000047,
0x00000452,0x00000454,0x00000455,0x00000456,
0x00050041,0x00000023,0x00000458,0x0000043b,
0x00000442,0x0003003e,0x00000458,0x00000457,
0x000200f9,0x00000411,0x000200f8,0x00000411,
0x0004003d,0x0000000c,0x00000459,0x0000040d,
0x00050080,0x0000000c,0x0000045a,0x00000459,
0x00000219,0x0003003e,0x0000040d,0x0000045a,
0x000200f9,0x0000040e,0x000200f8,0x00000410,
0x000200f9,0x00000409,0x000200f8,0x00000409,
0x0004003d,0x0000000c,0x0000045b,0x00000405,
0x00050080,0x0000000c,0x0000045c,0x0000045b,
0x00000219,0x0003003e,0x00000405,0x0000045c,
0x000200f9,0x00000406,0x000200f8,0x00000408,
0x000200f9,0x00000401,0x000200f8,0x00000401,
0x0004003d,0x0000000c,0x0000045d,0x000003fd,
0x00050080,0x0000000c,0x0000045e,0x0000045d,
0x00000219,0x0003003e,0x000003fd,0x0000045e,
0x000200f9,0x000003fe,0x000200f8,0x00000400,
0x00050041,0x00000023,0x00000460,0x0000043b,
0x0000024b,0x0004003d,0x0000001d,0x00000461,
0x00000460,0x00050041,0x00000023,0x00000462,
0x0000043b,0x00000219,0x0004003d,0x0000001d,
0x00000463,0x00000462,0x00050041,0x00000023,
0x00000464,0x000003ec,0x0000019a,0x0004003d,
0x0000001d,0x00000465,0x00000464,0x0008000c,
0x0000001d,0x00000466,0x00000001,0x0000002e,
0x00000461,0x00000463,0x00000465,0x00050041,
0x00000023,0x00000467,0x0000043b,0x00000323,
0x0004003d,0x0000001d,0x00000468,0x00000467,
0x00050041,0x00000023,0x0000046a,0x0000043b,
0x00000469,0x0004003d,0x0000001d,0x0000046b,
0x0000046a,0x00050041,0x00000023,0x0000046c,
0x000003ec,0x0000019a,0x0004003d,0x0000001d,
0x0000046d,0x0000046c,0x0008000c,0x0000001d,
0x0000046e,0x00000001,0x0000002e,0x00000468,
0x0000046b,0x0000046d,0x00050041,0x00000023,
0x0000046f,0x000003ec,0x000001a0,0x0004003d,
0x0000001d,0x00000470,0x0000046f,0x0008000c,
0x0000001d,0x00000471,0x00000001,0x0000002e,
0x00000466,0x0000046e,0x00000470,0x0003003e,
0x0000045f,0x00000471,0x00050041,0x00000023,
0x00000473,0x0000043b,0x00000171,0x0004003d,
0x0000001d,0x00000474,0x00000473,0x00050041,
0x00000023,0x00000476,0x0000043b,0x00000475,
0x0004003d,0x0000001d,0x00000477,0x00000476,
0x00050041,0x00000023,0x00000478,0x000003ec,
0x0000019a,0x0004003d,0x0000001d,0x00000479,
0x00000478,0x0008000c,0x0000001d,0x0000047a,
0x00000001,0x0000002e,0x00000474,0x00000477,
0x00000479,0x00050041,0x00000023,0x0000047c,
0x0000043b,0x0000047b,0x0004003d,0x0000001d,
0x0000047d,0x0000047c,0x00050041,0x00000023,
0x0000047f,0x0000043b,0x0000047e,0x0004003d,
0x0000001d,0x00000480,0x0000047f,0x00050041,
0x00000023,0x00000481,0x000003ec,0x0000019a,
0x0004003d,0x0000001d,0x00000482,0x00000481,
0x0008000c,0x0000001d,0x00000483,0x00000001,
0x0000002e,0x0000047d,0x00000480,0x00000482,
0x00050041,0x00000023,0x00000484,0x000003ec,
0x000001a0,0x0004003d,0x0000001d,0x00000485,
0x00000484,0x0008000c,0x0000001d,0x00000486,
0x00000001,0x0000002e,0x0000047a,0x00000483,
0x00000485,0x0003003e,0x00000472,0x00000486,
0x0004003d,0x0000001d,0x00000488,0x0000045f,
0x0004003d,0x0000001d,0x00000489,0x00000472,
0x00050041,0x00000023,0x0000048a,0x000003ec,
0x00000192,0x0004003d,0x0000001d,0x0000048b,
0x0000048a,0x0008000c,0x0000001d,0x0000048c,
0x00000001,0x0000002e,0x00000488,0x00000489,
0x0000048b,0x00050085,0x0000001d,0x0000048d,
0x00000487,0x0000048c,0x000200fe,0x0000048d,
0x00010038,0x00050036,0x0000001d,0x00000052,
0x00000000,0x0000004e,0x00030037,0x0000002b,
0x0000004f,0x00030037,0x00000023,0x00000050,
0x00030037,0x0000000d,0x00000051,0x000200f8,
0x00000053,0x0004003b,0x0000002b,0x000004a2,
0x00000007,0x0004003b,0x000004a6,0x000004a7,
0x00000007,0x0004003b,0x0000000d,0x000004b9,
0x00000007,0x0004003b,0x0000002b,0x000004d2,
0x00000007,0x0004003b,0x00000038,0x000004d6,
0x00000007,0x0004003d,0x0000000c,0x00000490,
0x00000051,0x000500aa,0x0000001b,0x00000491,
0x00000490,0x00000323,0x000300f7,0x00000493,
0x00000000,0x000400fa,0x00000491,0x00000492,
0x00000493,0x000200f8,0x00000492,0x0004003d,
0x0000002a,0x00000494,0x0000004f,0x0004003d,
0x0000002a,0x00000495,0x0000004f,0x00050094,
0x0000001d,0x00000496,0x00000494,0x00000495,
0x0004003d,0x0000001d,0x00000497,0x00000050,
0x0004003d,0x0000001d,0x00000498,0x00000050,
0x00050085,0x0000001d,0x00000499,0x00000497,
0x00000498,0x000500bc,0x0000001b,0x0000049a,
0x00000496,0x00000499,0x000600a9,0x0000000c,
0x0000049b,0x0000049a,0x00000219,0x0000024b,
0x0004006f,0x0000001d,0x0000049c,0x0000049b,
0x000200fe,0x0000049c,0x000200f8,0x00000493,
0x0004003d,0x0000000c,0x0000049e,0x00000051,
0x000500aa,0x0000001b,0x0000049f,0x0000049e,
0x00000469,0x000300f7,0x000004a1,0x00000000,
0x000400fa,0x0000049f,0x000004a0,0x000004a1,
0x000200f8,0x000004a0,0x0004003d,0x0000002a,
0x000004a3,0x0000004f,0x0005008e,0x0000002a,
0x000004a4,0x000004a3,0x000001c6,0x0003003e,
0x000004a2,0x000004a4,0x0004003d,0x0000002a,
0x000004a8,0x000004a2,0x0004003d,0x0000001d,
0x000004a9,0x00000050,0x00050050,0x0000002a,
0x000004aa,0x000004a9,0x000002ec,0x00050081,
0x0000002a,0x000004ab,0x000004a8,0x000004aa,
0x0004003d,0x0000002a,0x000004ac,0x000004a2,
0x0004003d,0x0000001d,0x000004ad,0x00000050,
0x00050050,0x0000002a,0x000004ae,0x000004ad,
0x000002ec,0x00050083,0x0000002a,0x000004af,
0x000004ac,0x000004ae,0x0004003d,0x0000002a,
0x000004b0,0x000004a2,0x0004003d,0x0000001d,
0x000004b1,0x00000050,0x00050050,0x0000002a,
0x000004b2,0x000002ec,0x000004b1,0x00050083,
0x0000002a,0x000004b3,0x000004b0,0x000004b2,
0x0004003d,0x0000002a,0x000004b4,0x000004a2,
0x0004003d,0x0000001d,0x000004b5,0x00000050,
0x00050050,0x0000002a,0x000004b6,0x000002ec,
0x000004b5,0x00050081,0x0000002a,0x000004b7,
0x000004b4,0x000004b6,0x00070050,0x000004a5,
0x000004b8,0x000004ab,0x000004af,0x000004b3,
0x000004b7,0x0003003e,0x000004a7,0x000004b8,
0x0003003e,0x000004b9,0x0000024b,0x000200f9,
0x000004ba,0x000200f8,0x000004ba,0x000400f6,
0x000004bc,0x000004bd,0x00000000,0x000200f9,
0x000004be,0x000200f8,0x000004be,0x0004003d,
0x0000000c,0x000004bf,0x000004b9,0x000500b1,
0x0000001b,0x000004c0,0x000004bf,0x00000171,
0x000400fa,0x000004c0,0x000004bb,0x000004bc,
0x000200f8,0x000004bb,0x0004003d,0x0000000c,
0x000004c1,0x000004b9,0x00050041,0x0000002b,
0x000004c2,0x000004a7,0x000004c1,0x0004003d,
0x0000002a,0x000004c3,0x000004c2,0x0004003d,
0x0000000c,0x000004c4,0x000004b9,0x00050041,
0x0000002b,0x000004c5,0x000004a7,0x000004c4,
0x0004003d,0x0000002a,0x000004c6,0x000004c5,
0x00050094,0x0000001d,0x000004c7,0x000004c3,
0x000004c6,0x0004003d,0x0000001d,0x000004c8,
0x00000050,0x0004003d,0x0000001d,0x000004c9,
0x00000050,0x00050085,0x0000001d,0x000004ca,
0x000004c8,0x000004c9,0x000500bc,0x0000001b,
0x000004cb,0x000004c7,0x000004ca,0x000300f7,
0x000004cd,0x00000000,0x000400fa,0x000004cb,
0x000004cc,0x000004cd,0x000200f8,0x000004cc,
0x000200fe,0x00000271,0x000200f8,0x000004cd,
0x000200f9,0x000004bd,0x000200f8,0x000004bd,
0x0004003d,0x0000000c,0x000004cf,0x000004b9,
0x00050080,0x0000000c,0x000004d0,0x000004cf,
0x00000219,0x0003003e,0x000004b9,0x000004d0,
0x000200f9,0x000004ba,0x000200f8,0x000004bc,
0x000200fe,0x000002ec,0x000200f8,0x000004a1,
0x0004003d,0x0000002a,0x000004d3,0x0000004f,
0x0007004f,0x0000002a,0x000004d4,0x000004d3,
0x000004d3,0x00000001,0x00000000,0x0006000c,
0x0000002a,0x000004d5,0x00000001,0x00000004,
0x000004d4,0x0003003e,0x000004d2,0x000004d5,
0x0003003e,0x000004d6,0x000004d9,0x0004003d,
0x00000037,0x000004da,0x000004d6,0x0007004f,
0x0000002a,0x000004db,0x000004da,0x000004da,
0x00000000,0x00000001,0x0004003d,0x0000002a,
0x000004dc,0x000004d2,0x00050094,0x0000001d,
0x000004dd,0x000004db,0x000004dc,0x0007000c,
0x0000001d,0x000004de,0x00000001,0x00000025,
0x000004dd,0x000002ec,0x00050085,0x0000001d,
0x000004df,0x000001c6,0x000004de,0x0004003d,
0x00000037,0x000004e0,0x000004d6,0x0007004f,
0x0000002a,0x000004e1,0x000004e0,0x000004e0,
0x00000000,0x00000001,0x0005008e,0x0000002a,
0x000004e2,0x000004e1,0x000004df,0x0004003d,
0x0000002a,0x000004e3,0x000004d2,0x00050083,
0x0000002a,0x000004e4,0x000004e3,0x000004e2,
0x0003003e,0x000004d2,0x000004e4,0x00050041,
0x00000023,0x000004e5,0x000004d2,0x0000019a,
0x0004003d,0x0000001d,0x000004e6,0x000004e5,
0x00050041,0x00000023,0x000004e7,0x000004d6,
0x00000192,0x0004003d,0x0000001d,0x000004e8,
0x000004e7,0x0004007f,0x0000001d,0x000004e9,
0x000004e8,0x0004003d,0x0000001d,0x000004ea,
0x00000050,0x00050085,0x0000001d,0x000004eb,
0x000004e9,0x000004ea,0x00050041,0x00000023,
0x000004ec,0x000004d6,0x00000192,0x0004003d,
0x0000001d,0x000004ed,0x000004ec,0x0004003d,
0x0000001d,0x000004ee,0x00000050,0x00050085,
0x0000001d,0x000004ef,0x000004ed,0x000004ee,
0x0008000c,0x0000001d,0x000004f0,0x00000001,
0x0000002b,0x000004e6,0x000004eb,0x000004ef,
0x0004003d,0x0000001d,0x000004f1,0x00000050,
0x00050050,0x0000002a,0x000004f2,0x000004f0,
0x000004f1,0x0004003d,0x0000002a,0x000004f3,
0x000004d2,0x00050083,0x0000002a,0x000004f4,
0x000004f3,0x000004f2,0x0003003e,0x000004d2,
0x000004f4,0x0004003d,0x0000002a,0x000004f5,
0x000004d2,0x0006000c,0x0000001d,0x000004f6,
0x00000001,0x00000042,0x000004f5,0x00050041,
0x00000023,0x000004f7,0x000004d2,0x000001a0,
0x0004003d,0x0000001d,0x000004f8,0x000004f7,
0x000500b8,0x0000001b,0x000004f9,0x000004f8,
0x000002ec,0x000600a9,0x0000001d,0x000004fb,
0x000004f9,0x000004fa,0x00000271,0x00050085,
0x0000001d,0x000004fc,0x000004f6,0x000004fb,
0x000500bc,0x0000001b,0x000004fd,0x000004fc,
0x000002ec,0x000600a9,0x0000000c,0x000004fe,
0x000004fd,0x00000219,0x0000024b,0x0004006f,
0x0000001d,0x000004ff,0x000004fe,0x000200fe,
0x000004ff,0x00010038,0x00050036,0x0000001d,
0x00000059,0x00000000,0x00000054,0x00030037,
0x0000002b,0x00000055,0x00030037,0x00000023,
0x00000056,0x00030037,0x0000001c,0x00000057,
0x00030037,0x0000000d,0x00000058,0x000200f8,
0x0000005a,0x0004003b,0x0000002b,0x00000514,
0x00000007,0x0004003b,0x0000002b,0x00000555,
0x00000007,0x0004003b,0x00000023,0x00000556,
0x00000007,0x0004003b,0x0000000d,0x00000558,
0x00000007,0x0004003b,0x00000023,0x0000055c,
0x00000007,0x0004003b,0x00000023,0x00000561,
0x00000007,0x0004003b,0x00000023,0x0000056a,
0x00000007,0x0004003b,0x00000023,0x00000570,
0x00000007,0x0004003b,0x00000023,0x00000575,
0x00000007,0x0004003b,0x0000002b,0x0000057b,
0x00000007,0x0004003b,0x00000023,0x0000057c,
0x00000007,0x0004003b,0x0000000d,0x0000057e,
0x00000007,0x0004003b,0x0000002b,0x00000585,
0x00000007,0x0004003b,0x00000023,0x00000586,
0x00000007,0x0004003b,0x0000000d,0x00000588,
0x00000007,0x0004003b,0x0000002b,0x00000591,
0x00000007,0x0004003b,0x00000023,0x00000592,
0x00000007,0x0004003b,0x0000000d,0x00000594,
0x00000007,0x0004003d,0x0000000c,0x00000502,
0x00000058,0x000500b3,0x0000001b,0x00000503,
0x00000502,0x00000219,0x000300f7,0x00000505,
0x00000000,0x000400fa,0x00000503,0x00000504,
0x00000505,0x000200f8,0x00000504,0x0004003d,
0x0000001b,0x00000506,0x00000057,0x000300f7,
0x00000508,0x00000000,0x000400fa,0x00000506,
0x00000507,0x00000508,0x000200f8,0x00000507,
0x00050041,0x00000023,0x00000509,0x00000055,
0x000001a0,0x0004003d,0x0000001d,0x0000050a,
0x00000509,0x0005008d,0x0000001d,0x0000050b,
0x0000050a,0x000001c6,0x000500ba,0x0000001b,
0x0000050c,0x0000050b,0x00000271,0x000200f9,
0x00000508,0x000200f8,0x00000508,0x000700f5,
0x0000001b,0x0000050d,0x00000506,0x00000504,
0x0000050c,0x00000507,0x000300f7,0x0000050f,
0x00000000,0x000400fa,0x0000050d,0x0000050e,
0x0000050f,0x000200f8,0x0000050e,0x00050041,
0x00000023,0x00000510,0x00000055,0x0000019a,
0x0004003d,0x0000001d,0x00000511,0x00000510,
0x00050081,0x0000001d,0x00000512,0x00000511,
0x00000336,0x00050041,0x00000023,0x00000513,
0x00000055,0x0000019a,0x0003003e,0x00000513,
0x00000512,0x000200f9,0x0000050f,0x000200f8,
0x0000050f,0x0004003d,0x0000002a,0x00000515,
0x00000055,0x0005008d,0x0000002a,0x00000517,
0x00000515,0x00000516,0x0005008e,0x0000002a,
0x00000518,0x00000517,0x000001c6,0x00050050,
0x0000002a,0x00000519,0x00000271,0x00000271,
0x00050083,0x0000002a,0x0000051a,0x00000518,
0x00000519,0x0003003e,0x00000514,0x0000051a,
0x0004003d,0x0000000c,0x0000051b,0x00000058,
0x000500aa,0x0000001b,0x0000051c,0x0000051b,
0x0000024b,0x000300f7,0x0000051e,0x00000000,
0x000400fa,0x0000051c,0x0000051d,0x0000051e,
0x000200f8,0x0000051d,0x00050041,0x00000023,
0x0000051f,0x00000514,0x0000019a,0x0004003d,
0x0000001d,0x00000520,0x0000051f,0x0006000c,
0x0000001d,0x00000521,0x00000001,0x00000004,
0x00000520,0x0004003d,0x0000001d,0x00000522,
0x00000056,0x00050083,0x0000001d,0x00000523,
0x00000271,0x00000522,0x000500ba,0x0000001b,
0x00000524,0x00000521,0x00000523,0x000400a8,
0x0000001b,0x00000525,0x00000524,0x000300f7,
0x00000527,0x00000000,0x000400fa,0x00000525,
0x00000526,0x00000527,0x000200f8,0x00000526,
0x00050041,0x00000023,0x00000528,0x00000514,
0x000001a0,0x0004003d,0x0000001d,0x00000529,
0x00000528,0x0006000c,0x0000001d,0x0000052a,
0x00000001,0x00000004,0x00000529,0x0004003d,
0x0000001d,0x0000052b,0x00000056,0x00050083,
0x0000001d,0x0000052c,0x00000271,0x0000052b,
0x000500ba,0x0000001b,0x0000052d,0x0000052a,
0x0000052c,0x000200f9,0x00000527,0x000200f8,
0x00000527,0x000700f5,0x0000001b,0x0000052e,
0x00000524,0x0000051d,0x0000052d,0x00000526,
0x000600a9,0x0000000c,0x0000052f,0x0000052e,
0x00000219,0x0000024b,0x0004006f,0x0000001d,
0x00000530,0x0000052f,0x000200fe,0x00000530,
0x000200f8,0x0000051e,0x00050041,0x00000023,
0x00000532,0x00000514,0x0000019a,0x0004003d,
0x0000001d,0x00000533,0x00000532,0x00050041,
0x00000023,0x00000534,0x00000514,0x000001a0,
0x0004003d,0x0000001d,0x00000535,0x00000534,
0x00050083,0x0000001d,0x00000536,0x00000533,
0x00000535,0x0006000c,0x0000001d,0x00000537,
0x00000001,0x00000004,0x00000536,0x00050085,
0x0000001d,0x00000539,0x00000537,0x00000538,
0x0004003d,0x0000001d,0x0000053a,0x00000056,
0x000500bc,0x0000001b,0x0000053b,0x00000539,
0x0000053a,0x000400a8,0x0000001b,0x0000053c,
0x0000053b,0x000300f7,0x0000053e,0x00000000,
0x000400fa,0x0000053c,0x0000053d,0x0000053e,
0x000200f8,0x0000053d,0x00050041,0x00000023,
0x0000053f,0x00000514,0x0000019a,0x0004003d,
0x0000001d,0x00000540,0x0000053f,0x00050041,
0x00000023,0x00000541,0x00000514,0x000001a0,
0x0004003d,0x0000001d,0x00000542,0x00000541,
0x00050081,0x0000001d,0x00000543,0x00000540,
0x00000542,0x0006000c,0x0000001d,0x00000544,
0x00000001,0x00000004,0x00000543,0x00050085,
0x0000001d,0x00000545,0x00000544,0x00000538,
0x0004003d,0x0000001d,0x00000546,0x00000056,
0x000500bc,0x0000001b,0x00000547,0x00000545,
0x00000546,0x000200f9,0x0000053e,0x000200f8,
0x0000053e,0x000700f5,0x0000001b,0x00000548,
0x0000053b,0x0000051e,0x00000547,0x0000053d,
0x000600a9,0x0000000c,0x00000549,0x00000548,
0x00000219,0x0000024b,0x0004006f,0x0000001d,
0x0000054a,0x00000549,0x000200fe,0x0000054a,
0x000200f8,0x00000505,0x0004003d,0x0000001b,
0x0000054c,0x00000057,0x000400a8,0x0000001b,
0x0000054d,0x0000054c,0x000300f7,0x0000054f,
0x00000000,0x000400fa,0x0000054d,0x0000054e,
0x0000054f,0x000200f8,0x0000054e,0x0004003d,
0x0000002a,0x00000550,0x00000055,0x0005008d,
0x0000002a,0x00000551,0x00000550,0x00000516,
0x0005008e,0x0000002a,0x00000552,0x00000551,
0x000001c6,0x00050050,0x0000002a,0x00000553,
0x00000271,0x00000271,0x00050083,0x0000002a,
0x00000554,0x00000552,0x00000553,0x0003003e,
0x00000555,0x00000554,0x0004003d,0x0000001d,
0x00000557,0x00000056,0x0003003e,0x00000556,
0x00000557,0x0004003d,0x0000000c,0x00000559,
0x00000058,0x0003003e,0x00000558,0x00000559,
0x00070039,0x0000001d,0x0000055a,0x00000052,
0x00000555,0x00000556,0x00000558,0x000200fe,
0x0000055a,0x000200f8,0x0000054f,0x0004003d,
0x0000000c,0x0000055d,0x00000058,0x000500aa,
0x0000001b,0x0000055e,0x0000055d,0x00000469,
0x000600a9,0x0000001d,0x00000560,0x0000055e,
0x00000336,0x0000055f,0x0003003e,0x0000055c,
0x00000560,0x00050041,0x00000023,0x00000562,
0x00000055,0x000001a0,0x0004003d,0x0000001d,
0x00000563,0x00000562,0x0004003d,0x0000001d,
0x00000564,0x0000055c,0x00050085,0x0000001d,
0x00000565,0x000001c6,0x00000564,0x0005008d,
0x0000001d,0x00000566,0x00000563,0x00000565,
0x0004003d,0x0000001d,0x00000567,0x0000055c,
0x000500ba,0x0000001b,0x00000568,0x00000566,
0x00000567,0x000600a9,0x0000001d,0x00000569,
0x00000568,0x00000336,0x000002ec,0x0003003e,
0x00000561,0x00000569,0x00050041,0x00000023,
0x0000056b,0x00000055,0x0000019a,0x0004003d,
0x0000001d,0x0000056c,0x0000056b,0x0004003d,
0x0000001d,0x0000056d,0x00000561,0x00050081,
0x0000001d,0x0000056e,0x0000056c,0x0000056d,
0x0005008d,0x0000001d,0x0000056f,0x0000056e,
0x00000271,0x0003003e,0x0000056a,0x0000056f,
0x00050041,0x00000023,0x00000571,0x00000055,
0x000001a0,0x0004003d,0x0000001d,0x00000572,
0x00000571,0x0004003d,0x0000001d,0x00000573,
0x0000055c,0x0005008d,0x0000001d,0x00000574,
0x00000572,0x00000573,0x0003003e,0x00000570,
0x00000574,0x0004003d,0x0000001d,0x00000576,
0x00000056,0x00050085,0x0000001d,0x00000577,
0x00000576,0x00000336,0x0003003e,0x00000575,
0x00000577,0x0004003d,0x0000001d,0x00000578,
0x0000056a,0x0004003d,0x0000001d,0x00000579,
0x00000570,0x00050050,0x0000002a,0x0000057a,
0x00000578,0x00000579,0x0003003e,0x0000057b,
0x0000057a,0x0004003d,0x0000001d,0x0000057d,
0x00000575,0x0003003e,0x0000057c,0x0000057d,
0x0004003d,0x0000000c,0x0000057f,0x00000058,
0x0003003e,0x0000057e,0x0000057f,0x00070039,
0x0000001d,0x00000580,0x00000052,0x0000057b,
0x0000057c,0x0000057e,0x0004003d,0x0000001d,
0x00000581,0x0000056a,0x00050083,0x0000001d,
0x00000582,0x00000271,0x00000581,0x0004003d,
0x0000001d,0x00000583,0x00000570,0x00050050,
0x0000002a,0x00000584,0x00000582,0x00000583,
0x0003003e,0x00000585,0x00000584,0x0004003d,
0x0000001d,0x00000587,0x00000575,0x0003003e,
0x00000586,0x00000587,0x0004003d,0x0000000c,
0x00000589,0x00000058,0x0003003e,0x00000588,
0x00000589,0x00070039,0x0000001d,0x0000058a,
0x00000052,0x00000585,0x00000586,0x00000588,
0x0004003d,0x0000001d,0x0000058b,0x0000056a,
0x00050083,0x0000001d,0x0000058c,0x0000058b,
0x00000336,0x0004003d,0x0000001d,0x0000058d,
0x0000055c,0x0004003d,0x0000001d,0x0000058e,
0x00000570,0x00050083,0x0000001d,0x0000058f,
0x0000058d,0x0000058e,0x00050050,0x0000002a,
0x00000590,0x0000058c,0x0000058f,0x0003003e,
0x00000591,0x00000590,0x0004003d,0x0000001d,
0x00000593,0x00000575,0x0003003e,0x00000592,
0x00000593,0x0004003d,0x0000000c,0x00000595,
0x00000058,0x0003003e,0x00000594,0x00000595,
0x00070039,0x0000001d,0x00000596,0x00000052,
0x00000591,0x00000592,0x00000594,0x0007000c,
0x0000001d,0x00000597,0x00000001,0x00000028,
0x0000058a,0x00000596,0x0007000c,0x0000001d,
0x00000598,0x00000001,0x00000028,0x00000580,
0x00000597,0x000200fe,0x00000598,0x00010038,
0x00050036,0x00000039,0x00000063,0x00000000,
0x0000005c,0x00030037,0x00000023,0x0000005d,
0x00030037,0x00000023,0x0000005e,0x00030037,
0x00000023,0x0000005f,0x00030037,0x0000005b,
0x00000060,0x00030037,0x0000005b,0x00000061,
0x00030037,0x0000000d,0x00000062,0x000200f8,
0x00000064,0x0004003b,0x00000023,0x0000059b,
0x00000007,0x0004003b,0x00000023,0x000005a2,
0x00000007,0x0004003d,0x0000001d,0x0000059c,
0x0000005f,0x0004003d,0x0000001d,0x0000059d,
0x0000005e,0x00050083,0x0000001d,0x0000059e,
0x0000059c,0x0000059d,0x0006000c,0x0000001d,
0x0000059f,0x00000001,0x00000004,0x0000059e,
0x000500ba,0x0000001b,0x000005a1,0x0000059f,
0x000005a0,0x000300f7,0x000005a4,0x00000000,
0x000400fa,0x000005a1,0x000005a3,0x000005b0,
0x000200f8,0x000005a3,0x0004003d,0x0000001d,
0x000005a5,0x0000005d,0x0004003d,0x0000001d,
0x000005a6,0x0000005e,0x0004003d,0x0000001d,
0x000005a7,0x0000005f,0x0008000c,0x0000001d,
0x000005a8,0x00000001,0x0000002b,0x000005a5,
0x000005a6,0x000005a7,0x0004003d,0x0000001d,
0x000005a9,0x0000005e,0x00050083,0x0000001d,
0x000005aa,0x000005a8,0x000005a9,0x0004003d,
0x0000001d,0x000005ab,0x0000005f,0x0004003d,
0x0000001d,0x000005ac,0x0000005e,0x00050083,
0x0000001d,0x000005ad,0x000005ab,0x000005ac,
0x00050088,0x0000001d,0x000005ae,0x000005aa,
0x000005ad,0x0008000c,0x0000001d,0x000005af,
0x00000001,0x0000002b,0x000005ae,0x000002ec,
0x00000271,0x0003003e,0x000005a2,0x000005af,
0x000200f9,0x000005a4,0x000200f8,0x000005b0,
0x0003003e,0x000005a2,0x000002ec,0x000200f9,
0x000005a4,0x000200f8,0x000005a4,0x0004003d,
0x0000001d,0x000005b1,0x000005a2,0x0003003e,
0x0000059b,0x000005b1,0x0004003d,0x0000000c,
0x000005b2,0x00000062,0x000500aa,0x0000001b,
0x000005b3,0x000005b2,0x00000219,0x000300f7,
0x000005b5,0x00000000,0x000400fa,0x000005b3,
0x000005b4,0x000005b5,0x000200f8,0x000005b4,
0x0004003d,0x0000001d,0x000005b6,0x0000059b,
0x0004003d,0x0000001d,0x000005b7,0x0000059b,
0x00050085,0x0000001d,0x000005b8,0x000005b6,
0x000005b7,0x0004003d,0x0000001d,0x000005ba,
0x0000059b,0x00050085,0x0000001d,0x000005bb,
0x000001c6,0x000005ba,0x00050083,0x0000001d,
0x000005bc,0x000005b9,0x000005bb,0x00050085,
0x0000001d,0x000005bd,0x000005b8,0x000005bc,
0x0003003e,0x0000059b,0x000005bd,0x000200f9,
0x000005b5,0x000200f8,0x000005b5,0x0004003d,
0x0000000c,0x000005be,0x00000062,0x000500aa,
0x0000001b,0x000005bf,0x000005be,0x00000323,
0x000300f7,0x000005c1,0x00000000,0x000400fa,
0x000005bf,0x000005c0,0x000005c1,0x000200f8,
0x000005c0,0x0004003d,0x0000001d,0x000005c2,
0x0000005d,0x0004003d,0x0000001d,0x000005c3,
0x0000005f,0x000500be,0x0000001b,0x000005c4,
0x000005c2,0x000005c3,0x000600a9,0x0000000c,
0x000005c5,0x000005c4,0x00000219,0x0000024b,
0x0004006f,0x0000001d,0x000005c6,0x000005c5,
0x0003003e,0x0000059b,0x000005c6,0x000200f9,
0x000005c1,0x000200f8,0x000005c1,0x0004003d,
0x00000039,0x000005c7,0x00000060,0x0004003d,
0x00000039,0x000005c8,0x00000061,0x0004003d,
0x0000001d,0x000005c9,0x0000059b,0x00070050,
0x00000039,0x000005ca,0x000005c9,0x000005c9,
0x000005c9,0x000005c9,0x0008000c,0x00000039,
0x000005cb,0x00000001,0x0000002e,0x000005c7,
0x000005c8,0x000005ca,0x000200fe,0x000005cb,
0x00010038,0x00050036,0x0000001d,0x00000067,
0x00000000,0x00000065,0x00030037,0x00000007,
0x00000066,0x000200f8,0x00000068,0x0004003b,
0x00000007,0x000005d3,0x00000007,0x0004003d,
0x00000006,0x000005ce,0x00000066,0x00050084,
0x00000006,0x000005d0,0x000005ce,0x000005cf,
0x00050080,0x00000006,0x000005d2,0x000005d0,
0x000005d1,0x0003003e,0x00000066,0x000005d2,
0x0004003d,0x00000006,0x000005d4,0x00000066,
0x0004003d,0x00000006,0x000005d5,0x00000066,
0x000500c2,0x00000006,0x000005d7,0x000005d5,
0x000005d6,0x00050080,0x00000006,0x000005d8,
0x000005d7,0x000001c0,0x000500c2,0x00000006,
0x000005d9,0x000005d4,0x000005d8,0x0004003d,
0x00000006,0x000005da,0x00000066,0x000500c6,
0x00000006,0x000005db,0x000005d9,0x000005da,
0x00050084,0x00000006,0x000005dd,0x000005db,
0x000005dc,0x0003003e,0x000005d3,0x000005dd,
0x0004003d,0x00000006,0x000005de,0x000005d3,
0x000500c2,0x00000006,0x000005e0,0x000005de,
0x000005df,0x0004003d,0x00000006,0x000005e1,
0x000005d3,0x000500c6,0x00000006,0x000005e2,
0x000005e0,0x000005e1,0x00040070,0x0000001d,
0x000005e3,0x000005e2,0x00050088,0x0000001d,
0x000005e4,0x000005e3,0x000001b6,0x000200fe,
0x000005e4,0x00010038,0x00050036,0x0000001d,
0x0000006b,0x00000000,0x00000069,0x00030037,
0x00000038,0x0000006a,0x000200f8,0x0000006c,
0x0004003d,0x00000037,0x000005e7,0x0000006a,
0x00050094,0x0000001d,0x000005ec,0x000005e7,
0x000005eb,0x0006000c,0x0000001d,0x000005ed,
0x00000001,0x0000000d,0x000005ec,0x00050085,
0x0000001d,0x000005ef,0x000005ed,0x000005ee,
0x0006000c,0x0000001d,0x000005f0,0x00000001,
0x0000000a,0x000005ef,0x000200fe,0x000005f0,
0x00010038,0x00050036,0x00000037,0x0000006f,
0x00000000,0x0000006d,0x00030037,0x00000038,
0x0000006e,0x000200f8,0x00000070,0x0004003d,
0x00000037,0x000005f3,0x0000006e,0x00060050,
0x00000037,0x000005f5,0x000005f4,0x000005f4,
0x000005f4,0x00050088,0x00000037,0x000005f6,
0x000005f3,0x000005f5,0x0004003d,0x00000037,
0x000005f7,0x0000006e,0x00060050,0x00000037,
0x000005f9,0x000005f8,0x000005f8,0x000005f8,
0x00050081,0x00000037,0x000005fa,0x000005f7,
0x000005f9,0x00060050,0x00000037,0x000005fc,
0x000005fb,0x000005fb,0x000005fb,0x00050088,
0x00000037,0x000005fd,0x000005fa,0x000005fc,
0x0007000c,0x00000037,0x00000600,0x00000001,
0x0000001a,0x000005fd,0x000005ff,0x0004003d,
0x00000037,0x00000601,0x0000006e,0x000500ba,
0x00000604,0x00000605,0x00000601,0x00000603,
0x000600a9,0x00000037,0x00000606,0x00000605,
0x00000600,0x000005f6,0x000200fe,0x00000606,
0x00010038,0x00050036,0x0000001d,0x00000074,
0x00000000,0x00000071,0x00030037,0x00000023,
0x00000072,0x00030037,0x0000000d,0x00000073,
0x000200f8,0x00000075,0x0004003b,0x00000023,
0x00000617,0x00000007,0x0004003b,0x00000023,
0x00000622,0x00000007,0x0004003d,0x0000000c,
0x00000609,0x00000073,0x000500aa,0x0000001b,
0x0000060a,0x00000609,0x0000024b,0x0004003d,
0x0000000c,0x0000060b,0x00000073,0x000500aa,
0x0000001b,0x0000060c,0x0000060b,0x00000469,
0x000500a6,0x0000001b,0x0000060d,0x0000060a,
0x0000060c,0x000300f7,0x0000060f,0x00000000,
0x000400fa,0x0000060d,0x0000060e,0x0000060f,
0x000200f8,0x0000060e,0x0004003d,0x0000001d,
0x00000610,0x00000072,0x0008000c,0x0000001d,
0x00000611,0x00000001,0x0000002b,0x00000610,
0x000002ec,0x00000271,0x000200fe,0x00000611,
0x000200f8,0x0000060f,0x0004003d,0x0000000c,
0x00000613,0x00000073,0x000500aa,0x0000001b,
0x00000614,0x00000613,0x00000323,0x000300f7,
0x00000616,0x00000000,0x000400fa,0x00000614,
0x00000615,0x00000616,0x000200f8,0x00000615,
0x0004003d,0x0000001d,0x00000618,0x00000072,
0x0005008d,0x0000001d,0x00000619,0x00000618,
0x000001c6,0x0003003e,0x00000617,0x00000619,
0x0004003d,0x0000001d,0x0000061a,0x00000617,
0x000500b8,0x0000001b,0x0000061b,0x0000061a,
0x000002ec,0x000300f7,0x0000061d,0x00000000,
0x000400fa,0x0000061b,0x0000061c,0x0000061d,
0x000200f8,0x0000061c,0x0004003d,0x0000001d,
0x0000061e,0x00000617,0x00050081,0x0000001d,
0x0000061f,0x0000061e,0x000001c6,0x0003003e,
0x00000617,0x0000061f,0x000200f9,0x0000061d,
0x000200f8,0x0000061d,0x0004003d,0x0000001d,
0x00000620,0x00000617,0x000500bc,0x0000001b,
0x00000621,0x00000620,0x00000271,0x000300f7,
0x00000624,0x00000000,0x000400fa,0x00000621,
0x00000623,0x00000626,0x000200f8,0x00000623,
0x0004003d,0x0000001d,0x00000625,0x00000617,
0x0003003e,0x00000622,0x00000625,0x000200f9,
0x00000624,0x000200f8,0x00000626,0x0004003d,
0x0000001d,0x00000627,0x00000617,0x00050083,
0x0000001d,0x00000628,0x000001c6,0x00000627,
0x0003003e,0x00000622,0x00000628,0x000200f9,
0x00000624,0x000200f8,0x00000624,0x0004003d,
0x0000001d,0x00000629,0x00000622,0x000200fe,
0x00000629,0x000200f8,0x00000616,0x0004003d,
0x0000001d,0x0000062b,0x00000072,0x0006000c,
0x0000001d,0x0000062c,0x00000001,0x0000000a,
0x0000062b,0x000200fe,0x0000062c,0x00010038,
0x00050036,0x00000039,0x00000079,0x00000000,
0x00000076,0x00030037,0x0000000d,0x00000077,
0x00030037,0x0000002b,0x00000078,0x000200f8,
0x0000007a,0x0004003b,0x00000007,0x0000062f,
0x00000007,0x0004003b,0x0000000d,0x00000648,
0x00000007,0x0004003b,0x0000000d,0x0000064d,
0x00000007,0x0004003b,0x0000000d,0x00000652,
0x00000007,0x0004003b,0x0000000d,0x00000662,
0x00000007,0x0004003b,0x00000007,0x0000066c,
0x00000007,0x0004003b,0x00000007,0x00000671,
0x00000007,0x0004003b,0x0000000d,0x00000677,
0x00000007,0x0004003b,0x0000000d,0x0000067c,
0x00000007,0x0004003b,0x0000000d,0x00000681,
0x00000007,0x0004003b,0x0000000d,0x00000686,
0x00000007,0x0004003b,0x0000000d,0x0000068b,
0x00000007,0x0004003b,0x0000000d,0x00000692,
0x00000007,0x0004003b,0x0000000d,0x000006a9,
0x00000007,0x0004003b,0x0000000d,0x000006ad,
0x00000007,0x0004003b,0x0000002b,0x000006b1,
0x00000007,0x0004003b,0x00000023,0x000006b4,
0x00000007,0x0004003b,0x00000023,0x000006c1,
0x00000007,0x0004003b,0x00000023,0x000006cf,
0x00000007,0x0004003b,0x00000023,0x000006d2,
0x00000007,0x0004003b,0x0000000d,0x000006d5,
0x00000007,0x0004003b,0x00000023,0x000006d9,
0x00000007,0x0004003b,0x00000023,0x000006dc,
0x00000007,0x0004003b,0x0000000d,0x000006df,
0x00000007,0x0004003b,0x000001e7,0x000006ef,
0x00000007,0x0004003b,0x000001e7,0x000006f7,
0x00000007,0x0004003b,0x0000002b,0x00000701,
0x00000007,0x0004003b,0x00000707,0x00000708,
0x00000007,0x0004003b,0x0000000d,0x00000716,
0x00000007,0x0004003b,0x00000007,0x0000071e,
0x00000007,0x0004003b,0x00000733,0x00000734,
0x00000007,0x0004003b,0x0000005b,0x0000074b,
0x00000007,0x0004003b,0x00000038,0x00000767,
0x00000007,0x0004003d,0x0000000c,0x00000630,
0x00000077,0x0004007c,0x00000006,0x00000631,
0x00000630,0x00050084,0x00000006,0x00000632,
0x00000631,0x000003b2,0x0003003e,0x0000062f,
0x00000632,0x0004003d,0x0000000c,0x00000633,
0x00000077,0x000500b1,0x0000001b,0x00000634,
0x00000633,0x0000024b,0x000400a8,0x0000001b,
0x00000635,0x00000634,0x000300f7,0x00000637,
0x00000000,0x000400fa,0x00000635,0x00000636,
0x00000637,0x000200f8,0x00000636,0x0004003d,
0x00000006,0x00000638,0x0000062f,0x00050080,
0x00000006,0x0000063a,0x00000638,0x00000639,
0x00050044,0x00000006,0x0000063f,0x0000063e,
0x00000000,0x0004007c,0x0000000c,0x00000640,
0x0000063f,0x0004007c,0x00000006,0x00000641,
0x00000640,0x000500ae,0x0000001b,0x00000642,
0x0000063a,0x00000641,0x000200f9,0x00000637,
0x000200f8,0x00000637,0x000700f5,0x0000001b,
0x00000643,0x00000634,0x0000007a,0x00000642,
0x00000636,0x000300f7,0x00000645,0x00000000,
0x000400fa,0x00000643,0x00000644,0x00000645,
0x000200f8,0x00000644,0x000200fe,0x00000646,
0x000200f8,0x00000645,0x0004003d,0x00000006,
0x00000649,0x0000062f,0x00060041,0x0000064a,
0x0000064b,0x0000063e,0x0000024b,0x00000649,
0x0004003d,0x0000000c,0x0000064c,0x0000064b,
0x0003003e,0x00000648,0x0000064c,0x0004003d,
0x00000006,0x0000064e,0x0000062f,0x00050080,
0x00000006,0x0000064f,0x0000064e,0x000001a0,
0x00060041,0x0000064a,0x00000650,0x0000063e,
0x0000024b,0x0000064f,0x0004003d,0x0000000c,
0x00000651,0x00000650,0x0003003e,0x0000064d,
0x00000651,0x0004003d,0x00000006,0x00000653,
0x0000062f,0x00050080,0x00000006,0x00000654,
0x00000653,0x00000192,0x00060041,0x0000064a,
0x00000655,0x0000063e,0x0000024b,0x00000654,
0x0004003d,0x0000000c,0x00000656,0x00000655,
0x0003003e,0x00000652,0x00000656,0x0004003d,
0x0000000c,0x00000657,0x00000648,0x000500b1,
0x0000001b,0x00000658,0x00000657,0x0000024b,
0x0004003d,0x0000000c,0x00000659,0x0000064d,
0x000500b1,0x0000001b,0x0000065a,0x00000659,
0x00000219,0x000500a6,0x0000001b,0x0000065b,
0x00000658,0x0000065a,0x0004003d,0x0000000c,
0x0000065c,0x00000652,0x000500b1,0x0000001b,
0x0000065d,0x0000065c,0x00000219,0x000500a6,
0x0000001b,0x0000065e,0x0000065b,0x0000065d,
0x000300f7,0x00000660,0x00000000,0x000400fa,
0x0000065e,0x0000065f,0x00000660,0x000200f8,
0x0000065f,0x000200fe,0x00000646,0x000200f8,
0x00000660,0x0004003d,0x00000006,0x00000663,
0x0000062f,0x00050080,0x00000006,0x00000665,
0x00000663,0x00000664,0x00060041,0x0000064a,
0x00000666,0x0000063e,0x0000024b,0x00000665,
0x0004003d,0x0000000c,0x00000667,0x00000666,
0x0003003e,0x00000662,0x00000667,0x0004003d,
0x0000000c,0x00000668,0x00000662,0x000500b1,
0x0000001b,0x00000669,0x00000668,0x0000024b,
0x000300f7,0x0000066b,0x00000000,0x000400fa,
0x00000669,0x0000066a,0x000006ce,0x000200f8,
0x0000066a,0x0004003d,0x0000000c,0x0000066d,
0x00000662,0x0004007e,0x0000000c,0x0000066e,
0x0000066d,0x00050082,0x0000000c,0x0000066f,
0x0000066e,0x00000219,0x0004007c,0x00000006,
0x00000670,0x0000066f,0x0003003e,0x0000066c,
0x00000670,0x0004003d,0x00000006,0x00000672,
0x0000062f,0x00050080,0x00000006,0x00000673,
0x00000672,0x000001bc,0x00060041,0x0000064a,
0x00000674,0x0000063e,0x0000024b,0x00000673,
0x0004003d,0x0000000c,0x00000675,0x00000674,
0x0004007c,0x00000006,0x00000676,0x00000675,
0x0003003e,0x00000671,0x00000676,0x0004003d,
0x00000006,0x00000678,0x0000066c,0x000500c7,
0x00000006,0x0000067a,0x00000678,0x00000679,
0x0004007c,0x0000000c,0x0000067b,0x0000067a,
0x0003003e,0x00000677,0x0000067b,0x0004003d,
0x00000006,0x0000067d,0x0000066c,0x000500c2,
0x00000006,0x0000067f,0x0000067d,0x0000067e,
0x0004007c,0x0000000c,0x00000680,0x0000067f,
0x0003003e,0x0000067c,0x00000680,0x0004003d,
0x00000006,0x00000682,0x00000671,0x000500c7,
0x00000006,0x00000683,0x00000682,0x00000679,
0x0004007c,0x0000000c,0x00000684,0x00000683,
0x0007000c,0x0000000c,0x00000685,0x00000001,
0x0000002a,0x00000684,0x00000219,0x0003003e,
0x00000681,0x00000685,0x0004003d,0x00000006,
0x00000687,0x00000671,0x000500c2,0x00000006,
0x00000688,0x00000687,0x0000067e,0x0004007c,
0x0000000c,0x00000689,0x00000688,0x0007000c,
0x0000000c,0x0000068a,0x00000001,0x0000002a,
0x00000689,0x00000219,0x0003003e,0x00000686,
0x0000068a,0x00050041,0x00000023,0x0000068c,
0x00000078,0x0000019a,0x0004003d,0x0000001d,
0x0000068d,0x0000068c,0x0006000c,0x0000001d,
0x0000068e,0x00000001,0x00000008,0x0000068d,
0x0004006e,0x0000000c,0x0000068f,0x0000068e,
0x0004003d,0x0000000c,0x00000690,0x00000677,
0x00050082,0x0000000c,0x00000691,0x0000068f,
0x00000690,0x0003003e,0x0000068b,0x00000691,
0x00050041,0x00000023,0x00000693,0x00000078,
0x000001a0,0x0004003d,0x0000001d,0x00000694,
0x00000693,0x0006000c,0x0000001d,0x00000695,
0x00000001,0x00000008,0x00000694,0x0004006e,
0x0000000c,0x00000696,0x00000695,0x0004003d,
0x0000000c,0x00000697,0x0000067c,0x00050082,
0x0000000c,0x00000698,0x00000696,0x00000697,
0x0003003e,0x00000692,0x00000698,0x0004003d,
0x0000000c,0x00000699,0x0000068b,0x000500b1,
0x0000001b,0x0000069a,0x00000699,0x0000024b,
0x0004003d,0x0000000c,0x0000069b,0x00000692,
0x000500b1,0x0000001b,0x0000069c,0x0000069b,
0x0000024b,0x000500a6,0x0000001b,0x0000069d,
0x0000069a,0x0000069c,0x0004003d,0x0000000c,
0x0000069e,0x0000068b,0x0004003d,0x0000000c,
0x0000069f,0x00000681,0x000500af,0x0000001b,
0x000006a0,0x0000069e,0x0000069f,0x000500a6,
0x0000001b,0x000006a1,0x0000069d,0x000006a0,
0x0004003d,0x0000000c,0x000006a2,0x00000692,
0x0004003d,0x0000000c,0x000006a3,0x00000686,
0x000500af,0x0000001b,0x000006a4,0x000006a2,
0x000006a3,0x000500a6,0x0000001b,0x000006a5,
0x000006a1,0x000006a4,0x000300f7,0x000006a7,
0x00000000,0x000400fa,0x000006a5,0x000006a6,
0x000006a7,0x000200f8,0x000006a6,0x000200fe,
0x00000374,0x000200f8,0x000006a7,0x0004003d,
0x0000000c,0x000006aa,0x0000064d,0x0004003d,
0x0000000c,0x000006ab,0x00000681,0x00050087,
0x0000000c,0x000006ac,0x000006aa,0x000006ab,
0x0003003e,0x000006a9,0x000006ac,0x0004003d,
0x0000000c,0x000006ae,0x00000652,0x0004003d,
0x0000000c,0x000006af,0x00000686,0x00050087,
0x0000000c,0x000006b0,0x000006ae,0x000006af,
0x0003003e,0x000006ad,0x000006b0,0x0004003d,
0x0000002a,0x000006b2,0x00000078,0x0006000c,
0x0000002a,0x000006b3,0x00000001,0x0000000a,
0x000006b2,0x0003003e,0x000006b1,0x000006b3,
0x0004003d,0x0000000c,0x000006b5,0x0000068b,
0x0004003d,0x0000000c,0x000006b6,0x000006a9,
0x00050084,0x0000000c,0x000006b7,0x000006b5,
0x000006b6,0x0004006f,0x0000001d,0x000006b8,
0x000006b7,0x00050041,0x00000023,0x000006b9,
0x000006b1,0x0000019a,0x0004003d,0x0000001d,
0x000006ba,0x000006b9,0x0004003d,0x0000000c,
0x000006bb,0x000006a9,0x00050082,0x0000000c,
0x000006bc,0x000006bb,0x00000219,0x0007000c,
0x0000000c,0x000006bd,0x00000001,0x0000002a,
0x000006bc,0x0000024b,0x0004006f,0x0000001d,
0x000006be,0x000006bd,0x00050085,0x0000001d,
0x000006bf,0x000006ba,0x000006be,0x00050081,
0x0000001d,0x000006c0,0x000006b8,0x000006bf,
0x0003003e,0x000006b4,0x000006c0,0x0004003d,
0x0000000c,0x000006c2,0x00000692,0x0004003d,
0x0000000c,0x000006c3,0x000006ad,0x00050084,
0x0000000c,0x000006c4,0x000006c2,0x000006c3,
0x0004006f,0x0000001d,0x000006c5,0x000006c4,
0x00050041,0x00000023,0x000006c6,0x000006b1,
0x000001a0,0x0004003d,0x0000001d,0x000006c7,
0x000006c6,0x0004003d,0x0000000c,0x000006c8,
0x000006ad,0x00050082,0x0000000c,0x000006c9,
0x000006c8,0x00000219,0x0007000c,0x0000000c,
0x000006ca,0x00000001,0x0000002a,0x000006c9,
0x0000024b,0x0004006f,0x0000001d,0x000006cb,
0x000006ca,0x00050085,0x0000001d,0x000006cc,
0x000006c7,0x000006cb,0x00050081,0x0000001d,
0x000006cd,0x000006c5,0x000006cc,0x0003003e,
0x000006c1,0x000006cd,0x000200f9,0x0000066b,
0x000200f8,0x000006ce,0x0004003d,0x00000006,
0x000006d0,0x0000062f,0x00050080,0x00000006,
0x000006d1,0x000006d0,0x00000191,0x00050041,
0x00000023,0x000006d3,0x00000078,0x0000019a,
0x0004003d,0x0000001d,0x000006d4,0x000006d3,
0x0003003e,0x000006d2,0x000006d4,0x00060041,
0x0000064a,0x000006d6,0x0000063e,0x0000024b,
0x000006d1,0x0004003d,0x0000000c,0x000006d7,
0x000006d6,0x0003003e,0x000006d5,0x000006d7,
0x00060039,0x0000001d,0x000006d8,0x00000074,
0x000006d2,0x000006d5,0x0003003e,0x000006cf,
0x000006d8,0x0004003d,0x00000006,0x000006da,
0x0000062f,0x00050080,0x00000006,0x000006db,
0x000006da,0x000001c0,0x00050041,0x00000023,
0x000006dd,0x00000078,0x000001a0,0x0004003d,
0x0000001d,0x000006de,0x000006dd,0x0003003e,
0x000006dc,0x000006de,0x00060041,0x0000064a,
0x000006e0,0x0000063e,0x0000024b,0x000006db,
0x0004003d,0x0000000c,0x000006e1,0x000006e0,
0x0003003e,0x000006df,0x000006e1,0x00060039,
0x0000001d,0x000006e2,0x00000074,0x000006dc,
0x000006df,0x0003003e,0x000006d9,0x000006e2,
0x0004003d,0x0000001d,0x000006e3,0x000006cf,
0x0004003d,0x0000000c,0x000006e4,0x0000064d,
0x00050082,0x0000000c,0x000006e5,0x000006e4,
0x00000219,0x0007000c,0x0000000c,0x000006e6,
0x00000001,0x0000002a,0x000006e5,0x0000024b,
0x0004006f,0x0000001d,0x000006e7,0x000006e6,
0x00050085,0x0000001d,0x000006e8,0x000006e3,
0x000006e7,0x0003003e,0x000006b4,0x000006e8,
0x0004003d,0x0000001d,0x000006e9,0x000006d9,
0x0004003d,0x0000000c,0x000006ea,0x00000652,
0x00050082,0x0000000c,0x000006eb,0x000006ea,
0x00000219,0x0007000c,0x0000000c,0x000006ec,
0x00000001,0x0000002a,0x000006eb,0x0000024b,
0x0004006f,0x0000001d,0x000006ed,0x000006ec,
0x00050085,0x0000001d,0x000006ee,0x000006e9,
0x000006ed,0x0003003e,0x000006c1,0x000006ee,
0x000200f9,0x0000066b,0x000200f8,0x0000066b,
0x0004003d,0x0000001d,0x000006f0,0x000006b4,
0x0006000c,0x0000001d,0x000006f1,0x00000001,
0x00000008,0x000006f0,0x0004006e,0x0000000c,
0x000006f2,0x000006f1,0x0004003d,0x0000001d,
0x000006f3,0x000006c1,0x0006000c,0x0000001d,
0x000006f4,0x00000001,0x00000008,0x000006f3,
0x0004006e,0x0000000c,0x000006f5,0x000006f4,
0x00050050,0x000001e6,0x000006f6,0x000006f2,
0x000006f5,0x0003003e,0x000006ef,0x000006f6,
0x0004003d,0x000001e6,0x000006f8,0x000006ef,
0x00050050,0x000001e6,0x000006f9,0x00000219,
0x00000219,0x00050080,0x000001e6,0x000006fa,
0x000006f8,0x000006f9,0x0004003d,0x0000000c,
0x000006fb,0x0000064d,0x00050082,0x0000000c,
0x000006fc,0x000006fb,0x00000219,0x0004003d,
0x0000000c,0x000006fd,0x00000652,0x00050082,
0x0000000c,0x000006fe,0x000006fd,0x00000219,
0x00050050,0x000001e6,0x000006ff,0x000006fc,
0x000006fe,0x0007000c,0x000001e6,0x00000700,
0x00000001,0x00000027,0x000006fa,0x000006ff,
0x0003003e,0x000006f7,0x00000700,0x0004003d,
0x0000001d,0x00000702,0x000006b4,0x0004003d,
0x0000001d,0x00000703,0x000006c1,0x00050050,
0x0000002a,0x00000704,0x00000702,0x00000703,
0x0006000c,0x0000002a,0x00000705,0x00000001,
0x0000000a,0x00000704,0x0003003e,0x00000701,
0x00000705,0x0004003d,0x000001e6,0x00000709,
0x000006ef,0x00050041,0x0000000d,0x0000070a,
0x000006f7,0x0000019a,0x0004003d,0x0000000c,
0x0000070b,0x0000070a,0x00050041,0x0000000d,
0x0000070c,0x000006ef,0x000001a0,0x0004003d,
0x0000000c,0x0000070d,0x0000070c,0x00050050,
0x000001e6,0x0000070e,0x0000070b,0x0000070d,
0x00050041,0x0000000d,0x0000070f,0x000006ef,
0x0000019a,0x0004003d,0x0000000c,0x00000710,
0x0000070f,0x00050041,0x0000000d,0x00000711,
0x000006f7,0x000001a0,0x0004003d,0x0000000c,
0x00000712,0x00000711,0x00050050,0x000001e6,
0x00000713,0x00000710,0x00000712,0x0004003d,
0x000001e6,0x00000714,0x000006f7,0x00070050,
0x00000706,0x00000715,0x00000709,0x0000070e,
0x00000713,0x00000714,0x0003003e,0x00000708,
0x00000715,0x0003003e,0x00000716,0x0000024b,
0x000200f9,0x00000717,0x000200f8,0x00000717,
0x000400f6,0x00000719,0x0000071a,0x00000000,
0x000200f9,0x0000071b,0x000200f8,0x0000071b,
0x0004003d,0x0000000c,0x0000071c,0x00000716,
0x000500b1,0x0000001b,0x0000071d,0x0000071c,
0x00000171,0x000400fa,0x0000071d,0x00000718,
0x00000719,0x000200f8,0x00000718,0x0004003d,
0x0000000c,0x00000723,0x00000648,0x0004003d,
0x0000000c,0x00000724,0x00000716,0x00060041,
0x0000000d,0x00000725,0x00000708,0x00000724,
0x000001a0,0x0004003d,0x0000000c,0x00000726,
0x00000725,0x0004003d,0x0000000c,0x00000727,
0x0000064d,0x00050084,0x0000000c,0x00000728,
0x00000726,0x00000727,0x00050080,0x0000000c,
0x00000729,0x00000723,0x00000728,0x0004003d,
0x0000000c,0x0000072a,0x00000716,0x00060041,
0x0000000d,0x0000072b,0x00000708,0x0000072a,
0x0000019a,0x0004003d,0x0000000c,0x0000072c,
0x0000072b,0x00050080,0x0000000c,0x0000072d,
0x00000729,0x0000072c,0x0004007c,0x00000006,
0x0000072e,0x0000072d,0x00060041,0x0000072f,
0x00000730,0x00000722,0x0000024b,0x0000072e,
0x0004003d,0x00000006,0x00000731,0x00000730,
0x0003003e,0x0000071e,0x00000731,0x0004003d,
0x0000000c,0x00000735,0x00000716,0x0004003d,
0x00000006,0x00000736,0x0000071e,0x000500c7,
0x00000006,0x00000737,0x00000736,0x00000256,
0x00040070,0x0000001d,0x00000738,0x00000737,
0x0004003d,0x00000006,0x00000739,0x0000071e,
0x000500c2,0x00000006,0x0000073a,0x00000739,
0x00000251,0x000500c7,0x00000006,0x0000073b,
0x0000073a,0x00000256,0x00040070,0x0000001d,
0x0000073c,0x0000073b,0x0004003d,0x00000006,
0x0000073d,0x0000071e,0x000500c2,0x00000006,
0x0000073e,0x0000073d,0x00000126,0x000500c7,
0x00000006,0x0000073f,0x0000073e,0x00000256,
0x00040070,0x0000001d,0x00000740,0x0000073f,
0x0004003d,0x00000006,0x00000741,0x0000071e,
0x000500c2,0x00000006,0x00000742,0x00000741,
0x00000184,0x000500c7,0x00000006,0x00000743,
0x00000742,0x00000256,0x00040070,0x0000001d,
0x00000744,0x00000743,0x00070050,0x00000039,
0x00000745,0x00000738,0x0000073c,0x00000740,
0x00000744,0x00070050,0x00000039,0x00000746,
0x000002d5,0x000002d5,0x000002d5,0x000002d5,
0x00050088,0x00000039,0x00000747,0x00000745,
0x00000746,0x00050041,0x0000005b,0x00000748,
0x00000734,0x00000735,0x0003003e,0x00000748,
0x00000747,0x000200f9,0x0000071a,0x000200f8,
0x0000071a,0x0004003d,0x0000000c,0x00000749,
0x00000716,0x00050080,0x0000000c,0x0000074a,
0x00000749,0x00000219,0x0003003e,0x00000716,
0x0000074a,0x000200f9,0x00000717,0x000200f8,
0x00000719,0x00050041,0x0000005b,0x0000074c,
0x00000734,0x0000024b,0x0004003d,0x00000039,
0x0000074d,0x0000074c,0x00050041,0x0000005b,
0x0000074e,0x00000734,0x00000219,0x0004003d,
0x00000039,0x0000074f,0x0000074e,0x00050041,
0x00000023,0x00000750,0x00000701,0x0000019a,
0x0004003d,0x0000001d,0x00000751,0x00000750,
0x00070050,0x00000039,0x00000752,0x00000751,
0x00000751,0x00000751,0x00000751,0x0008000c,
0x00000039,0x00000753,0x00000001,0x0000002e,
0x0000074d,0x0000074f,0x00000752,0x00050041,
0x0000005b,0x00000754,0x00000734,0x00000323,
0x0004003d,0x00000039,0x00000755,0x00000754,
0x00050041,0x0000005b,0x00000756,0x00000734,
0x00000469,0x0004003d,0x00000039,0x00000757,
0x00000756,0x00050041,0x00000023,0x00000758,
0x00000701,0x0000019a,0x0004003d,0x0000001d,
0x00000759,0x00000758,0x00070050,0x00000039,
0x0000075a,0x00000759,0x00000759,0x00000759,
0x00000759,0x0008000c,0x00000039,0x0000075b,
0x00000001,0x0000002e,0x00000755,0x00000757,
0x0000075a,0x00050041,0x00000023,0x0000075c,
0x00000701,0x000001a0,0x0004003d,0x0000001d,
0x0000075d,0x0000075c,0x00070050,0x00000039,
0x0000075e,0x0000075d,0x0000075d,0x0000075d,
0x0000075d,0x0008000c,0x00000039,0x0000075f,
0x00000001,0x0000002e,0x00000753,0x0000075b,
0x0000075e,0x0003003e,0x0000074b,0x0000075f,
0x0004003d,0x00000006,0x00000760,0x0000062f,
0x00050080,0x00000006,0x00000761,0x00000760,
0x00000639,0x00060041,0x0000064a,0x00000762,
0x0000063e,0x0000024b,0x00000761,0x0004003d,
0x0000000c,0x00000763,0x00000762,0x000500ab,
0x0000001b,0x00000764,0x00000763,0x0000024b,
0x000300f7,0x00000766,0x00000000,0x000400fa,
0x00000764,0x00000765,0x00000766,0x000200f8,
0x00000765,0x0004003d,0x00000039,0x00000768,
0x0000074b,0x0008004f,0x00000037,0x00000769,
0x00000768,0x00000768,0x00000000,0x00000001,
0x00000002,0x0003003e,0x00000767,0x00000769,
0x00050039,0x00000037,0x0000076a,0x0000006f,
0x00000767,0x00050041,0x00000023,0x0000076b,
0x0000074b,0x0000019a,0x00050051,0x0000001d,
0x0000076c,0x0000076a,0x00000000,0x0003003e,
0x0000076b,0x0000076c,0x00050041,0x00000023,
0x0000076d,0x0000074b,0x000001a0,0x00050051,
0x0000001d,0x0000076e,0x0000076a,0x00000001,
0x0003003e,0x0000076d,0x0000076e,0x00050041,
0x00000023,0x0000076f,0x0000074b,0x00000192,
0x00050051,0x0000001d,0x00000770,0x0000076a,
0x00000002,0x0003003e,0x0000076f,0x00000770,
0x000200f9,0x00000766,0x000200f8,0x00000766,
0x0004003d,0x00000039,0x00000771,0x0000074b,
0x000200fe,0x00000771,0x00010038,0x00050036,
0x00000039,0x00000083,0x00000000,0x0000007e,
0x00030037,0x0000000d,0x0000007f,0x00030037,
0x0000005b,0x00000080,0x00030037,0x0000007d,
0x00000081,0x00030037,0x0000000d,0x00000082,
0x000200f8,0x00000084,0x0004003b,0x0000005b,
0x0000077a,0x00000007,0x0004003d,0x0000000c,
0x00000774,0x0000007f,0x000500af,0x0000001b,
0x00000775,0x00000774,0x0000024b,0x0004003d,
0x0000000c,0x00000776,0x0000007f,0x0004003d,
0x0000000c,0x00000777,0x00000082,0x000500b1,
0x0000001b,0x00000778,0x00000776,0x00000777,
0x000500a7,0x0000001b,0x00000779,0x00000775,
0x00000778,0x000300f7,0x0000077c,0x00000000,
0x000400fa,0x00000779,0x0000077b,0x00000780,
0x000200f8,0x0000077b,0x0004003d,0x0000000c,
0x0000077d,0x0000007f,0x00050041,0x0000005b,
0x0000077e,0x00000081,0x0000077d,0x0004003d,
0x00000039,0x0000077f,0x0000077e,0x0003003e,
0x0000077a,0x0000077f,0x000200f9,0x0000077c,
0x000200f8,0x00000780,0x0004003d,0x00000039,
0x00000781,0x00000080,0x0003003e,0x0000077a,
0x00000781,0x000200f9,0x0000077c,0x000200f8,
0x0000077c,0x0004003d,0x00000039,0x00000782,
0x0000077a,0x000200fe,0x00000782,0x00010038,
0x00050036,0x00000037,0x00000086,0x00000000,
0x0000006d,0x00030037,0x00000038,0x00000085,
0x000200f8,0x00000087,0x0004003b,0x0000005b,
0x00000785,0x00000007,0x0004003b,0x0000005b,
0x00000789,0x00000007,0x0004003b,0x0000005b,
0x000007a3,0x00000007,0x0004003b,0x00000023,
0x000007bb,0x00000007,0x0004003b,0x00000023,
0x000007c4,0x00000007,0x0003003e,0x00000785,
0x00000788,0x0004003d,0x00000037,0x0000078a,
0x00000085,0x0007004f,0x0000002a,0x0000078b,
0x0000078a,0x0000078a,0x00000002,0x00000001,
0x0004003d,0x00000039,0x0000078c,0x00000785,
0x0007004f,0x0000002a,0x0000078d,0x0000078c,
0x0000078c,0x00000003,0x00000002,0x00050051,
0x0000001d,0x0000078e,0x0000078b,0x00000000,
0x00050051,0x0000001d,0x0000078f,0x0000078b,
0x00000001,0x00050051,0x0000001d,0x00000790,
0x0000078d,0x00000000,0x00050051,0x0000001d,
0x00000791,0x0000078d,0x00000001,0x00070050,
0x00000039,0x00000792,0x0000078e,0x0000078f,
0x00000790,0x00000791,0x0004003d,0x00000037,
0x00000793,0x00000085,0x0007004f,0x0000002a,
0x00000794,0x00000793,0x00000793,0x00000001,
0x00000002,0x0004003d,0x00000039,0x00000795,
0x00000785,0x0007004f,0x0000002a,0x00000796,
0x00000795,0x00000795,0x00000000,0x00000001,
0x00050051,0x0000001d,0x00000797,0x00000794,
0x00000000,0x00050051,0x0000001d,0x00000798,
0x00000794,0x00000001,0x00050051,0x0000001d,
0x00000799,0x00000796,0x00000000,0x00050051,
0x0000001d,0x0000079a,0x00000796,0x00000001,
0x00070050,0x00000039,0x0000079b,0x00000797,
0x00000798,0x00000799,0x0000079a,0x00050041,
0x00000023,0x0000079c,0x00000085,0x00000192,
0x0004003d,0x0000001d,0x0000079d,0x0000079c,
0x00050041,0x00000023,0x0000079e,0x00000085,
0x000001a0,0x0004003d,0x0000001d,0x0000079f,
0x0000079e,0x0007000c,0x0000001d,0x000007a0,
0x00000001,0x00000030,0x0000079d,0x0000079f,
0x00070050,0x00000039,0x000007a1,0x000007a0,
0x000007a0,0x000007a0,0x000007a0,0x0008000c,
0x00000039,0x000007a2,0x00000001,0x0000002e,
0x00000792,0x0000079b,0x000007a1,0x0003003e,
0x00000789,0x000007a2,0x0004003d,0x00000039,
0x000007a4,0x00000789,0x0008004f,0x00000037,
0x000007a5,0x000007a4,0x000007a4,0x00000000,
0x00000001,0x00000003,0x00050041,0x00000023,
0x000007a6,0x00000085,0x0000019a,0x0004003d,
0x0000001d,0x000007a7,0x000007a6,0x00050051,
0x0000001d,0x000007a8,0x000007a5,0x00000000,
0x00050051,0x0000001d,0x000007a9,0x000007a5,
0x00000001,0x00050051,0x0000001d,0x000007aa,
0x000007a5,0x00000002,0x00070050,0x00000039,
0x000007ab,0x000007a8,0x000007a9,0x000007aa,
0x000007a7,0x00050041,0x00000023,0x000007ac,
0x00000085,0x0000019a,0x0004003d,0x0000001d,
0x000007ad,0x000007ac,0x0004003d,0x00000039,
0x000007ae,0x00000789,0x0008004f,0x00000037,
0x000007af,0x000007ae,0x000007ae,0x00000001,
0x00000002,0x00000000,0x00050051,0x0000001d,
0x000007b0,0x000007af,0x00000000,0x00050051,
0x0000001d,0x000007b1,0x000007af,0x00000001,
0x00050051,0x0000001d,0x000007b2,0x000007af,
0x00000002,0x00070050,0x00000039,0x000007b3,
0x000007ad,0x000007b0,0x000007b1,0x000007b2,
0x00050041,0x00000023,0x000007b4,0x00000789,
0x0000019a,0x0004003d,0x0000001d,0x000007b5,
0x000007b4,0x00050041,0x00000023,0x000007b6,
0x00000085,0x0000019a,0x0004003d,0x0000001d,
0x000007b7,0x000007b6,0x0007000c,0x0000001d,
0x000007b8,0x00000001,0x00000030,0x000007b5,
0x000007b7,0x00070050,0x00000039,0x000007b9,
0x000007b8,0x000007b8,0x000007b8,0x000007b8,
0x0008000c,0x00000039,0x000007ba,0x00000001,
0x0000002e,0x000007ab,0x000007b3,0x000007b9,
0x0003003e,0x000007a3,0x000007ba,0x00050041,
0x00000023,0x000007bc,0x000007a3,0x0000019a,
0x0004003d,0x0000001d,0x000007bd,0x000007bc,
0x00050041,0x00000023,0x000007be,0x000007a3,
0x00000191,0x0004003d,0x0000001d,0x000007bf,
0x000007be,0x00050041,0x00000023,0x000007c0,
0x000007a3,0x000001a0,0x0004003d,0x0000001d,
0x000007c1,0x000007c0,0x0007000c,0x0000001d,
0x000007c2,0x00000001,0x00000025,0x000007bf,
0x000007c1,0x00050083,0x0000001d,0x000007c3,
0x000007bd,0x000007c2,0x0003003e,0x000007bb,
0x000007c3,0x0003003e,0x000007c4,0x000007c5,
0x00050041,0x00000023,0x000007c6,0x000007a3,
0x00000192,0x0004003d,0x0000001d,0x000007c7,
0x000007c6,0x00050041,0x00000023,0x000007c8,
0x000007a3,0x00000191,0x0004003d,0x0000001d,
0x000007c9,0x000007c8,0x00050041,0x00000023,
0x000007ca,0x000007a3,0x000001a0,0x0004003d,
0x0000001d,0x000007cb,0x000007ca,0x00050083,
0x0000001d,0x000007cc,0x000007c9,0x000007cb,
0x0004003d,0x0000001d,0x000007cd,0x000007bb,
0x00050085,0x0000001d,0x000007ce,0x000001f9,
0x000007cd,0x0004003d,0x0000001d,0x000007cf,
0x000007c4,0x00050081,0x0000001d,0x000007d0,
0x000007ce,0x000007cf,0x00050088,0x0000001d,
0x000007d1,0x000007cc,0x000007d0,0x00050081,
0x0000001d,0x000007d2,0x000007c7,0x000007d1,
0x0006000c,0x0000001d,0x000007d3,0x00000001,
0x00000004,0x000007d2,0x0004003d,0x0000001d,
0x000007d4,0x000007bb,0x00050041,0x00000023,
0x000007d5,0x000007a3,0x0000019a,0x0004003d,
0x0000001d,0x000007d6,0x000007d5,0x0004003d,
0x0000001d,0x000007d7,0x000007c4,0x00050081,
0x0000001d,0x000007d8,0x000007d6,0x000007d7,
0x00050088,0x0000001d,0x000007d9,0x000007d4,
0x000007d8,0x00050041,0x00000023,0x000007da,
0x000007a3,0x0000019a,0x0004003d,0x0000001d,
0x000007db,0x000007da,0x00060050,0x00000037,
0x000007dc,0x000007d3,0x000007d9,0x000007db,
0x000200fe,0x000007dc,0x00010038,0x00050036,
0x00000037,0x00000089,0x00000000,0x0000006d,
0x00030037,0x00000038,0x00000088,0x000200f8,
0x0000008a,0x0004003b,0x00000038,0x000007df,
0x00000007,0x0004003d,0x00000037,0x000007e0,
0x00000088,0x0008004f,0x00000037,0x000007e1,
0x000007e0,0x000007e0,0x00000000,0x00000000,
0x00000000,0x00050081,0x00000037,0x000007e4,
0x000007e1,0x000007e3,0x0006000c,0x00000037,
0x000007e5,0x00000001,0x0000000a,0x000007e4,
0x0005008e,0x00000037,0x000007e6,0x000007e5,
0x000001f9,0x00060050,0x00000037,0x000007e7,
0x000005b9,0x000005b9,0x000005b9,0x00050083,
0x00000037,0x000007e8,0x000007e6,0x000007e7,
0x0006000c,0x00000037,0x000007e9,0x00000001,
0x00000004,0x000007e8,0x0003003e,0x000007df,
0x000007e9,0x00050041,0x00000023,0x000007ea,
0x00000088,0x00000192,0x0004003d,0x0000001d,
0x000007eb,0x000007ea,0x0004003d,0x00000037,
0x000007ed,0x000007df,0x00060050,0x00000037,
0x000007ee,0x00000271,0x00000271,0x00000271,
0x00050083,0x00000037,0x000007ef,0x000007ed,
0x000007ee,0x00060050,0x00000037,0x000007f0,
0x000002ec,0x000002ec,0x000002ec,0x00060050,
0x00000037,0x000007f1,0x00000271,0x00000271,
0x00000271,0x0008000c,0x00000037,0x000007f2,
0x00000001,0x0000002b,0x000007ef,0x000007f0,
0x000007f1,0x00050041,0x00000023,0x000007f3,
0x00000088,0x000001a0,0x0004003d,0x0000001d,
0x000007f4,0x000007f3,0x00060050,0x00000037,
0x000007f5,0x000007f4,0x000007f4,0x000007f4,
0x0008000c,0x00000037,0x000007f6,0x00000001,
0x0000002e,0x000007ec,0x000007f2,0x000007f5,
0x0005008e,0x00000037,0x000007f7,0x000007f6,
0x000007eb,0x000200fe,0x000007f7,0x00010038,
0x00050036,0x00000002,0x00000094,0x00000000,
0x0000008e,0x00030037,0x00000007,0x0000008f,
0x00030037,0x0000002b,0x00000090,0x00030037,
0x00000038,0x00000091,0x00030037,0x00000038,
0x00000092,0x00030037,0x0000008d,0x00000093,
0x000200f8,0x00000095,0x0004003b,0x00000007,
0x000007fa,0x00000007,0x0004003b,0x00000007,
0x00000806,0x00000007,0x0004003b,0x0000000d,
0x00000818,0x00000007,0x0004003b,0x0000000d,
0x00000825,0x00000007,0x0004003b,0x00000007,
0x0000082e,0x00000007,0x0004003b,0x0000000d,
0x00000836,0x00000007,0x0004003b,0x0000000d,
0x0000083c,0x00000007,0x0004003b,0x0000000d,
0x00000843,0x00000007,0x0004003b,0x0000000d,
0x0000084a,0x00000007,0x0004003b,0x0000005b,
0x00000851,0x00000007,0x0004003b,0x0000007d,
0x00000863,0x00000007,0x0004003b,0x0000000d,
0x00000864,0x00000007,0x0004003b,0x0000005b,
0x00000866,0x00000007,0x0004003b,0x0000007d,
0x00000867,0x00000007,0x0004003b,0x0000000d,
0x00000869,0x00000007,0x0004003b,0x0000005b,
0x0000086c,0x00000007,0x0004003b,0x0000000d,
0x00000881,0x00000007,0x0004003b,0x0000005b,
0x00000883,0x00000007,0x0004003b,0x0000007d,
0x00000884,0x00000007,0x0004003b,0x0000000d,
0x00000886,0x00000007,0x0004003b,0x0000005b,
0x00000889,0x00000007,0x0004003b,0x0000000d,
0x0000089b,0x00000007,0x0004003b,0x0000005b,
0x0000089d,0x00000007,0x0004003b,0x0000007d,
0x0000089e,0x00000007,0x0004003b,0x0000000d,
0x000008a0,0x00000007,0x0004003b,0x0000002b,
0x000008a3,0x00000007,0x0004003b,0x0000000d,
0x000008a5,0x00000007,0x0004003b,0x0000002b,
0x000008c1,0x00000007,0x0004003b,0x0000000d,
0x000008f1,0x00000007,0x0004003b,0x0000002b,
0x000008f2,0x00000007,0x0004003b,0x0000000d,
0x00000a36,0x00000007,0x0004003b,0x0000005b,
0x00000a3d,0x00000007,0x0004003b,0x0000002b,
0x00000a42,0x00000007,0x0004003b,0x0000000d,
0x00000a45,0x00000007,0x0004003b,0x0000002b,
0x00000a53,0x00000007,0x0004003b,0x0000000d,
0x00000a56,0x00000007,0x0004003b,0x0000002b,
0x00000a65,0x00000007,0x0004003b,0x0000000d,
0x00000a66,0x00000007,0x0004003b,0x0000002b,
0x00000a70,0x00000007,0x0004003b,0x0000000d,
0x00000a73,0x00000007,0x0004003b,0x0000002b,
0x00000a7c,0x00000007,0x0004003b,0x0000000d,
0x00000a7f,0x00000007,0x0004003b,0x0000002b,
0x00000a88,0x00000007,0x0004003b,0x0000000d,
0x00000a8b,0x00000007,0x0004003b,0x0000002b,
0x00000a9b,0x00000007,0x0004003b,0x0000000d,
0x00000a9c,0x00000007,0x0004003b,0x0000005b,
0x00000acd,0x00000007,0x0004003b,0x00000038,
0x00000b0e,0x00000007,0x0004003b,0x00000023,
0x00000b25,0x00000007,0x0004003b,0x00000023,
0x00000b29,0x00000007,0x0004003b,0x00000023,
0x00000b2c,0x00000007,0x0004003b,0x00000038,
0x00000b2f,0x00000007,0x0004003b,0x0000002b,
0x00000b56,0x00000007,0x0004003b,0x00000023,
0x00000b6d,0x00000007,0x0004003b,0x0000000d,
0x00000b91,0x00000007,0x0004003b,0x0000005b,
0x00000b98,0x00000007,0x0004003b,0x00000038,
0x00000b9d,0x00000007,0x0004003b,0x0000000d,
0x00000ba0,0x00000007,0x0004003b,0x00000038,
0x00000bae,0x00000007,0x0004003b,0x0000000d,
0x00000bb1,0x00000007,0x0004003b,0x00000038,
0x00000bbf,0x00000007,0x0004003b,0x0000000d,
0x00000bc0,0x00000007,0x0004003b,0x00000038,
0x00000bca,0x00000007,0x0004003b,0x0000000d,
0x00000bcd,0x00000007,0x0004003b,0x00000038,
0x00000bd6,0x00000007,0x0004003b,0x0000000d,
0x00000bd9,0x00000007,0x0004003b,0x00000038,
0x00000be2,0x00000007,0x0004003b,0x0000000d,
0x00000be5,0x00000007,0x0004003b,0x00000038,
0x00000bf5,0x00000007,0x0004003b,0x0000000d,
0x00000bf6,0x00000007,0x0004003b,0x0000000d,
0x00000c36,0x00000007,0x0004003b,0x00000038,
0x00000c5f,0x00000007,0x0004003b,0x00000038,
0x00000c60,0x00000007,0x0004003b,0x00000038,
0x00000c7a,0x00000007,0x0004003b,0x00000023,
0x00000c8a,0x00000007,0x0004003b,0x00000023,
0x00000c8c,0x00000007,0x0004003b,0x00000023,
0x00000c92,0x00000007,0x0004003b,0x00000038,
0x00000c93,0x00000007,0x0004003b,0x00000023,
0x00000c96,0x00000007,0x0004003b,0x00000038,
0x00000c9b,0x00000007,0x0004003b,0x00000023,
0x00000c9d,0x00000007,0x0004003b,0x00000038,
0x00000ca2,0x00000007,0x0004003b,0x00000038,
0x00000ca4,0x00000007,0x0004003b,0x0000000d,
0x00000ced,0x00000007,0x0004003b,0x0000000d,
0x00000cf5,0x00000007,0x0004003b,0x0000005b,
0x00000cfc,0x00000007,0x0004003b,0x00000023,
0x00000d00,0x00000007,0x0004003b,0x0000005b,
0x00000d21,0x00000007,0x0004003b,0x0000005b,
0x00000d34,0x00000007,0x0004003b,0x0000005b,
0x00000d50,0x00000007,0x0004003b,0x0000005b,
0x00000d6b,0x00000007,0x0004003b,0x00000023,
0x00000d89,0x00000007,0x0004003b,0x00000023,
0x00000d8c,0x00000007,0x0004003b,0x00000023,
0x00000d91,0x00000007,0x0004003b,0x00000023,
0x00000d9d,0x00000007,0x0004003b,0x0000000d,
0x00000db9,0x00000007,0x0004003b,0x0000005b,
0x00000dc1,0x00000007,0x0004003b,0x0000005b,
0x00000dc8,0x00000007,0x0004003b,0x00000023,
0x00000dd7,0x00000007,0x0004003b,0x00000023,
0x00000ded,0x00000007,0x0004003b,0x0000000d,
0x00000e12,0x00000007,0x0004003b,0x0000005b,
0x00000e1a,0x00000007,0x0004003b,0x0000005b,
0x00000e21,0x00000007,0x0004003b,0x0000001c,
0x00000e3a,0x00000007,0x0004003b,0x0000001c,
0x00000e3d,0x00000007,0x0004003b,0x0000001c,
0x00000e48,0x00000007,0x0004003b,0x00000038,
0x00000e65,0x00000007,0x0004003b,0x00000038,
0x00000e77,0x00000007,0x0004003b,0x00000023,
0x00000e88,0x00000007,0x0004003b,0x0000005b,
0x00000ef8,0x00000007,0x0004003b,0x00000023,
0x00000f17,0x00000007,0x0004003b,0x00000023,
0x00000f1a,0x00000007,0x0004003b,0x0000001c,
0x00000f41,0x00000007,0x0004003b,0x0000001c,
0x00000f45,0x00000007,0x0004003b,0x0000001c,
0x00000f49,0x00000007,0x0004003b,0x0000001c,
0x00000f4c,0x00000007,0x0004003b,0x0000001c,
0x00000f55,0x00000007,0x0004003b,0x00000023,
0x00000f81,0x00000007,0x0004003b,0x0000005b,
0x00000fc6,0x00000007,0x0004003b,0x00000023,
0x00000fe5,0x00000007,0x0004003b,0x00000038,
0x0000101b,0x00000007,0x0004003b,0x0000001a,
0x00001062,0x00000007,0x0004003b,0x0000001c,
0x00001063,0x00000007,0x0004003b,0x0000000d,
0x0000106d,0x00000007,0x0004003b,0x00000023,
0x00001075,0x00000007,0x0004003b,0x00000023,
0x0000107c,0x00000007,0x0004003b,0x00000023,
0x00001088,0x00000007,0x0004003b,0x0000000d,
0x00001089,0x00000007,0x0004003b,0x0000000d,
0x00001090,0x00000007,0x0004003b,0x0000002b,
0x00001099,0x00000007,0x0004003b,0x0000005b,
0x0000109c,0x00000007,0x0004003b,0x0000000d,
0x0000109d,0x00000007,0x0004003b,0x0000002b,
0x000010ab,0x00000007,0x0004003b,0x0000000d,
0x000010ad,0x00000007,0x0004003b,0x0000002b,
0x000010ba,0x00000007,0x0004003b,0x0000000d,
0x000010bc,0x00000007,0x0004003b,0x0000002b,
0x000010c6,0x00000007,0x0004003b,0x0000000d,
0x000010c7,0x00000007,0x0004003b,0x0000002b,
0x000010d0,0x00000007,0x0004003b,0x0000000d,
0x000010d2,0x00000007,0x0004003b,0x0000002b,
0x000010da,0x00000007,0x0004003b,0x0000000d,
0x000010dc,0x00000007,0x0004003b,0x0000002b,
0x000010e4,0x00000007,0x0004003b,0x0000000d,
0x000010e6,0x00000007,0x0004003b,0x0000002b,
0x000010f4,0x00000007,0x0004003b,0x0000000d,
0x000010f5,0x00000007,0x0004003b,0x00000038,
0x00001120,0x00000007,0x0004003b,0x0000001c,
0x00001123,0x00000007,0x0004003b,0x00000023,
0x00001124,0x00000007,0x0004003b,0x0000000d,
0x00001127,0x00000007,0x0004003b,0x0000000d,
0x00001128,0x00000007,0x0004003b,0x0000000d,
0x00001131,0x00000007,0x0004003b,0x00000023,
0x00001139,0x00000007,0x0004003b,0x00000023,
0x00001140,0x00000007,0x0004003b,0x00000023,
0x0000114c,0x00000007,0x0004003b,0x0000000d,
0x0000114d,0x00000007,0x0004003b,0x0000000d,
0x00001154,0x00000007,0x0004003b,0x00000038,
0x0000115d,0x00000007,0x0004003b,0x0000005b,
0x00001160,0x00000007,0x0004003b,0x0000000d,
0x00001161,0x00000007,0x0004003b,0x00000038,
0x0000116f,0x00000007,0x0004003b,0x0000000d,
0x00001171,0x00000007,0x0004003b,0x00000038,
0x0000117e,0x00000007,0x0004003b,0x0000000d,
0x00001180,0x00000007,0x0004003b,0x00000038,
0x0000118a,0x00000007,0x0004003b,0x0000000d,
0x0000118b,0x00000007,0x0004003b,0x00000038,
0x00001194,0x00000007,0x0004003b,0x0000000d,
0x00001196,0x00000007,0x0004003b,0x00000038,
0x0000119e,0x00000007,0x0004003b,0x0000000d,
0x000011a0,0x00000007,0x0004003b,0x00000038,
0x000011a8,0x00000007,0x0004003b,0x0000000d,
0x000011aa,0x00000007,0x0004003b,0x00000038,
0x000011b8,0x00000007,0x0004003b,0x0000000d,
0x000011b9,0x00000007,0x0004003b,0x0000002b,
0x000011d2,0x00000007,0x0004003b,0x0000002b,
0x000011d6,0x00000007,0x0004003b,0x00000023,
0x000011da,0x00000007,0x0004003b,0x00000023,
0x000011dd,0x00000007,0x0004003b,0x00000023,
0x000011e1,0x00000007,0x0004003b,0x000004a6,
0x000011e2,0x00000007,0x0004003b,0x0000000d,
0x000011fc,0x00000007,0x0004003b,0x0000002b,
0x0000121b,0x00000007,0x0004003b,0x00000023,
0x0000123a,0x00000007,0x0004003b,0x0000000d,
0x00001252,0x00000007,0x0004003b,0x00000023,
0x0000125a,0x00000007,0x0004003b,0x00000023,
0x00001261,0x00000007,0x0004003b,0x0000002b,
0x0000127d,0x00000007,0x0004003b,0x00000023,
0x0000127e,0x00000007,0x0004003b,0x0000001c,
0x00001280,0x00000007,0x0004003b,0x0000000d,
0x00001281,0x00000007,0x0004003b,0x0000000d,
0x0000128b,0x00000007,0x0004003b,0x0000002b,
0x00001291,0x00000007,0x0004003b,0x00000023,
0x00001296,0x00000007,0x0004003b,0x00000023,
0x00001299,0x00000007,0x0004003b,0x00000023,
0x000012a7,0x00000007,0x0004003b,0x00000023,
0x000012b1,0x00000007,0x0004003b,0x0000000d,
0x000012d0,0x00000007,0x0004003b,0x0000000d,
0x000012db,0x00000007,0x0004003b,0x0000000d,
0x000012e1,0x00000007,0x0004003b,0x00000023,
0x000012e8,0x00000007,0x0004003b,0x0000005b,
0x000012ef,0x00000007,0x0004003b,0x0000000d,
0x000012f7,0x00000007,0x0004003b,0x0000000d,
0x00001305,0x00000007,0x0004003b,0x00000023,
0x0000130b,0x00000007,0x0004003b,0x00000023,
0x00001312,0x00000007,0x0004003b,0x00000023,
0x00001329,0x00000007,0x0004003b,0x00000023,
0x0000132b,0x00000007,0x0004003b,0x00000023,
0x0000132d,0x00000007,0x0004003b,0x0000005b,
0x0000132f,0x00000007,0x0004003b,0x0000005b,
0x00001332,0x00000007,0x0004003b,0x0000000d,
0x00001335,0x00000007,0x0004003b,0x00000023,
0x0000133b,0x00000007,0x0004003b,0x00000023,
0x0000133f,0x00000007,0x0004003b,0x0000000d,
0x00001347,0x00000007,0x0004003b,0x00000023,
0x0000136a,0x00000007,0x0004003b,0x00000023,
0x0000136c,0x00000007,0x0004003b,0x00000023,
0x0000136e,0x00000007,0x0004003b,0x0000005b,
0x00001370,0x00000007,0x0004003b,0x0000005b,
0x00001373,0x00000007,0x0004003b,0x0000000d,
0x00001376,0x00000007,0x0004003b,0x00000007,
0x00001382,0x00000007,0x0004003b,0x0000000d,
0x0000138a,0x00000007,0x0003003e,0x000007fa,
0x0000019a,0x000200f9,0x000007fb,0x000200f8,
0x000007fb,0x000400f6,0x000007fd,0x000007fe,
0x00000000,0x000200f9,0x000007ff,0x000200f8,
0x000007ff,0x0004003d,0x00000006,0x00000800,
0x000007fa,0x000500b0,0x0000001b,0x00000801,
0x00000800,0x0000008b,0x000400fa,0x00000801,
0x000007fc,0x000007fd,0x000200f8,0x000007fc,
0x0004003d,0x00000006,0x00000802,0x000007fa,
0x00050041,0x0000005b,0x00000803,0x00000093,
0x00000802,0x0003003e,0x00000803,0x00000374,
0x000200f9,0x000007fe,0x000200f8,0x000007fe,
0x0004003d,0x00000006,0x00000804,0x000007fa,
0x00050080,0x00000006,0x00000805,0x00000804,
0x00000219,0x0003003e,0x000007fa,0x00000805,
0x000200f9,0x000007fb,0x000200f8,0x000007fd,
0x0004003d,0x00000006,0x00000807,0x0000008f,
0x00050084,0x00000006,0x00000809,0x00000807,
0x00000808,0x0003003e,0x00000806,0x00000809,
0x0004003d,0x00000006,0x0000080a,0x00000806,
0x00050080,0x00000006,0x0000080c,0x0000080a,
0x0000080b,0x00050044,0x00000006,0x00000811,
0x00000810,0x00000000,0x0004007c,0x0000000c,
0x00000812,0x00000811,0x0004007c,0x00000006,
0x00000813,0x00000812,0x000500ac,0x0000001b,
0x00000814,0x0000080c,0x00000813,0x000300f7,
0x00000816,0x00000000,0x000400fa,0x00000814,
0x00000815,0x00000816,0x000200f8,0x00000815,
0x000100fd,0x000200f8,0x00000816,0x0004003d,
0x00000006,0x00000819,0x00000806,0x00060041,
0x0000081a,0x0000081b,0x00000810,0x0000024b,
0x00000819,0x0004003d,0x0000001d,0x0000081c,
0x0000081b,0x0008000c,0x0000001d,0x0000081e,
0x00000001,0x0000002b,0x0000081c,0x000002ec,
0x0000081d,0x0004006e,0x0000000c,0x0000081f,
0x0000081e,0x0003003e,0x00000818,0x0000081f,
0x0004003d,0x0000000c,0x00000820,0x00000818,
0x000500b3,0x0000001b,0x00000821,0x00000820,
0x0000024b,0x000300f7,0x00000823,0x00000000,
0x000400fa,0x00000821,0x00000822,0x00000823,
0x000200f8,0x00000822,0x000100fd,0x000200f8,
0x00000823,0x0003003e,0x00000825,0x0000024b,
0x000200f9,0x00000826,0x000200f8,0x00000826,
0x000400f6,0x00000828,0x00000829,0x00000000,
0x000200f9,0x0000082a,0x000200f8,0x0000082a,
0x0004003d,0x0000000c,0x0000082b,0x00000825,
0x0004003d,0x0000000c,0x0000082c,0x00000818,
0x000500b1,0x0000001b,0x0000082d,0x0000082b,
0x0000082c,0x000400fa,0x0000082d,0x00000827,
0x00000828,0x000200f8,0x00000827,0x0004003d,
0x00000006,0x0000082f,0x00000806,0x00050080,
0x00000006,0x00000830,0x0000082f,0x0000080b,
0x0004003d,0x0000000c,0x00000831,0x00000825,
0x0004007c,0x00000006,0x00000832,0x00000831,
0x00050084,0x00000006,0x00000834,0x00000832,
0x00000833,0x00050080,0x00000006,0x00000835,
0x00000830,0x00000834,0x0003003e,0x0000082e,
0x00000835,0x0004003d,0x00000006,0x00000837,
0x0000082e,0x00060041,0x0000081a,0x00000838,
0x00000810,0x0000024b,0x00000837,0x0004003d,
0x0000001d,0x00000839,0x00000838,0x0006000c,
0x0000001d,0x0000083a,0x00000001,0x00000001,
0x00000839,0x0004006e,0x0000000c,0x0000083b,
0x0000083a,0x0003003e,0x00000836,0x0000083b,
0x0004003d,0x00000006,0x0000083d,0x0000082e,
0x00050080,0x00000006,0x0000083e,0x0000083d,
0x000001a0,0x00060041,0x0000081a,0x0000083f,
0x00000810,0x0000024b,0x0000083e,0x0004003d,
0x0000001d,0x00000840,0x0000083f,0x0006000c,
0x0000001d,0x00000841,0x00000001,0x00000001,
0x00000840,0x0004006e,0x0000000c,0x00000842,
0x00000841,0x0003003e,0x0000083c,0x00000842,
0x0004003d,0x00000006,0x00000844,0x0000082e,
0x00050080,0x00000006,0x00000845,0x00000844,
0x00000192,0x00060041,0x0000081a,0x00000846,
0x00000810,0x0000024b,0x00000845,0x0004003d,
0x0000001d,0x00000847,0x00000846,0x0006000c,
0x0000001d,0x00000848,0x00000001,0x00000001,
0x00000847,0x0004006e,0x0000000c,0x00000849,
0x00000848,0x0003003e,0x00000843,0x00000849,
0x0004003d,0x00000006,0x0000084b,0x0000082e,
0x00050080,0x00000006,0x0000084c,0x0000084b,
0x00000191,0x00060041,0x0000081a,0x0000084d,
0x00000810,0x0000024b,0x0000084c,0x0004003d,
0x0000001d,0x0000084e,0x0000084d,0x0006000c,
0x0000001d,0x0000084f,0x00000001,0x00000001,
0x0000084e,0x0004006e,0x0000000c,0x00000850,
0x0000084f,0x0003003e,0x0000084a,0x00000850,
0x0004003d,0x00000006,0x00000852,0x0000082e,
0x00050080,0x00000006,0x00000853,0x00000852,
0x000001c0,0x00060041,0x0000081a,0x00000854,
0x00000810,0x0000024b,0x00000853,0x0004003d,
0x0000001d,0x00000855,0x00000854,0x0004003d,
0x00000006,0x00000856,0x0000082e,0x00050080,
0x00000006,0x00000857,0x00000856,0x00000639,
0x00060041,0x0000081a,0x00000858,0x00000810,
0x0000024b,0x00000857,0x0004003d,0x0000001d,
0x00000859,0x00000858,0x0004003d,0x00000006,
0x0000085a,0x0000082e,0x00050080,0x00000006,
0x0000085b,0x0000085a,0x00000664,0x00060041,
0x0000081a,0x0000085c,0x00000810,0x0000024b,
0x0000085b,0x0004003d,0x0000001d,0x0000085d,
0x0000085c,0x0004003d,0x00000006,0x0000085e,
0x0000082e,0x00050080,0x00000006,0x0000085f,
0x0000085e,0x000001bc,0x00060041,0x0000081a,
0x00000860,0x00000810,0x0000024b,0x0000085f,
0x0004003d,0x0000001d,0x00000861,0x00000860,
0x00070050,0x00000039,0x00000862,0x00000855,
0x00000859,0x0000085d,0x00000861,0x0004003d,
0x0000000c,0x00000865,0x0000083c,0x0003003e,
0x00000864,0x00000865,0x0003003e,0x00000866,
0x00000862,0x0004003d,0x0000007c,0x00000868,
0x00000863,0x0003003e,0x00000867,0x00000868,
0x0004003d,0x0000000c,0x0000086a,0x00000818,
0x0003003e,0x00000869,0x0000086a,0x00080039,
0x00000039,0x0000086b,0x00000083,0x00000864,
0x00000866,0x00000867,0x00000869,0x0003003e,
0x00000851,0x0000086b,0x0004003d,0x00000006,
0x0000086d,0x0000082e,0x00050080,0x00000006,
0x0000086e,0x0000086d,0x000003b2,0x00060041,
0x0000081a,0x0000086f,0x00000810,0x0000024b,
0x0000086e,0x0004003d,0x0000001d,0x00000870,
0x0000086f,0x0004003d,0x00000006,0x00000871,
0x0000082e,0x00050080,0x00000006,0x00000873,
0x00000871,0x00000872,0x00060041,0x0000081a,
0x00000874,0x00000810,0x0000024b,0x00000873,
0x0004003d,0x0000001d,0x00000875,0x00000874,
0x0004003d,0x00000006,0x00000876,0x0000082e,
0x00050080,0x00000006,0x00000878,0x00000876,
0x00000877,0x00060041,0x0000081a,0x00000879,
0x00000810,0x0000024b,0x00000878,0x0004003d,
0x0000001d,0x0000087a,0x00000879,0x0004003d,
0x00000006,0x0000087b,0x0000082e,0x00050080,
0x00000006,0x0000087d,0x0000087b,0x0000087c,
0x00060041,0x0000081a,0x0000087e,0x00000810,
0x0000024b,0x0000087d,0x0004003d,0x0000001d,
0x0000087f,0x0000087e,0x00070050,0x00000039,
0x00000880,0x00000870,0x00000875,0x0000087a,
0x0000087f,0x0004003d,0x0000000c,0x00000882,
0x00000843,0x0003003e,0x00000881,0x00000882,
0x0003003e,0x00000883,0x00000880,0x0004003d,
0x0000007c,0x00000885,0x00000863,0x0003003e,
0x00000884,0x00000885,0x0004003d,0x0000000c,
0x00000887,0x00000818,0x0003003e,0x00000886,
0x00000887,0x00080039,0x00000039,0x00000888,
0x00000083,0x00000881,0x00000883,0x00000884,
0x00000886,0x0003003e,0x0000086c,0x00000888,
0x0004003d,0x00000006,0x0000088a,0x0000082e,
0x00050080,0x00000006,0x0000088b,0x0000088a,
0x000003c0,0x00060041,0x0000081a,0x0000088c,
0x00000810,0x0000024b,0x0000088b,0x0004003d,
0x0000001d,0x0000088d,0x0000088c,0x0004003d,
0x00000006,0x0000088e,0x0000082e,0x00050080,
0x00000006,0x0000088f,0x0000088e,0x00000196,
0x00060041,0x0000081a,0x00000890,0x00000810,
0x0000024b,0x0000088f,0x0004003d,0x0000001d,
0x00000891,0x00000890,0x0004003d,0x00000006,
0x00000892,0x0000082e,0x00050080,0x00000006,
0x00000893,0x00000892,0x000003c3,0x00060041,
0x0000081a,0x00000894,0x00000810,0x0000024b,
0x00000893,0x0004003d,0x0000001d,0x00000895,
0x00000894,0x0004003d,0x00000006,0x00000896,
0x0000082e,0x00050080,0x00000006,0x00000897,
0x00000896,0x000003ad,0x00060041,0x0000081a,
0x00000898,0x00000810,0x0000024b,0x00000897,
0x0004003d,0x0000001d,0x00000899,0x00000898,
0x00070050,0x00000039,0x0000089a,0x0000088d,
0x00000891,0x00000895,0x00000899,0x0004003d,
0x0000000c,0x0000089c,0x0000084a,0x0003003e,
0x0000089b,0x0000089c,0x0003003e,0x0000089d,
0x0000089a,0x0004003d,0x0000007c,0x0000089f,
0x00000863,0x0003003e,0x0000089e,0x0000089f,
0x0004003d,0x0000000c,0x000008a1,0x00000818,
0x0003003e,0x000008a0,0x000008a1,0x00080039,
0x00000039,0x000008a2,0x00000083,0x0000089b,
0x0000089d,0x0000089e,0x000008a0,0x0003003e,
0x00000889,0x000008a2,0x0004003d,0x0000002a,
0x000008a4,0x00000090,0x0003003e,0x000008a3,
0x000008a4,0x0004003d,0x00000006,0x000008a6,
0x0000082e,0x00050080,0x00000006,0x000008a7,
0x000008a6,0x000003ad,0x00060041,0x0000081a,
0x000008a8,0x00000810,0x0000024b,0x000008a7,
0x0004003d,0x0000001d,0x000008a9,0x000008a8,
0x00050081,0x0000001d,0x000008aa,0x000008a9,
0x00000336,0x0006000c,0x0000001d,0x000008ab,
0x00000001,0x00000008,0x000008aa,0x0004006e,
0x0000000c,0x000008ac,0x000008ab,0x0003003e,
0x000008a5,0x000008ac,0x0004003d,0x0000000c,
0x000008ad,0x000008a5,0x000500aa,0x0000001b,
0x000008ae,0x000008ad,0x0000024b,0x000300f7,
0x000008b0,0x00000000,0x000400fa,0x000008ae,
0x000008af,0x000008b3,0x000200f8,0x000008af,
0x0004003d,0x00000039,0x000008b1,0x00000851,
0x0007004f,0x0000002a,0x000008b2,0x000008b1,
0x000008b1,0x00000000,0x00000001,0x0003003e,
0x000008a3,0x000008b2,0x000200f9,0x000008b0,
0x000200f8,0x000008b3,0x0004003d,0x0000000c,
0x000008b4,0x000008a5,0x000500aa,0x0000001b,
0x000008b5,0x000008b4,0x00000219,0x000300f7,
0x000008b7,0x00000000,0x000400fa,0x000008b5,
0x000008b6,0x000008ba,0x000200f8,0x000008b6,
0x0004003d,0x00000039,0x000008b8,0x0000086c,
0x0007004f,0x0000002a,0x000008b9,0x000008b8,
0x000008b8,0x00000000,0x00000001,0x0003003e,
0x000008a3,0x000008b9,0x000200f9,0x000008b7,
0x000200f8,0x000008ba,0x0004003d,0x0000000c,
0x000008bb,0x000008a5,0x000500aa,0x0000001b,
0x000008bc,0x000008bb,0x00000323,0x000300f7,
0x000008be,0x00000000,0x000400fa,0x000008bc,
0x000008bd,0x000008be,0x000200f8,0x000008bd,
0x0004003d,0x00000039,0x000008bf,0x00000889,
0x0007004f,0x0000002a,0x000008c0,0x000008bf,
0x000008bf,0x00000000,0x00000001,0x0003003e,
0x000008a3,0x000008c0,0x000200f9,0x000008be,
0x000200f8,0x000008be,0x000200f9,0x000008b7,
0x000200f8,0x000008b7,0x000200f9,0x000008b0,
0x000200f8,0x000008b0,0x0004003d,0x0000002a,
0x000008c2,0x000008a3,0x0004003d,0x00000006,
0x000008c3,0x0000082e,0x00050080,0x00000006,
0x000008c5,0x000008c3,0x000008c4,0x00060041,
0x0000081a,0x000008c6,0x00000810,0x0000024b,
0x000008c5,0x0004003d,0x0000001d,0x000008c7,
0x000008c6,0x0004003d,0x00000006,0x000008c8,
0x0000082e,0x00050080,0x00000006,0x000008ca,
0x000008c8,0x000008c9,0x00060041,0x0000081a,
0x000008cb,0x00000810,0x0000024b,0x000008ca,
0x0004003d,0x0000001d,0x000008cc,0x000008cb,
0x00050050,0x0000002a,0x000008cd,0x000008c7,
0x000008cc,0x00050085,0x0000002a,0x000008ce,
0x000008c2,0x000008cd,0x0004003d,0x00000006,
0x000008cf,0x0000082e,0x00050080,0x00000006,
0x000008d1,0x000008cf,0x000008d0,0x00060041,
0x0000081a,0x000008d2,0x00000810,0x0000024b,
0x000008d1,0x0004003d,0x0000001d,0x000008d3,
0x000008d2,0x0004003d,0x00000006,0x000008d4,
0x0000082e,0x00050080,0x00000006,0x000008d6,
0x000008d4,0x000008d5,0x00060041,0x0000081a,
0x000008d7,0x00000810,0x0000024b,0x000008d6,
0x0004003d,0x0000001d,0x000008d8,0x000008d7,
0x00050050,0x0000002a,0x000008d9,0x000008d3,
0x000008d8,0x00050081,0x0000002a,0x000008da,
0x000008ce,0x000008d9,0x0003003e,0x000008c1,
0x000008da,0x0004003d,0x0000000c,0x000008db,
0x00000836,0x000500aa,0x0000001b,0x000008dc,
0x000008db,0x0000024b,0x000300f7,0x000008de,
0x00000000,0x000400fa,0x000008dc,0x000008dd,
0x000008e2,0x000200f8,0x000008dd,0x0004003d,
0x0000000c,0x000008df,0x00000825,0x0004003d,
0x00000039,0x000008e0,0x00000851,0x00050041,
0x0000005b,0x000008e1,0x00000863,0x000008df,
0x0003003e,0x000008e1,0x000008e0,0x000200f9,
0x000008de,0x000200f8,0x000008e2,0x0004003d,
0x0000000c,0x000008e3,0x00000836,0x000500aa,
0x0000001b,0x000008e4,0x000008e3,0x00000219,
0x0004003d,0x0000000c,0x000008e5,0x00000836,
0x000500aa,0x0000001b,0x000008e6,0x000008e5,
0x00000323,0x000500a6,0x0000001b,0x000008e7,
0x000008e4,0x000008e6,0x000300f7,0x000008e9,
0x00000000,0x000400fa,0x000008e7,0x000008e8,
0x000008f6,0x000200f8,0x000008e8,0x0004003d,
0x0000000c,0x000008ea,0x00000825,0x0004003d,
0x00000006,0x000008eb,0x0000082e,0x00050080,
0x00000006,0x000008ec,0x000008eb,0x0000067e,
0x00060041,0x0000081a,0x000008ed,0x00000810,
0x0000024b,0x000008ec,0x0004003d,0x0000001d,
0x000008ee,0x000008ed,0x0006000c,0x0000001d,
0x000008ef,0x00000001,0x00000001,0x000008ee,
0x0004006e,0x0000000c,0x000008f0,0x000008ef,
0x0003003e,0x000008f1,0x000008f0,0x0004003d,
0x0000002a,0x000008f3,0x000008c1,0x0003003e,
0x000008f2,0x000008f3,0x00060039,0x00000039,
0x000008f4,0x00000079,0x000008f1,0x000008f2,
0x00050041,0x0000005b,0x000008f5,0x00000863,
0x000008ea,0x0003003e,0x000008f5,0x000008f4,
0x000200f9,0x000008e9,0x000200f8,0x000008f6,
0x0004003d,0x0000000c,0x000008f7,0x00000836,
0x000500aa,0x0000001b,0x000008f8,0x000008f7,
0x00000469,0x000300f7,0x000008fa,0x00000000,
0x000400fa,0x000008f8,0x000008f9,0x0000090c,
0x000200f8,0x000008f9,0x0004003d,0x0000000c,
0x000008fb,0x00000825,0x0004003d,0x00000039,
0x000008fc,0x00000851,0x0008004f,0x00000037,
0x000008fd,0x000008fc,0x000008fc,0x00000000,
0x00000001,0x00000002,0x0005008e,0x00000037,
0x000008fe,0x000008fd,0x000001c6,0x00060050,
0x00000037,0x000008ff,0x00000271,0x00000271,
0x00000271,0x00050083,0x00000037,0x00000900,
0x000008fe,0x000008ff,0x0006000c,0x00000037,
0x00000901,0x00000001,0x00000045,0x00000900,
0x0005008e,0x00000037,0x00000902,0x00000901,
0x00000336,0x00060050,0x00000037,0x00000903,
0x00000336,0x00000336,0x00000336,0x00050081,
0x00000037,0x00000904,0x00000902,0x00000903,
0x00050041,0x00000023,0x00000905,0x00000851,
0x00000191,0x0004003d,0x0000001d,0x00000906,
0x00000905,0x00050051,0x0000001d,0x00000907,
0x00000904,0x00000000,0x00050051,0x0000001d,
0x00000908,0x00000904,0x00000001,0x00050051,
0x0000001d,0x00000909,0x00000904,0x00000002,
0x00070050,0x00000039,0x0000090a,0x00000907,
0x00000908,0x00000909,0x00000906,0x00050041,
0x0000005b,0x0000090b,0x00000863,0x000008fb,
0x0003003e,0x0000090b,0x0000090a,0x000200f9,
0x000008fa,0x000200f8,0x0000090c,0x0004003d,
0x0000000c,0x0000090d,0x00000836,0x000500aa,
0x0000001b,0x0000090e,0x0000090d,0x00000171,
0x000300f7,0x00000910,0x00000000,0x000400fa,
0x0000090e,0x0000090f,0x00000916,0x000200f8,
0x0000090f,0x0004003d,0x0000000c,0x00000911,
0x00000825,0x0004003d,0x00000039,0x00000912,
0x00000851,0x0004003d,0x00000039,0x00000913,
0x0000086c,0x00050081,0x00000039,0x00000914,
0x00000912,0x00000913,0x00050041,0x0000005b,
0x00000915,0x00000863,0x00000911,0x0003003e,
0x00000915,0x00000914,0x000200f9,0x00000910,
0x000200f8,0x00000916,0x0004003d,0x0000000c,
0x00000917,0x00000836,0x000500aa,0x0000001b,
0x00000918,0x00000917,0x00000475,0x000300f7,
0x0000091a,0x00000000,0x000400fa,0x00000918,
0x00000919,0x00000920,0x000200f8,0x00000919,
0x0004003d,0x0000000c,0x0000091b,0x00000825,
0x0004003d,0x00000039,0x0000091c,0x00000851,
0x0004003d,0x00000039,0x0000091d,0x0000086c,
0x00050083,0x00000039,0x0000091e,0x0000091c,
0x0000091d,0x00050041,0x0000005b,0x0000091f,
0x00000863,0x0000091b,0x0003003e,0x0000091f,
0x0000091e,0x000200f9,0x0000091a,0x000200f8,
0x00000920,0x0004003d,0x0000000c,0x00000921,
0x00000836,0x000500aa,0x0000001b,0x00000922,
0x00000921,0x0000047b,0x000300f7,0x00000924,
0x00000000,0x000400fa,0x00000922,0x00000923,
0x0000092a,0x000200f8,0x00000923,0x0004003d,
0x0000000c,0x00000925,0x00000825,0x0004003d,
0x00000039,0x00000926,0x00000851,0x0004003d,
0x00000039,0x00000927,0x0000086c,0x00050085,
0x00000039,0x00000928,0x00000926,0x00000927,
0x00050041,0x0000005b,0x00000929,0x00000863,
0x00000925,0x0003003e,0x00000929,0x00000928,
0x000200f9,0x00000924,0x000200f8,0x0000092a,
0x0004003d,0x0000000c,0x0000092b,0x00000836,
0x000500aa,0x0000001b,0x0000092c,0x0000092b,
0x0000047e,0x000300f7,0x0000092e,0x00000000,
0x000400fa,0x0000092c,0x0000092d,0x00000938,
0x000200f8,0x0000092d,0x0004003d,0x0000000c,
0x0000092f,0x00000825,0x0004003d,0x00000039,
0x00000930,0x00000851,0x0004003d,0x00000039,
0x00000931,0x0000086c,0x0006000c,0x00000039,
0x00000932,0x00000001,0x00000004,0x00000931,
0x0007000c,0x00000039,0x00000935,0x00000001,
0x00000028,0x00000932,0x00000934,0x00050088,
0x00000039,0x00000936,0x00000930,0x00000935,
0x00050041,0x0000005b,0x00000937,0x00000863,
0x0000092f,0x0003003e,0x00000937,0x00000936,
0x000200f9,0x0000092e,0x000200f8,0x00000938,
0x0004003d,0x0000000c,0x00000939,0x00000836,
0x000500aa,0x0000001b,0x0000093a,0x00000939,
0x00000251,0x000300f7,0x0000093c,0x00000000,
0x000400fa,0x0000093a,0x0000093b,0x00000946,
0x000200f8,0x0000093b,0x0004003d,0x0000000c,
0x0000093d,0x00000825,0x0004003d,0x00000039,
0x0000093e,0x00000851,0x0004003d,0x00000039,
0x0000093f,0x0000086c,0x0004003d,0x00000039,
0x00000940,0x00000889,0x00070050,0x00000039,
0x00000941,0x000002ec,0x000002ec,0x000002ec,
0x000002ec,0x00070050,0x00000039,0x00000942,
0x00000271,0x00000271,0x00000271,0x00000271,
0x0008000c,0x00000039,0x00000943,0x00000001,
0x0000002b,0x00000940,0x00000941,0x00000942,
0x0008000c,0x00000039,0x00000944,0x00000001,
0x0000002e,0x0000093e,0x0000093f,0x00000943,
0x00050041,0x0000005b,0x00000945,0x00000863,
0x0000093d,0x0003003e,0x00000945,0x00000944,
0x000200f9,0x0000093c,0x000200f8,0x00000946,
0x0004003d,0x0000000c,0x00000947,0x00000836,
0x000500aa,0x0000001b,0x00000949,0x00000947,
0x00000948,0x000300f7,0x0000094b,0x00000000,
0x000400fa,0x00000949,0x0000094a,0x00000952,
0x000200f8,0x0000094a,0x0004003d,0x0000000c,
0x0000094c,0x00000825,0x0004003d,0x00000039,
0x0000094d,0x00000851,0x0004003d,0x00000039,
0x0000094e,0x0000086c,0x0004003d,0x00000039,
0x0000094f,0x00000889,0x0008000c,0x00000039,
0x00000950,0x00000001,0x0000002b,0x0000094d,
0x0000094e,0x0000094f,0x00050041,0x0000005b,
0x00000951,0x00000863,0x0000094c,0x0003003e,
0x00000951,0x00000950,0x000200f9,0x0000094b,
0x000200f8,0x00000952,0x0004003d,0x0000000c,
0x00000953,0x00000836,0x000500aa,0x0000001b,
0x00000955,0x00000953,0x00000954,0x000300f7,
0x00000957,0x00000000,0x000400fa,0x00000955,
0x00000956,0x00000960,0x000200f8,0x00000956,
0x0004003d,0x0000000c,0x00000958,0x00000825,
0x0004003d,0x00000039,0x00000959,0x00000851,
0x0008004f,0x00000037,0x0000095a,0x00000959,
0x00000959,0x00000000,0x00000001,0x00000002,
0x0004003d,0x00000039,0x0000095b,0x0000086c,
0x0008004f,0x00000037,0x0000095c,0x0000095b,
0x0000095b,0x00000000,0x00000001,0x00000002,
0x00050094,0x0000001d,0x0000095d,0x0000095a,
0x0000095c,0x00070050,0x00000039,0x0000095e,
0x0000095d,0x0000095d,0x0000095d,0x0000095d,
0x00050041,0x0000005b,0x0000095f,0x00000863,
0x00000958,0x0003003e,0x0000095f,0x0000095e,
0x000200f9,0x00000957,0x000200f8,0x00000960,
0x0004003d,0x0000000c,0x00000961,0x00000836,
0x000500aa,0x0000001b,0x00000962,0x00000961,
0x00000154,0x000300f7,0x00000964,0x00000000,
0x000400fa,0x00000962,0x00000963,0x00000970,
0x000200f8,0x00000963,0x0004003d,0x0000000c,
0x00000965,0x00000825,0x0004003d,0x00000039,
0x00000966,0x00000851,0x0008004f,0x00000037,
0x00000967,0x00000966,0x00000966,0x00000000,
0x00000001,0x00000002,0x0006000c,0x00000037,
0x00000968,0x00000001,0x00000045,0x00000967,
0x00050041,0x00000023,0x00000969,0x00000851,
0x00000191,0x0004003d,0x0000001d,0x0000096a,
0x00000969,0x00050051,0x0000001d,0x0000096b,
0x00000968,0x00000000,0x00050051,0x0000001d,
0x0000096c,0x00000968,0x00000001,0x00050051,
0x0000001d,0x0000096d,0x00000968,0x00000002,
0x00070050,0x00000039,0x0000096e,0x0000096b,
0x0000096c,0x0000096d,0x0000096a,0x00050041,
0x0000005b,0x0000096f,0x00000863,0x00000965,
0x0003003e,0x0000096f,0x0000096e,0x000200f9,
0x00000964,0x000200f8,0x00000970,0x0004003d,
0x0000000c,0x00000971,0x00000836,0x000500aa,
0x0000001b,0x00000973,0x00000971,0x00000972,
0x000300f7,0x00000975,0x00000000,0x000400fa,
0x00000973,0x00000974,0x0000097c,0x000200f8,
0x00000974,0x0004003d,0x0000000c,0x00000976,
0x00000825,0x0004003d,0x00000039,0x00000977,
0x00000851,0x0007000c,0x00000039,0x00000978,
0x00000001,0x00000028,0x00000977,0x00000374,
0x0004003d,0x00000039,0x00000979,0x0000086c,
0x0007000c,0x00000039,0x0000097a,0x00000001,
0x0000001a,0x00000978,0x00000979,0x00050041,
0x0000005b,0x0000097b,0x00000863,0x00000976,
0x0003003e,0x0000097b,0x0000097a,0x000200f9,
0x00000975,0x000200f8,0x0000097c,0x0004003d,
0x0000000c,0x0000097d,0x00000836,0x000500aa,
0x0000001b,0x0000097f,0x0000097d,0x0000097e,
0x000300f7,0x00000981,0x00000000,0x000400fa,
0x0000097f,0x00000980,0x00000987,0x000200f8,
0x00000980,0x0004003d,0x0000000c,0x00000982,
0x00000825,0x0004003d,0x00000039,0x00000983,
0x00000851,0x0004003d,0x00000039,0x00000984,
0x0000086c,0x0007000c,0x00000039,0x00000985,
0x00000001,0x00000025,0x00000983,0x00000984,
0x00050041,0x0000005b,0x00000986,0x00000863,
0x00000982,0x0003003e,0x00000986,0x00000985,
0x000200f9,0x00000981,0x000200f8,0x00000987,
0x0004003d,0x0000000c,0x00000988,0x00000836,
0x000500aa,0x0000001b,0x00000989,0x00000988,
0x0000014a,0x000300f7,0x0000098b,0x00000000,
0x000400fa,0x00000989,0x0000098a,0x00000991,
0x000200f8,0x0000098a,0x0004003d,0x0000000c,
0x0000098c,0x00000825,0x0004003d,0x00000039,
0x0000098d,0x00000851,0x0004003d,0x00000039,
0x0000098e,0x0000086c,0x0007000c,0x00000039,
0x0000098f,0x00000001,0x00000028,0x0000098d,
0x0000098e,0x00050041,0x0000005b,0x00000990,
0x00000863,0x0000098c,0x0003003e,0x00000990,
0x0000098f,0x000200f9,0x0000098b,0x000200f8,
0x00000991,0x0004003d,0x0000000c,0x00000992,
0x00000836,0x000500aa,0x0000001b,0x00000993,
0x00000992,0x0000012e,0x000300f7,0x00000995,
0x00000000,0x000400fa,0x00000993,0x00000994,
0x0000099a,0x000200f8,0x00000994,0x0004003d,
0x0000000c,0x00000996,0x00000825,0x0004003d,
0x00000039,0x00000997,0x00000851,0x0006000c,
0x00000039,0x00000998,0x00000001,0x00000004,
0x00000997,0x00050041,0x0000005b,0x00000999,
0x00000863,0x00000996,0x0003003e,0x00000999,
0x00000998,0x000200f9,0x00000995,0x000200f8,
0x0000099a,0x0004003d,0x0000000c,0x0000099b,
0x00000836,0x000500aa,0x0000001b,0x0000099c,
0x0000099b,0x00000126,0x000300f7,0x0000099e,
0x00000000,0x000400fa,0x0000099c,0x0000099d,
0x000009a4,0x000200f8,0x0000099d,0x0004003d,
0x0000000c,0x0000099f,0x00000825,0x0004003d,
0x00000039,0x000009a0,0x00000851,0x0007000c,
0x00000039,0x000009a1,0x00000001,0x00000028,
0x000009a0,0x00000374,0x0006000c,0x00000039,
0x000009a2,0x00000001,0x0000001f,0x000009a1,
0x00050041,0x0000005b,0x000009a3,0x00000863,
0x0000099f,0x0003003e,0x000009a3,0x000009a2,
0x000200f9,0x0000099e,0x000200f8,0x000009a4,
0x0004003d,0x0000000c,0x000009a5,0x00000836,
0x000500aa,0x0000001b,0x000009a7,0x000009a5,
0x000009a6,0x000300f7,0x000009a9,0x00000000,
0x000400fa,0x000009a7,0x000009a8,0x000009ae,
0x000200f8,0x000009a8,0x0004003d,0x0000000c,
0x000009aa,0x00000825,0x0004003d,0x00000039,
0x000009ab,0x00000851,0x0006000c,0x00000039,
0x000009ac,0x00000001,0x0000000d,0x000009ab,
0x00050041,0x0000005b,0x000009ad,0x00000863,
0x000009aa,0x0003003e,0x000009ad,0x000009ac,
0x000200f9,0x000009a9,0x000200f8,0x000009ae,
0x0004003d,0x0000000c,0x000009af,0x00000836,
0x000500aa,0x0000001b,0x000009b1,0x000009af,
0x000009b0,0x000300f7,0x000009b3,0x00000000,
0x000400fa,0x000009b1,0x000009b2,0x000009b8,
0x000200f8,0x000009b2,0x0004003d,0x0000000c,
0x000009b4,0x00000825,0x0004003d,0x00000039,
0x000009b5,0x00000851,0x0006000c,0x00000039,
0x000009b6,0x00000001,0x0000000e,0x000009b5,
0x00050041,0x0000005b,0x000009b7,0x00000863,
0x000009b4,0x0003003e,0x000009b7,0x000009b6,
0x000200f9,0x000009b3,0x000200f8,0x000009b8,
0x0004003d,0x0000000c,0x000009b9,0x00000836,
0x000500aa,0x0000001b,0x000009bb,0x000009b9,
0x000009ba,0x000300f7,0x000009bd,0x00000000,
0x000400fa,0x000009bb,0x000009bc,0x000009c8,
0x000200f8,0x000009bc,0x0004003d,0x0000000c,
0x000009be,0x00000825,0x0004003d,0x00000039,
0x000009bf,0x00000851,0x0008004f,0x00000037,
0x000009c0,0x000009bf,0x000009bf,0x00000000,
0x00000001,0x00000002,0x00050094,0x0000001d,
0x000009c5,0x000009c0,0x000009c4,0x00070050,
0x00000039,0x000009c6,0x000009c5,0x000009c5,
0x000009c5,0x000009c5,0x00050041,0x0000005b,
0x000009c7,0x00000863,0x000009be,0x0003003e,
0x000009c7,0x000009c6,0x000200f9,0x000009bd,
0x000200f8,0x000009c8,0x0004003d,0x0000000c,
0x000009c9,0x00000836,0x000500aa,0x0000001b,
0x000009cb,0x000009c9,0x000009ca,0x000300f7,
0x000009cd,0x00000000,0x000400fa,0x000009cb,
0x000009cc,0x000009d6,0x000200f8,0x000009cc,
0x0004003d,0x0000000c,0x000009ce,0x00000825,
0x00050041,0x00000023,0x000009cf,0x00000851,
0x0000019a,0x0004003d,0x0000001d,0x000009d0,
0x000009cf,0x000500b8,0x0000001b,0x000009d1,
0x000009d0,0x00000336,0x0004003d,0x00000039,
0x000009d2,0x0000086c,0x0004003d,0x00000039,
0x000009d3,0x00000889,0x000600a9,0x00000039,
0x000009d4,0x000009d1,0x000009d2,0x000009d3,
0x00050041,0x0000005b,0x000009d5,0x00000863,
0x000009ce,0x0003003e,0x000009d5,0x000009d4,
0x000200f9,0x000009cd,0x000200f8,0x000009d6,
0x0004003d,0x0000000c,0x000009d7,0x00000836,
0x000500aa,0x0000001b,0x000009d9,0x000009d7,
0x000009d8,0x000300f7,0x000009db,0x00000000,
0x000400fa,0x000009d9,0x000009da,0x000009e2,
0x000200f8,0x000009da,0x0004003d,0x0000000c,
0x000009dc,0x00000825,0x0004003d,0x0000002a,
0x000009dd,0x00000090,0x00050051,0x0000001d,
0x000009de,0x000009dd,0x00000000,0x00050051,
0x0000001d,0x000009df,0x000009dd,0x00000001,
0x00070050,0x00000039,0x000009e0,0x000009de,
0x000009df,0x000002ec,0x00000271,0x00050041,
0x0000005b,0x000009e1,0x00000863,0x000009dc,
0x0003003e,0x000009e1,0x000009e0,0x000200f9,
0x000009db,0x000200f8,0x000009e2,0x0004003d,
0x0000000c,0x000009e3,0x00000836,0x000500aa,
0x0000001b,0x000009e4,0x000009e3,0x000005df,
0x000300f7,0x000009e6,0x00000000,0x000400fa,
0x000009e4,0x000009e5,0x000009eb,0x000200f8,
0x000009e5,0x0004003d,0x0000000c,0x000009e7,
0x00000825,0x0004003d,0x00000039,0x000009e8,
0x00000851,0x0006000c,0x00000039,0x000009e9,
0x00000001,0x00000008,0x000009e8,0x00050041,
0x0000005b,0x000009ea,0x00000863,0x000009e7,
0x0003003e,0x000009ea,0x000009e9,0x000200f9,
0x000009e6,0x000200f8,0x000009eb,0x0004003d,
0x0000000c,0x000009ec,0x00000836,0x000500aa,
0x0000001b,0x000009ee,0x000009ec,0x000009ed,
0x000300f7,0x000009f0,0x00000000,0x000400fa,
0x000009ee,0x000009ef,0x000009f5,0x000200f8,
0x000009ef,0x0004003d,0x0000000c,0x000009f1,
0x00000825,0x0004003d,0x00000039,0x000009f2,
0x00000851,0x0006000c,0x00000039,0x000009f3,
0x00000001,0x00000009,0x000009f2,0x00050041,
0x0000005b,0x000009f4,0x00000863,0x000009f1,
0x0003003e,0x000009f4,0x000009f3,0x000200f9,
0x000009f0,0x000200f8,0x000009f5,0x0004003d,
0x0000000c,0x000009f6,0x00000836,0x000500aa,
0x0000001b,0x000009f7,0x000009f6,0x00000184,
0x000300f7,0x000009f9,0x00000000,0x000400fa,
0x000009f7,0x000009f8,0x000009fe,0x000200f8,
0x000009f8,0x0004003d,0x0000000c,0x000009fa,
0x00000825,0x0004003d,0x00000039,0x000009fb,
0x00000851,0x0006000c,0x00000039,0x000009fc,
0x00000001,0x0000000a,0x000009fb,0x00050041,
0x0000005b,0x000009fd,0x00000863,0x000009fa,
0x0003003e,0x000009fd,0x000009fc,0x000200f9,
0x000009f9,0x000200f8,0x000009fe,0x0004003d,
0x0000000c,0x000009ff,0x00000836,0x000500aa,
0x0000001b,0x00000a00,0x000009ff,0x0000015e,
0x000300f7,0x00000a02,0x00000000,0x000400fa,
0x00000a00,0x00000a01,0x00000a08,0x000200f8,
0x00000a01,0x0004003d,0x0000000c,0x00000a03,
0x00000825,0x0004003d,0x00000039,0x00000a04,
0x0000086c,0x0004003d,0x00000039,0x00000a05,
0x00000851,0x0007000c,0x00000039,0x00000a06,
0x00000001,0x00000030,0x00000a04,0x00000a05,
0x00050041,0x0000005b,0x00000a07,0x00000863,
0x00000a03,0x0003003e,0x00000a07,0x00000a06,
0x000200f9,0x00000a02,0x000200f8,0x00000a08,
0x0004003d,0x0000000c,0x00000a09,0x00000836,
0x000500aa,0x0000001b,0x00000a0b,0x00000a09,
0x00000a0a,0x000300f7,0x00000a0d,0x00000000,
0x000400fa,0x00000a0b,0x00000a0c,0x00000a14,
0x000200f8,0x00000a0c,0x0004003d,0x0000000c,
0x00000a0e,0x00000825,0x0004003d,0x00000039,
0x00000a0f,0x0000086c,0x0004003d,0x00000039,
0x00000a10,0x00000889,0x0004003d,0x00000039,
0x00000a11,0x00000851,0x0008000c,0x00000039,
0x00000a12,0x00000001,0x00000031,0x00000a0f,
0x00000a10,0x00000a11,0x00050041,0x0000005b,
0x00000a13,0x00000863,0x00000a0e,0x0003003e,
0x00000a13,0x00000a12,0x000200f9,0x00000a0d,
0x000200f8,0x00000a14,0x0004003d,0x0000000c,
0x00000a15,0x00000836,0x000500aa,0x0000001b,
0x00000a17,0x00000a15,0x00000a16,0x000300f7,
0x00000a19,0x00000000,0x000400fa,0x00000a17,
0x00000a18,0x00000a25,0x000200f8,0x00000a18,
0x0004003d,0x0000000c,0x00000a1a,0x00000825,
0x0004003d,0x00000039,0x00000a1b,0x00000851,
0x0008004f,0x00000037,0x00000a1c,0x00000a1b,
0x00000a1b,0x00000000,0x00000001,0x00000002,
0x0004003d,0x00000039,0x00000a1d,0x0000086c,
0x0008004f,0x00000037,0x00000a1e,0x00000a1d,
0x00000a1d,0x00000000,0x00000001,0x00000002,
0x0007000c,0x00000037,0x00000a1f,0x00000001,
0x00000044,0x00000a1c,0x00000a1e,0x00050051,
0x0000001d,0x00000a20,0x00000a1f,0x00000000,
0x00050051,0x0000001d,0x00000a21,0x00000a1f,
0x00000001,0x00050051,0x0000001d,0x00000a22,
0x00000a1f,0x00000002,0x00070050,0x00000039,
0x00000a23,0x00000a20,0x00000a21,0x00000a22,
0x00000271,0x00050041,0x0000005b,0x00000a24,
0x00000863,0x00000a1a,0x0003003e,0x00000a24,
0x00000a23,0x000200f9,0x00000a19,0x000200f8,
0x00000a25,0x0004003d,0x0000000c,0x00000a26,
0x00000836,0x000500aa,0x0000001b,0x00000a27,
0x00000a26,0x000005d6,0x000300f7,0x00000a29,
0x00000000,0x000400fa,0x00000a27,0x00000a28,
0x00000a30,0x000200f8,0x00000a28,0x0004003d,
0x0000000c,0x00000a2a,0x00000825,0x0004003d,
0x00000039,0x00000a2b,0x00000851,0x0008004f,
0x00000037,0x00000a2c,0x00000a2b,0x00000a2b,
0x00000000,0x00000001,0x00000002,0x0006000c,
0x0000001d,0x00000a2d,0x00000001,0x00000042,
0x00000a2c,0x00070050,0x00000039,0x00000a2e,
0x00000a2d,0x00000a2d,0x00000a2d,0x00000a2d,
0x00050041,0x0000005b,0x00000a2f,0x00000863,
0x00000a2a,0x0003003e,0x00000a2f,0x00000a2e,
0x000200f9,0x00000a29,0x000200f8,0x00000a30,
0x0004003d,0x0000000c,0x00000a31,0x00000836,
0x000500aa,0x0000001b,0x00000a33,0x00000a31,
0x00000a32,0x000300f7,0x00000a35,0x00000000,
0x000400fa,0x00000a33,0x00000a34,0x00000aa8,
0x000200f8,0x00000a34,0x00050041,0x00000023,
0x00000a37,0x00000889,0x00000191,0x0004003d,
0x0000001d,0x00000a38,0x00000a37,0x00050081,
0x0000001d,0x00000a39,0x00000a38,0x00000336,
0x0006000c,0x0000001d,0x00000a3a,0x00000001,
0x00000008,0x00000a39,0x0004006e,0x0000000c,
0x00000a3b,0x00000a3a,0x0008000c,0x0000000c,
0x00000a3c,0x00000001,0x0000002d,0x00000a3b,
0x00000219,0x00000171,0x0003003e,0x00000a36,
0x00000a3c,0x0003003e,0x00000a3d,0x00000374,
0x0004003d,0x0000000c,0x00000a3e,0x00000a36,
0x000500aa,0x0000001b,0x00000a3f,0x00000a3e,
0x00000219,0x000300f7,0x00000a41,0x00000000,
0x000400fa,0x00000a3f,0x00000a40,0x00000a4e,
0x000200f8,0x00000a40,0x0004003d,0x00000039,
0x00000a43,0x00000851,0x0007004f,0x0000002a,
0x00000a44,0x00000a43,0x00000a43,0x00000000,
0x00000001,0x0003003e,0x00000a42,0x00000a44,
0x0003003e,0x00000a45,0x000002ef,0x00060039,
0x0000001d,0x00000a46,0x0000002f,0x00000a42,
0x00000a45,0x00050041,0x00000023,0x00000a47,
0x0000086c,0x0000019a,0x0004003d,0x0000001d,
0x00000a48,0x00000a47,0x00050085,0x0000001d,
0x00000a49,0x00000a46,0x00000a48,0x00050041,
0x00000023,0x00000a4a,0x00000889,0x0000019a,
0x0004003d,0x0000001d,0x00000a4b,0x00000a4a,
0x00050081,0x0000001d,0x00000a4c,0x00000a49,
0x00000a4b,0x00050041,0x00000023,0x00000a4d,
0x00000a3d,0x0000019a,0x0003003e,0x00000a4d,
0x00000a4c,0x000200f9,0x00000a41,0x000200f8,
0x00000a4e,0x0004003d,0x0000000c,0x00000a4f,
0x00000a36,0x000500aa,0x0000001b,0x00000a50,
0x00000a4f,0x00000323,0x000300f7,0x00000a52,
0x00000000,0x000400fa,0x00000a50,0x00000a51,
0x00000a6f,0x000200f8,0x00000a51,0x0004003d,
0x00000039,0x00000a54,0x00000851,0x0007004f,
0x0000002a,0x00000a55,0x00000a54,0x00000a54,
0x00000000,0x00000001,0x0003003e,0x00000a53,
0x00000a55,0x0003003e,0x00000a56,0x000002ef,
0x00060039,0x0000001d,0x00000a57,0x0000002f,
0x00000a53,0x00000a56,0x00050041,0x00000023,
0x00000a58,0x0000086c,0x0000019a,0x0004003d,
0x0000001d,0x00000a59,0x00000a58,0x00050085,
0x0000001d,0x00000a5a,0x00000a57,0x00000a59,
0x00050041,0x00000023,0x00000a5b,0x00000889,
0x0000019a,0x0004003d,0x0000001d,0x00000a5c,
0x00000a5b,0x00050081,0x0000001d,0x00000a5d,
0x00000a5a,0x00000a5c,0x00050041,0x00000023,
0x00000a5e,0x00000a3d,0x0000019a,0x0003003e,
0x00000a5e,0x00000a5d,0x0004003d,0x00000039,
0x00000a5f,0x00000851,0x0007004f,0x0000002a,
0x00000a60,0x00000a5f,0x00000a5f,0x00000000,
0x00000001,0x00050081,0x0000002a,0x00000a64,
0x00000a60,0x00000a63,0x0003003e,0x00000a65,
0x00000a64,0x0003003e,0x00000a66,0x000002ef,
0x00060039,0x0000001d,0x00000a67,0x0000002f,
0x00000a65,0x00000a66,0x00050041,0x00000023,
0x00000a68,0x0000086c,0x000001a0,0x0004003d,
0x0000001d,0x00000a69,0x00000a68,0x00050085,
0x0000001d,0x00000a6a,0x00000a67,0x00000a69,
0x00050041,0x00000023,0x00000a6b,0x00000889,
0x000001a0,0x0004003d,0x0000001d,0x00000a6c,
0x00000a6b,0x00050081,0x0000001d,0x00000a6d,
0x00000a6a,0x00000a6c,0x00050041,0x00000023,
0x00000a6e,0x00000a3d,0x000001a0,0x0003003e,
0x00000a6e,0x00000a6d,0x000200f9,0x00000a52,
0x000200f8,0x00000a6f,0x0004003d,0x00000039,
0x00000a71,0x00000851,0x0007004f,0x0000002a,
0x00000a72,0x00000a71,0x00000a71,0x00000000,
0x00000001,0x0003003e,0x00000a70,0x00000a72,
0x0003003e,0x00000a73,0x0000024b,0x00060039,
0x0000001d,0x00000a74,0x0000002f,0x00000a70,
0x00000a73,0x00050041,0x00000023,0x00000a75,
0x0000086c,0x0000019a,0x0004003d,0x0000001d,
0x00000a76,0x00000a75,0x00050085,0x0000001d,
0x00000a77,0x00000a74,0x00000a76,0x00050041,
0x00000023,0x00000a78,0x00000889,0x0000019a,
0x0004003d,0x0000001d,0x00000a79,0x00000a78,
0x00050081,0x0000001d,0x00000a7a,0x00000a77,
0x00000a79,0x00050041,0x00000023,0x00000a7b,
0x00000a3d,0x0000019a,0x0003003e,0x00000a7b,
0x00000a7a,0x0004003d,0x00000039,0x00000a7d,
0x00000851,0x0007004f,0x0000002a,0x00000a7e,
0x00000a7d,0x00000a7d,0x00000000,0x00000001,
0x0003003e,0x00000a7c,0x00000a7e,0x0003003e,
0x00000a7f,0x00000219,0x00060039,0x0000001d,
0x00000a80,0x0000002f,0x00000a7c,0x00000a7f,
0x00050041,0x00000023,0x00000a81,0x0000086c,
0x000001a0,0x0004003d,0x0000001d,0x00000a82,
0x00000a81,0x00050085,0x0000001d,0x00000a83,
0x00000a80,0x00000a82,0x00050041,0x00000023,
0x00000a84,0x00000889,0x000001a0,0x0004003d,
0x0000001d,0x00000a85,0x00000a84,0x00050081,
0x0000001d,0x00000a86,0x00000a83,0x00000a85,
0x00050041,0x00000023,0x00000a87,0x00000a3d,
0x000001a0,0x0003003e,0x00000a87,0x00000a86,
0x0004003d,0x00000039,0x00000a89,0x00000851,
0x0007004f,0x0000002a,0x00000a8a,0x00000a89,
0x00000a89,0x00000000,0x00000001,0x0003003e,
0x00000a88,0x00000a8a,0x0003003e,0x00000a8b,
0x00000323,0x00060039,0x0000001d,0x00000a8c,
0x0000002f,0x00000a88,0x00000a8b,0x00050041,
0x00000023,0x00000a8d,0x0000086c,0x00000192,
0x0004003d,0x0000001d,0x00000a8e,0x00000a8d,
0x00050085,0x0000001d,0x00000a8f,0x00000a8c,
0x00000a8e,0x00050041,0x00000023,0x00000a90,
0x00000889,0x00000192,0x0004003d,0x0000001d,
0x00000a91,0x00000a90,0x00050081,0x0000001d,
0x00000a92,0x00000a8f,0x00000a91,0x00050041,
0x00000023,0x00000a93,0x00000a3d,0x00000192,
0x0003003e,0x00000a93,0x00000a92,0x0004003d,
0x0000000c,0x00000a94,0x00000a36,0x000500aa,
0x0000001b,0x00000a95,0x00000a94,0x00000171,
0x000300f7,0x00000a97,0x00000000,0x000400fa,
0x00000a95,0x00000a96,0x00000a97,0x000200f8,
0x00000a96,0x0004003d,0x00000039,0x00000a98,
0x00000851,0x0007004f,0x0000002a,0x00000a99,
0x00000a98,0x00000a98,0x00000000,0x00000001,
0x00050081,0x0000002a,0x00000a9a,0x00000a99,
0x00000a63,0x0003003e,0x00000a9b,0x00000a9a,
0x0003003e,0x00000a9c,0x000002ef,0x00060039,
0x0000001d,0x00000a9d,0x0000002f,0x00000a9b,
0x00000a9c,0x00050041,0x00000023,0x00000a9e,
0x0000086c,0x00000191,0x0004003d,0x0000001d,
0x00000a9f,0x00000a9e,0x00050085,0x0000001d,
0x00000aa0,0x00000a9d,0x00000a9f,0x00050041,
0x00000023,0x00000aa1,0x00000889,0x00000191,
0x0004003d,0x0000001d,0x00000aa2,0x00000aa1,
0x00050081,0x0000001d,0x00000aa3,0x00000aa0,
0x00000aa2,0x00050041,0x00000023,0x00000aa4,
0x00000a3d,0x00000191,0x0003003e,0x00000aa4,
0x00000aa3,0x000200f9,0x00000a97,0x000200f8,
0x00000a97,0x000200f9,0x00000a52,0x000200f8,
0x00000a52,0x000200f9,0x00000a41,0x000200f8,
0x00000a41,0x0004003d,0x0000000c,0x00000aa5,
0x00000825,0x0004003d,0x00000039,0x00000aa6,
0x00000a3d,0x00050041,0x0000005b,0x00000aa7,
0x00000863,0x00000aa5,0x0003003e,0x00000aa7,
0x00000aa6,0x000200f9,0x00000a35,0x000200f8,
0x00000aa8,0x0004003d,0x0000000c,0x00000aa9,
0x00000836,0x000500aa,0x0000001b,0x00000aab,
0x00000aa9,0x00000aaa,0x000300f7,0x00000aad,
0x00000000,0x000400fa,0x00000aab,0x00000aac,
0x00000ab2,0x000200f8,0x00000aac,0x0004003d,
0x0000000c,0x00000aae,0x00000825,0x0004003d,
0x00000039,0x00000aaf,0x00000851,0x0006000c,
0x00000039,0x00000ab0,0x00000001,0x0000000f,
0x00000aaf,0x00050041,0x0000005b,0x00000ab1,
0x00000863,0x00000aae,0x0003003e,0x00000ab1,
0x00000ab0,0x000200f9,0x00000aad,0x000200f8,
0x00000ab2,0x0004003d,0x0000000c,0x00000ab3,
0x00000836,0x000500aa,0x0000001b,0x00000ab5,
0x00000ab3,0x00000ab4,0x000300f7,0x00000ab7,
0x00000000,0x000400fa,0x00000ab5,0x00000ab6,
0x00000abc,0x000200f8,0x00000ab6,0x0004003d,
0x0000000c,0x00000ab8,0x00000825,0x0004003d,
0x00000039,0x00000ab9,0x00000851,0x0006000c,
0x00000039,0x00000aba,0x00000001,0x0000001b,
0x00000ab9,0x00050041,0x0000005b,0x00000abb,
0x00000863,0x00000ab8,0x0003003e,0x00000abb,
0x00000aba,0x000200f9,0x00000ab7,0x000200f8,
0x00000abc,0x0004003d,0x0000000c,0x00000abd,
0x00000836,0x000500aa,0x0000001b,0x00000abe,
0x00000abd,0x00000140,0x000300f7,0x00000ac0,
0x00000000,0x000400fa,0x00000abe,0x00000abf,
0x00000ac7,0x000200f8,0x00000abf,0x0004003d,
0x0000000c,0x00000ac1,0x00000825,0x0004003d,
0x00000039,0x00000ac2,0x00000851,0x0007000c,
0x00000039,0x00000ac4,0x00000001,0x00000028,
0x00000ac2,0x00000ac3,0x0006000c,0x00000039,
0x00000ac5,0x00000001,0x0000001c,0x00000ac4,
0x00050041,0x0000005b,0x00000ac6,0x00000863,
0x00000ac1,0x0003003e,0x00000ac6,0x00000ac5,
0x000200f9,0x00000ac0,0x000200f8,0x00000ac7,
0x0004003d,0x0000000c,0x00000ac8,0x00000836,
0x000500aa,0x0000001b,0x00000aca,0x00000ac8,
0x00000ac9,0x000300f7,0x00000acc,0x00000000,
0x000400fa,0x00000aca,0x00000acb,0x00000adb,
0x000200f8,0x00000acb,0x0004003d,0x00000039,
0x00000ace,0x0000086c,0x0006000c,0x00000039,
0x00000acf,0x00000001,0x00000004,0x00000ace,
0x0007000c,0x00000039,0x00000ad0,0x00000001,
0x00000028,0x00000acf,0x00000934,0x0003003e,
0x00000acd,0x00000ad0,0x0004003d,0x0000000c,
0x00000ad1,0x00000825,0x0004003d,0x00000039,
0x00000ad2,0x00000851,0x0004003d,0x00000039,
0x00000ad3,0x00000acd,0x0004003d,0x00000039,
0x00000ad4,0x00000851,0x0004003d,0x00000039,
0x00000ad5,0x00000acd,0x00050088,0x00000039,
0x00000ad6,0x00000ad4,0x00000ad5,0x0006000c,
0x00000039,0x00000ad7,0x00000001,0x00000003,
0x00000ad6,0x00050085,0x00000039,0x00000ad8,
0x00000ad3,0x00000ad7,0x00050083,0x00000039,
0x00000ad9,0x00000ad2,0x00000ad8,0x00050041,
0x0000005b,0x00000ada,0x00000863,0x00000ad1,
0x0003003e,0x00000ada,0x00000ad9,0x000200f9,
0x00000acc,0x000200f8,0x00000adb,0x0004003d,
0x0000000c,0x00000adc,0x00000836,0x000500aa,
0x0000001b,0x00000ade,0x00000adc,0x00000add,
0x000300f7,0x00000ae0,0x00000000,0x000400fa,
0x00000ade,0x00000adf,0x00000ae5,0x000200f8,
0x00000adf,0x0004003d,0x0000000c,0x00000ae1,
0x00000825,0x0004003d,0x00000039,0x00000ae2,
0x00000851,0x00050083,0x00000039,0x00000ae3,
0x00000646,0x00000ae2,0x00050041,0x0000005b,
0x00000ae4,0x00000863,0x00000ae1,0x0003003e,
0x00000ae4,0x00000ae3,0x000200f9,0x00000ae0,
0x000200f8,0x00000ae5,0x0004003d,0x0000000c,
0x00000ae6,0x00000836,0x000500aa,0x0000001b,
0x00000ae8,0x00000ae6,0x00000ae7,0x000300f7,
0x00000aea,0x00000000,0x000400fa,0x00000ae8,
0x00000ae9,0x00000af5,0x000200f8,0x00000ae9,
0x0004003d,0x0000000c,0x00000aeb,0x00000825,
0x0004003d,0x00000039,0x00000aec,0x00000851,
0x0004003d,0x00000039,0x00000aed,0x0000086c,
0x00050083,0x00000039,0x00000aee,0x00000aec,
0x00000aed,0x0004003d,0x00000039,0x00000aef,
0x00000889,0x0004003d,0x00000039,0x00000af0,
0x0000086c,0x00050083,0x00000039,0x00000af1,
0x00000aef,0x00000af0,0x0007000c,0x00000039,
0x00000af2,0x00000001,0x00000028,0x00000af1,
0x00000934,0x00050088,0x00000039,0x00000af3,
0x00000aee,0x00000af2,0x00050041,0x0000005b,
0x00000af4,0x00000863,0x00000aeb,0x0003003e,
0x00000af4,0x00000af3,0x000200f9,0x00000aea,
0x000200f8,0x00000af5,0x0004003d,0x0000000c,
0x00000af6,0x00000836,0x000500aa,0x0000001b,
0x00000af8,0x00000af6,0x00000af7,0x000300f7,
0x00000afa,0x00000000,0x000400fa,0x00000af8,
0x00000af9,0x00000b02,0x000200f8,0x00000af9,
0x0004003d,0x0000000c,0x00000afb,0x00000825,
0x0004003d,0x00000037,0x00000afc,0x00000091,
0x00050051,0x0000001d,0x00000afd,0x00000afc,
0x00000000,0x00050051,0x0000001d,0x00000afe,
0x00000afc,0x00000001,0x00050051,0x0000001d,
0x00000aff,0x00000afc,0x00000002,0x00070050,
0x00000039,0x00000b00,0x00000afd,0x00000afe,
0x00000aff,0x00000271,0x00050041,0x0000005b,
0x00000b01,0x00000863,0x00000afb,0x0003003e,
0x00000b01,0x00000b00,0x000200f9,0x00000afa,
0x000200f8,0x00000b02,0x0004003d,0x0000000c,
0x00000b03,0x00000836,0x000500aa,0x0000001b,
0x00000b05,0x00000b03,0x00000b04,0x000300f7,
0x00000b07,0x00000000,0x000400fa,0x00000b05,
0x00000b06,0x00000b1f,0x000200f8,0x00000b06,
0x0004003d,0x0000000c,0x00000b08,0x00000825,
0x00050041,0x00000023,0x00000b09,0x00000091,
0x00000192,0x0004003d,0x0000001d,0x00000b0a,
0x00000b09,0x0006000c,0x0000001d,0x00000b0b,
0x00000001,0x00000004,0x00000b0a,0x000500b8,
0x0000001b,0x00000b0d,0x00000b0b,0x00000b0c,
0x000300f7,0x00000b10,0x00000000,0x000400fa,
0x00000b0d,0x00000b0f,0x00000b14,0x000200f8,
0x00000b0f,0x0004003d,0x00000037,0x00000b11,
0x00000091,0x0007000c,0x00000037,0x00000b13,
0x00000001,0x00000044,0x00000b11,0x00000b12,
0x0003003e,0x00000b0e,0x00000b13,0x000200f9,
0x00000b10,0x000200f8,0x00000b14,0x0004003d,
0x00000037,0x00000b15,0x00000091,0x0007000c,
0x00000037,0x00000b17,0x00000001,0x00000044,
0x00000b15,0x00000b16,0x0003003e,0x00000b0e,
0x00000b17,0x000200f9,0x00000b10,0x000200f8,
0x00000b10,0x0004003d,0x00000037,0x00000b18,
0x00000b0e,0x0006000c,0x00000037,0x00000b19,
0x00000001,0x00000045,0x00000b18,0x00050051,
0x0000001d,0x00000b1a,0x00000b19,0x00000000,
0x00050051,0x0000001d,0x00000b1b,0x00000b19,
0x00000001,0x00050051,0x0000001d,0x00000b1c,
0x00000b19,0x00000002,0x00070050,0x00000039,
0x00000b1d,0x00000b1a,0x00000b1b,0x00000b1c,
0x00000271,0x00050041,0x0000005b,0x00000b1e,
0x00000863,0x00000b08,0x0003003e,0x00000b1e,
0x00000b1d,0x000200f9,0x00000b07,0x000200f8,
0x00000b1f,0x0004003d,0x0000000c,0x00000b20,
0x00000836,0x000500aa,0x0000001b,0x00000b22,
0x00000b20,0x00000b21,0x000300f7,0x00000b24,
0x00000000,0x000400fa,0x00000b22,0x00000b23,
0x00000b50,0x000200f8,0x00000b23,0x00050041,
0x00000023,0x00000b26,0x00000851,0x0000019a,
0x0004003d,0x0000001d,0x00000b27,0x00000b26,
0x0006000c,0x0000001d,0x00000b28,0x00000001,
0x0000000b,0x00000b27,0x0003003e,0x00000b25,
0x00000b28,0x0004003d,0x0000001d,0x00000b2a,
0x00000b25,0x0006000c,0x0000001d,0x00000b2b,
0x00000001,0x0000000e,0x00000b2a,0x0003003e,
0x00000b29,0x00000b2b,0x0004003d,0x0000001d,
0x00000b2d,0x00000b25,0x0006000c,0x0000001d,
0x00000b2e,0x00000001,0x0000000d,0x00000b2d,
0x0003003e,0x00000b2c,0x00000b2e,0x0004003d,
0x00000039,0x00000b30,0x0000086c,0x0008004f,
0x00000037,0x00000b31,0x00000b30,0x00000b30,
0x00000000,0x00000001,0x00000002,0x0006000c,
0x00000037,0x00000b32,0x00000001,0x00000045,
0x00000b31,0x0003003e,0x00000b2f,0x00000b32,
0x0004003d,0x0000000c,0x00000b33,0x00000825,
0x0004003d,0x00000039,0x00000b34,0x00000889,
0x0008004f,0x00000037,0x00000b35,0x00000b34,
0x00000b34,0x00000000,0x00000001,0x00000002,
0x0004003d,0x0000001d,0x00000b36,0x00000b29,
0x0005008e,0x00000037,0x00000b37,0x00000b35,
0x00000b36,0x0004003d,0x00000037,0x00000b38,
0x00000b2f,0x0004003d,0x00000039,0x00000b39,
0x00000889,0x0008004f,0x00000037,0x00000b3a,
0x00000b39,0x00000b39,0x00000000,0x00000001,
0x00000002,0x0007000c,0x00000037,0x00000b3b,
0x00000001,0x00000044,0x00000b38,0x00000b3a,
0x0004003d,0x0000001d,0x00000b3c,0x00000b2c,
0x0005008e,0x00000037,0x00000b3d,0x00000b3b,
0x00000b3c,0x00050081,0x00000037,0x00000b3e,
0x00000b37,0x00000b3d,0x0004003d,0x00000037,
0x00000b3f,0x00000b2f,0x0004003d,0x00000037,
0x00000b40,0x00000b2f,0x0004003d,0x00000039,
0x00000b41,0x00000889,0x0008004f,0x00000037,
0x00000b42,0x00000b41,0x00000b41,0x00000000,
0x00000001,0x00000002,0x00050094,0x0000001d,
0x00000b43,0x00000b40,0x00000b42,0x0005008e,
0x00000037,0x00000b44,0x00000b3f,0x00000b43,
0x0004003d,0x0000001d,0x00000b45,0x00000b29,
0x00050083,0x0000001d,0x00000b46,0x00000271,
0x00000b45,0x0005008e,0x00000037,0x00000b47,
0x00000b44,0x00000b46,0x00050081,0x00000037,
0x00000b48,0x00000b3e,0x00000b47,0x00050041,
0x00000023,0x00000b49,0x00000889,0x00000191,
0x0004003d,0x0000001d,0x00000b4a,0x00000b49,
0x00050051,0x0000001d,0x00000b4b,0x00000b48,
0x00000000,0x00050051,0x0000001d,0x00000b4c,
0x00000b48,0x00000001,0x00050051,0x0000001d,
0x00000b4d,0x00000b48,0x00000002,0x00070050,
0x00000039,0x00000b4e,0x00000b4b,0x00000b4c,
0x00000b4d,0x00000b4a,0x00050041,0x0000005b,
0x00000b4f,0x00000863,0x00000b33,0x0003003e,
0x00000b4f,0x00000b4e,0x000200f9,0x00000b24,
0x000200f8,0x00000b50,0x0004003d,0x0000000c,
0x00000b51,0x00000836,0x000500aa,0x0000001b,
0x00000b53,0x00000b51,0x00000b52,0x000300f7,
0x00000b55,0x00000000,0x000400fa,0x00000b53,
0x00000b54,0x00000b8b,0x000200f8,0x00000b54,
0x0004003d,0x00000039,0x00000b57,0x00000851,
0x0007004f,0x0000002a,0x00000b58,0x00000b57,
0x00000b57,0x00000000,0x00000001,0x0004003d,
0x00000006,0x00000b59,0x0000082e,0x00050080,
0x00000006,0x00000b5a,0x00000b59,0x000008c4,
0x00060041,0x0000081a,0x00000b5b,0x00000810,
0x0000024b,0x00000b5a,0x0004003d,0x0000001d,
0x00000b5c,0x00000b5b,0x0004003d,0x00000006,
0x00000b5d,0x0000082e,0x00050080,0x00000006,
0x00000b5e,0x00000b5d,0x000008c9,0x00060041,
0x0000081a,0x00000b5f,0x00000810,0x0000024b,
0x00000b5e,0x0004003d,0x0000001d,0x00000b60,
0x00000b5f,0x00050050,0x0000002a,0x00000b61,
0x00000b5c,0x00000b60,0x00050085,0x0000002a,
0x00000b62,0x00000b58,0x00000b61,0x0004003d,
0x00000006,0x00000b63,0x0000082e,0x00050080,
0x00000006,0x00000b64,0x00000b63,0x000008d0,
0x00060041,0x0000081a,0x00000b65,0x00000810,
0x0000024b,0x00000b64,0x0004003d,0x0000001d,
0x00000b66,0x00000b65,0x0004003d,0x00000006,
0x00000b67,0x0000082e,0x00050080,0x00000006,
0x00000b68,0x00000b67,0x000008d5,0x00060041,
0x0000081a,0x00000b69,0x00000810,0x0000024b,
0x00000b68,0x0004003d,0x0000001d,0x00000b6a,
0x00000b69,0x00050050,0x0000002a,0x00000b6b,
0x00000b66,0x00000b6a,0x00050081,0x0000002a,
0x00000b6c,0x00000b62,0x00000b6b,0x0003003e,
0x00000b56,0x00000b6c,0x0004003d,0x00000006,
0x00000b6e,0x0000082e,0x00050080,0x00000006,
0x00000b6f,0x00000b6e,0x000003ad,0x00060041,
0x0000081a,0x00000b70,0x00000810,0x0000024b,
0x00000b6f,0x0004003d,0x0000001d,0x00000b71,
0x00000b70,0x0006000c,0x0000001d,0x00000b72,
0x00000001,0x0000000b,0x00000b71,0x0003003e,
0x00000b6d,0x00000b72,0x0004003d,0x0000000c,
0x00000b73,0x00000825,0x0004003d,0x0000001d,
0x00000b74,0x00000b6d,0x0006000c,0x0000001d,
0x00000b75,0x00000001,0x0000000e,0x00000b74,
0x0004003d,0x0000001d,0x00000b76,0x00000b6d,
0x0006000c,0x0000001d,0x00000b77,0x00000001,
0x0000000d,0x00000b76,0x0004003d,0x0000001d,
0x00000b78,0x00000b6d,0x0006000c,0x0000001d,
0x00000b79,0x00000001,0x0000000d,0x00000b78,
0x0004007f,0x0000001d,0x00000b7a,0x00000b79,
0x0004003d,0x0000001d,0x00000b7b,0x00000b6d,
0x0006000c,0x0000001d,0x00000b7c,0x00000001,
0x0000000e,0x00000b7b,0x00050050,0x0000002a,
0x00000b7e,0x00000b75,0x00000b77,0x00050050,
0x0000002a,0x00000b7f,0x00000b7a,0x00000b7c,
0x00050050,0x00000b7d,0x00000b80,0x00000b7e,
0x00000b7f,0x0004003d,0x0000002a,0x00000b81,
0x00000b56,0x00050091,0x0000002a,0x00000b82,
0x00000b80,0x00000b81,0x0004003d,0x00000039,
0x00000b83,0x00000851,0x0007004f,0x0000002a,
0x00000b84,0x00000b83,0x00000b83,0x00000002,
0x00000003,0x00050051,0x0000001d,0x00000b85,
0x00000b82,0x00000000,0x00050051,0x0000001d,
0x00000b86,0x00000b82,0x00000001,0x00050051,
0x0000001d,0x00000b87,0x00000b84,0x00000000,
0x00050051,0x0000001d,0x00000b88,0x00000b84,
0x00000001,0x00070050,0x00000039,0x00000b89,
0x00000b85,0x00000b86,0x00000b87,0x00000b88,
0x00050041,0x0000005b,0x00000b8a,0x00000863,
0x00000b73,0x0003003e,0x00000b8a,0x00000b89,
0x000200f9,0x00000b55,0x000200f8,0x00000b8b,
0x0004003d,0x0000000c,0x00000b8c,0x00000836,
0x000500aa,0x0000001b,0x00000b8e,0x00000b8c,
0x00000b8d,0x000300f7,0x00000b90,0x00000000,
0x000400fa,0x00000b8e,0x00000b8f,0x00000c02,
0x000200f8,0x00000b8f,0x00050041,0x00000023,
0x00000b92,0x00000889,0x00000191,0x0004003d,
0x0000001d,0x00000b93,0x00000b92,0x00050081,
0x0000001d,0x00000b94,0x00000b93,0x00000336,
0x0006000c,0x0000001d,0x00000b95,0x00000001,
0x00000008,0x00000b94,0x0004006e,0x0000000c,
0x00000b96,0x00000b95,0x0008000c,0x0000000c,
0x00000b97,0x00000001,0x0000002d,0x00000b96,
0x00000219,0x00000171,0x0003003e,0x00000b91,
0x00000b97,0x0003003e,0x00000b98,0x00000374,
0x0004003d,0x0000000c,0x00000b99,0x00000b91,
0x000500aa,0x0000001b,0x00000b9a,0x00000b99,
0x00000219,0x000300f7,0x00000b9c,0x00000000,
0x000400fa,0x00000b9a,0x00000b9b,0x00000ba9,
0x000200f8,0x00000b9b,0x0004003d,0x00000039,
0x00000b9e,0x00000851,0x0008004f,0x00000037,
0x00000b9f,0x00000b9e,0x00000b9e,0x00000000,
0x00000001,0x00000002,0x0003003e,0x00000b9d,
0x00000b9f,0x0003003e,0x00000ba0,0x000002ef,
0x00060039,0x0000001d,0x00000ba1,0x0000004c,
0x00000b9d,0x00000ba0,0x00050041,0x00000023,
0x00000ba2,0x0000086c,0x0000019a,0x0004003d,
0x0000001d,0x00000ba3,0x00000ba2,0x00050085,
0x0000001d,0x00000ba4,0x00000ba1,0x00000ba3,
0x00050041,0x00000023,0x00000ba5,0x00000889,
0x0000019a,0x0004003d,0x0000001d,0x00000ba6,
0x00000ba5,0x00050081,0x0000001d,0x00000ba7,
0x00000ba4,0x00000ba6,0x00050041,0x00000023,
0x00000ba8,0x00000b98,0x0000019a,0x0003003e,
0x00000ba8,0x00000ba7,0x000200f9,0x00000b9c,
0x000200f8,0x00000ba9,0x0004003d,0x0000000c,
0x00000baa,0x00000b91,0x000500aa,0x0000001b,
0x00000bab,0x00000baa,0x00000323,0x000300f7,
0x00000bad,0x00000000,0x000400fa,0x00000bab,
0x00000bac,0x00000bc9,0x000200f8,0x00000bac,
0x0004003d,0x00000039,0x00000baf,0x00000851,
0x0008004f,0x00000037,0x00000bb0,0x00000baf,
0x00000baf,0x00000000,0x00000001,0x00000002,
0x0003003e,0x00000bae,0x00000bb0,0x0003003e,
0x00000bb1,0x000002ef,0x00060039,0x0000001d,
0x00000bb2,0x0000004c,0x00000bae,0x00000bb1,
0x00050041,0x00000023,0x00000bb3,0x0000086c,
0x0000019a,0x0004003d,0x0000001d,0x00000bb4,
0x00000bb3,0x00050085,0x0000001d,0x00000bb5,
0x00000bb2,0x00000bb4,0x00050041,0x00000023,
0x00000bb6,0x00000889,0x0000019a,0x0004003d,
0x0000001d,0x00000bb7,0x00000bb6,0x00050081,
0x0000001d,0x00000bb8,0x00000bb5,0x00000bb7,
0x00050041,0x00000023,0x00000bb9,0x00000b98,
0x0000019a,0x0003003e,0x00000bb9,0x00000bb8,
0x0004003d,0x00000039,0x00000bba,0x00000851,
0x0008004f,0x00000037,0x00000bbb,0x00000bba,
0x00000bba,0x00000000,0x00000001,0x00000002,
0x00050081,0x00000037,0x00000bbe,0x00000bbb,
0x00000bbd,0x0003003e,0x00000bbf,0x00000bbe,
0x0003003e,0x00000bc0,0x000002ef,0x00060039,
0x0000001d,0x00000bc1,0x0000004c,0x00000bbf,
0x00000bc0,0x00050041,0x00000023,0x00000bc2,
0x0000086c,0x000001a0,0x0004003d,0x0000001d,
0x00000bc3,0x00000bc2,0x00050085,0x0000001d,
0x00000bc4,0x00000bc1,0x00000bc3,0x00050041,
0x00000023,0x00000bc5,0x00000889,0x000001a0,
0x0004003d,0x0000001d,0x00000bc6,0x00000bc5,
0x00050081,0x0000001d,0x00000bc7,0x00000bc4,
0x00000bc6,0x00050041,0x00000023,0x00000bc8,
0x00000b98,0x000001a0,0x0003003e,0x00000bc8,
0x00000bc7,0x000200f9,0x00000bad,0x000200f8,
0x00000bc9,0x0004003d,0x00000039,0x00000bcb,
0x00000851,0x0008004f,0x00000037,0x00000bcc,
0x00000bcb,0x00000bcb,0x00000000,0x00000001,
0x00000002,0x0003003e,0x00000bca,0x00000bcc,
0x0003003e,0x00000bcd,0x0000024b,0x00060039,
0x0000001d,0x00000bce,0x0000004c,0x00000bca,
0x00000bcd,0x00050041,0x00000023,0x00000bcf,
0x0000086c,0x0000019a,0x0004003d,0x0000001d,
0x00000bd0,0x00000bcf,0x00050085,0x0000001d,
0x00000bd1,0x00000bce,0x00000bd0,0x00050041,
0x00000023,0x00000bd2,0x00000889,0x0000019a,
0x0004003d,0x0000001d,0x00000bd3,0x00000bd2,
0x00050081,0x0000001d,0x00000bd4,0x00000bd1,
0x00000bd3,0x00050041,0x00000023,0x00000bd5,
0x00000b98,0x0000019a,0x0003003e,0x00000bd5,
0x00000bd4,0x0004003d,0x00000039,0x00000bd7,
0x00000851,0x0008004f,0x00000037,0x00000bd8,
0x00000bd7,0x00000bd7,0x00000000,0x00000001,
0x00000002,0x0003003e,0x00000bd6,0x00000bd8,
0x0003003e,0x00000bd9,0x00000219,0x00060039,
0x0000001d,0x00000bda,0x0000004c,0x00000bd6,
0x00000bd9,0x00050041,0x00000023,0x00000bdb,
0x0000086c,0x000001a0,0x0004003d,0x0000001d,
0x00000bdc,0x00000bdb,0x00050085,0x0000001d,
0x00000bdd,0x00000bda,0x00000bdc,0x00050041,
0x00000023,0x00000bde,0x00000889,0x000001a0,
0x0004003d,0x0000001d,0x00000bdf,0x00000bde,
0x00050081,0x0000001d,0x00000be0,0x00000bdd,
0x00000bdf,0x00050041,0x00000023,0x00000be1,
0x00000b98,0x000001a0,0x0003003e,0x00000be1,
0x00000be0,0x0004003d,0x00000039,0x00000be3,
0x00000851,0x0008004f,0x00000037,0x00000be4,
0x00000be3,0x00000be3,0x00000000,0x00000001,
0x00000002,0x0003003e,0x00000be2,0x00000be4,
0x0003003e,0x00000be5,0x00000323,0x00060039,
0x0000001d,0x00000be6,0x0000004c,0x00000be2,
0x00000be5,0x00050041,0x00000023,0x00000be7,
0x0000086c,0x00000192,0x0004003d,0x0000001d,
0x00000be8,0x00000be7,0x00050085,0x0000001d,
0x00000be9,0x00000be6,0x00000be8,0x00050041,
0x00000023,0x00000bea,0x00000889,0x00000192,
0x0004003d,0x0000001d,0x00000beb,0x00000bea,
0x00050081,0x0000001d,0x00000bec,0x00000be9,
0x00000beb,0x00050041,0x00000023,0x00000bed,
0x00000b98,0x00000192,0x0003003e,0x00000bed,
0x00000bec,0x0004003d,0x0000000c,0x00000bee,
0x00000b91,0x000500aa,0x0000001b,0x00000bef,
0x00000bee,0x00000171,0x000300f7,0x00000bf1,
0x00000000,0x000400fa,0x00000bef,0x00000bf0,
0x00000bf1,0x000200f8,0x00000bf0,0x0004003d,
0x00000039,0x00000bf2,0x00000851,0x0008004f,
0x00000037,0x00000bf3,0x00000bf2,0x00000bf2,
0x00000000,0x00000001,0x00000002,0x00050081,
0x00000037,0x00000bf4,0x00000bf3,0x00000bbd,
0x0003003e,0x00000bf5,0x00000bf4,0x0003003e,
0x00000bf6,0x000002ef,0x00060039,0x0000001d,
0x00000bf7,0x0000004c,0x00000bf5,0x00000bf6,
0x00050041,0x00000023,0x00000bf8,0x0000086c,
0x00000191,0x0004003d,0x0000001d,0x00000bf9,
0x00000bf8,0x00050085,0x0000001d,0x00000bfa,
0x00000bf7,0x00000bf9,0x00050041,0x00000023,
0x00000bfb,0x00000889,0x00000191,0x0004003d,
0x0000001d,0x00000bfc,0x00000bfb,0x00050081,
0x0000001d,0x00000bfd,0x00000bfa,0x00000bfc,
0x00050041,0x00000023,0x00000bfe,0x00000b98,
0x00000191,0x0003003e,0x00000bfe,0x00000bfd,
0x000200f9,0x00000bf1,0x000200f8,0x00000bf1,
0x000200f9,0x00000bad,0x000200f8,0x00000bad,
0x000200f9,0x00000b9c,0x000200f8,0x00000b9c,
0x0004003d,0x0000000c,0x00000bff,0x00000825,
0x0004003d,0x00000039,0x00000c00,0x00000b98,
0x00050041,0x0000005b,0x00000c01,0x00000863,
0x00000bff,0x0003003e,0x00000c01,0x00000c00,
0x000200f9,0x00000b90,0x000200f8,0x00000c02,
0x0004003d,0x0000000c,0x00000c03,0x00000836,
0x000500aa,0x0000001b,0x00000c05,0x00000c03,
0x00000c04,0x000300f7,0x00000c07,0x00000000,
0x000400fa,0x00000c05,0x00000c06,0x00000c0d,
0x000200f8,0x00000c06,0x0004003d,0x0000000c,
0x00000c08,0x00000825,0x0004003d,0x00000039,
0x00000c09,0x00000851,0x0004003d,0x00000039,
0x00000c0a,0x0000086c,0x0007000c,0x00000039,
0x00000c0b,0x00000001,0x00000019,0x00000c09,
0x00000c0a,0x00050041,0x0000005b,0x00000c0c,
0x00000863,0x00000c08,0x0003003e,0x00000c0c,
0x00000c0b,0x000200f9,0x00000c07,0x000200f8,
0x00000c0d,0x0004003d,0x0000000c,0x00000c0e,
0x00000836,0x000500aa,0x0000001b,0x00000c10,
0x00000c0e,0x00000c0f,0x000300f7,0x00000c12,
0x00000000,0x000400fa,0x00000c10,0x00000c11,
0x00000c17,0x000200f8,0x00000c11,0x0004003d,
0x0000000c,0x00000c13,0x00000825,0x0004003d,
0x00000039,0x00000c14,0x00000851,0x0006000c,
0x00000039,0x00000c15,0x00000001,0x00000006,
0x00000c14,0x00050041,0x0000005b,0x00000c16,
0x00000863,0x00000c13,0x0003003e,0x00000c16,
0x00000c15,0x000200f9,0x00000c12,0x000200f8,
0x00000c17,0x0004003d,0x0000000c,0x00000c18,
0x00000836,0x000500aa,0x0000001b,0x00000c1a,
0x00000c18,0x00000c19,0x000300f7,0x00000c1c,
0x00000000,0x000400fa,0x00000c1a,0x00000c1b,
0x00000c21,0x000200f8,0x00000c1b,0x0004003d,
0x0000000c,0x00000c1d,0x00000825,0x0004003d,
0x00000039,0x00000c1e,0x00000851,0x0006000c,
0x00000039,0x00000c1f,0x00000001,0x00000001,
0x00000c1e,0x00050041,0x0000005b,0x00000c20,
0x00000863,0x00000c1d,0x0003003e,0x00000c20,
0x00000c1f,0x000200f9,0x00000c1c,0x000200f8,
0x00000c21,0x0004003d,0x0000000c,0x00000c22,
0x00000836,0x000500aa,0x0000001b,0x00000c24,
0x00000c22,0x00000c23,0x000300f7,0x00000c26,
0x00000000,0x000400fa,0x00000c24,0x00000c25,
0x00000c30,0x000200f8,0x00000c25,0x0004003d,
0x0000000c,0x00000c27,0x00000825,0x00050041,
0x00000023,0x00000c28,0x00000851,0x0000019a,
0x0004003d,0x0000001d,0x00000c29,0x00000c28,
0x00050041,0x00000023,0x00000c2a,0x0000086c,
0x0000019a,0x0004003d,0x0000001d,0x00000c2b,
0x00000c2a,0x00050041,0x00000023,0x00000c2c,
0x00000889,0x0000019a,0x0004003d,0x0000001d,
0x00000c2d,0x00000c2c,0x00070050,0x00000039,
0x00000c2e,0x00000c29,0x00000c2b,0x00000c2d,
0x00000271,0x00050041,0x0000005b,0x00000c2f,
0x00000863,0x00000c27,0x0003003e,0x00000c2f,
0x00000c2e,0x000200f9,0x00000c26,0x000200f8,
0x00000c30,0x0004003d,0x0000000c,0x00000c31,
0x00000836,0x000500aa,0x0000001b,0x00000c33,
0x00000c31,0x00000c32,0x000300f7,0x00000c35,
0x00000000,0x000400fa,0x00000c33,0x00000c34,
0x00000c43,0x000200f8,0x00000c34,0x00050041,
0x00000023,0x00000c37,0x0000086c,0x0000019a,
0x0004003d,0x0000001d,0x00000c38,0x00000c37,
0x00050081,0x0000001d,0x00000c39,0x00000c38,
0x00000336,0x0006000c,0x0000001d,0x00000c3a,
0x00000001,0x00000008,0x00000c39,0x0004006e,
0x0000000c,0x00000c3b,0x00000c3a,0x0008000c,
0x0000000c,0x00000c3c,0x00000001,0x0000002d,
0x00000c3b,0x0000024b,0x00000469,0x0003003e,
0x00000c36,0x00000c3c,0x0004003d,0x0000000c,
0x00000c3d,0x00000825,0x0004003d,0x0000000c,
0x00000c3e,0x00000c36,0x00050041,0x00000023,
0x00000c3f,0x00000851,0x00000c3e,0x0004003d,
0x0000001d,0x00000c40,0x00000c3f,0x00070050,
0x00000039,0x00000c41,0x00000c40,0x00000c40,
0x00000c40,0x00000c40,0x00050041,0x0000005b,
0x00000c42,0x00000863,0x00000c3d,0x0003003e,
0x00000c42,0x00000c41,0x000200f9,0x00000c35,
0x000200f8,0x00000c43,0x0004003d,0x0000000c,
0x00000c44,0x00000836,0x000500aa,0x0000001b,
0x00000c46,0x00000c44,0x00000c45,0x000300f7,
0x00000c48,0x00000000,0x000400fa,0x00000c46,
0x00000c47,0x00000c4c,0x000200f8,0x00000c47,
0x0004003d,0x0000000c,0x00000c49,0x00000825,
0x0004003d,0x00000039,0x00000c4a,0x00000851,
0x00050041,0x0000005b,0x00000c4b,0x00000863,
0x00000c49,0x0003003e,0x00000c4b,0x00000c4a,
0x000200f9,0x00000c48,0x000200f8,0x00000c4c,
0x0004003d,0x0000000c,0x00000c4d,0x00000836,
0x000500aa,0x0000001b,0x00000c4f,0x00000c4d,
0x00000c4e,0x000300f7,0x00000c51,0x00000000,
0x000400fa,0x00000c4f,0x00000c50,0x00000c59,
0x000200f8,0x00000c50,0x0004003d,0x0000000c,
0x00000c52,0x00000825,0x0004003d,0x00000037,
0x00000c53,0x00000092,0x00050051,0x0000001d,
0x00000c54,0x00000c53,0x00000000,0x00050051,
0x0000001d,0x00000c55,0x00000c53,0x00000001,
0x00050051,0x0000001d,0x00000c56,0x00000c53,
0x00000002,0x00070050,0x00000039,0x00000c57,
0x00000c54,0x00000c55,0x00000c56,0x00000271,
0x00050041,0x0000005b,0x00000c58,0x00000863,
0x00000c52,0x0003003e,0x00000c58,0x00000c57,
0x000200f9,0x00000c51,0x000200f8,0x00000c59,
0x0004003d,0x0000000c,0x00000c5a,0x00000836,
0x000500aa,0x0000001b,0x00000c5c,0x00000c5a,
0x00000c5b,0x000300f7,0x00000c5e,0x00000000,
0x000400fa,0x00000c5c,0x00000c5d,0x00000c84,
0x000200f8,0x00000c5d,0x0004003d,0x00000039,
0x00000c61,0x00000851,0x0008004f,0x00000037,
0x00000c62,0x00000c61,0x00000c61,0x00000000,
0x00000001,0x00000002,0x0003003e,0x00000c60,
0x00000c62,0x00050039,0x00000037,0x00000c63,
0x00000086,0x00000c60,0x0003003e,0x00000c5f,
0x00000c63,0x00050041,0x00000023,0x00000c64,
0x00000c5f,0x0000019a,0x0004003d,0x0000001d,
0x00000c65,0x00000c64,0x00050041,0x00000023,
0x00000c66,0x0000086c,0x0000019a,0x0004003d,
0x0000001d,0x00000c67,0x00000c66,0x00050081,
0x0000001d,0x00000c68,0x00000c65,0x00000c67,
0x0006000c,0x0000001d,0x00000c69,0x00000001,
0x0000000a,0x00000c68,0x00050041,0x00000023,
0x00000c6a,0x00000c5f,0x0000019a,0x0003003e,
0x00000c6a,0x00000c69,0x00050041,0x00000023,
0x00000c6b,0x00000c5f,0x000001a0,0x0004003d,
0x0000001d,0x00000c6c,0x00000c6b,0x00050041,
0x00000023,0x00000c6d,0x0000086c,0x000001a0,
0x0004003d,0x0000001d,0x00000c6e,0x00000c6d,
0x00050085,0x0000001d,0x00000c6f,0x00000c6c,
0x00000c6e,0x0008000c,0x0000001d,0x00000c70,
0x00000001,0x0000002b,0x00000c6f,0x000002ec,
0x00000271,0x00050041,0x00000023,0x00000c71,
0x00000c5f,0x000001a0,0x0003003e,0x00000c71,
0x00000c70,0x00050041,0x00000023,0x00000c72,
0x00000c5f,0x00000192,0x0004003d,0x0000001d,
0x00000c73,0x00000c72,0x00050041,0x00000023,
0x00000c74,0x0000086c,0x00000192,0x0004003d,
0x0000001d,0x00000c75,0x00000c74,0x00050085,
0x0000001d,0x00000c76,0x00000c73,0x00000c75,
0x0007000c,0x0000001d,0x00000c77,0x00000001,
0x00000028,0x00000c76,0x000002ec,0x00050041,
0x00000023,0x00000c78,0x00000c5f,0x00000192,
0x0003003e,0x00000c78,0x00000c77,0x0004003d,
0x0000000c,0x00000c79,0x00000825,0x0004003d,
0x00000037,0x00000c7b,0x00000c5f,0x0003003e,
0x00000c7a,0x00000c7b,0x00050039,0x00000037,
0x00000c7c,0x00000089,0x00000c7a,0x00050041,
0x00000023,0x00000c7d,0x00000851,0x00000191,
0x0004003d,0x0000001d,0x00000c7e,0x00000c7d,
0x00050051,0x0000001d,0x00000c7f,0x00000c7c,
0x00000000,0x00050051,0x0000001d,0x00000c80,
0x00000c7c,0x00000001,0x00050051,0x0000001d,
0x00000c81,0x00000c7c,0x00000002,0x00070050,
0x00000039,0x00000c82,0x00000c7f,0x00000c80,
0x00000c81,0x00000c7e,0x00050041,0x0000005b,
0x00000c83,0x00000863,0x00000c79,0x0003003e,
0x00000c83,0x00000c82,0x000200f9,0x00000c5e,
0x000200f8,0x00000c84,0x0004003d,0x0000000c,
0x00000c85,0x00000836,0x000500aa,0x0000001b,
0x00000c87,0x00000c85,0x00000c86,0x000300f7,
0x00000c89,0x00000000,0x000400fa,0x00000c87,
0x00000c88,0x00000cc1,0x000200f8,0x00000c88,
0x0003003e,0x00000c8a,0x00000c8b,0x00050041,
0x00000023,0x00000c8d,0x0000086c,0x0000019a,
0x0004003d,0x0000001d,0x00000c8e,0x00000c8d,
0x0006000c,0x0000001d,0x00000c8f,0x00000001,
0x00000004,0x00000c8e,0x0007000c,0x0000001d,
0x00000c91,0x00000001,0x00000028,0x00000c8f,
0x00000c90,0x0003003e,0x00000c8c,0x00000c91,
0x0004003d,0x00000037,0x00000c94,0x00000092,
0x0003003e,0x00000c93,0x00000c94,0x00050039,
0x0000001d,0x00000c95,0x0000006b,0x00000c93,
0x0003003e,0x00000c92,0x00000c95,0x0004003d,
0x00000037,0x00000c97,0x00000092,0x0004003d,
0x0000001d,0x00000c98,0x00000c8a,0x00060050,
0x00000037,0x00000c99,0x00000c98,0x000002ec,
0x000002ec,0x00050081,0x00000037,0x00000c9a,
0x00000c97,0x00000c99,0x0003003e,0x00000c9b,
0x00000c9a,0x00050039,0x0000001d,0x00000c9c,
0x0000006b,0x00000c9b,0x0003003e,0x00000c96,
0x00000c9c,0x0004003d,0x00000037,0x00000c9e,
0x00000092,0x0004003d,0x0000001d,0x00000c9f,
0x00000c8a,0x00060050,0x00000037,0x00000ca0,
0x000002ec,0x00000c9f,0x000002ec,0x00050081,
0x00000037,0x00000ca1,0x00000c9e,0x00000ca0,
0x0003003e,0x00000ca2,0x00000ca1,0x00050039,
0x0000001d,0x00000ca3,0x0000006b,0x00000ca2,
0x0003003e,0x00000c9d,0x00000ca3,0x0004003d,
0x0000001d,0x00000ca5,0x00000c96,0x0004003d,
0x0000001d,0x00000ca6,0x00000c92,0x00050083,
0x0000001d,0x00000ca7,0x00000ca5,0x00000ca6,
0x0004007f,0x0000001d,0x00000ca8,0x00000ca7,
0x0004003d,0x0000001d,0x00000ca9,0x00000c8c,
0x00050085,0x0000001d,0x00000caa,0x00000ca8,
0x00000ca9,0x0004003d,0x0000001d,0x00000cab,
0x00000c8a,0x00050088,0x0000001d,0x00000cac,
0x00000caa,0x00000cab,0x0004003d,0x0000001d,
0x00000cad,0x00000c9d,0x0004003d,0x0000001d,
0x00000cae,0x00000c92,0x00050083,0x0000001d,
0x00000caf,0x00000cad,0x00000cae,0x0004007f,
0x0000001d,0x00000cb0,0x00000caf,0x0004003d,
0x0000001d,0x00000cb1,0x00000c8c,0x00050085,
0x0000001d,0x00000cb2,0x00000cb0,0x00000cb1,
0x0004003d,0x0000001d,0x00000cb3,0x00000c8a,
0x00050088,0x0000001d,0x00000cb4,0x00000cb2,
0x00000cb3,0x00060050,0x00000037,0x00000cb5,
0x00000cac,0x00000cb4,0x00000271,0x0006000c,
0x00000037,0x00000cb6,0x00000001,0x00000045,
0x00000cb5,0x0003003e,0x00000ca4,0x00000cb6,
0x0004003d,0x0000000c,0x00000cb7,0x00000825,
0x0004003d,0x00000037,0x00000cb8,0x00000ca4,
0x0005008e,0x00000037,0x00000cb9,0x00000cb8,
0x00000336,0x00060050,0x00000037,0x00000cba,
0x00000336,0x00000336,0x00000336,0x00050081,
0x00000037,0x00000cbb,0x00000cb9,0x00000cba,
0x00050051,0x0000001d,0x00000cbc,0x00000cbb,
0x00000000,0x00050051,0x0000001d,0x00000cbd,
0x00000cbb,0x00000001,0x00050051,0x0000001d,
0x00000cbe,0x00000cbb,0x00000002,0x00070050,
0x00000039,0x00000cbf,0x00000cbc,0x00000cbd,
0x00000cbe,0x00000271,0x00050041,0x0000005b,
0x00000cc0,0x00000863,0x00000cb7,0x0003003e,
0x00000cc0,0x00000cbf,0x000200f9,0x00000c89,
0x000200f8,0x00000cc1,0x0004003d,0x0000000c,
0x00000cc2,0x00000836,0x000500aa,0x0000001b,
0x00000cc4,0x00000cc2,0x00000cc3,0x000300f7,
0x00000cc6,0x00000000,0x000400fa,0x00000cc4,
0x00000cc5,0x00000ccd,0x000200f8,0x00000cc5,
0x0004003d,0x0000000c,0x00000cc7,0x00000825,
0x0004003d,0x00000039,0x00000cc8,0x00000851,
0x0008000c,0x00000039,0x00000cca,0x00000001,
0x0000002b,0x00000cc8,0x00000cc9,0x00000646,
0x0006000c,0x00000039,0x00000ccb,0x00000001,
0x00000010,0x00000cca,0x00050041,0x0000005b,
0x00000ccc,0x00000863,0x00000cc7,0x0003003e,
0x00000ccc,0x00000ccb,0x000200f9,0x00000cc6,
0x000200f8,0x00000ccd,0x0004003d,0x0000000c,
0x00000cce,0x00000836,0x000500aa,0x0000001b,
0x00000cd0,0x00000cce,0x00000ccf,0x000300f7,
0x00000cd2,0x00000000,0x000400fa,0x00000cd0,
0x00000cd1,0x00000cd8,0x000200f8,0x00000cd1,
0x0004003d,0x0000000c,0x00000cd3,0x00000825,
0x0004003d,0x00000039,0x00000cd4,0x00000851,
0x0008000c,0x00000039,0x00000cd5,0x00000001,
0x0000002b,0x00000cd4,0x00000cc9,0x00000646,
0x0006000c,0x00000039,0x00000cd6,0x00000001,
0x00000011,0x00000cd5,0x00050041,0x0000005b,
0x00000cd7,0x00000863,0x00000cd3,0x0003003e,
0x00000cd7,0x00000cd6,0x000200f9,0x00000cd2,
0x000200f8,0x00000cd8,0x0004003d,0x0000000c,
0x00000cd9,0x00000836,0x000500aa,0x0000001b,
0x00000cdb,0x00000cd9,0x00000cda,0x000300f7,
0x00000cdd,0x00000000,0x000400fa,0x00000cdb,
0x00000cdc,0x00000ce7,0x000200f8,0x00000cdc,
0x0004003d,0x0000000c,0x00000cde,0x00000825,
0x0004003d,0x00000039,0x00000cdf,0x00000851,
0x0004003d,0x00000039,0x00000ce0,0x00000889,
0x00050083,0x00000039,0x00000ce1,0x00000cdf,
0x00000ce0,0x0004003d,0x00000039,0x00000ce2,
0x0000086c,0x00050085,0x00000039,0x00000ce3,
0x00000ce1,0x00000ce2,0x0004003d,0x00000039,
0x00000ce4,0x00000889,0x00050081,0x00000039,
0x00000ce5,0x00000ce3,0x00000ce4,0x00050041,
0x0000005b,0x00000ce6,0x00000863,0x00000cde,
0x0003003e,0x00000ce6,0x00000ce5,0x000200f9,
0x00000cdd,0x000200f8,0x00000ce7,0x0004003d,
0x0000000c,0x00000ce8,0x00000836,0x000500aa,
0x0000001b,0x00000cea,0x00000ce8,0x00000ce9,
0x000300f7,0x00000cec,0x00000000,0x000400fa,
0x00000cea,0x00000ceb,0x00000d11,0x000200f8,
0x00000ceb,0x0003003e,0x00000ced,0x0000024b,
0x000200f9,0x00000cee,0x000200f8,0x00000cee,
0x000400f6,0x00000cf0,0x00000cf1,0x00000000,
0x000200f9,0x00000cf2,0x000200f8,0x00000cf2,
0x0004003d,0x0000000c,0x00000cf3,0x00000ced,
0x000500b1,0x0000001b,0x00000cf4,0x00000cf3,
0x00000171,0x000400fa,0x00000cf4,0x00000cef,
0x00000cf0,0x000200f8,0x00000cef,0x0004003d,
0x0000000c,0x00000cf6,0x00000ced,0x00050041,
0x00000023,0x00000cf7,0x0000086c,0x00000cf6,
0x0004003d,0x0000001d,0x00000cf8,0x00000cf7,
0x0006000c,0x0000001d,0x00000cf9,0x00000001,
0x00000001,0x00000cf8,0x0004006e,0x0000000c,
0x00000cfa,0x00000cf9,0x0008000c,0x0000000c,
0x00000cfb,0x00000001,0x0000002d,0x00000cfa,
0x0000024b,0x00000475,0x0003003e,0x00000cf5,
0x00000cfb,0x0004003d,0x0000000c,0x00000cfd,
0x00000ced,0x0004003d,0x0000000c,0x00000cfe,
0x00000cf5,0x000500b1,0x0000001b,0x00000cff,
0x00000cfe,0x00000171,0x000300f7,0x00000d02,
0x00000000,0x000400fa,0x00000cff,0x00000d01,
0x00000d06,0x000200f8,0x00000d01,0x0004003d,
0x0000000c,0x00000d03,0x00000cf5,0x00050041,
0x00000023,0x00000d04,0x00000851,0x00000d03,
0x0004003d,0x0000001d,0x00000d05,0x00000d04,
0x0003003e,0x00000d00,0x00000d05,0x000200f9,
0x00000d02,0x000200f8,0x00000d06,0x0004003d,
0x0000000c,0x00000d07,0x00000cf5,0x000500aa,
0x0000001b,0x00000d08,0x00000d07,0x00000475,
0x000600a9,0x0000001d,0x00000d09,0x00000d08,
0x00000271,0x000002ec,0x0003003e,0x00000d00,
0x00000d09,0x000200f9,0x00000d02,0x000200f8,
0x00000d02,0x0004003d,0x0000001d,0x00000d0a,
0x00000d00,0x00050041,0x00000023,0x00000d0b,
0x00000cfc,0x00000cfd,0x0003003e,0x00000d0b,
0x00000d0a,0x000200f9,0x00000cf1,0x000200f8,
0x00000cf1,0x0004003d,0x0000000c,0x00000d0c,
0x00000ced,0x00050080,0x0000000c,0x00000d0d,
0x00000d0c,0x00000219,0x0003003e,0x00000ced,
0x00000d0d,0x000200f9,0x00000cee,0x000200f8,
0x00000cf0,0x0004003d,0x0000000c,0x00000d0e,
0x00000825,0x0004003d,0x00000039,0x00000d0f,
0x00000cfc,0x00050041,0x0000005b,0x00000d10,
0x00000863,0x00000d0e,0x0003003e,0x00000d10,
0x00000d0f,0x000200f9,0x00000cec,0x000200f8,
0x00000d11,0x0004003d,0x0000000c,0x00000d12,
0x00000836,0x000500aa,0x0000001b,0x00000d14,
0x00000d12,0x00000d13,0x000300f7,0x00000d16,
0x00000000,0x000400fa,0x00000d14,0x00000d15,
0x00000d1b,0x000200f8,0x00000d15,0x0004003d,
0x0000000c,0x00000d17,0x00000825,0x0004003d,
0x00000039,0x00000d18,0x00000851,0x0006000c,
0x00000039,0x00000d19,0x00000001,0x00000012,
0x00000d18,0x00050041,0x0000005b,0x00000d1a,
0x00000863,0x00000d17,0x0003003e,0x00000d1a,
0x00000d19,0x000200f9,0x00000d16,0x000200f8,
0x00000d1b,0x0004003d,0x0000000c,0x00000d1c,
0x00000836,0x000500aa,0x0000001b,0x00000d1e,
0x00000d1c,0x00000d1d,0x000300f7,0x00000d20,
0x00000000,0x000400fa,0x00000d1e,0x00000d1f,
0x00000d2e,0x000200f8,0x00000d1f,0x0004003d,
0x00000039,0x00000d22,0x00000851,0x00050083,
0x00000039,0x00000d23,0x00000646,0x00000d22,
0x0004003d,0x00000039,0x00000d24,0x0000086c,
0x00050083,0x00000039,0x00000d25,0x00000646,
0x00000d24,0x00050085,0x00000039,0x00000d26,
0x00000d23,0x00000d25,0x00050083,0x00000039,
0x00000d27,0x00000646,0x00000d26,0x0003003e,
0x00000d21,0x00000d27,0x0004003d,0x0000000c,
0x00000d28,0x00000825,0x0004003d,0x00000039,
0x00000d29,0x0000086c,0x0004003d,0x00000039,
0x00000d2a,0x00000d21,0x0004003d,0x00000039,
0x00000d2b,0x00000889,0x0008000c,0x00000039,
0x00000d2c,0x00000001,0x0000002e,0x00000d29,
0x00000d2a,0x00000d2b,0x00050041,0x0000005b,
0x00000d2d,0x00000863,0x00000d28,0x0003003e,
0x00000d2d,0x00000d2c,0x000200f9,0x00000d20,
0x000200f8,0x00000d2e,0x0004003d,0x0000000c,
0x00000d2f,0x00000836,0x000500aa,0x0000001b,
0x00000d31,0x00000d2f,0x00000d30,0x000300f7,
0x00000d33,0x00000000,0x000400fa,0x00000d31,
0x00000d32,0x00000d4a,0x000200f8,0x00000d32,
0x0004003d,0x00000039,0x00000d35,0x00000851,
0x0005008e,0x00000039,0x00000d36,0x00000d35,
0x000001c6,0x0004003d,0x00000039,0x00000d37,
0x0000086c,0x00050085,0x00000039,0x00000d38,
0x00000d36,0x00000d37,0x0004003d,0x00000039,
0x00000d39,0x00000851,0x00050083,0x00000039,
0x00000d3a,0x00000646,0x00000d39,0x0005008e,
0x00000039,0x00000d3b,0x00000d3a,0x000001c6,
0x0004003d,0x00000039,0x00000d3c,0x0000086c,
0x00050083,0x00000039,0x00000d3d,0x00000646,
0x00000d3c,0x00050085,0x00000039,0x00000d3e,
0x00000d3b,0x00000d3d,0x00050083,0x00000039,
0x00000d3f,0x00000646,0x00000d3e,0x0004003d,
0x00000039,0x00000d41,0x0000086c,0x0007000c,
0x00000039,0x00000d42,0x00000001,0x00000030,
0x00000d40,0x00000d41,0x0008000c,0x00000039,
0x00000d43,0x00000001,0x0000002e,0x00000d38,
0x00000d3f,0x00000d42,0x0003003e,0x00000d34,
0x00000d43,0x0004003d,0x0000000c,0x00000d44,
0x00000825,0x0004003d,0x00000039,0x00000d45,
0x0000086c,0x0004003d,0x00000039,0x00000d46,
0x00000d34,0x0004003d,0x00000039,0x00000d47,
0x00000889,0x0008000c,0x00000039,0x00000d48,
0x00000001,0x0000002e,0x00000d45,0x00000d46,
0x00000d47,0x00050041,0x0000005b,0x00000d49,
0x00000863,0x00000d44,0x0003003e,0x00000d49,
0x00000d48,0x000200f9,0x00000d33,0x000200f8,
0x00000d4a,0x0004003d,0x0000000c,0x00000d4b,
0x00000836,0x000500aa,0x0000001b,0x00000d4d,
0x00000d4b,0x00000d4c,0x000300f7,0x00000d4f,
0x00000000,0x000400fa,0x00000d4d,0x00000d4e,
0x00000d65,0x000200f8,0x00000d4e,0x0004003d,
0x00000039,0x00000d51,0x00000889,0x0004003d,
0x00000039,0x00000d52,0x0000086c,0x00050083,
0x00000039,0x00000d53,0x00000646,0x00000d52,
0x0004003d,0x00000039,0x00000d54,0x00000851,
0x00050088,0x00000039,0x00000d55,0x00000d53,
0x00000d54,0x00050083,0x00000039,0x00000d56,
0x00000646,0x00000d55,0x00050085,0x00000039,
0x00000d57,0x00000d51,0x00000d56,0x0004003d,
0x00000039,0x00000d58,0x00000889,0x00050083,
0x00000039,0x00000d59,0x00000646,0x00000d58,
0x0004003d,0x00000039,0x00000d5a,0x0000086c,
0x00050085,0x00000039,0x00000d5b,0x00000d59,
0x00000d5a,0x00050081,0x00000039,0x00000d5c,
0x00000d57,0x00000d5b,0x0003003e,0x00000d50,
0x00000d5c,0x0004003d,0x0000000c,0x00000d5d,
0x00000825,0x0004003d,0x00000039,0x00000d5e,
0x00000d50,0x0004003d,0x00000039,0x00000d5f,
0x00000851,0x0006000c,0x00000039,0x00000d60,
0x00000001,0x00000004,0x00000d5f,0x000500b8,
0x00000d61,0x00000d62,0x00000d60,0x00000934,
0x000600a9,0x00000039,0x00000d63,0x00000d62,
0x00000374,0x00000d5e,0x00050041,0x0000005b,
0x00000d64,0x00000863,0x00000d5d,0x0003003e,
0x00000d64,0x00000d63,0x000200f9,0x00000d4f,
0x000200f8,0x00000d65,0x0004003d,0x0000000c,
0x00000d66,0x00000836,0x000500aa,0x0000001b,
0x00000d68,0x00000d66,0x00000d67,0x000300f7,
0x00000d6a,0x00000000,0x000400fa,0x00000d68,
0x00000d69,0x00000d7f,0x000200f8,0x00000d69,
0x0004003d,0x00000039,0x00000d6c,0x00000889,
0x0004003d,0x00000039,0x00000d6d,0x0000086c,
0x00050085,0x00000039,0x00000d6e,0x00000d6c,
0x00000d6d,0x0004003d,0x00000039,0x00000d6f,
0x00000851,0x00050083,0x00000039,0x00000d70,
0x00000646,0x00000d6f,0x00050088,0x00000039,
0x00000d71,0x00000d6e,0x00000d70,0x0004003d,
0x00000039,0x00000d72,0x00000889,0x00050083,
0x00000039,0x00000d73,0x00000646,0x00000d72,
0x0004003d,0x00000039,0x00000d74,0x0000086c,
0x00050085,0x00000039,0x00000d75,0x00000d73,
0x00000d74,0x00050081,0x00000039,0x00000d76,
0x00000d71,0x00000d75,0x0003003e,0x00000d6b,
0x00000d76,0x0004003d,0x0000000c,0x00000d77,
0x00000825,0x0004003d,0x00000039,0x00000d78,
0x00000d6b,0x0004003d,0x00000039,0x00000d79,
0x00000851,0x00050083,0x00000039,0x00000d7a,
0x00000646,0x00000d79,0x0006000c,0x00000039,
0x00000d7b,0x00000001,0x00000004,0x00000d7a,
0x000500b8,0x00000d61,0x00000d7c,0x00000d7b,
0x00000934,0x000600a9,0x00000039,0x00000d7d,
0x00000d7c,0x00000374,0x00000d78,0x00050041,
0x0000005b,0x00000d7e,0x00000863,0x00000d77,
0x0003003e,0x00000d7e,0x00000d7d,0x000200f9,
0x00000d6a,0x000200f8,0x00000d7f,0x0004003d,
0x0000000c,0x00000d80,0x00000836,0x000500aa,
0x0000001b,0x00000d82,0x00000d80,0x00000d81,
0x0004003d,0x0000000c,0x00000d83,0x00000836,
0x000500aa,0x0000001b,0x00000d85,0x00000d83,
0x00000d84,0x000500a6,0x0000001b,0x00000d86,
0x00000d82,0x00000d85,0x000300f7,0x00000d88,
0x00000000,0x000400fa,0x00000d86,0x00000d87,
0x00000daf,0x000200f8,0x00000d87,0x0004003d,
0x0000000c,0x00000d8a,0x0000084a,0x000500af,
0x0000001b,0x00000d8b,0x00000d8a,0x0000024b,
0x000300f7,0x00000d8e,0x00000000,0x000400fa,
0x00000d8b,0x00000d8d,0x00000d9a,0x000200f8,
0x00000d8d,0x0004003d,0x0000000c,0x00000d8f,
0x00000836,0x000500aa,0x0000001b,0x00000d90,
0x00000d8f,0x00000d81,0x000300f7,0x00000d93,
0x00000000,0x000400fa,0x00000d90,0x00000d92,
0x00000d96,0x000200f8,0x00000d92,0x00050041,
0x00000023,0x00000d94,0x00000889,0x0000019a,
0x0004003d,0x0000001d,0x00000d95,0x00000d94,
0x0003003e,0x00000d91,0x00000d95,0x000200f9,
0x00000d93,0x000200f8,0x00000d96,0x00050041,
0x00000023,0x00000d97,0x00000889,0x000001a0,
0x0004003d,0x0000001d,0x00000d98,0x00000d97,
0x0003003e,0x00000d91,0x00000d98,0x000200f9,
0x00000d93,0x000200f8,0x00000d93,0x0004003d,
0x0000001d,0x00000d99,0x00000d91,0x0003003e,
0x00000d8c,0x00000d99,0x000200f9,0x00000d8e,
0x000200f8,0x00000d9a,0x0004003d,0x0000000c,
0x00000d9b,0x00000836,0x000500aa,0x0000001b,
0x00000d9c,0x00000d9b,0x00000d81,0x000300f7,
0x00000d9f,0x00000000,0x000400fa,0x00000d9c,
0x00000d9e,0x00000da2,0x000200f8,0x00000d9e,
0x00050041,0x00000023,0x00000da0,0x00000090,
0x0000019a,0x0004003d,0x0000001d,0x00000da1,
0x00000da0,0x0003003e,0x00000d9d,0x00000da1,
0x000200f9,0x00000d9f,0x000200f8,0x00000da2,
0x00050041,0x00000023,0x00000da3,0x00000090,
0x000001a0,0x0004003d,0x0000001d,0x00000da4,
0x00000da3,0x0003003e,0x00000d9d,0x00000da4,
0x000200f9,0x00000d9f,0x000200f8,0x00000d9f,
0x0004003d,0x0000001d,0x00000da5,0x00000d9d,
0x0003003e,0x00000d8c,0x00000da5,0x000200f9,
0x00000d8e,0x000200f8,0x00000d8e,0x0004003d,
0x0000001d,0x00000da6,0x00000d8c,0x0008000c,
0x0000001d,0x00000da7,0x00000001,0x0000002b,
0x00000da6,0x000002ec,0x00000271,0x0003003e,
0x00000d89,0x00000da7,0x0004003d,0x0000000c,
0x00000da8,0x00000825,0x0004003d,0x00000039,
0x00000da9,0x00000851,0x0004003d,0x00000039,
0x00000daa,0x0000086c,0x0004003d,0x0000001d,
0x00000dab,0x00000d89,0x00070050,0x00000039,
0x00000dac,0x00000dab,0x00000dab,0x00000dab,
0x00000dab,0x0008000c,0x00000039,0x00000dad,
0x00000001,0x0000002e,0x00000da9,0x00000daa,
0x00000dac,0x00050041,0x0000005b,0x00000dae,
0x00000863,0x00000da8,0x0003003e,0x00000dae,
0x00000dad,0x000200f9,0x00000d88,0x000200f8,
0x00000daf,0x0004003d,0x0000000c,0x00000db0,
0x00000836,0x000500aa,0x0000001b,0x00000db2,
0x00000db0,0x00000db1,0x0004003d,0x0000000c,
0x00000db3,0x00000836,0x000500aa,0x0000001b,
0x00000db5,0x00000db3,0x00000db4,0x000500a6,
0x0000001b,0x00000db6,0x00000db2,0x00000db5,
0x000300f7,0x00000db8,0x00000000,0x000400fa,
0x00000db6,0x00000db7,0x00000de7,0x000200f8,
0x00000db7,0x0004003d,0x00000006,0x00000dba,
0x0000082e,0x00050080,0x00000006,0x00000dbb,
0x00000dba,0x0000067e,0x00060041,0x0000081a,
0x00000dbc,0x00000810,0x0000024b,0x00000dbb,
0x0004003d,0x0000001d,0x00000dbd,0x00000dbc,
0x00050081,0x0000001d,0x00000dbe,0x00000dbd,
0x00000336,0x0006000c,0x0000001d,0x00000dbf,
0x00000001,0x00000008,0x00000dbe,0x0004006e,
0x0000000c,0x00000dc0,0x00000dbf,0x0003003e,
0x00000db9,0x00000dc0,0x0004003d,0x0000000c,
0x00000dc2,0x00000db9,0x000500af,0x0000001b,
0x00000dc3,0x00000dc2,0x0000024b,0x0004003d,
0x0000000c,0x00000dc4,0x00000db9,0x0004003d,
0x0000000c,0x00000dc5,0x00000818,0x000500b1,
0x0000001b,0x00000dc6,0x00000dc4,0x00000dc5,
0x000500a7,0x0000001b,0x00000dc7,0x00000dc3,
0x00000dc6,0x000300f7,0x00000dca,0x00000000,
0x000400fa,0x00000dc7,0x00000dc9,0x00000dce,
0x000200f8,0x00000dc9,0x0004003d,0x0000000c,
0x00000dcb,0x00000db9,0x00050041,0x0000005b,
0x00000dcc,0x00000863,0x00000dcb,0x0004003d,
0x00000039,0x00000dcd,0x00000dcc,0x0003003e,
0x00000dc8,0x00000dcd,0x000200f9,0x00000dca,
0x000200f8,0x00000dce,0x0004003d,0x0000002a,
0x00000dcf,0x00000090,0x00050051,0x0000001d,
0x00000dd0,0x00000dcf,0x00000000,0x00050051,
0x0000001d,0x00000dd1,0x00000dcf,0x00000001,
0x00070050,0x00000039,0x00000dd2,0x00000dd0,
0x00000dd1,0x000002ec,0x00000271,0x0003003e,
0x00000dc8,0x00000dd2,0x000200f9,0x00000dca,
0x000200f8,0x00000dca,0x0004003d,0x00000039,
0x00000dd3,0x00000dc8,0x0003003e,0x00000dc1,
0x00000dd3,0x0004003d,0x0000000c,0x00000dd4,
0x00000825,0x0004003d,0x0000000c,0x00000dd5,
0x00000836,0x000500aa,0x0000001b,0x00000dd6,
0x00000dd5,0x00000db1,0x000300f7,0x00000dd9,
0x00000000,0x000400fa,0x00000dd6,0x00000dd8,
0x00000ddc,0x000200f8,0x00000dd8,0x00050041,
0x00000023,0x00000dda,0x00000dc1,0x0000019a,
0x0004003d,0x0000001d,0x00000ddb,0x00000dda,
0x0003003e,0x00000dd7,0x00000ddb,0x000200f9,
0x00000dd9,0x000200f8,0x00000ddc,0x00050041,
0x00000023,0x00000ddd,0x00000dc1,0x000001a0,
0x0004003d,0x0000001d,0x00000dde,0x00000ddd,
0x0003003e,0x00000dd7,0x00000dde,0x000200f9,
0x00000dd9,0x000200f8,0x00000dd9,0x0004003d,
0x0000001d,0x00000ddf,0x00000dd7,0x00050041,
0x00000023,0x00000de0,0x00000889,0x0000019a,
0x0004003d,0x0000001d,0x00000de1,0x00000de0,
0x000500be,0x0000001b,0x00000de2,0x00000ddf,
0x00000de1,0x0004003d,0x00000039,0x00000de3,
0x0000086c,0x0004003d,0x00000039,0x00000de4,
0x00000851,0x000600a9,0x00000039,0x00000de5,
0x00000de2,0x00000de3,0x00000de4,0x00050041,
0x0000005b,0x00000de6,0x00000863,0x00000dd4,
0x0003003e,0x00000de6,0x00000de5,0x000200f9,
0x00000db8,0x000200f8,0x00000de7,0x0004003d,
0x0000000c,0x00000de8,0x00000836,0x000500aa,
0x0000001b,0x00000dea,0x00000de8,0x00000de9,
0x000300f7,0x00000dec,0x00000000,0x000400fa,
0x00000dea,0x00000deb,0x00000e04,0x000200f8,
0x00000deb,0x0004003d,0x00000039,0x00000dee,
0x00000851,0x0008004f,0x00000037,0x00000def,
0x00000dee,0x00000dee,0x00000000,0x00000001,
0x00000002,0x00050094,0x0000001d,0x00000df0,
0x00000def,0x000009c4,0x0003003e,0x00000ded,
0x00000df0,0x0004003d,0x0000000c,0x00000df1,
0x00000825,0x0004003d,0x0000001d,0x00000df2,
0x00000ded,0x00060050,0x00000037,0x00000df3,
0x00000df2,0x00000df2,0x00000df2,0x0004003d,
0x00000039,0x00000df4,0x0000086c,0x0008004f,
0x00000037,0x00000df5,0x00000df4,0x00000df4,
0x00000000,0x00000001,0x00000002,0x0004003d,
0x00000039,0x00000df6,0x00000851,0x0008004f,
0x00000037,0x00000df7,0x00000df6,0x00000df6,
0x00000000,0x00000001,0x00000002,0x0004003d,
0x0000001d,0x00000df8,0x00000ded,0x00060050,
0x00000037,0x00000df9,0x00000df8,0x00000df8,
0x00000df8,0x00050083,0x00000037,0x00000dfa,
0x00000df7,0x00000df9,0x00050085,0x00000037,
0x00000dfb,0x00000df5,0x00000dfa,0x00050081,
0x00000037,0x00000dfc,0x00000df3,0x00000dfb,
0x00050041,0x00000023,0x00000dfd,0x00000851,
0x00000191,0x0004003d,0x0000001d,0x00000dfe,
0x00000dfd,0x00050051,0x0000001d,0x00000dff,
0x00000dfc,0x00000000,0x00050051,0x0000001d,
0x00000e00,0x00000dfc,0x00000001,0x00050051,
0x0000001d,0x00000e01,0x00000dfc,0x00000002,
0x00070050,0x00000039,0x00000e02,0x00000dff,
0x00000e00,0x00000e01,0x00000dfe,0x00050041,
0x0000005b,0x00000e03,0x00000863,0x00000df1,
0x0003003e,0x00000e03,0x00000e02,0x000200f9,
0x00000dec,0x000200f8,0x00000e04,0x0004003d,
0x0000000c,0x00000e05,0x00000836,0x000500aa,
0x0000001b,0x00000e07,0x00000e05,0x00000e06,
0x0004003d,0x0000000c,0x00000e08,0x00000836,
0x000500aa,0x0000001b,0x00000e0a,0x00000e08,
0x00000e09,0x000500a6,0x0000001b,0x00000e0b,
0x00000e07,0x00000e0a,0x0004003d,0x0000000c,
0x00000e0c,0x00000836,0x000500aa,0x0000001b,
0x00000e0e,0x00000e0c,0x00000e0d,0x000500a6,
0x0000001b,0x00000e0f,0x00000e0b,0x00000e0e,
0x000300f7,0x00000e11,0x00000000,0x000400fa,
0x00000e0f,0x00000e10,0x00000e5e,0x000200f8,
0x00000e10,0x0004003d,0x00000006,0x00000e13,
0x0000082e,0x00050080,0x00000006,0x00000e14,
0x00000e13,0x0000067e,0x00060041,0x0000081a,
0x00000e15,0x00000810,0x0000024b,0x00000e14,
0x0004003d,0x0000001d,0x00000e16,0x00000e15,
0x00050081,0x0000001d,0x00000e17,0x00000e16,
0x00000336,0x0006000c,0x0000001d,0x00000e18,
0x00000001,0x00000008,0x00000e17,0x0004006e,
0x0000000c,0x00000e19,0x00000e18,0x0003003e,
0x00000e12,0x00000e19,0x0004003d,0x0000000c,
0x00000e1b,0x00000e12,0x000500af,0x0000001b,
0x00000e1c,0x00000e1b,0x0000024b,0x0004003d,
0x0000000c,0x00000e1d,0x00000e12,0x0004003d,
0x0000000c,0x00000e1e,0x00000818,0x000500b1,
0x0000001b,0x00000e1f,0x00000e1d,0x00000e1e,
0x000500a7,0x0000001b,0x00000e20,0x00000e1c,
0x00000e1f,0x000300f7,0x00000e23,0x00000000,
0x000400fa,0x00000e20,0x00000e22,0x00000e27,
0x000200f8,0x00000e22,0x0004003d,0x0000000c,
0x00000e24,0x00000e12,0x00050041,0x0000005b,
0x00000e25,0x00000863,0x00000e24,0x0004003d,
0x00000039,0x00000e26,0x00000e25,0x0003003e,
0x00000e21,0x00000e26,0x000200f9,0x00000e23,
0x000200f8,0x00000e27,0x0004003d,0x00000006,
0x00000e28,0x0000082e,0x00050080,0x00000006,
0x00000e29,0x00000e28,0x000008c4,0x00060041,
0x0000081a,0x00000e2a,0x00000810,0x0000024b,
0x00000e29,0x0004003d,0x0000001d,0x00000e2b,
0x00000e2a,0x0004003d,0x00000006,0x00000e2c,
0x0000082e,0x00050080,0x00000006,0x00000e2d,
0x00000e2c,0x000008c9,0x00060041,0x0000081a,
0x00000e2e,0x00000810,0x0000024b,0x00000e2d,
0x0004003d,0x0000001d,0x00000e2f,0x00000e2e,
0x0004003d,0x00000006,0x00000e30,0x0000082e,
0x00050080,0x00000006,0x00000e31,0x00000e30,
0x000008d0,0x00060041,0x0000081a,0x00000e32,
0x00000810,0x0000024b,0x00000e31,0x0004003d,
0x0000001d,0x00000e33,0x00000e32,0x0004003d,
0x00000006,0x00000e34,0x0000082e,0x00050080,
0x00000006,0x00000e35,0x00000e34,0x000008d5,
0x00060041,0x0000081a,0x00000e36,0x00000810,
0x0000024b,0x00000e35,0x0004003d,0x0000001d,
0x00000e37,0x00000e36,0x00070050,0x00000039,
0x00000e38,0x00000e2b,0x00000e2f,0x00000e33,
0x00000e37,0x0003003e,0x00000e21,0x00000e38,
0x000200f9,0x00000e23,0x000200f8,0x00000e23,
0x0004003d,0x00000039,0x00000e39,0x00000e21,
0x0003003e,0x00000e1a,0x00000e39,0x0004003d,
0x0000000c,0x00000e3b,0x00000836,0x000500aa,
0x0000001b,0x00000e3c,0x00000e3b,0x00000e06,
0x000300f7,0x00000e3f,0x00000000,0x000400fa,
0x00000e3c,0x00000e3e,0x00000e45,0x000200f8,
0x00000e3e,0x00050041,0x00000023,0x00000e40,
0x00000851,0x0000019a,0x0004003d,0x0000001d,
0x00000e41,0x00000e40,0x00050041,0x00000023,
0x00000e42,0x0000086c,0x0000019a,0x0004003d,
0x0000001d,0x00000e43,0x00000e42,0x000500ba,
0x0000001b,0x00000e44,0x00000e41,0x00000e43,
0x0003003e,0x00000e3d,0x00000e44,0x000200f9,
0x00000e3f,0x000200f8,0x00000e45,0x0004003d,
0x0000000c,0x00000e46,0x00000836,0x000500aa,
0x0000001b,0x00000e47,0x00000e46,0x00000e09,
0x000300f7,0x00000e4a,0x00000000,0x000400fa,
0x00000e47,0x00000e49,0x00000e50,0x000200f8,
0x00000e49,0x00050041,0x00000023,0x00000e4b,
0x00000851,0x0000019a,0x0004003d,0x0000001d,
0x00000e4c,0x00000e4b,0x00050041,0x00000023,
0x00000e4d,0x0000086c,0x0000019a,0x0004003d,
0x0000001d,0x00000e4e,0x00000e4d,0x000500be,
0x0000001b,0x00000e4f,0x00000e4c,0x00000e4e,
0x0003003e,0x00000e48,0x00000e4f,0x000200f9,
0x00000e4a,0x000200f8,0x00000e50,0x00050041,
0x00000023,0x00000e51,0x00000851,0x0000019a,
0x0004003d,0x0000001d,0x00000e52,0x00000e51,
0x00050041,0x00000023,0x00000e53,0x0000086c,
0x0000019a,0x0004003d,0x0000001d,0x00000e54,
0x00000e53,0x000500b4,0x0000001b,0x00000e55,
0x00000e52,0x00000e54,0x0003003e,0x00000e48,
0x00000e55,0x000200f9,0x00000e4a,0x000200f8,
0x00000e4a,0x0004003d,0x0000001b,0x00000e56,
0x00000e48,0x0003003e,0x00000e3d,0x00000e56,
0x000200f9,0x00000e3f,0x000200f8,0x00000e3f,
0x0004003d,0x0000001b,0x00000e57,0x00000e3d,
0x0003003e,0x00000e3a,0x00000e57,0x0004003d,
0x0000000c,0x00000e58,0x00000825,0x0004003d,
0x0000001b,0x00000e59,0x00000e3a,0x0004003d,
0x00000039,0x00000e5a,0x00000889,0x0004003d,
0x00000039,0x00000e5b,0x00000e1a,0x000600a9,
0x00000039,0x00000e5c,0x00000e59,0x00000e5a,
0x00000e5b,0x00050041,0x0000005b,0x00000e5d,
0x00000863,0x00000e58,0x0003003e,0x00000e5d,
0x00000e5c,0x000200f9,0x00000e11,0x000200f8,
0x00000e5e,0x0004003d,0x0000000c,0x00000e5f,
0x00000836,0x000500aa,0x0000001b,0x00000e61,
0x00000e5f,0x00000e60,0x000300f7,0x00000e63,
0x00000000,0x000400fa,0x00000e61,0x00000e62,
0x00000e70,0x000200f8,0x00000e62,0x0004003d,
0x0000000c,0x00000e64,0x00000825,0x0004003d,
0x00000039,0x00000e66,0x00000851,0x0008004f,
0x00000037,0x00000e67,0x00000e66,0x00000e66,
0x00000000,0x00000001,0x00000002,0x0003003e,
0x00000e65,0x00000e67,0x00050039,0x00000037,
0x00000e68,0x00000086,0x00000e65,0x00050041,
0x00000023,0x00000e69,0x00000851,0x00000191,
0x0004003d,0x0000001d,0x00000e6a,0x00000e69,
0x00050051,0x0000001d,0x00000e6b,0x00000e68,
0x00000000,0x00050051,0x0000001d,0x00000e6c,
0x00000e68,0x00000001,0x00050051,0x0000001d,
0x00000e6d,0x00000e68,0x00000002,0x00070050,
0x00000039,0x00000e6e,0x00000e6b,0x00000e6c,
0x00000e6d,0x00000e6a,0x00050041,0x0000005b,
0x00000e6f,0x00000863,0x00000e64,0x0003003e,
0x00000e6f,0x00000e6e,0x000200f9,0x00000e63,
0x000200f8,0x00000e70,0x0004003d,0x0000000c,
0x00000e71,0x00000836,0x000500aa,0x0000001b,
0x00000e73,0x00000e71,0x00000e72,0x000300f7,
0x00000e75,0x00000000,0x000400fa,0x00000e73,
0x00000e74,0x00000e82,0x000200f8,0x00000e74,
0x0004003d,0x0000000c,0x00000e76,0x00000825,
0x0004003d,0x00000039,0x00000e78,0x00000851,
0x0008004f,0x00000037,0x00000e79,0x00000e78,
0x00000e78,0x00000000,0x00000001,0x00000002,
0x0003003e,0x00000e77,0x00000e79,0x00050039,
0x00000037,0x00000e7a,0x00000089,0x00000e77,
0x00050041,0x00000023,0x00000e7b,0x00000851,
0x00000191,0x0004003d,0x0000001d,0x00000e7c,
0x00000e7b,0x00050051,0x0000001d,0x00000e7d,
0x00000e7a,0x00000000,0x00050051,0x0000001d,
0x00000e7e,0x00000e7a,0x00000001,0x00050051,
0x0000001d,0x00000e7f,0x00000e7a,0x00000002,
0x00070050,0x00000039,0x00000e80,0x00000e7d,
0x00000e7e,0x00000e7f,0x00000e7c,0x00050041,
0x0000005b,0x00000e81,0x00000863,0x00000e76,
0x0003003e,0x00000e81,0x00000e80,0x000200f9,
0x00000e75,0x000200f8,0x00000e82,0x0004003d,
0x0000000c,0x00000e83,0x00000836,0x000500aa,
0x0000001b,0x00000e85,0x00000e83,0x00000e84,
0x000300f7,0x00000e87,0x00000000,0x000400fa,
0x00000e85,0x00000e86,0x00000ea4,0x000200f8,
0x00000e86,0x00050041,0x00000023,0x00000e89,
0x0000086c,0x0000019a,0x0004003d,0x0000001d,
0x00000e8a,0x00000e89,0x0006000c,0x0000001d,
0x00000e8b,0x00000001,0x0000000b,0x00000e8a,
0x0003003e,0x00000e88,0x00000e8b,0x0004003d,
0x0000000c,0x00000e8c,0x00000825,0x0004003d,
0x0000001d,0x00000e8d,0x00000e88,0x0006000c,
0x0000001d,0x00000e8e,0x00000001,0x0000000e,
0x00000e8d,0x0004003d,0x0000001d,0x00000e8f,
0x00000e88,0x0006000c,0x0000001d,0x00000e90,
0x00000001,0x0000000d,0x00000e8f,0x0004003d,
0x0000001d,0x00000e91,0x00000e88,0x0006000c,
0x0000001d,0x00000e92,0x00000001,0x0000000d,
0x00000e91,0x0004007f,0x0000001d,0x00000e93,
0x00000e92,0x0004003d,0x0000001d,0x00000e94,
0x00000e88,0x0006000c,0x0000001d,0x00000e95,
0x00000001,0x0000000e,0x00000e94,0x00050050,
0x0000002a,0x00000e96,0x00000e8e,0x00000e90,
0x00050050,0x0000002a,0x00000e97,0x00000e93,
0x00000e95,0x00050050,0x00000b7d,0x00000e98,
0x00000e96,0x00000e97,0x0004003d,0x00000039,
0x00000e99,0x00000851,0x0007004f,0x0000002a,
0x00000e9a,0x00000e99,0x00000e99,0x00000000,
0x00000001,0x00050091,0x0000002a,0x00000e9b,
0x00000e98,0x00000e9a,0x0004003d,0x00000039,
0x00000e9c,0x00000851,0x0007004f,0x0000002a,
0x00000e9d,0x00000e9c,0x00000e9c,0x00000002,
0x00000003,0x00050051,0x0000001d,0x00000e9e,
0x00000e9b,0x00000000,0x00050051,0x0000001d,
0x00000e9f,0x00000e9b,0x00000001,0x00050051,
0x0000001d,0x00000ea0,0x00000e9d,0x00000000,
0x00050051,0x0000001d,0x00000ea1,0x00000e9d,
0x00000001,0x00070050,0x00000039,0x00000ea2,
0x00000e9e,0x00000e9f,0x00000ea0,0x00000ea1,
0x00050041,0x0000005b,0x00000ea3,0x00000863,
0x00000e8c,0x0003003e,0x00000ea3,0x00000ea2,
0x000200f9,0x00000e87,0x000200f8,0x00000ea4,
0x0004003d,0x0000000c,0x00000ea5,0x00000836,
0x000500aa,0x0000001b,0x00000ea7,0x00000ea5,
0x00000ea6,0x000300f7,0x00000ea9,0x00000000,
0x000400fa,0x00000ea7,0x00000ea8,0x00000eb2,
0x000200f8,0x00000ea8,0x0004003d,0x0000000c,
0x00000eaa,0x00000825,0x0004003d,0x00000039,
0x00000eab,0x00000851,0x0008004f,0x00000037,
0x00000eac,0x00000eab,0x00000eab,0x00000000,
0x00000001,0x00000002,0x0004003d,0x00000039,
0x00000ead,0x0000086c,0x0008004f,0x00000037,
0x00000eae,0x00000ead,0x00000ead,0x00000000,
0x00000001,0x00000002,0x0007000c,0x0000001d,
0x00000eaf,0x00000001,0x00000043,0x00000eac,
0x00000eae,0x00070050,0x00000039,0x00000eb0,
0x00000eaf,0x00000eaf,0x00000eaf,0x00000eaf,
0x00050041,0x0000005b,0x00000eb1,0x00000863,
0x00000eaa,0x0003003e,0x00000eb1,0x00000eb0,
0x000200f9,0x00000ea9,0x000200f8,0x00000eb2,
0x0004003d,0x0000000c,0x00000eb3,0x00000836,
0x000500aa,0x0000001b,0x00000eb5,0x00000eb3,
0x00000eb4,0x000300f7,0x00000eb7,0x00000000,
0x000400fa,0x00000eb5,0x00000eb6,0x00000ec5,
0x000200f8,0x00000eb6,0x0004003d,0x0000000c,
0x00000eb8,0x00000825,0x0004003d,0x00000039,
0x00000eb9,0x00000851,0x0008004f,0x00000037,
0x00000eba,0x00000eb9,0x00000eb9,0x00000000,
0x00000001,0x00000002,0x0004003d,0x00000039,
0x00000ebb,0x0000086c,0x0008004f,0x00000037,
0x00000ebc,0x00000ebb,0x00000ebb,0x00000000,
0x00000001,0x00000002,0x0007000c,0x00000037,
0x00000ebd,0x00000001,0x00000047,0x00000eba,
0x00000ebc,0x00050041,0x00000023,0x00000ebe,
0x00000851,0x00000191,0x0004003d,0x0000001d,
0x00000ebf,0x00000ebe,0x00050051,0x0000001d,
0x00000ec0,0x00000ebd,0x00000000,0x00050051,
0x0000001d,0x00000ec1,0x00000ebd,0x00000001,
0x00050051,0x0000001d,0x00000ec2,0x00000ebd,
0x00000002,0x00070050,0x00000039,0x00000ec3,
0x00000ec0,0x00000ec1,0x00000ec2,0x00000ebf,
0x00050041,0x0000005b,0x00000ec4,0x00000863,
0x00000eb8,0x0003003e,0x00000ec4,0x00000ec3,
0x000200f9,0x00000eb7,0x000200f8,0x00000ec5,
0x0004003d,0x0000000c,0x00000ec6,0x00000836,
0x000500aa,0x0000001b,0x00000ec8,0x00000ec6,
0x00000ec7,0x000300f7,0x00000eca,0x00000000,
0x000400fa,0x00000ec8,0x00000ec9,0x00000eda,
0x000200f8,0x00000ec9,0x0004003d,0x0000000c,
0x00000ecb,0x00000825,0x0004003d,0x00000039,
0x00000ecc,0x00000851,0x0008004f,0x00000037,
0x00000ecd,0x00000ecc,0x00000ecc,0x00000000,
0x00000001,0x00000002,0x0004003d,0x00000039,
0x00000ece,0x0000086c,0x0008004f,0x00000037,
0x00000ecf,0x00000ece,0x00000ece,0x00000000,
0x00000001,0x00000002,0x00050041,0x00000023,
0x00000ed0,0x00000889,0x0000019a,0x0004003d,
0x0000001d,0x00000ed1,0x00000ed0,0x0008000c,
0x00000037,0x00000ed2,0x00000001,0x00000048,
0x00000ecd,0x00000ecf,0x00000ed1,0x00050041,
0x00000023,0x00000ed3,0x00000851,0x00000191,
0x0004003d,0x0000001d,0x00000ed4,0x00000ed3,
0x00050051,0x0000001d,0x00000ed5,0x00000ed2,
0x00000000,0x00050051,0x0000001d,0x00000ed6,
0x00000ed2,0x00000001,0x00050051,0x0000001d,
0x00000ed7,0x00000ed2,0x00000002,0x00070050,
0x00000039,0x00000ed8,0x00000ed5,0x00000ed6,
0x00000ed7,0x00000ed4,0x00050041,0x0000005b,
0x00000ed9,0x00000863,0x00000ecb,0x0003003e,
0x00000ed9,0x00000ed8,0x000200f9,0x00000eca,
0x000200f8,0x00000eda,0x0004003d,0x0000000c,
0x00000edb,0x00000836,0x000500aa,0x0000001b,
0x00000edd,0x00000edb,0x00000edc,0x000300f7,
0x00000edf,0x00000000,0x000400fa,0x00000edd,
0x00000ede,0x00000eed,0x000200f8,0x00000ede,
0x0004003d,0x0000000c,0x00000ee0,0x00000825,
0x0004003d,0x00000039,0x00000ee1,0x00000851,
0x0008004f,0x00000037,0x00000ee2,0x00000ee1,
0x00000ee1,0x00000000,0x00000001,0x00000002,
0x00050041,0x00000023,0x00000ee3,0x00000851,
0x00000191,0x0004003d,0x0000001d,0x00000ee4,
0x00000ee3,0x0005008e,0x00000037,0x00000ee5,
0x00000ee2,0x00000ee4,0x00050041,0x00000023,
0x00000ee6,0x00000851,0x00000191,0x0004003d,
0x0000001d,0x00000ee7,0x00000ee6,0x00050051,
0x0000001d,0x00000ee8,0x00000ee5,0x00000000,
0x00050051,0x0000001d,0x00000ee9,0x00000ee5,
0x00000001,0x00050051,0x0000001d,0x00000eea,
0x00000ee5,0x00000002,0x00070050,0x00000039,
0x00000eeb,0x00000ee8,0x00000ee9,0x00000eea,
0x00000ee7,0x00050041,0x0000005b,0x00000eec,
0x00000863,0x00000ee0,0x0003003e,0x00000eec,
0x00000eeb,0x000200f9,0x00000edf,0x000200f8,
0x00000eed,0x0004003d,0x0000000c,0x00000eee,
0x00000836,0x000500aa,0x0000001b,0x00000ef0,
0x00000eee,0x00000eef,0x000300f7,0x00000ef2,
0x00000000,0x000400fa,0x00000ef0,0x00000ef1,
0x00000f0d,0x000200f8,0x00000ef1,0x0004003d,
0x0000000c,0x00000ef3,0x00000825,0x00050041,
0x00000023,0x00000ef4,0x00000851,0x00000191,
0x0004003d,0x0000001d,0x00000ef5,0x00000ef4,
0x0006000c,0x0000001d,0x00000ef6,0x00000001,
0x00000004,0x00000ef5,0x000500ba,0x0000001b,
0x00000ef7,0x00000ef6,0x00000933,0x000300f7,
0x00000efa,0x00000000,0x000400fa,0x00000ef7,
0x00000ef9,0x00000f07,0x000200f8,0x00000ef9,
0x0004003d,0x00000039,0x00000efb,0x00000851,
0x0008004f,0x00000037,0x00000efc,0x00000efb,
0x00000efb,0x00000000,0x00000001,0x00000002,
0x00050041,0x00000023,0x00000efd,0x00000851,
0x00000191,0x0004003d,0x0000001d,0x00000efe,
0x00000efd,0x00060050,0x00000037,0x00000eff,
0x00000efe,0x00000efe,0x00000efe,0x00050088,
0x00000037,0x00000f00,0x00000efc,0x00000eff,
0x00050041,0x00000023,0x00000f01,0x00000851,
0x00000191,0x0004003d,0x0000001d,0x00000f02,
0x00000f01,0x00050051,0x0000001d,0x00000f03,
0x00000f00,0x00000000,0x00050051,0x0000001d,
0x00000f04,0x00000f00,0x00000001,0x00050051,
0x0000001d,0x00000f05,0x00000f00,0x00000002,
0x00070050,0x00000039,0x00000f06,0x00000f03,
0x00000f04,0x00000f05,0x00000f02,0x0003003e,
0x00000ef8,0x00000f06,0x000200f9,0x00000efa,
0x000200f8,0x00000f07,0x00050041,0x00000023,
0x00000f08,0x00000851,0x00000191,0x0004003d,
0x0000001d,0x00000f09,0x00000f08,0x00070050,
0x00000039,0x00000f0a,0x000002ec,0x000002ec,
0x000002ec,0x00000f09,0x0003003e,0x00000ef8,
0x00000f0a,0x000200f9,0x00000efa,0x000200f8,
0x00000efa,0x0004003d,0x00000039,0x00000f0b,
0x00000ef8,0x00050041,0x0000005b,0x00000f0c,
0x00000863,0x00000ef3,0x0003003e,0x00000f0c,
0x00000f0b,0x000200f9,0x00000ef2,0x000200f8,
0x00000f0d,0x0004003d,0x0000000c,0x00000f0e,
0x00000836,0x000500aa,0x0000001b,0x00000f10,
0x00000f0e,0x00000f0f,0x0004003d,0x0000000c,
0x00000f11,0x00000836,0x000500aa,0x0000001b,
0x00000f13,0x00000f11,0x00000f12,0x000500a6,
0x0000001b,0x00000f14,0x00000f10,0x00000f13,
0x000300f7,0x00000f16,0x00000000,0x000400fa,
0x00000f14,0x00000f15,0x00000f33,0x000200f8,
0x00000f15,0x0004003d,0x0000000c,0x00000f18,
0x00000836,0x000500aa,0x0000001b,0x00000f19,
0x00000f18,0x00000f0f,0x000300f7,0x00000f1c,
0x00000000,0x000400fa,0x00000f19,0x00000f1b,
0x00000f25,0x000200f8,0x00000f1b,0x00050041,
0x00000023,0x00000f1d,0x00000851,0x0000019a,
0x0004003d,0x0000001d,0x00000f1e,0x00000f1d,
0x00050041,0x00000023,0x00000f1f,0x00000851,
0x000001a0,0x0004003d,0x0000001d,0x00000f20,
0x00000f1f,0x00050041,0x00000023,0x00000f21,
0x00000851,0x00000192,0x0004003d,0x0000001d,
0x00000f22,0x00000f21,0x0007000c,0x0000001d,
0x00000f23,0x00000001,0x00000025,0x00000f20,
0x00000f22,0x0007000c,0x0000001d,0x00000f24,
0x00000001,0x00000025,0x00000f1e,0x00000f23,
0x0003003e,0x00000f1a,0x00000f24,0x000200f9,
0x00000f1c,0x000200f8,0x00000f25,0x00050041,
0x00000023,0x00000f26,0x00000851,0x0000019a,
0x0004003d,0x0000001d,0x00000f27,0x00000f26,
0x00050041,0x00000023,0x00000f28,0x00000851,
0x000001a0,0x0004003d,0x0000001d,0x00000f29,
0x00000f28,0x00050041,0x00000023,0x00000f2a,
0x00000851,0x00000192,0x0004003d,0x0000001d,
0x00000f2b,0x00000f2a,0x0007000c,0x0000001d,
0x00000f2c,0x00000001,0x00000028,0x00000f29,
0x00000f2b,0x0007000c,0x0000001d,0x00000f2d,
0x00000001,0x00000028,0x00000f27,0x00000f2c,
0x0003003e,0x00000f1a,0x00000f2d,0x000200f9,
0x00000f1c,0x000200f8,0x00000f1c,0x0004003d,
0x0000001d,0x00000f2e,0x00000f1a,0x0003003e,
0x00000f17,0x00000f2e,0x0004003d,0x0000000c,
0x00000f2f,0x00000825,0x0004003d,0x0000001d,
0x00000f30,0x00000f17,0x00070050,0x00000039,
0x00000f31,0x00000f30,0x00000f30,0x00000f30,
0x00000f30,0x00050041,0x0000005b,0x00000f32,
0x00000863,0x00000f2f,0x0003003e,0x00000f32,
0x00000f31,0x000200f9,0x00000f16,0x000200f8,
0x00000f33,0x0004003d,0x0000000c,0x00000f34,
0x00000836,0x000500aa,0x0000001b,0x00000f36,
0x00000f34,0x00000f35,0x0004003d,0x0000000c,
0x00000f37,0x00000836,0x000500aa,0x0000001b,
0x00000f39,0x00000f37,0x00000f38,0x000500a6,
0x0000001b,0x00000f3a,0x00000f36,0x00000f39,
0x0004003d,0x0000000c,0x00000f3b,0x00000836,
0x000500aa,0x0000001b,0x00000f3d,0x00000f3b,
0x00000f3c,0x000500a6,0x0000001b,0x00000f3e,
0x00000f3a,0x00000f3d,0x000300f7,0x00000f40,
0x00000000,0x000400fa,0x00000f3e,0x00000f3f,
0x00000f66,0x000200f8,0x00000f3f,0x00050041,
0x00000023,0x00000f42,0x00000851,0x0000019a,
0x0004003d,0x0000001d,0x00000f43,0x00000f42,
0x000500b7,0x0000001b,0x00000f44,0x00000f43,
0x000002ec,0x0003003e,0x00000f41,0x00000f44,
0x00050041,0x00000023,0x00000f46,0x0000086c,
0x0000019a,0x0004003d,0x0000001d,0x00000f47,
0x00000f46,0x000500b7,0x0000001b,0x00000f48,
0x00000f47,0x000002ec,0x0003003e,0x00000f45,
0x00000f48,0x0004003d,0x0000000c,0x00000f4a,
0x00000836,0x000500aa,0x0000001b,0x00000f4b,
0x00000f4a,0x00000f35,0x000300f7,0x00000f4e,
0x00000000,0x000400fa,0x00000f4b,0x00000f4d,
0x00000f52,0x000200f8,0x00000f4d,0x0004003d,
0x0000001b,0x00000f4f,0x00000f41,0x0004003d,
0x0000001b,0x00000f50,0x00000f45,0x000500a7,
0x0000001b,0x00000f51,0x00000f4f,0x00000f50,
0x0003003e,0x00000f4c,0x00000f51,0x000200f9,
0x00000f4e,0x000200f8,0x00000f52,0x0004003d,
0x0000000c,0x00000f53,0x00000836,0x000500aa,
0x0000001b,0x00000f54,0x00000f53,0x00000f38,
0x000300f7,0x00000f57,0x00000000,0x000400fa,
0x00000f54,0x00000f56,0x00000f5b,0x000200f8,
0x00000f56,0x0004003d,0x0000001b,0x00000f58,
0x00000f41,0x0004003d,0x0000001b,0x00000f59,
0x00000f45,0x000500a6,0x0000001b,0x00000f5a,
0x00000f58,0x00000f59,0x0003003e,0x00000f55,
0x00000f5a,0x000200f9,0x00000f57,0x000200f8,
0x00000f5b,0x0004003d,0x0000001b,0x00000f5c,
0x00000f41,0x0004003d,0x0000001b,0x00000f5d,
0x00000f45,0x000500a5,0x0000001b,0x00000f5e,
0x00000f5c,0x00000f5d,0x0003003e,0x00000f55,
0x00000f5e,0x000200f9,0x00000f57,0x000200f8,
0x00000f57,0x0004003d,0x0000001b,0x00000f5f,
0x00000f55,0x0003003e,0x00000f4c,0x00000f5f,
0x000200f9,0x00000f4e,0x000200f8,0x00000f4e,
0x0004003d,0x0000001b,0x00000f60,0x00000f4c,
0x0003003e,0x00000f49,0x00000f60,0x0004003d,
0x0000000c,0x00000f61,0x00000825,0x0004003d,
0x0000001b,0x00000f62,0x00000f49,0x000600a9,
0x0000001d,0x00000f63,0x00000f62,0x00000271,
0x000002ec,0x00070050,0x00000039,0x00000f64,
0x00000f63,0x00000f63,0x00000f63,0x00000f63,
0x00050041,0x0000005b,0x00000f65,0x00000863,
0x00000f61,0x0003003e,0x00000f65,0x00000f64,
0x000200f9,0x00000f40,0x000200f8,0x00000f66,
0x0004003d,0x0000000c,0x00000f67,0x00000836,
0x000500aa,0x0000001b,0x00000f69,0x00000f67,
0x00000f68,0x000300f7,0x00000f6b,0x00000000,
0x000400fa,0x00000f69,0x00000f6a,0x00000f73,
0x000200f8,0x00000f6a,0x0004003d,0x0000000c,
0x00000f6c,0x00000825,0x00050041,0x00000023,
0x00000f6d,0x00000851,0x0000019a,0x0004003d,
0x0000001d,0x00000f6e,0x00000f6d,0x000500b4,
0x0000001b,0x00000f6f,0x00000f6e,0x000002ec,
0x000600a9,0x0000001d,0x00000f70,0x00000f6f,
0x00000271,0x000002ec,0x00070050,0x00000039,
0x00000f71,0x00000f70,0x00000f70,0x00000f70,
0x00000f70,0x00050041,0x0000005b,0x00000f72,
0x00000863,0x00000f6c,0x0003003e,0x00000f72,
0x00000f71,0x000200f9,0x00000f6b,0x000200f8,
0x00000f73,0x0004003d,0x0000000c,0x00000f74,
0x00000836,0x000500aa,0x0000001b,0x00000f76,
0x00000f74,0x00000f75,0x0004003d,0x0000000c,
0x00000f77,0x00000836,0x000500aa,0x0000001b,
0x00000f79,0x00000f77,0x00000f78,0x000500a6,
0x0000001b,0x00000f7a,0x00000f76,0x00000f79,
0x000300f7,0x00000f7c,0x00000000,0x000400fa,
0x00000f7a,0x00000f7b,0x00000f8d,0x000200f8,
0x00000f7b,0x0004003d,0x0000000c,0x00000f7d,
0x00000825,0x0004003d,0x00000039,0x00000f7e,
0x00000851,0x0004003d,0x0000000c,0x00000f7f,
0x00000836,0x000500aa,0x0000001b,0x00000f80,
0x00000f7f,0x00000f75,0x000300f7,0x00000f83,
0x00000000,0x000400fa,0x00000f80,0x00000f82,
0x00000f86,0x000200f8,0x00000f82,0x00050041,
0x00000023,0x00000f84,0x0000086c,0x0000019a,
0x0004003d,0x0000001d,0x00000f85,0x00000f84,
0x0003003e,0x00000f81,0x00000f85,0x000200f9,
0x00000f83,0x000200f8,0x00000f86,0x00050041,
0x00000023,0x00000f87,0x0000086c,0x0000019a,
0x0004003d,0x0000001d,0x00000f88,0x00000f87,
0x00050083,0x0000001d,0x00000f89,0x00000271,
0x00000f88,0x0003003e,0x00000f81,0x00000f89,
0x000200f9,0x00000f83,0x000200f8,0x00000f83,
0x0004003d,0x0000001d,0x00000f8a,0x00000f81,
0x0005008e,0x00000039,0x00000f8b,0x00000f7e,
0x00000f8a,0x00050041,0x0000005b,0x00000f8c,
0x00000863,0x00000f7d,0x0003003e,0x00000f8c,
0x00000f8b,0x000200f9,0x00000f7c,0x000200f8,
0x00000f8d,0x0004003d,0x0000000c,0x00000f8e,
0x00000836,0x000500aa,0x0000001b,0x00000f90,
0x00000f8e,0x00000f8f,0x000300f7,0x00000f92,
0x00000000,0x000400fa,0x00000f90,0x00000f91,
0x00000f95,0x000200f8,0x00000f91,0x0004003d,
0x0000000c,0x00000f93,0x00000825,0x00050041,
0x0000005b,0x00000f94,0x00000863,0x00000f93,
0x0003003e,0x00000f94,0x00000646,0x000200f9,
0x00000f92,0x000200f8,0x00000f95,0x0004003d,
0x0000000c,0x00000f96,0x00000836,0x000500aa,
0x0000001b,0x00000f98,0x00000f96,0x00000f97,
0x000300f7,0x00000f9a,0x00000000,0x000400fa,
0x00000f98,0x00000f99,0x00000fa9,0x000200f8,
0x00000f99,0x0004003d,0x0000000c,0x00000f9b,
0x00000825,0x0004003d,0x00000037,0x00000f9c,
0x00000091,0x00050041,0x00000023,0x00000f9d,
0x00000091,0x00000192,0x0004003d,0x0000001d,
0x00000f9e,0x00000f9d,0x0006000c,0x0000001d,
0x00000f9f,0x00000001,0x00000004,0x00000f9e,
0x000500b8,0x0000001b,0x00000fa0,0x00000f9f,
0x00000b0c,0x000600a9,0x00000037,0x00000fa1,
0x00000fa0,0x00000b12,0x00000b16,0x0007000c,
0x00000037,0x00000fa2,0x00000001,0x00000044,
0x00000f9c,0x00000fa1,0x0006000c,0x00000037,
0x00000fa3,0x00000001,0x00000045,0x00000fa2,
0x00050051,0x0000001d,0x00000fa4,0x00000fa3,
0x00000000,0x00050051,0x0000001d,0x00000fa5,
0x00000fa3,0x00000001,0x00050051,0x0000001d,
0x00000fa6,0x00000fa3,0x00000002,0x00070050,
0x00000039,0x00000fa7,0x00000fa4,0x00000fa5,
0x00000fa6,0x00000271,0x00050041,0x0000005b,
0x00000fa8,0x00000863,0x00000f9b,0x0003003e,
0x00000fa8,0x00000fa7,0x000200f9,0x00000f9a,
0x000200f8,0x00000fa9,0x0004003d,0x0000000c,
0x00000faa,0x00000836,0x000500aa,0x0000001b,
0x00000fac,0x00000faa,0x00000fab,0x000300f7,
0x00000fae,0x00000000,0x000400fa,0x00000fac,
0x00000fad,0x00000fb8,0x000200f8,0x00000fad,
0x0004003d,0x0000000c,0x00000faf,0x00000825,
0x0004003d,0x00000039,0x00000fb0,0x0000086c,
0x0004003d,0x00000039,0x00000fb1,0x00000851,
0x0004003d,0x00000039,0x00000fb2,0x0000086c,
0x00050083,0x00000039,0x00000fb3,0x00000fb1,
0x00000fb2,0x0006000c,0x00000039,0x00000fb4,
0x00000001,0x00000004,0x00000fb3,0x0004003d,
0x00000039,0x00000fb5,0x00000889,0x0008000c,
0x00000039,0x00000fb6,0x00000001,0x0000002e,
0x00000fb0,0x00000fb4,0x00000fb5,0x00050041,
0x0000005b,0x00000fb7,0x00000863,0x00000faf,
0x0003003e,0x00000fb7,0x00000fb6,0x000200f9,
0x00000fae,0x000200f8,0x00000fb8,0x0004003d,
0x0000000c,0x00000fb9,0x00000836,0x000500af,
0x0000001b,0x00000fbb,0x00000fb9,0x00000fba,
0x0004003d,0x0000000c,0x00000fbc,0x00000836,
0x000500b3,0x0000001b,0x00000fbe,0x00000fbc,
0x00000fbd,0x000500a7,0x0000001b,0x00000fbf,
0x00000fbb,0x00000fbe,0x000300f7,0x00000fc1,
0x00000000,0x000400fa,0x00000fbf,0x00000fc0,
0x00001041,0x000200f8,0x00000fc0,0x0004003d,
0x0000000c,0x00000fc2,0x00000836,0x000500aa,
0x0000001b,0x00000fc3,0x00000fc2,0x00000fba,
0x000300f7,0x00000fc5,0x00000000,0x000400fa,
0x00000fc3,0x00000fc4,0x00000fcb,0x000200f8,
0x00000fc4,0x0004003d,0x00000039,0x00000fc7,
0x00000851,0x00050041,0x00000023,0x00000fc8,
0x0000086c,0x00000191,0x0004003d,0x0000001d,
0x00000fc9,0x00000fc8,0x0005008e,0x00000039,
0x00000fca,0x00000fc7,0x00000fc9,0x0003003e,
0x00000fc6,0x00000fca,0x000200f9,0x00000fc5,
0x000200f8,0x00000fcb,0x0004003d,0x0000000c,
0x00000fcc,0x00000836,0x000500aa,0x0000001b,
0x00000fce,0x00000fcc,0x00000fcd,0x000300f7,
0x00000fd0,0x00000000,0x000400fa,0x00000fce,
0x00000fcf,0x00000fd5,0x000200f8,0x00000fcf,
0x0004003d,0x00000039,0x00000fd1,0x0000086c,
0x00050041,0x00000023,0x00000fd2,0x00000851,
0x00000191,0x0004003d,0x0000001d,0x00000fd3,
0x00000fd2,0x0005008e,0x00000039,0x00000fd4,
0x00000fd1,0x00000fd3,0x0003003e,0x00000fc6,
0x00000fd4,0x000200f9,0x00000fd0,0x000200f8,
0x00000fd5,0x0004003d,0x0000000c,0x00000fd6,
0x00000836,0x000500aa,0x0000001b,0x00000fd8,
0x00000fd6,0x00000fd7,0x000300f7,0x00000fda,
0x00000000,0x000400fa,0x00000fd8,0x00000fd9,
0x00000fe0,0x000200f8,0x00000fd9,0x0004003d,
0x00000039,0x00000fdb,0x00000851,0x00050041,
0x00000023,0x00000fdc,0x0000086c,0x00000191,
0x0004003d,0x0000001d,0x00000fdd,0x00000fdc,
0x00050083,0x0000001d,0x00000fde,0x00000271,
0x00000fdd,0x0005008e,0x00000039,0x00000fdf,
0x00000fdb,0x00000fde,0x0003003e,0x00000fc6,
0x00000fdf,0x000200f9,0x00000fda,0x000200f8,
0x00000fe0,0x0004003d,0x0000000c,0x00000fe1,
0x00000836,0x000500aa,0x0000001b,0x00000fe2,
0x00000fe1,0x00000fbd,0x000300f7,0x00000fe4,
0x00000000,0x000400fa,0x00000fe2,0x00000fe3,
0x00001017,0x000200f8,0x00000fe3,0x00050041,
0x00000023,0x00000fe6,0x00000851,0x00000191,
0x0004003d,0x0000001d,0x00000fe7,0x00000fe6,
0x00050041,0x00000023,0x00000fe8,0x0000086c,
0x00000191,0x0004003d,0x0000001d,0x00000fe9,
0x00000fe8,0x00050081,0x0000001d,0x00000fea,
0x00000fe7,0x00000fe9,0x0003003e,0x00000fe5,
0x00000fea,0x0004003d,0x0000001d,0x00000feb,
0x00000fe5,0x000500bc,0x0000001b,0x00000fec,
0x00000feb,0x00000271,0x000300f7,0x00000fee,
0x00000000,0x000400fa,0x00000fec,0x00000fed,
0x00000ffa,0x000200f8,0x00000fed,0x0004003d,
0x00000039,0x00000fef,0x00000851,0x0008004f,
0x00000037,0x00000ff0,0x00000fef,0x00000fef,
0x00000000,0x00000001,0x00000002,0x0004003d,
0x00000039,0x00000ff1,0x0000086c,0x0008004f,
0x00000037,0x00000ff2,0x00000ff1,0x00000ff1,
0x00000000,0x00000001,0x00000002,0x00050081,
0x00000037,0x00000ff3,0x00000ff0,0x00000ff2,
0x0004003d,0x0000001d,0x00000ff4,0x00000fe5,
0x0007000c,0x0000001d,0x00000ff5,0x00000001,
0x00000025,0x00000ff4,0x00000271,0x00050051,
0x0000001d,0x00000ff6,0x00000ff3,0x00000000,
0x00050051,0x0000001d,0x00000ff7,0x00000ff3,
0x00000001,0x00050051,0x0000001d,0x00000ff8,
0x00000ff3,0x00000002,0x00070050,0x00000039,
0x00000ff9,0x00000ff6,0x00000ff7,0x00000ff8,
0x00000ff5,0x0003003e,0x00000fc6,0x00000ff9,
0x000200f9,0x00000fee,0x000200f8,0x00000ffa,
0x00050041,0x00000023,0x00000ffb,0x0000086c,
0x00000191,0x0004003d,0x0000001d,0x00000ffc,
0x00000ffb,0x0006000c,0x0000001d,0x00000ffd,
0x00000001,0x00000004,0x00000ffc,0x000500b8,
0x0000001b,0x00000ffe,0x00000ffd,0x00000933,
0x000300f7,0x00001000,0x00000000,0x000400fa,
0x00000ffe,0x00000fff,0x00001004,0x000200f8,
0x00000fff,0x0004003d,0x0000001d,0x00001001,
0x00000fe5,0x0007000c,0x0000001d,0x00001002,
0x00000001,0x00000025,0x00001001,0x00000271,
0x00070050,0x00000039,0x00001003,0x000002ec,
0x000002ec,0x000002ec,0x00001002,0x0003003e,
0x00000fc6,0x00001003,0x000200f9,0x00001000,
0x000200f8,0x00001004,0x0004003d,0x00000039,
0x00001005,0x00000851,0x0008004f,0x00000037,
0x00001006,0x00001005,0x00001005,0x00000000,
0x00000001,0x00000002,0x0004003d,0x00000039,
0x00001007,0x0000086c,0x0008004f,0x00000037,
0x00001008,0x00001007,0x00001007,0x00000000,
0x00000001,0x00000002,0x00050041,0x00000023,
0x00001009,0x00000851,0x00000191,0x0004003d,
0x0000001d,0x0000100a,0x00001009,0x00050083,
0x0000001d,0x0000100b,0x00000271,0x0000100a,
0x00050041,0x00000023,0x0000100c,0x0000086c,
0x00000191,0x0004003d,0x0000001d,0x0000100d,
0x0000100c,0x00050088,0x0000001d,0x0000100e,
0x0000100b,0x0000100d,0x0005008e,0x00000037,
0x0000100f,0x00001008,0x0000100e,0x00050081,
0x00000037,0x00001010,0x00001006,0x0000100f,
0x0004003d,0x0000001d,0x00001011,0x00000fe5,
0x0007000c,0x0000001d,0x00001012,0x00000001,
0x00000025,0x00001011,0x00000271,0x00050051,
0x0000001d,0x00001013,0x00001010,0x00000000,
0x00050051,0x0000001d,0x00001014,0x00001010,
0x00000001,0x00050051,0x0000001d,0x00001015,
0x00001010,0x00000002,0x00070050,0x00000039,
0x00001016,0x00001013,0x00001014,0x00001015,
0x00001012,0x0003003e,0x00000fc6,0x00001016,
0x000200f9,0x00001000,0x000200f8,0x00001000,
0x000200f9,0x00000fee,0x000200f8,0x00000fee,
0x000200f9,0x00000fe4,0x000200f8,0x00001017,
0x0004003d,0x0000000c,0x00001018,0x00000836,
0x000500aa,0x0000001b,0x0000101a,0x00001018,
0x00001019,0x000300f7,0x0000101d,0x00000000,
0x000400fa,0x0000101a,0x0000101c,0x00001023,
0x000200f8,0x0000101c,0x0004003d,0x00000039,
0x0000101e,0x00000851,0x0008004f,0x00000037,
0x0000101f,0x0000101e,0x0000101e,0x00000000,
0x00000001,0x00000002,0x00050041,0x00000023,
0x00001020,0x00000851,0x00000191,0x0004003d,
0x0000001d,0x00001021,0x00001020,0x0005008e,
0x00000037,0x00001022,0x0000101f,0x00001021,
0x0003003e,0x0000101b,0x00001022,0x000200f9,
0x0000101d,0x000200f8,0x00001023,0x0004003d,
0x00000039,0x00001024,0x00000851,0x0008004f,
0x00000037,0x00001025,0x00001024,0x00001024,
0x00000000,0x00000001,0x00000002,0x0003003e,
0x0000101b,0x00001025,0x000200f9,0x0000101d,
0x000200f8,0x0000101d,0x0004003d,0x00000037,
0x00001026,0x0000101b,0x0004003d,0x00000039,
0x00001027,0x0000086c,0x0008004f,0x00000037,
0x00001028,0x00001027,0x00001027,0x00000000,
0x00000001,0x00000002,0x00050041,0x00000023,
0x00001029,0x00000851,0x00000191,0x0004003d,
0x0000001d,0x0000102a,0x00001029,0x00050083,
0x0000001d,0x0000102b,0x00000271,0x0000102a,
0x0005008e,0x00000037,0x0000102c,0x00001028,
0x0000102b,0x00050081,0x00000037,0x0000102d,
0x00001026,0x0000102c,0x00050041,0x00000023,
0x0000102e,0x00000851,0x00000191,0x0004003d,
0x0000001d,0x0000102f,0x0000102e,0x00050041,
0x00000023,0x00001030,0x0000086c,0x00000191,
0x0004003d,0x0000001d,0x00001031,0x00001030,
0x00050041,0x00000023,0x00001032,0x00000851,
0x00000191,0x0004003d,0x0000001d,0x00001033,
0x00001032,0x00050083,0x0000001d,0x00001034,
0x00000271,0x00001033,0x00050085,0x0000001d,
0x00001035,0x00001031,0x00001034,0x00050081,
0x0000001d,0x00001036,0x0000102f,0x00001035,
0x00050051,0x0000001d,0x00001037,0x0000102d,
0x00000000,0x00050051,0x0000001d,0x00001038,
0x0000102d,0x00000001,0x00050051,0x0000001d,
0x00001039,0x0000102d,0x00000002,0x00070050,
0x00000039,0x0000103a,0x00001037,0x00001038,
0x00001039,0x00001036,0x0003003e,0x00000fc6,
0x0000103a,0x000200f9,0x00000fe4,0x000200f8,
0x00000fe4,0x000200f9,0x00000fda,0x000200f8,
0x00000fda,0x000200f9,0x00000fd0,0x000200f8,
0x00000fd0,0x000200f9,0x00000fc5,0x000200f8,
0x00000fc5,0x0004003d,0x0000000c,0x0000103b,
0x00000825,0x0004003d,0x00000039,0x0000103c,
0x0000086c,0x0004003d,0x00000039,0x0000103d,
0x00000fc6,0x0004003d,0x00000039,0x0000103e,
0x00000889,0x0008000c,0x00000039,0x0000103f,
0x00000001,0x0000002e,0x0000103c,0x0000103d,
0x0000103e,0x00050041,0x0000005b,0x00001040,
0x00000863,0x0000103b,0x0003003e,0x00001040,
0x0000103f,0x000200f9,0x00000fc1,0x000200f8,
0x00001041,0x0004003d,0x0000000c,0x00001042,
0x00000836,0x000500aa,0x0000001b,0x00001044,
0x00001042,0x00001043,0x000300f7,0x00001046,
0x00000000,0x000400fa,0x00001044,0x00001045,
0x00001051,0x000200f8,0x00001045,0x0004003d,
0x0000000c,0x00001047,0x00000825,0x0004003d,
0x00000039,0x00001048,0x00000851,0x0008004f,
0x00000037,0x00001049,0x00001048,0x00001048,
0x00000000,0x00000001,0x00000002,0x00050041,
0x00000023,0x0000104a,0x0000086c,0x0000019a,
0x0004003d,0x0000001d,0x0000104b,0x0000104a,
0x00050051,0x0000001d,0x0000104c,0x00001049,
0x00000000,0x00050051,0x0000001d,0x0000104d,
0x00001049,0x00000001,0x00050051,0x0000001d,
0x0000104e,0x00001049,0x00000002,0x00070050,
0x00000039,0x0000104f,0x0000104c,0x0000104d,
0x0000104e,0x0000104b,0x00050041,0x0000005b,
0x00001050,0x00000863,0x00001047,0x0003003e,
0x00001050,0x0000104f,0x000200f9,0x00001046,
0x000200f8,0x00001051,0x0004003d,0x0000000c,
0x00001052,0x00000836,0x000500aa,0x0000001b,
0x00001054,0x00001052,0x00001053,0x0004003d,
0x0000000c,0x00001055,0x00000836,0x000500aa,
0x0000001b,0x00001057,0x00001055,0x00001056,
0x000500a6,0x0000001b,0x00001058,0x00001054,
0x00001057,0x000300f7,0x0000105a,0x00000000,
0x000400fa,0x00001058,0x00001059,0x00001067,
0x000200f8,0x00001059,0x0004003d,0x0000000c,
0x0000105b,0x00000825,0x0004003d,0x00000039,
0x0000105c,0x00000851,0x0008004f,0x00000037,
0x0000105d,0x0000105c,0x0000105c,0x00000000,
0x00000001,0x00000002,0x0006000c,0x00000037,
0x0000105e,0x00000001,0x00000008,0x0000105d,
0x0004006e,0x00000019,0x0000105f,0x0000105e,
0x0004003d,0x0000000c,0x00001060,0x00000836,
0x000500aa,0x0000001b,0x00001061,0x00001060,
0x00001056,0x0003003e,0x00001062,0x0000105f,
0x0003003e,0x00001063,0x00001061,0x00060039,
0x0000001d,0x00001064,0x00000021,0x00001062,
0x00001063,0x00070050,0x00000039,0x00001065,
0x00001064,0x00001064,0x00001064,0x00001064,
0x00050041,0x0000005b,0x00001066,0x00000863,
0x0000105b,0x0003003e,0x00001066,0x00001065,
0x000200f9,0x0000105a,0x000200f8,0x00001067,
0x0004003d,0x0000000c,0x00001068,0x00000836,
0x000500aa,0x0000001b,0x0000106a,0x00001068,
0x00001069,0x000300f7,0x0000106c,0x00000000,
0x000400fa,0x0000106a,0x0000106b,0x00001108,
0x000200f8,0x0000106b,0x0004003d,0x00000006,
0x0000106e,0x0000082e,0x00050080,0x00000006,
0x0000106f,0x0000106e,0x0000067e,0x00060041,
0x0000081a,0x00001070,0x00000810,0x0000024b,
0x0000106f,0x0004003d,0x0000001d,0x00001071,
0x00001070,0x00050081,0x0000001d,0x00001072,
0x00001071,0x00000336,0x0006000c,0x0000001d,
0x00001073,0x00000001,0x00000008,0x00001072,
0x0004006e,0x0000000c,0x00001074,0x00001073,
0x0003003e,0x0000106d,0x00001074,0x0004003d,
0x0000000c,0x00001076,0x0000106d,0x000500af,
0x0000001b,0x00001077,0x00001076,0x0000024b,
0x0004003d,0x0000000c,0x00001078,0x0000106d,
0x0004003d,0x0000000c,0x00001079,0x00000818,
0x000500b1,0x0000001b,0x0000107a,0x00001078,
0x00001079,0x000500a7,0x0000001b,0x0000107b,
0x00001077,0x0000107a,0x000300f7,0x0000107e,
0x00000000,0x000400fa,0x0000107b,0x0000107d,
0x00001082,0x000200f8,0x0000107d,0x0004003d,
0x0000000c,0x0000107f,0x0000106d,0x00060041,
0x00000023,0x00001080,0x00000863,0x0000107f,
0x0000019a,0x0004003d,0x0000001d,0x00001081,
0x00001080,0x0003003e,0x0000107c,0x00001081,
0x000200f9,0x0000107e,0x000200f8,0x00001082,
0x0004003d,0x00000006,0x00001083,0x0000082e,
0x00050080,0x00000006,0x00001084,0x00001083,
0x000008c4,0x00060041,0x0000081a,0x00001085,
0x00000810,0x0000024b,0x00001084,0x0004003d,
0x0000001d,0x00001086,0x00001085,0x0003003e,
0x0000107c,0x00001086,0x000200f9,0x0000107e,
0x000200f8,0x0000107e,0x0004003d,0x0000001d,
0x00001087,0x0000107c,0x0003003e,0x00001075,
0x00001087,0x0003003e,0x00001088,0x00000271,
0x00050041,0x00000023,0x0000108a,0x0000086c,
0x0000019a,0x0004003d,0x0000001d,0x0000108b,
0x0000108a,0x00050081,0x0000001d,0x0000108c,
0x0000108b,0x00000336,0x0006000c,0x0000001d,
0x0000108d,0x00000001,0x00000008,0x0000108c,
0x0004006e,0x0000000c,0x0000108e,0x0000108d,
0x0008000c,0x0000000c,0x0000108f,0x00000001,
0x0000002d,0x0000108e,0x0000024b,0x00000126,
0x0003003e,0x00001089,0x0000108f,0x0004003d,
0x00000006,0x00001091,0x0000082e,0x00050080,
0x00000006,0x00001092,0x00001091,0x000008d5,
0x00060041,0x0000081a,0x00001093,0x00000810,
0x0000024b,0x00001092,0x0004003d,0x0000001d,
0x00001094,0x00001093,0x00050081,0x0000001d,
0x00001095,0x00001094,0x00000336,0x0006000c,
0x0000001d,0x00001096,0x00000001,0x00000008,
0x00001095,0x0004006e,0x0000000c,0x00001097,
0x00001096,0x0008000c,0x0000000c,0x00001098,
0x00000001,0x0000002d,0x00001097,0x00000219,
0x00000171,0x0003003e,0x00001090,0x00001098,
0x0004003d,0x00000039,0x0000109a,0x00000851,
0x0007004f,0x0000002a,0x0000109b,0x0000109a,
0x0000109a,0x00000000,0x00000001,0x0003003e,
0x00001099,0x0000109b,0x0003003e,0x0000109c,
0x00000374,0x0003003e,0x0000109d,0x0000024b,
0x000200f9,0x0000109e,0x000200f8,0x0000109e,
0x000400f6,0x000010a0,0x000010a1,0x00000000,
0x000200f9,0x000010a2,0x000200f8,0x000010a2,
0x0004003d,0x0000000c,0x000010a3,0x0000109d,
0x0004003d,0x0000000c,0x000010a4,0x00001089,
0x000500b1,0x0000001b,0x000010a5,0x000010a3,
0x000010a4,0x000400fa,0x000010a5,0x0000109f,
0x000010a0,0x000200f8,0x0000109f,0x0004003d,
0x0000000c,0x000010a6,0x00001090,0x000500aa,
0x0000001b,0x000010a7,0x000010a6,0x00000219,
0x000300f7,0x000010a9,0x00000000,0x000400fa,
0x000010a7,0x000010a8,0x000010b4,0x000200f8,
0x000010a8,0x0004003d,0x0000001d,0x000010aa,
0x00001088,0x0004003d,0x0000002a,0x000010ac,
0x00001099,0x0003003e,0x000010ab,0x000010ac,
0x0003003e,0x000010ad,0x000002ef,0x00060039,
0x0000001d,0x000010ae,0x0000002f,0x000010ab,
0x000010ad,0x00050085,0x0000001d,0x000010af,
0x000010aa,0x000010ae,0x00050041,0x00000023,
0x000010b0,0x0000109c,0x0000019a,0x0004003d,
0x0000001d,0x000010b1,0x000010b0,0x00050081,
0x0000001d,0x000010b2,0x000010b1,0x000010af,
0x00050041,0x00000023,0x000010b3,0x0000109c,
0x0000019a,0x0003003e,0x000010b3,0x000010b2,
0x000200f9,0x000010a9,0x000200f8,0x000010b4,
0x0004003d,0x0000000c,0x000010b5,0x00001090,
0x000500aa,0x0000001b,0x000010b6,0x000010b5,
0x00000323,0x000300f7,0x000010b8,0x00000000,
0x000400fa,0x000010b6,0x000010b7,0x000010ce,
0x000200f8,0x000010b7,0x0004003d,0x0000001d,
0x000010b9,0x00001088,0x0004003d,0x0000002a,
0x000010bb,0x00001099,0x0003003e,0x000010ba,
0x000010bb,0x0003003e,0x000010bc,0x000002ef,
0x00060039,0x0000001d,0x000010bd,0x0000002f,
0x000010ba,0x000010bc,0x00050085,0x0000001d,
0x000010be,0x000010b9,0x000010bd,0x00050041,
0x00000023,0x000010bf,0x0000109c,0x0000019a,
0x0004003d,0x0000001d,0x000010c0,0x000010bf,
0x00050081,0x0000001d,0x000010c1,0x000010c0,
0x000010be,0x00050041,0x00000023,0x000010c2,
0x0000109c,0x0000019a,0x0003003e,0x000010c2,
0x000010c1,0x0004003d,0x0000001d,0x000010c3,
0x00001088,0x0004003d,0x0000002a,0x000010c4,
0x00001099,0x00050081,0x0000002a,0x000010c5,
0x000010c4,0x00000a63,0x0003003e,0x000010c6,
0x000010c5,0x0003003e,0x000010c7,0x000002ef,
0x00060039,0x0000001d,0x000010c8,0x0000002f,
0x000010c6,0x000010c7,0x00050085,0x0000001d,
0x000010c9,0x000010c3,0x000010c8,0x00050041,
0x00000023,0x000010ca,0x0000109c,0x000001a0,
0x0004003d,0x0000001d,0x000010cb,0x000010ca,
0x00050081,0x0000001d,0x000010cc,0x000010cb,
0x000010c9,0x00050041,0x00000023,0x000010cd,
0x0000109c,0x000001a0,0x0003003e,0x000010cd,
0x000010cc,0x000200f9,0x000010b8,0x000200f8,
0x000010ce,0x0004003d,0x0000001d,0x000010cf,
0x00001088,0x0004003d,0x0000002a,0x000010d1,
0x00001099,0x0003003e,0x000010d0,0x000010d1,
0x0003003e,0x000010d2,0x0000024b,0x00060039,
0x0000001d,0x000010d3,0x0000002f,0x000010d0,
0x000010d2,0x00050085,0x0000001d,0x000010d4,
0x000010cf,0x000010d3,0x00050041,0x00000023,
0x000010d5,0x0000109c,0x0000019a,0x0004003d,
0x0000001d,0x000010d6,0x000010d5,0x00050081,
0x0000001d,0x000010d7,0x000010d6,0x000010d4,
0x00050041,0x00000023,0x000010d8,0x0000109c,
0x0000019a,0x0003003e,0x000010d8,0x000010d7,
0x0004003d,0x0000001d,0x000010d9,0x00001088,
0x0004003d,0x0000002a,0x000010db,0x00001099,
0x0003003e,0x000010da,0x000010db,0x0003003e,
0x000010dc,0x00000219,0x00060039,0x0000001d,
0x000010dd,0x0000002f,0x000010da,0x000010dc,
0x00050085,0x0000001d,0x000010de,0x000010d9,
0x000010dd,0x00050041,0x00000023,0x000010df,
0x0000109c,0x000001a0,0x0004003d,0x0000001d,
0x000010e0,0x000010df,0x00050081,0x0000001d,
0x000010e1,0x000010e0,0x000010de,0x00050041,
0x00000023,0x000010e2,0x0000109c,0x000001a0,
0x0003003e,0x000010e2,0x000010e1,0x0004003d,
0x0000001d,0x000010e3,0x00001088,0x0004003d,
0x0000002a,0x000010e5,0x00001099,0x0003003e,
0x000010e4,0x000010e5,0x0003003e,0x000010e6,
0x00000323,0x00060039,0x0000001d,0x000010e7,
0x0000002f,0x000010e4,0x000010e6,0x00050085,
0x0000001d,0x000010e8,0x000010e3,0x000010e7,
0x00050041,0x00000023,0x000010e9,0x0000109c,
0x00000192,0x0004003d,0x0000001d,0x000010ea,
0x000010e9,0x00050081,0x0000001d,0x000010eb,
0x000010ea,0x000010e8,0x00050041,0x00000023,
0x000010ec,0x0000109c,0x00000192,0x0003003e,
0x000010ec,0x000010eb,0x0004003d,0x0000000c,
0x000010ed,0x00001090,0x000500aa,0x0000001b,
0x000010ee,0x000010ed,0x00000171,0x000300f7,
0x000010f0,0x00000000,0x000400fa,0x000010ee,
0x000010ef,0x000010f0,0x000200f8,0x000010ef,
0x0004003d,0x0000001d,0x000010f1,0x00001088,
0x0004003d,0x0000002a,0x000010f2,0x00001099,
0x00050081,0x0000002a,0x000010f3,0x000010f2,
0x00000a63,0x0003003e,0x000010f4,0x000010f3,
0x0003003e,0x000010f5,0x000002ef,0x00060039,
0x0000001d,0x000010f6,0x0000002f,0x000010f4,
0x000010f5,0x00050085,0x0000001d,0x000010f7,
0x000010f1,0x000010f6,0x00050041,0x00000023,
0x000010f8,0x0000109c,0x00000191,0x0004003d,
0x0000001d,0x000010f9,0x000010f8,0x00050081,
0x0000001d,0x000010fa,0x000010f9,0x000010f7,
0x00050041,0x00000023,0x000010fb,0x0000109c,
0x00000191,0x0003003e,0x000010fb,0x000010fa,
0x000200f9,0x000010f0,0x000200f8,0x000010f0,
0x000200f9,0x000010b8,0x000200f8,0x000010b8,
0x000200f9,0x000010a9,0x000200f8,0x000010a9,
0x00050041,0x00000023,0x000010fc,0x00000889,
0x0000019a,0x0004003d,0x0000001d,0x000010fd,
0x000010fc,0x0004003d,0x0000002a,0x000010fe,
0x00001099,0x0005008e,0x0000002a,0x000010ff,
0x000010fe,0x000010fd,0x0003003e,0x00001099,
0x000010ff,0x0004003d,0x0000001d,0x00001100,
0x00001075,0x0004003d,0x0000001d,0x00001101,
0x00001088,0x00050085,0x0000001d,0x00001102,
0x00001101,0x00001100,0x0003003e,0x00001088,
0x00001102,0x000200f9,0x000010a1,0x000200f8,
0x000010a1,0x0004003d,0x0000000c,0x00001103,
0x0000109d,0x00050080,0x0000000c,0x00001104,
0x00001103,0x00000219,0x0003003e,0x0000109d,
0x00001104,0x000200f9,0x0000109e,0x000200f8,
0x000010a0,0x0004003d,0x0000000c,0x00001105,
0x00000825,0x0004003d,0x00000039,0x00001106,
0x0000109c,0x00050041,0x0000005b,0x00001107,
0x00000863,0x00001105,0x0003003e,0x00001107,
0x00001106,0x000200f9,0x0000106c,0x000200f8,
0x00001108,0x0004003d,0x0000000c,0x00001109,
0x00000836,0x000500aa,0x0000001b,0x0000110b,
0x00001109,0x0000110a,0x0004003d,0x0000000c,
0x0000110c,0x00000836,0x000500aa,0x0000001b,
0x0000110e,0x0000110c,0x0000110d,0x000500a6,
0x0000001b,0x0000110f,0x0000110b,0x0000110e,
0x000300f7,0x00001111,0x00000000,0x000400fa,
0x0000110f,0x00001110,0x0000112b,0x000200f8,
0x00001110,0x0004003d,0x0000000c,0x00001112,
0x00000825,0x0004003d,0x0000000c,0x00001113,
0x00000836,0x000500aa,0x0000001b,0x00001114,
0x00001113,0x0000110d,0x00050041,0x00000023,
0x00001115,0x00000889,0x0000019a,0x0004003d,
0x0000001d,0x00001116,0x00001115,0x00050081,
0x0000001d,0x00001117,0x00001116,0x00000336,
0x0006000c,0x0000001d,0x00001118,0x00000001,
0x00000008,0x00001117,0x0004006e,0x0000000c,
0x00001119,0x00001118,0x00050041,0x00000023,
0x0000111a,0x00000889,0x000001a0,0x0004003d,
0x0000001d,0x0000111b,0x0000111a,0x00050081,
0x0000001d,0x0000111c,0x0000111b,0x00000336,
0x0006000c,0x0000001d,0x0000111d,0x00000001,
0x00000008,0x0000111c,0x0004006e,0x0000000c,
0x0000111e,0x0000111d,0x0008000c,0x0000000c,
0x0000111f,0x00000001,0x0000002d,0x0000111e,
0x00000219,0x00000469,0x0004003d,0x00000039,
0x00001121,0x00000851,0x0008004f,0x00000037,
0x00001122,0x00001121,0x00001121,0x00000000,
0x00000001,0x00000002,0x0003003e,0x00001120,
0x00001122,0x0003003e,0x00001123,0x00001114,
0x00050041,0x00000023,0x00001125,0x0000086c,
0x0000019a,0x0004003d,0x0000001d,0x00001126,
0x00001125,0x0003003e,0x00001124,0x00001126,
0x0003003e,0x00001127,0x00001119,0x0003003e,
0x00001128,0x0000111f,0x00090039,0x00000039,
0x00001129,0x00000040,0x00001120,0x00001123,
0x00001124,0x00001127,0x00001128,0x00050041,
0x0000005b,0x0000112a,0x00000863,0x00001112,
0x0003003e,0x0000112a,0x00001129,0x000200f9,
0x00001111,0x000200f8,0x0000112b,0x0004003d,
0x0000000c,0x0000112c,0x00000836,0x000500aa,
0x0000001b,0x0000112e,0x0000112c,0x0000112d,
0x000300f7,0x00001130,0x00000000,0x000400fa,
0x0000112e,0x0000112f,0x000011cc,0x000200f8,
0x0000112f,0x0004003d,0x00000006,0x00001132,
0x0000082e,0x00050080,0x00000006,0x00001133,
0x00001132,0x0000067e,0x00060041,0x0000081a,
0x00001134,0x00000810,0x0000024b,0x00001133,
0x0004003d,0x0000001d,0x00001135,0x00001134,
0x00050081,0x0000001d,0x00001136,0x00001135,
0x00000336,0x0006000c,0x0000001d,0x00001137,
0x00000001,0x00000008,0x00001136,0x0004006e,
0x0000000c,0x00001138,0x00001137,0x0003003e,
0x00001131,0x00001138,0x0004003d,0x0000000c,
0x0000113a,0x00001131,0x000500af,0x0000001b,
0x0000113b,0x0000113a,0x0000024b,0x0004003d,
0x0000000c,0x0000113c,0x00001131,0x0004003d,
0x0000000c,0x0000113d,0x00000818,0x000500b1,
0x0000001b,0x0000113e,0x0000113c,0x0000113d,
0x000500a7,0x0000001b,0x0000113f,0x0000113b,
0x0000113e,0x000300f7,0x00001142,0x00000000,
0x000400fa,0x0000113f,0x00001141,0x00001146,
0x000200f8,0x00001141,0x0004003d,0x0000000c,
0x00001143,0x00001131,0x00060041,0x00000023,
0x00001144,0x00000863,0x00001143,0x0000019a,
0x0004003d,0x0000001d,0x00001145,0x00001144,
0x0003003e,0x00001140,0x00001145,0x000200f9,
0x00001142,0x000200f8,0x00001146,0x0004003d,
0x00000006,0x00001147,0x0000082e,0x00050080,
0x00000006,0x00001148,0x00001147,0x000008c4,
0x00060041,0x0000081a,0x00001149,0x00000810,
0x0000024b,0x00001148,0x0004003d,0x0000001d,
0x0000114a,0x00001149,0x0003003e,0x00001140,
0x0000114a,0x000200f9,0x00001142,0x000200f8,
0x00001142,0x0004003d,0x0000001d,0x0000114b,
0x00001140,0x0003003e,0x00001139,0x0000114b,
0x0003003e,0x0000114c,0x00000271,0x00050041,
0x00000023,0x0000114e,0x0000086c,0x0000019a,
0x0004003d,0x0000001d,0x0000114f,0x0000114e,
0x00050081,0x0000001d,0x00001150,0x0000114f,
0x00000336,0x0006000c,0x0000001d,0x00001151,
0x00000001,0x00000008,0x00001150,0x0004006e,
0x0000000c,0x00001152,0x00001151,0x0008000c,
0x0000000c,0x00001153,0x00000001,0x0000002d,
0x00001152,0x0000024b,0x00000126,0x0003003e,
0x0000114d,0x00001153,0x0004003d,0x00000006,
0x00001155,0x0000082e,0x00050080,0x00000006,
0x00001156,0x00001155,0x000008d5,0x00060041,
0x0000081a,0x00001157,0x00000810,0x0000024b,
0x00001156,0x0004003d,0x0000001d,0x00001158,
0x00001157,0x00050081,0x0000001d,0x00001159,
0x00001158,0x00000336,0x0006000c,0x0000001d,
0x0000115a,0x00000001,0x00000008,0x00001159,
0x0004006e,0x0000000c,0x0000115b,0x0000115a,
0x0008000c,0x0000000c,0x0000115c,0x00000001,
0x0000002d,0x0000115b,0x00000219,0x00000171,
0x0003003e,0x00001154,0x0000115c,0x0004003d,
0x00000039,0x0000115e,0x00000851,0x0008004f,
0x00000037,0x0000115f,0x0000115e,0x0000115e,
0x00000000,0x00000001,0x00000002,0x0003003e,
0x0000115d,0x0000115f,0x0003003e,0x00001160,
0x00000374,0x0003003e,0x00001161,0x0000024b,
0x000200f9,0x00001162,0x000200f8,0x00001162,
0x000400f6,0x00001164,0x00001165,0x00000000,
0x000200f9,0x00001166,0x000200f8,0x00001166,
0x0004003d,0x0000000c,0x00001167,0x00001161,
0x0004003d,0x0000000c,0x00001168,0x0000114d,
0x000500b1,0x0000001b,0x00001169,0x00001167,
0x00001168,0x000400fa,0x00001169,0x00001163,
0x00001164,0x000200f8,0x00001163,0x0004003d,
0x0000000c,0x0000116a,0x00001154,0x000500aa,
0x0000001b,0x0000116b,0x0000116a,0x00000219,
0x000300f7,0x0000116d,0x00000000,0x000400fa,
0x0000116b,0x0000116c,0x00001178,0x000200f8,
0x0000116c,0x0004003d,0x0000001d,0x0000116e,
0x0000114c,0x0004003d,0x00000037,0x00001170,
0x0000115d,0x0003003e,0x0000116f,0x00001170,
0x0003003e,0x00001171,0x000002ef,0x00060039,
0x0000001d,0x00001172,0x0000004c,0x0000116f,
0x00001171,0x00050085,0x0000001d,0x00001173,
0x0000116e,0x00001172,0x00050041,0x00000023,
0x00001174,0x00001160,0x0000019a,0x0004003d,
0x0000001d,0x00001175,0x00001174,0x00050081,
0x0000001d,0x00001176,0x00001175,0x00001173,
0x00050041,0x00000023,0x00001177,0x00001160,
0x0000019a,0x0003003e,0x00001177,0x00001176,
0x000200f9,0x0000116d,0x000200f8,0x00001178,
0x0004003d,0x0000000c,0x00001179,0x00001154,
0x000500aa,0x0000001b,0x0000117a,0x00001179,
0x00000323,0x000300f7,0x0000117c,0x00000000,
0x000400fa,0x0000117a,0x0000117b,0x00001192,
0x000200f8,0x0000117b,0x0004003d,0x0000001d,
0x0000117d,0x0000114c,0x0004003d,0x00000037,
0x0000117f,0x0000115d,0x0003003e,0x0000117e,
0x0000117f,0x0003003e,0x00001180,0x000002ef,
0x00060039,0x0000001d,0x00001181,0x0000004c,
0x0000117e,0x00001180,0x00050085,0x0000001d,
0x00001182,0x0000117d,0x00001181,0x00050041,
0x00000023,0x00001183,0x00001160,0x0000019a,
0x0004003d,0x0000001d,0x00001184,0x00001183,
0x00050081,0x0000001d,0x00001185,0x00001184,
0x00001182,0x00050041,0x00000023,0x00001186,
0x00001160,0x0000019a,0x0003003e,0x00001186,
0x00001185,0x0004003d,0x0000001d,0x00001187,
0x0000114c,0x0004003d,0x00000037,0x00001188,
0x0000115d,0x00050081,0x00000037,0x00001189,
0x00001188,0x00000bbd,0x0003003e,0x0000118a,
0x00001189,0x0003003e,0x0000118b,0x000002ef,
0x00060039,0x0000001d,0x0000118c,0x0000004c,
0x0000118a,0x0000118b,0x00050085,0x0000001d,
0x0000118d,0x00001187,0x0000118c,0x00050041,
0x00000023,0x0000118e,0x00001160,0x000001a0,
0x0004003d,0x0000001d,0x0000118f,0x0000118e,
0x00050081,0x0000001d,0x00001190,0x0000118f,
0x0000118d,0x00050041,0x00000023,0x00001191,
0x00001160,0x000001a0,0x0003003e,0x00001191,
0x00001190,0x000200f9,0x0000117c,0x000200f8,
0x00001192,0x0004003d,0x0000001d,0x00001193,
0x0000114c,0x0004003d,0x00000037,0x00001195,
0x0000115d,0x0003003e,0x00001194,0x00001195,
0x0003003e,0x00001196,0x0000024b,0x00060039,
0x0000001d,0x00001197,0x0000004c,0x00001194,
0x00001196,0x00050085,0x0000001d,0x00001198,
0x00001193,0x00001197,0x00050041,0x00000023,
0x00001199,0x00001160,0x0000019a,0x0004003d,
0x0000001d,0x0000119a,0x00001199,0x00050081,
0x0000001d,0x0000119b,0x0000119a,0x00001198,
0x00050041,0x00000023,0x0000119c,0x00001160,
0x0000019a,0x0003003e,0x0000119c,0x0000119b,
0x0004003d,0x0000001d,0x0000119d,0x0000114c,
0x0004003d,0x00000037,0x0000119f,0x0000115d,
0x0003003e,0x0000119e,0x0000119f,0x0003003e,
0x000011a0,0x00000219,0x00060039,0x0000001d,
0x000011a1,0x0000004c,0x0000119e,0x000011a0,
0x00050085,0x0000001d,0x000011a2,0x0000119d,
0x000011a1,0x00050041,0x00000023,0x000011a3,
0x00001160,0x000001a0,0x0004003d,0x0000001d,
0x000011a4,0x000011a3,0x00050081,0x0000001d,
0x000011a5,0x000011a4,0x000011a2,0x00050041,
0x00000023,0x000011a6,0x00001160,0x000001a0,
0x0003003e,0x000011a6,0x000011a5,0x0004003d,
0x0000001d,0x000011a7,0x0000114c,0x0004003d,
0x00000037,0x000011a9,0x0000115d,0x0003003e,
0x000011a8,0x000011a9,0x0003003e,0x000011aa,
0x00000323,0x00060039,0x0000001d,0x000011ab,
0x0000004c,0x000011a8,0x000011aa,0x00050085,
0x0000001d,0x000011ac,0x000011a7,0x000011ab,
0x00050041,0x00000023,0x000011ad,0x00001160,
0x00000192,0x0004003d,0x0000001d,0x000011ae,
0x000011ad,0x00050081,0x0000001d,0x000011af,
0x000011ae,0x000011ac,0x00050041,0x00000023,
0x000011b0,0x00001160,0x00000192,0x0003003e,
0x000011b0,0x000011af,0x0004003d,0x0000000c,
0x000011b1,0x00001154,0x000500aa,0x0000001b,
0x000011b2,0x000011b1,0x00000171,0x000300f7,
0x000011b4,0x00000000,0x000400fa,0x000011b2,
0x000011b3,0x000011b4,0x000200f8,0x000011b3,
0x0004003d,0x0000001d,0x000011b5,0x0000114c,
0x0004003d,0x00000037,0x000011b6,0x0000115d,
0x00050081,0x00000037,0x000011b7,0x000011b6,
0x00000bbd,0x0003003e,0x000011b8,0x000011b7,
0x0003003e,0x000011b9,0x000002ef,0x00060039,
0x0000001d,0x000011ba,0x0000004c,0x000011b8,
0x000011b9,0x00050085,0x0000001d,0x000011bb,
0x000011b5,0x000011ba,0x00050041,0x00000023,
0x000011bc,0x00001160,0x00000191,0x0004003d,
0x0000001d,0x000011bd,0x000011bc,0x00050081,
0x0000001d,0x000011be,0x000011bd,0x000011bb,
0x00050041,0x00000023,0x000011bf,0x00001160,
0x00000191,0x0003003e,0x000011bf,0x000011be,
0x000200f9,0x000011b4,0x000200f8,0x000011b4,
0x000200f9,0x0000117c,0x000200f8,0x0000117c,
0x000200f9,0x0000116d,0x000200f8,0x0000116d,
0x00050041,0x00000023,0x000011c0,0x00000889,
0x0000019a,0x0004003d,0x0000001d,0x000011c1,
0x000011c0,0x0004003d,0x00000037,0x000011c2,
0x0000115d,0x0005008e,0x00000037,0x000011c3,
0x000011c2,0x000011c1,0x0003003e,0x0000115d,
0x000011c3,0x0004003d,0x0000001d,0x000011c4,
0x00001139,0x0004003d,0x0000001d,0x000011c5,
0x0000114c,0x00050085,0x0000001d,0x000011c6,
0x000011c5,0x000011c4,0x0003003e,0x0000114c,
0x000011c6,0x000200f9,0x00001165,0x000200f8,
0x00001165,0x0004003d,0x0000000c,0x000011c7,
0x00001161,0x00050080,0x0000000c,0x000011c8,
0x000011c7,0x00000219,0x0003003e,0x00001161,
0x000011c8,0x000200f9,0x00001162,0x000200f8,
0x00001164,0x0004003d,0x0000000c,0x000011c9,
0x00000825,0x0004003d,0x00000039,0x000011ca,
0x00001160,0x00050041,0x0000005b,0x000011cb,
0x00000863,0x000011c9,0x0003003e,0x000011cb,
0x000011ca,0x000200f9,0x00001130,0x000200f8,
0x000011cc,0x0004003d,0x0000000c,0x000011cd,
0x00000836,0x000500aa,0x0000001b,0x000011cf,
0x000011cd,0x000011ce,0x000300f7,0x000011d1,
0x00000000,0x000400fa,0x000011cf,0x000011d0,
0x00001215,0x000200f8,0x000011d0,0x0004003d,
0x00000039,0x000011d3,0x00000851,0x0007004f,
0x0000002a,0x000011d4,0x000011d3,0x000011d3,
0x00000000,0x00000001,0x0005008e,0x0000002a,
0x000011d5,0x000011d4,0x000001c6,0x0003003e,
0x000011d2,0x000011d5,0x0004003d,0x00000039,
0x000011d7,0x0000086c,0x0007004f,0x0000002a,
0x000011d8,0x000011d7,0x000011d7,0x00000000,
0x00000001,0x0005008e,0x0000002a,0x000011d9,
0x000011d8,0x000001c6,0x0003003e,0x000011d6,
0x000011d9,0x00050041,0x00000023,0x000011db,
0x00000889,0x0000019a,0x0004003d,0x0000001d,
0x000011dc,0x000011db,0x0003003e,0x000011da,
0x000011dc,0x0004003d,0x0000001d,0x000011de,
0x000011da,0x0004003d,0x0000001d,0x000011df,
0x000011da,0x00050085,0x0000001d,0x000011e0,
0x000011de,0x000011df,0x0003003e,0x000011dd,
0x000011e0,0x0003003e,0x000011e1,0x000002ec,
0x0004003d,0x0000002a,0x000011e3,0x000011d2,
0x0004003d,0x0000001d,0x000011e4,0x000011da,
0x00050050,0x0000002a,0x000011e5,0x000011e4,
0x000002ec,0x00050081,0x0000002a,0x000011e6,
0x000011e3,0x000011e5,0x0004003d,0x0000002a,
0x000011e7,0x000011d6,0x00050083,0x0000002a,
0x000011e8,0x000011e6,0x000011e7,0x0004003d,
0x0000002a,0x000011e9,0x000011d2,0x0004003d,
0x0000001d,0x000011ea,0x000011da,0x00050050,
0x0000002a,0x000011eb,0x000011ea,0x000002ec,
0x00050083,0x0000002a,0x000011ec,0x000011e9,
0x000011eb,0x0004003d,0x0000002a,0x000011ed,
0x000011d6,0x00050083,0x0000002a,0x000011ee,
0x000011ec,0x000011ed,0x0004003d,0x0000002a,
0x000011ef,0x000011d2,0x0004003d,0x0000001d,
0x000011f0,0x000011da,0x00050050,0x0000002a,
0x000011f1,0x000002ec,0x000011f0,0x00050083,
0x0000002a,0x000011f2,0x000011ef,0x000011f1,
0x0004003d,0x0000002a,0x000011f3,0x000011d6,
0x00050083,0x0000002a,0x000011f4,0x000011f2,
0x000011f3,0x0004003d,0x0000002a,0x000011f5,
0x000011d2,0x0004003d,0x0000001d,0x000011f6,
0x000011da,0x00050050,0x0000002a,0x000011f7,
0x000002ec,0x000011f6,0x00050081,0x0000002a,
0x000011f8,0x000011f5,0x000011f7,0x0004003d,
0x0000002a,0x000011f9,0x000011d6,0x00050083,
0x0000002a,0x000011fa,0x000011f8,0x000011f9,
0x00070050,0x000004a5,0x000011fb,0x000011e8,
0x000011ee,0x000011f4,0x000011fa,0x0003003e,
0x000011e2,0x000011fb,0x0003003e,0x000011fc,
0x0000024b,0x000200f9,0x000011fd,0x000200f8,
0x000011fd,0x000400f6,0x000011ff,0x00001200,
0x00000000,0x000200f9,0x00001201,0x000200f8,
0x00001201,0x0004003d,0x0000000c,0x00001202,
0x000011fc,0x000500b1,0x0000001b,0x00001203,
0x00001202,0x00000171,0x000400fa,0x00001203,
0x000011fe,0x000011ff,0x000200f8,0x000011fe,
0x0004003d,0x0000000c,0x00001204,0x000011fc,
0x00050041,0x0000002b,0x00001205,0x000011e2,
0x00001204,0x0004003d,0x0000002a,0x00001206,
0x00001205,0x0004003d,0x0000000c,0x00001207,
0x000011fc,0x00050041,0x0000002b,0x00001208,
0x000011e2,0x00001207,0x0004003d,0x0000002a,
0x00001209,0x00001208,0x00050094,0x0000001d,
0x0000120a,0x00001206,0x00001209,0x0004003d,
0x0000001d,0x0000120b,0x000011dd,0x000500bc,
0x0000001b,0x0000120c,0x0000120a,0x0000120b,
0x000300f7,0x0000120e,0x00000000,0x000400fa,
0x0000120c,0x0000120d,0x0000120e,0x000200f8,
0x0000120d,0x0003003e,0x000011e1,0x00000271,
0x000200f9,0x0000120e,0x000200f8,0x0000120e,
0x000200f9,0x00001200,0x000200f8,0x00001200,
0x0004003d,0x0000000c,0x0000120f,0x000011fc,
0x00050080,0x0000000c,0x00001210,0x0000120f,
0x00000219,0x0003003e,0x000011fc,0x00001210,
0x000200f9,0x000011fd,0x000200f8,0x000011ff,
0x0004003d,0x0000000c,0x00001211,0x00000825,
0x0004003d,0x0000001d,0x00001212,0x000011e1,
0x00070050,0x00000039,0x00001213,0x00001212,
0x00001212,0x00001212,0x00001212,0x00050041,
0x0000005b,0x00001214,0x00000863,0x00001211,
0x0003003e,0x00001214,0x00001213,0x000200f9,
0x000011d1,0x000200f8,0x00001215,0x0004003d,
0x0000000c,0x00001216,0x00000836,0x000500aa,
0x0000001b,0x00001218,0x00001216,0x00001217,
0x000300f7,0x0000121a,0x00000000,0x000400fa,
0x00001218,0x00001219,0x00001248,0x000200f8,
0x00001219,0x0004003d,0x00000039,0x0000121c,
0x00000851,0x0007004f,0x0000002a,0x0000121d,
0x0000121c,0x0000121c,0x00000000,0x00000001,
0x0004003d,0x00000039,0x0000121e,0x0000086c,
0x0007004f,0x0000002a,0x0000121f,0x0000121e,
0x0000121e,0x00000000,0x00000001,0x00050083,
0x0000002a,0x00001220,0x0000121d,0x0000121f,
0x0007004f,0x0000002a,0x00001221,0x00001220,
0x00001220,0x00000001,0x00000000,0x0006000c,
0x0000002a,0x00001222,0x00000001,0x00000004,
0x00001221,0x0003003e,0x0000121b,0x00001222,
0x0004003d,0x0000002a,0x00001224,0x0000121b,
0x00050094,0x0000001d,0x00001225,0x00001223,
0x00001224,0x0007000c,0x0000001d,0x00001226,
0x00000001,0x00000025,0x00001225,0x000002ec,
0x00050085,0x0000001d,0x00001227,0x000001c6,
0x00001226,0x0005008e,0x0000002a,0x00001228,
0x00001223,0x00001227,0x0004003d,0x0000002a,
0x00001229,0x0000121b,0x00050083,0x0000002a,
0x0000122a,0x00001229,0x00001228,0x0003003e,
0x0000121b,0x0000122a,0x00050041,0x00000023,
0x0000122b,0x0000121b,0x0000019a,0x0004003d,
0x0000001d,0x0000122c,0x0000122b,0x00050041,
0x00000023,0x0000122e,0x00000889,0x0000019a,
0x0004003d,0x0000001d,0x0000122f,0x0000122e,
0x00050085,0x0000001d,0x00001230,0x0000122d,
0x0000122f,0x00050041,0x00000023,0x00001231,
0x00000889,0x0000019a,0x0004003d,0x0000001d,
0x00001232,0x00001231,0x00050085,0x0000001d,
0x00001233,0x000004d8,0x00001232,0x0008000c,
0x0000001d,0x00001234,0x00000001,0x0000002b,
0x0000122c,0x00001230,0x00001233,0x00050041,
0x00000023,0x00001235,0x00000889,0x0000019a,
0x0004003d,0x0000001d,0x00001236,0x00001235,
0x00050050,0x0000002a,0x00001237,0x00001234,
0x00001236,0x0004003d,0x0000002a,0x00001238,
0x0000121b,0x00050083,0x0000002a,0x00001239,
0x00001238,0x00001237,0x0003003e,0x0000121b,
0x00001239,0x0004003d,0x0000002a,0x0000123b,
0x0000121b,0x0006000c,0x0000001d,0x0000123c,
0x00000001,0x00000042,0x0000123b,0x00050041,
0x00000023,0x0000123d,0x0000121b,0x000001a0,
0x0004003d,0x0000001d,0x0000123e,0x0000123d,
0x000500b8,0x0000001b,0x0000123f,0x0000123e,
0x000002ec,0x000600a9,0x0000001d,0x00001240,
0x0000123f,0x000004fa,0x00000271,0x00050085,
0x0000001d,0x00001241,0x0000123c,0x00001240,
0x0003003e,0x0000123a,0x00001241,0x0004003d,
0x0000000c,0x00001242,0x00000825,0x0004003d,
0x0000001d,0x00001243,0x0000123a,0x000500bc,
0x0000001b,0x00001244,0x00001243,0x000002ec,
0x000600a9,0x0000001d,0x00001245,0x00001244,
0x00000271,0x000002ec,0x00070050,0x00000039,
0x00001246,0x00001245,0x00001245,0x00001245,
0x00001245,0x00050041,0x0000005b,0x00001247,
0x00000863,0x00001242,0x0003003e,0x00001247,
0x00001246,0x000200f9,0x0000121a,0x000200f8,
0x00001248,0x0004003d,0x0000000c,0x00001249,
0x00000836,0x000500af,0x0000001b,0x0000124b,
0x00001249,0x0000124a,0x0004003d,0x0000000c,
0x0000124c,0x00000836,0x000500b3,0x0000001b,
0x0000124e,0x0000124c,0x0000124d,0x000500a7,
0x0000001b,0x0000124f,0x0000124b,0x0000124e,
0x000300f7,0x00001251,0x00000000,0x000400fa,
0x0000124f,0x00001250,0x00001285,0x000200f8,
0x00001250,0x0004003d,0x00000006,0x00001253,
0x0000082e,0x00050080,0x00000006,0x00001254,
0x00001253,0x0000067e,0x00060041,0x0000081a,
0x00001255,0x00000810,0x0000024b,0x00001254,
0x0004003d,0x0000001d,0x00001256,0x00001255,
0x00050081,0x0000001d,0x00001257,0x00001256,
0x00000336,0x0006000c,0x0000001d,0x00001258,
0x00000001,0x00000008,0x00001257,0x0004006e,
0x0000000c,0x00001259,0x00001258,0x0003003e,
0x00001252,0x00001259,0x0004003d,0x0000000c,
0x0000125b,0x00001252,0x000500af,0x0000001b,
0x0000125c,0x0000125b,0x0000024b,0x0004003d,
0x0000000c,0x0000125d,0x00001252,0x0004003d,
0x0000000c,0x0000125e,0x00000818,0x000500b1,
0x0000001b,0x0000125f,0x0000125d,0x0000125e,
0x000500a7,0x0000001b,0x00001260,0x0000125c,
0x0000125f,0x000300f7,0x00001263,0x00000000,
0x000400fa,0x00001260,0x00001262,0x00001267,
0x000200f8,0x00001262,0x0004003d,0x0000000c,
0x00001264,0x00001252,0x00060041,0x00000023,
0x00001265,0x00000863,0x00001264,0x0000019a,
0x0004003d,0x0000001d,0x00001266,0x00001265,
0x0003003e,0x00001261,0x00001266,0x000200f9,
0x00001263,0x000200f8,0x00001267,0x0004003d,
0x00000006,0x00001268,0x0000082e,0x00050080,
0x00000006,0x00001269,0x00001268,0x000008c4,
0x00060041,0x0000081a,0x0000126a,0x00000810,
0x0000024b,0x00001269,0x0004003d,0x0000001d,
0x0000126b,0x0000126a,0x0003003e,0x00001261,
0x0000126b,0x000200f9,0x00001263,0x000200f8,
0x00001263,0x0004003d,0x0000001d,0x0000126c,
0x00001261,0x0003003e,0x0000125a,0x0000126c,
0x0004003d,0x0000000c,0x0000126d,0x00000825,
0x0004003d,0x00000039,0x0000126e,0x00000851,
0x0007004f,0x0000002a,0x0000126f,0x0000126e,
0x0000126e,0x00000000,0x00000001,0x0004003d,
0x00000039,0x00001270,0x0000086c,0x0007004f,
0x0000002a,0x00001271,0x00001270,0x00001270,
0x00000000,0x00000001,0x00050085,0x0000002a,
0x00001272,0x0000126f,0x00001271,0x0004003d,
0x00000039,0x00001273,0x00000889,0x0007004f,
0x0000002a,0x00001274,0x00001273,0x00001273,
0x00000000,0x00000001,0x00050083,0x0000002a,
0x00001275,0x00001272,0x00001274,0x0004003d,
0x00000006,0x00001276,0x0000082e,0x00050080,
0x00000006,0x00001277,0x00001276,0x000008c9,
0x00060041,0x0000081a,0x00001278,0x00000810,
0x0000024b,0x00001277,0x0004003d,0x0000001d,
0x00001279,0x00001278,0x000500b7,0x0000001b,
0x0000127a,0x00001279,0x000002ec,0x0004003d,
0x0000000c,0x0000127b,0x00000836,0x00050082,
0x0000000c,0x0000127c,0x0000127b,0x0000124a,
0x0003003e,0x0000127d,0x00001275,0x0004003d,
0x0000001d,0x0000127f,0x0000125a,0x0003003e,
0x0000127e,0x0000127f,0x0003003e,0x00001280,
0x0000127a,0x0003003e,0x00001281,0x0000127c,
0x00080039,0x0000001d,0x00001282,0x00000059,
0x0000127d,0x0000127e,0x00001280,0x00001281,
0x00070050,0x00000039,0x00001283,0x00001282,
0x00001282,0x00001282,0x00001282,0x00050041,
0x0000005b,0x00001284,0x00000863,0x0000126d,
0x0003003e,0x00001284,0x00001283,0x000200f9,
0x00001251,0x000200f8,0x00001285,0x0004003d,
0x0000000c,0x00001286,0x00000836,0x000500aa,
0x0000001b,0x00001288,0x00001286,0x00001287,
0x000300f7,0x0000128a,0x00000000,0x000400fa,
0x00001288,0x00001289,0x000012c6,0x000200f8,
0x00001289,0x00050041,0x00000023,0x0000128c,
0x0000086c,0x0000019a,0x0004003d,0x0000001d,
0x0000128d,0x0000128c,0x00050081,0x0000001d,
0x0000128e,0x0000128d,0x00000336,0x0006000c,
0x0000001d,0x0000128f,0x00000001,0x00000008,
0x0000128e,0x0004006e,0x0000000c,0x00001290,
0x0000128f,0x0003003e,0x0000128b,0x00001290,
0x0004003d,0x00000039,0x00001292,0x00000851,
0x0007004f,0x0000002a,0x00001293,0x00001292,
0x00001292,0x00000000,0x00000001,0x00050050,
0x0000002a,0x00001294,0x00000336,0x00000336,
0x00050083,0x0000002a,0x00001295,0x00001293,
0x00001294,0x0003003e,0x00001291,0x00001295,
0x0004003d,0x0000000c,0x00001297,0x0000128b,
0x000500aa,0x0000001b,0x00001298,0x00001297,
0x00000219,0x000300f7,0x0000129b,0x00000000,
0x000400fa,0x00001298,0x0000129a,0x000012a4,
0x000200f8,0x0000129a,0x00050041,0x00000023,
0x0000129c,0x00001291,0x000001a0,0x0004003d,
0x0000001d,0x0000129d,0x0000129c,0x00050041,
0x00000023,0x0000129e,0x00001291,0x0000019a,
0x0004003d,0x0000001d,0x0000129f,0x0000129e,
0x0007000c,0x0000001d,0x000012a0,0x00000001,
0x00000019,0x0000129d,0x0000129f,0x00050088,
0x0000001d,0x000012a2,0x000012a0,0x000012a1,
0x00050081,0x0000001d,0x000012a3,0x000012a2,
0x00000336,0x0003003e,0x00001299,0x000012a3,
0x000200f9,0x0000129b,0x000200f8,0x000012a4,
0x0004003d,0x0000000c,0x000012a5,0x0000128b,
0x000500aa,0x0000001b,0x000012a6,0x000012a5,
0x00000323,0x000300f7,0x000012a9,0x00000000,
0x000400fa,0x000012a6,0x000012a8,0x000012ae,
0x000200f8,0x000012a8,0x0004003d,0x0000002a,
0x000012aa,0x00001291,0x0006000c,0x0000001d,
0x000012ab,0x00000001,0x00000042,0x000012aa,
0x00050085,0x0000001d,0x000012ad,0x000012ab,
0x000012ac,0x0003003e,0x000012a7,0x000012ad,
0x000200f9,0x000012a9,0x000200f8,0x000012ae,
0x0004003d,0x0000000c,0x000012af,0x0000128b,
0x000500aa,0x0000001b,0x000012b0,0x000012af,
0x00000469,0x000300f7,0x000012b3,0x00000000,
0x000400fa,0x000012b0,0x000012b2,0x000012bc,
0x000200f8,0x000012b2,0x00050041,0x00000023,
0x000012b4,0x00001291,0x0000019a,0x0004003d,
0x0000001d,0x000012b5,0x000012b4,0x0006000c,
0x0000001d,0x000012b6,0x00000001,0x00000004,
0x000012b5,0x00050041,0x00000023,0x000012b7,
0x00001291,0x000001a0,0x0004003d,0x0000001d,
0x000012b8,0x000012b7,0x0006000c,0x0000001d,
0x000012b9,0x00000001,0x00000004,0x000012b8,
0x0007000c,0x0000001d,0x000012ba,0x00000001,
0x00000028,0x000012b6,0x000012b9,0x00050085,
0x0000001d,0x000012bb,0x000001c6,0x000012ba,
0x0003003e,0x000012b1,0x000012bb,0x000200f9,
0x000012b3,0x000200f8,0x000012bc,0x00050041,
0x00000023,0x000012bd,0x00000851,0x0000019a,
0x0004003d,0x0000001d,0x000012be,0x000012bd,
0x0003003e,0x000012b1,0x000012be,0x000200f9,
0x000012b3,0x000200f8,0x000012b3,0x0004003d,
0x0000001d,0x000012bf,0x000012b1,0x0003003e,
0x000012a7,0x000012bf,0x000200f9,0x000012a9,
0x000200f8,0x000012a9,0x0004003d,0x0000001d,
0x000012c0,0x000012a7,0x0003003e,0x00001299,
0x000012c0,0x000200f9,0x0000129b,0x000200f8,
0x0000129b,0x0004003d,0x0000001d,0x000012c1,
0x00001299,0x0003003e,0x00001296,0x000012c1,
0x0004003d,0x0000000c,0x000012c2,0x00000825,
0x0004003d,0x0000001d,0x000012c3,0x00001296,
0x00070050,0x00000039,0x000012c4,0x000012c3,
0x000012c3,0x000012c3,0x000012c3,0x00050041,
0x0000005b,0x000012c5,0x00000863,0x000012c2,
0x0003003e,0x000012c5,0x000012c4,0x000200f9,
0x0000128a,0x000200f8,0x000012c6,0x0004003d,
0x0000000c,0x000012c7,0x00000836,0x000500aa,
0x0000001b,0x000012c9,0x000012c7,0x000012c8,
0x0004003d,0x0000000c,0x000012ca,0x00000836,
0x000500aa,0x0000001b,0x000012cc,0x000012ca,
0x000012cb,0x000500a6,0x0000001b,0x000012cd,
0x000012c9,0x000012cc,0x000300f7,0x000012cf,
0x00000000,0x000400fa,0x000012cd,0x000012ce,
0x0000137c,0x000200f8,0x000012ce,0x0004003d,
0x00000006,0x000012d1,0x0000082e,0x00050080,
0x00000006,0x000012d2,0x000012d1,0x000008c4,
0x00060041,0x0000081a,0x000012d3,0x00000810,
0x0000024b,0x000012d2,0x0004003d,0x0000001d,
0x000012d4,0x000012d3,0x00050081,0x0000001d,
0x000012d5,0x000012d4,0x00000336,0x0006000c,
0x0000001d,0x000012d6,0x00000001,0x00000008,
0x000012d5,0x0004006e,0x0000000c,0x000012d7,
0x000012d6,0x0004003d,0x0000000c,0x000012d8,
0x00000818,0x00050082,0x0000000c,0x000012d9,
0x000012d8,0x00000219,0x0008000c,0x0000000c,
0x000012da,0x00000001,0x0000002d,0x000012d7,
0x0000024b,0x000012d9,0x0003003e,0x000012d0,
0x000012da,0x00050041,0x00000023,0x000012dc,
0x0000086c,0x0000019a,0x0004003d,0x0000001d,
0x000012dd,0x000012dc,0x00050081,0x0000001d,
0x000012de,0x000012dd,0x00000336,0x0006000c,
0x0000001d,0x000012df,0x00000001,0x00000008,
0x000012de,0x0004006e,0x0000000c,0x000012e0,
0x000012df,0x0003003e,0x000012db,0x000012e0,
0x00050041,0x00000023,0x000012e2,0x00000889,
0x0000019a,0x0004003d,0x0000001d,0x000012e3,
0x000012e2,0x00050081,0x0000001d,0x000012e4,
0x000012e3,0x00000336,0x0006000c,0x0000001d,
0x000012e5,0x00000001,0x00000008,0x000012e4,
0x0004006e,0x0000000c,0x000012e6,0x000012e5,
0x0008000c,0x0000000c,0x000012e7,0x00000001,
0x0000002d,0x000012e6,0x00000323,0x00000954,
0x0003003e,0x000012e1,0x000012e7,0x00050041,
0x00000023,0x000012e9,0x00000851,0x0000019a,
0x0004003d,0x0000001d,0x000012ea,0x000012e9,
0x0003003e,0x000012e8,0x000012ea,0x0004003d,
0x0000000c,0x000012eb,0x00000836,0x000500aa,
0x0000001b,0x000012ec,0x000012eb,0x000012c8,
0x000300f7,0x000012ee,0x00000000,0x000400fa,
0x000012ec,0x000012ed,0x0000133a,0x000200f8,
0x000012ed,0x0004003d,0x0000000c,0x000012f0,
0x000012d0,0x00050080,0x0000000c,0x000012f1,
0x000012f0,0x00000219,0x0004003d,0x0000000c,
0x000012f2,0x00000818,0x00050082,0x0000000c,
0x000012f3,0x000012f2,0x00000219,0x0007000c,
0x0000000c,0x000012f4,0x00000001,0x00000027,
0x000012f1,0x000012f3,0x00050041,0x0000005b,
0x000012f5,0x00000863,0x000012f4,0x0004003d,
0x00000039,0x000012f6,0x000012f5,0x0003003e,
0x000012ef,0x000012f6,0x0003003e,0x000012f7,
0x00000219,0x000200f9,0x000012f8,0x000200f8,
0x000012f8,0x000400f6,0x000012fa,0x000012fb,
0x00000000,0x000200f9,0x000012fc,0x000200f8,
0x000012fc,0x0004003d,0x0000000c,0x000012fd,
0x000012f7,0x000500b3,0x0000001b,0x000012fe,
0x000012fd,0x00000948,0x000400fa,0x000012fe,
0x000012f9,0x000012fa,0x000200f8,0x000012f9,
0x0004003d,0x0000000c,0x000012ff,0x000012f7,
0x0004003d,0x0000000c,0x00001300,0x000012e1,
0x000500af,0x0000001b,0x00001301,0x000012ff,
0x00001300,0x000300f7,0x00001303,0x00000000,
0x000400fa,0x00001301,0x00001302,0x00001303,
0x000200f8,0x00001302,0x000200f9,0x000012fb,
0x000200f8,0x00001303,0x0004003d,0x0000000c,
0x00001306,0x000012d0,0x0004003d,0x0000000c,
0x00001307,0x000012f7,0x00050082,0x0000000c,
0x00001308,0x00001307,0x00000219,0x00050084,
0x0000000c,0x00001309,0x00001308,0x00000323,
0x00050080,0x0000000c,0x0000130a,0x00001306,
0x00001309,0x0003003e,0x00001305,0x0000130a,
0x0004003d,0x0000000c,0x0000130c,0x00001305,
0x0004003d,0x0000000c,0x0000130d,0x00000818,
0x00050082,0x0000000c,0x0000130e,0x0000130d,
0x00000219,0x0007000c,0x0000000c,0x0000130f,
0x00000001,0x00000027,0x0000130c,0x0000130e,
0x00060041,0x00000023,0x00001310,0x00000863,
0x0000130f,0x0000019a,0x0004003d,0x0000001d,
0x00001311,0x00001310,0x0003003e,0x0000130b,
0x00001311,0x0004003d,0x0000000c,0x00001313,
0x00001305,0x00050080,0x0000000c,0x00001314,
0x00001313,0x00000323,0x0004003d,0x0000000c,
0x00001315,0x00000818,0x00050082,0x0000000c,
0x00001316,0x00001315,0x00000219,0x0007000c,
0x0000000c,0x00001317,0x00000001,0x00000027,
0x00001314,0x00001316,0x00060041,0x00000023,
0x00001318,0x00000863,0x00001317,0x0000019a,
0x0004003d,0x0000001d,0x00001319,0x00001318,
0x0003003e,0x00001312,0x00001319,0x0004003d,
0x0000001d,0x0000131a,0x000012e8,0x0004003d,
0x0000001d,0x0000131b,0x0000130b,0x000500ba,
0x0000001b,0x0000131c,0x0000131a,0x0000131b,
0x000300f7,0x0000131e,0x00000000,0x000400fa,
0x0000131c,0x0000131d,0x0000131e,0x000200f8,
0x0000131d,0x0004003d,0x0000000c,0x0000131f,
0x00001305,0x00050080,0x0000000c,0x00001320,
0x0000131f,0x00000219,0x0004003d,0x0000000c,
0x00001321,0x00000818,0x00050082,0x0000000c,
0x00001322,0x00001321,0x00000219,0x0007000c,
0x0000000c,0x00001323,0x00000001,0x00000027,
0x00001320,0x00001322,0x0004003d,0x0000000c,
0x00001324,0x00001305,0x00050080,0x0000000c,
0x00001325,0x00001324,0x00000469,0x0004003d,
0x0000000c,0x00001326,0x00000818,0x00050082,
0x0000000c,0x00001327,0x00001326,0x00000219,
0x0007000c,0x0000000c,0x00001328,0x00000001,
0x00000027,0x00001325,0x00001327,0x0004003d,
0x0000001d,0x0000132a,0x000012e8,0x0003003e,
0x00001329,0x0000132a,0x0004003d,0x0000001d,
0x0000132c,0x0000130b,0x0003003e,0x0000132b,
0x0000132c,0x0004003d,0x0000001d,0x0000132e,
0x00001312,0x0003003e,0x0000132d,0x0000132e,
0x00050041,0x0000005b,0x00001330,0x00000863,
0x00001323,0x0004003d,0x00000039,0x00001331,
0x00001330,0x0003003e,0x0000132f,0x00001331,
0x00050041,0x0000005b,0x00001333,0x00000863,
0x00001328,0x0004003d,0x00000039,0x00001334,
0x00001333,0x0003003e,0x00001332,0x00001334,
0x0004003d,0x0000000c,0x00001336,0x000012db,
0x0003003e,0x00001335,0x00001336,0x000a0039,
0x00000039,0x00001337,0x00000063,0x00001329,
0x0000132b,0x0000132d,0x0000132f,0x00001332,
0x00001335,0x0003003e,0x000012ef,0x00001337,
0x000200f9,0x0000131e,0x000200f8,0x0000131e,
0x000200f9,0x000012fb,0x000200f8,0x000012fb,
0x0004003d,0x0000000c,0x00001338,0x000012f7,
0x00050080,0x0000000c,0x00001339,0x00001338,
0x00000219,0x0003003e,0x000012f7,0x00001339,
0x000200f9,0x000012f8,0x000200f8,0x000012fa,
0x000200f9,0x000012ee,0x000200f8,0x0000133a,
0x0004003d,0x0000000c,0x0000133c,0x000012d0,
0x00060041,0x00000023,0x0000133d,0x00000863,
0x0000133c,0x0000019a,0x0004003d,0x0000001d,
0x0000133e,0x0000133d,0x0003003e,0x0000133b,
0x0000133e,0x0004003d,0x0000000c,0x00001340,
0x000012d0,0x00050080,0x0000000c,0x00001341,
0x00001340,0x00000219,0x0004003d,0x0000000c,
0x00001342,0x00000818,0x00050082,0x0000000c,
0x00001343,0x00001342,0x00000219,0x0007000c,
0x0000000c,0x00001344,0x00000001,0x00000027,
0x00001341,0x00001343,0x00060041,0x00000023,
0x00001345,0x00000863,0x00001344,0x0000019a,
0x0004003d,0x0000001d,0x00001346,0x00001345,
0x0003003e,0x0000133f,0x00001346,0x0004003d,
0x0000000c,0x00001348,0x000012d0,0x00050080,
0x0000000c,0x00001349,0x00001348,0x00000475,
0x0004003d,0x0000000c,0x0000134a,0x00000818,
0x00050082,0x0000000c,0x0000134b,0x0000134a,
0x00000219,0x0007000c,0x0000000c,0x0000134c,
0x00000001,0x00000027,0x00001349,0x0000134b,
0x00060041,0x00000023,0x0000134d,0x00000863,
0x0000134c,0x0000019a,0x0004003d,0x0000001d,
0x0000134e,0x0000134d,0x0004006e,0x0000000c,
0x0000134f,0x0000134e,0x0003003e,0x00001347,
0x0000134f,0x0004003d,0x0000000c,0x00001350,
0x000012d0,0x00050080,0x0000000c,0x00001351,
0x00001350,0x00000171,0x0004003d,0x0000000c,
0x00001352,0x00000818,0x00050082,0x0000000c,
0x00001353,0x00001352,0x00000219,0x0007000c,
0x0000000c,0x00001354,0x00000001,0x00000027,
0x00001351,0x00001353,0x00050041,0x0000005b,
0x00001355,0x00000863,0x00001354,0x0004003d,
0x00000039,0x00001356,0x00001355,0x0003003e,
0x000012ef,0x00001356,0x0004003d,0x0000000c,
0x00001357,0x00001347,0x0004003d,0x0000000c,
0x00001358,0x000012e1,0x000500b1,0x0000001b,
0x00001359,0x00001357,0x00001358,0x0004003d,
0x0000001d,0x0000135a,0x000012e8,0x0004003d,
0x0000001d,0x0000135b,0x0000133b,0x000500ba,
0x0000001b,0x0000135c,0x0000135a,0x0000135b,
0x000500a7,0x0000001b,0x0000135d,0x00001359,
0x0000135c,0x000300f7,0x0000135f,0x00000000,
0x000400fa,0x0000135d,0x0000135e,0x0000135f,
0x000200f8,0x0000135e,0x0004003d,0x0000000c,
0x00001360,0x000012d0,0x00050080,0x0000000c,
0x00001361,0x00001360,0x00000323,0x0004003d,
0x0000000c,0x00001362,0x00000818,0x00050082,
0x0000000c,0x00001363,0x00001362,0x00000219,
0x0007000c,0x0000000c,0x00001364,0x00000001,
0x00000027,0x00001361,0x00001363,0x0004003d,
0x0000000c,0x00001365,0x000012d0,0x00050080,
0x0000000c,0x00001366,0x00001365,0x00000469,
0x0004003d,0x0000000c,0x00001367,0x00000818,
0x00050082,0x0000000c,0x00001368,0x00001367,
0x00000219,0x0007000c,0x0000000c,0x00001369,
0x00000001,0x00000027,0x00001366,0x00001368,
0x0004003d,0x0000001d,0x0000136b,0x000012e8,
0x0003003e,0x0000136a,0x0000136b,0x0004003d,
0x0000001d,0x0000136d,0x0000133b,0x0003003e,
0x0000136c,0x0000136d,0x0004003d,0x0000001d,
0x0000136f,0x0000133f,0x0003003e,0x0000136e,
0x0000136f,0x00050041,0x0000005b,0x00001371,
0x00000863,0x00001364,0x0004003d,0x00000039,
0x00001372,0x00001371,0x0003003e,0x00001370,
0x00001372,0x00050041,0x0000005b,0x00001374,
0x00000863,0x00001369,0x0004003d,0x00000039,
0x00001375,0x00001374,0x0003003e,0x00001373,
0x00001375,0x0004003d,0x0000000c,0x00001377,
0x000012db,0x0003003e,0x00001376,0x00001377,
0x000a0039,0x00000039,0x00001378,0x00000063,
0x0000136a,0x0000136c,0x0000136e,0x00001370,
0x00001373,0x00001376,0x0003003e,0x000012ef,
0x00001378,0x000200f9,0x0000135f,0x000200f8,
0x0000135f,0x000200f9,0x000012ee,0x000200f8,
0x000012ee,0x0004003d,0x0000000c,0x00001379,
0x00000825,0x0004003d,0x00000039,0x0000137a,
0x000012ef,0x00050041,0x0000005b,0x0000137b,
0x00000863,0x00001379,0x0003003e,0x0000137b,
0x0000137a,0x000200f9,0x000012cf,0x000200f8,
0x0000137c,0x0004003d,0x0000000c,0x0000137d,
0x00000825,0x0004003d,0x00000039,0x0000137e,
0x00000851,0x00050041,0x0000005b,0x0000137f,
0x00000863,0x0000137d,0x0003003e,0x0000137f,
0x0000137e,0x000200f9,0x000012cf,0x000200f8,
0x000012cf,0x000200f9,0x0000128a,0x000200f8,
0x0000128a,0x000200f9,0x00001251,0x000200f8,
0x00001251,0x000200f9,0x0000121a,0x000200f8,
0x0000121a,0x000200f9,0x000011d1,0x000200f8,
0x000011d1,0x000200f9,0x00001130,0x000200f8,
0x00001130,0x000200f9,0x00001111,0x000200f8,
0x00001111,0x000200f9,0x0000106c,0x000200f8,
0x0000106c,0x000200f9,0x0000105a,0x000200f8,
0x0000105a,0x000200f9,0x00001046,0x000200f8,
0x00001046,0x000200f9,0x00000fc1,0x000200f8,
0x00000fc1,0x000200f9,0x00000fae,0x000200f8,
0x00000fae,0x000200f9,0x00000f9a,0x000200f8,
0x00000f9a,0x000200f9,0x00000f92,0x000200f8,
0x00000f92,0x000200f9,0x00000f7c,0x000200f8,
0x00000f7c,0x000200f9,0x00000f6b,0x000200f8,
0x00000f6b,0x000200f9,0x00000f40,0x000200f8,
0x00000f40,0x000200f9,0x00000f16,0x000200f8,
0x00000f16,0x000200f9,0x00000ef2,0x000200f8,
0x00000ef2,0x000200f9,0x00000edf,0x000200f8,
0x00000edf,0x000200f9,0x00000eca,0x000200f8,
0x00000eca,0x000200f9,0x00000eb7,0x000200f8,
0x00000eb7,0x000200f9,0x00000ea9,0x000200f8,
0x00000ea9,0x000200f9,0x00000e87,0x000200f8,
0x00000e87,0x000200f9,0x00000e75,0x000200f8,
0x00000e75,0x000200f9,0x00000e63,0x000200f8,
0x00000e63,0x000200f9,0x00000e11,0x000200f8,
0x00000e11,0x000200f9,0x00000dec,0x000200f8,
0x00000dec,0x000200f9,0x00000db8,0x000200f8,
0x00000db8,0x000200f9,0x00000d88,0x000200f8,
0x00000d88,0x000200f9,0x00000d6a,0x000200f8,
0x00000d6a,0x000200f9,0x00000d4f,0x000200f8,
0x00000d4f,0x000200f9,0x00000d33,0x000200f8,
0x00000d33,0x000200f9,0x00000d20,0x000200f8,
0x00000d20,0x000200f9,0x00000d16,0x000200f8,
0x00000d16,0x000200f9,0x00000cec,0x000200f8,
0x00000cec,0x000200f9,0x00000cdd,0x000200f8,
0x00000cdd,0x000200f9,0x00000cd2,0x000200f8,
0x00000cd2,0x000200f9,0x00000cc6,0x000200f8,
0x00000cc6,0x000200f9,0x00000c89,0x000200f8,
0x00000c89,0x000200f9,0x00000c5e,0x000200f8,
0x00000c5e,0x000200f9,0x00000c51,0x000200f8,
0x00000c51,0x000200f9,0x00000c48,0x000200f8,
0x00000c48,0x000200f9,0x00000c35,0x000200f8,
0x00000c35,0x000200f9,0x00000c26,0x000200f8,
0x00000c26,0x000200f9,0x00000c1c,0x000200f8,
0x00000c1c,0x000200f9,0x00000c12,0x000200f8,
0x00000c12,0x000200f9,0x00000c07,0x000200f8,
0x00000c07,0x000200f9,0x00000b90,0x000200f8,
0x00000b90,0x000200f9,0x00000b55,0x000200f8,
0x00000b55,0x000200f9,0x00000b24,0x000200f8,
0x00000b24,0x000200f9,0x00000b07,0x000200f8,
0x00000b07,0x000200f9,0x00000afa,0x000200f8,
0x00000afa,0x000200f9,0x00000aea,0x000200f8,
0x00000aea,0x000200f9,0x00000ae0,0x000200f8,
0x00000ae0,0x000200f9,0x00000acc,0x000200f8,
0x00000acc,0x000200f9,0x00000ac0,0x000200f8,
0x00000ac0,0x000200f9,0x00000ab7,0x000200f8,
0x00000ab7,0x000200f9,0x00000aad,0x000200f8,
0x00000aad,0x000200f9,0x00000a35,0x000200f8,
0x00000a35,0x000200f9,0x00000a29,0x000200f8,
0x00000a29,0x000200f9,0x00000a19,0x000200f8,
0x00000a19,0x000200f9,0x00000a0d,0x000200f8,
0x00000a0d,0x000200f9,0x00000a02,0x000200f8,
0x00000a02,0x000200f9,0x000009f9,0x000200f8,
0x000009f9,0x000200f9,0x000009f0,0x000200f8,
0x000009f0,0x000200f9,0x000009e6,0x000200f8,
0x000009e6,0x000200f9,0x000009db,0x000200f8,
0x000009db,0x000200f9,0x000009cd,0x000200f8,
0x000009cd,0x000200f9,0x000009bd,0x000200f8,
0x000009bd,0x000200f9,0x000009b3,0x000200f8,
0x000009b3,0x000200f9,0x000009a9,0x000200f8,
0x000009a9,0x000200f9,0x0000099e,0x000200f8,
0x0000099e,0x000200f9,0x00000995,0x000200f8,
0x00000995,0x000200f9,0x0000098b,0x000200f8,
0x0000098b,0x000200f9,0x00000981,0x000200f8,
0x00000981,0x000200f9,0x00000975,0x000200f8,
0x00000975,0x000200f9,0x00000964,0x000200f8,
0x00000964,0x000200f9,0x00000957,0x000200f8,
0x00000957,0x000200f9,0x0000094b,0x000200f8,
0x0000094b,0x000200f9,0x0000093c,0x000200f8,
0x0000093c,0x000200f9,0x0000092e,0x000200f8,
0x0000092e,0x000200f9,0x00000924,0x000200f8,
0x00000924,0x000200f9,0x0000091a,0x000200f8,
0x0000091a,0x000200f9,0x00000910,0x000200f8,
0x00000910,0x000200f9,0x000008fa,0x000200f8,
0x000008fa,0x000200f9,0x000008e9,0x000200f8,
0x000008e9,0x000200f9,0x000008de,0x000200f8,
0x000008de,0x000200f9,0x00000829,0x000200f8,
0x00000829,0x0004003d,0x0000000c,0x00001380,
0x00000825,0x00050080,0x0000000c,0x00001381,
0x00001380,0x00000219,0x0003003e,0x00000825,
0x00001381,0x000200f9,0x00000826,0x000200f8,
0x00000828,0x0003003e,0x00001382,0x0000019a,
0x000200f9,0x00001383,0x000200f8,0x00001383,
0x000400f6,0x00001385,0x00001386,0x00000000,
0x000200f9,0x00001387,0x000200f8,0x00001387,
0x0004003d,0x00000006,0x00001388,0x00001382,
0x000500b0,0x0000001b,0x00001389,0x00001388,
0x0000008b,0x000400fa,0x00001389,0x00001384,
0x00001385,0x000200f8,0x00001384,0x0004003d,
0x00000006,0x0000138b,0x00000806,0x00050080,
0x00000006,0x0000138c,0x0000138b,0x000001a0,
0x0004003d,0x00000006,0x0000138d,0x00001382,
0x00050080,0x00000006,0x0000138e,0x0000138c,
0x0000138d,0x00060041,0x0000081a,0x0000138f,
0x00000810,0x0000024b,0x0000138e,0x0004003d,
0x0000001d,0x00001390,0x0000138f,0x0006000c,
0x0000001d,0x00001391,0x00000001,0x00000001,
0x00001390,0x0004006e,0x0000000c,0x00001392,
0x00001391,0x0003003e,0x0000138a,0x00001392,
0x0004003d,0x0000000c,0x00001393,0x0000138a,
0x000500af,0x0000001b,0x00001394,0x00001393,
0x0000024b,0x0004003d,0x0000000c,0x00001395,
0x0000138a,0x0004003d,0x0000000c,0x00001396,
0x00000818,0x000500b1,0x0000001b,0x00001397,
0x00001395,0x00001396,0x000500a7,0x0000001b,
0x00001398,0x00001394,0x00001397,0x000300f7,
0x0000139a,0x00000000,0x000400fa,0x00001398,
0x00001399,0x0000139a,0x000200f8,0x00001399,
0x0004003d,0x00000006,0x0000139b,0x00001382,
0x0004003d,0x0000000c,0x0000139c,0x0000138a,
0x00050041,0x0000005b,0x0000139d,0x00000863,
0x0000139c,0x0004003d,0x00000039,0x0000139e,
0x0000139d,0x00050041,0x0000005b,0x0000139f,
0x00000093,0x0000139b,0x0003003e,0x0000139f,
0x0000139e,0x000200f9,0x0000139a,0x000200f8,
0x0000139a,0x000200f9,0x00001386,0x000200f8,
0x00001386,0x0004003d,0x00000006,0x000013a0,
0x00001382,0x00050080,0x00000006,0x000013a1,
0x000013a0,0x00000219,0x0003003e,0x00001382,
0x000013a1,0x000200f9,0x00001383,0x000200f8,
0x00001385,0x000100fd,0x00010038,0x00050036,
0x0000001b,0x0000009e,0x00000000,0x00000098,
0x00030037,0x00000038,0x00000099,0x00030037,
0x00000038,0x0000009a,0x00030037,0x00000023,
0x0000009b,0x00030037,0x00000023,0x0000009c,
0x00030037,0x00000097,0x0000009d,0x000200f8,
0x0000009f,0x0004003b,0x00000007,0x000013c1,
0x00000007,0x0004003b,0x00000007,0x000013cb,
0x00000007,0x0004003b,0x00000007,0x000013d2,
0x00000007,0x0004003b,0x00000038,0x000013d9,
0x00000007,0x0004003b,0x00000038,0x000013ed,
0x00000007,0x0004003b,0x00000038,0x000013fd,
0x00000007,0x0004003b,0x00000023,0x0000140d,
0x00000007,0x0004003b,0x00000038,0x0000141b,
0x00000007,0x0004003b,0x00000038,0x0000142c,
0x00000007,0x0004003b,0x00000038,0x0000143d,
0x00000007,0x0004003b,0x0000002b,0x0000146d,
0x00000007,0x0004003b,0x0000002b,0x00001479,
0x00000007,0x0004003b,0x0000002b,0x00001485,
0x00000007,0x0004003b,0x0000002b,0x0000149f,
0x00000007,0x0004003b,0x0000002b,0x000014a3,
0x00000007,0x0004003b,0x00000023,0x000014a7,
0x00000007,0x0004003b,0x00000038,0x000014b6,
0x00000007,0x0004003b,0x00000038,0x000014cf,
0x00000007,0x0004003d,0x000013a5,0x000013a8,
0x000013a7,0x0004003d,0x00000037,0x000013a9,
0x00000099,0x0004003d,0x0000001d,0x000013aa,
0x0000009b,0x0004003d,0x00000037,0x000013ab,
0x0000009a,0x0004003d,0x0000001d,0x000013ac,
0x0000009c,0x00091179,0x000013a4,0x000013a8,
0x000001a0,0x00000256,0x000013a9,0x000013aa,
0x000013ab,0x000013ac,0x000200f9,0x000013ad,
0x000200f8,0x000013ad,0x000400f6,0x000013af,
0x000013b0,0x00000000,0x000200f9,0x000013b1,
0x000200f8,0x000013b1,0x0004117d,0x0000001b,
0x000013b2,0x000013a4,0x000400fa,0x000013b2,
0x000013ae,0x000013af,0x000200f8,0x000013ae,
0x000200f9,0x000013b0,0x000200f8,0x000013b0,
0x000200f9,0x000013ad,0x000200f8,0x000013af,
0x0005117f,0x00000006,0x000013b4,0x000013a4,
0x00000219,0x000500aa,0x0000001b,0x000013b5,
0x000013b4,0x0000019a,0x000300f7,0x000013b7,
0x00000000,0x000400fa,0x000013b5,0x000013b6,
0x000013b7,0x000200f8,0x000013b6,0x000200fe,
0x000013b8,0x000200f8,0x000013b7,0x00051782,
0x0000001d,0x000013ba,0x000013a4,0x00000219,
0x00050041,0x00000023,0x000013bb,0x0000009d,
0x0000024b,0x0003003e,0x000013bb,0x000013ba,
0x00051787,0x0000000c,0x000013bc,0x000013a4,
0x00000219,0x0004007c,0x00000006,0x000013bd,
0x000013bc,0x00050041,0x00000007,0x000013be,
0x0000009d,0x00000219,0x0003003e,0x000013be,
0x000013bd,0x00051788,0x0000002a,0x000013bf,
0x000013a4,0x00000219,0x00050041,0x0000002b,
0x000013c0,0x0000009d,0x00000323,0x0003003e,
0x000013c0,0x000013bf,0x00050041,0x00000007,
0x000013c6,0x0000009d,0x00000219,0x0004003d,
0x00000006,0x000013c7,0x000013c6,0x00050084,
0x00000006,0x000013c8,0x000013c7,0x00000191,
0x00060041,0x0000072f,0x000013c9,0x000013c5,
0x0000024b,0x000013c8,0x0004003d,0x00000006,
0x000013ca,0x000013c9,0x0003003e,0x000013c1,
0x000013ca,0x00050041,0x00000007,0x000013cc,
0x0000009d,0x00000219,0x0004003d,0x00000006,
0x000013cd,0x000013cc,0x00050084,0x00000006,
0x000013ce,0x000013cd,0x00000191,0x00050080,
0x00000006,0x000013cf,0x000013ce,0x000001a0,
0x00060041,0x0000072f,0x000013d0,0x000013c5,
0x0000024b,0x000013cf,0x0004003d,0x00000006,
0x000013d1,0x000013d0,0x0003003e,0x000013cb,
0x000013d1,0x00050041,0x00000007,0x000013d3,
0x0000009d,0x00000219,0x0004003d,0x00000006,
0x000013d4,0x000013d3,0x00050084,0x00000006,
0x000013d5,0x000013d4,0x00000191,0x00050080,
0x00000006,0x000013d6,0x000013d5,0x00000192,
0x00060041,0x0000072f,0x000013d7,0x000013c5,
0x0000024b,0x000013d6,0x0004003d,0x00000006,
0x000013d8,0x000013d7,0x0003003e,0x000013d2,
0x000013d8,0x0004003d,0x00000006,0x000013de,
0x000013c1,0x00050084,0x00000006,0x000013df,
0x000013de,0x000003b2,0x00060041,0x0000081a,
0x000013e0,0x000013dd,0x0000024b,0x000013df,
0x0004003d,0x0000001d,0x000013e1,0x000013e0,
0x0004003d,0x00000006,0x000013e2,0x000013c1,
0x00050084,0x00000006,0x000013e3,0x000013e2,
0x000003b2,0x00050080,0x00000006,0x000013e4,
0x000013e3,0x000001a0,0x00060041,0x0000081a,
0x000013e5,0x000013dd,0x0000024b,0x000013e4,
0x0004003d,0x0000001d,0x000013e6,0x000013e5,
0x0004003d,0x00000006,0x000013e7,0x000013c1,
0x00050084,0x00000006,0x000013e8,0x000013e7,
0x000003b2,0x00050080,0x00000006,0x000013e9,
0x000013e8,0x00000192,0x00060041,0x0000081a,
0x000013ea,0x000013dd,0x0000024b,0x000013e9,
0x0004003d,0x0000001d,0x000013eb,0x000013ea,
0x00060050,0x00000037,0x000013ec,0x000013e1,
0x000013e6,0x000013eb,0x0003003e,0x000013d9,
0x000013ec,0x0004003d,0x00000006,0x000013ee,
0x000013cb,0x00050084,0x00000006,0x000013ef,
0x000013ee,0x000003b2,0x00060041,0x0000081a,
0x000013f0,0x000013dd,0x0000024b,0x000013ef,
0x0004003d,0x0000001d,0x000013f1,0x000013f0,
0x0004003d,0x00000006,0x000013f2,0x000013cb,
0x00050084,0x00000006,0x000013f3,0x000013f2,
0x000003b2,0x00050080,0x00000006,0x000013f4,
0x000013f3,0x000001a0,0x00060041,0x0000081a,
0x000013f5,0x000013dd,0x0000024b,0x000013f4,
0x0004003d,0x0000001d,0x000013f6,0x000013f5,
0x0004003d,0x00000006,0x000013f7,0x000013cb,
0x00050084,0x00000006,0x000013f8,0x000013f7,
0x000003b2,0x00050080,0x00000006,0x000013f9,
0x000013f8,0x00000192,0x00060041,0x0000081a,
0x000013fa,0x000013dd,0x0000024b,0x000013f9,
0x0004003d,0x0000001d,0x000013fb,0x000013fa,
0x00060050,0x00000037,0x000013fc,0x000013f1,
0x000013f6,0x000013fb,0x0003003e,0x000013ed,
0x000013fc,0x0004003d,0x00000006,0x000013fe,
0x000013d2,0x00050084,0x00000006,0x000013ff,
0x000013fe,0x000003b2,0x00060041,0x0000081a,
0x00001400,0x000013dd,0x0000024b,0x000013ff,
0x0004003d,0x0000001d,0x00001401,0x00001400,
0x0004003d,0x00000006,0x00001402,0x000013d2,
0x00050084,0x00000006,0x00001403,0x00001402,
0x000003b2,0x00050080,0x00000006,0x00001404,
0x00001403,0x000001a0,0x00060041,0x0000081a,
0x00001405,0x000013dd,0x0000024b,0x00001404,
0x0004003d,0x0000001d,0x00001406,0x00001405,
0x0004003d,0x00000006,0x00001407,0x000013d2,
0x00050084,0x00000006,0x00001408,0x00001407,
0x000003b2,0x00050080,0x00000006,0x00001409,
0x00001408,0x00000192,0x00060041,0x0000081a,
0x0000140a,0x000013dd,0x0000024b,0x00001409,
0x0004003d,0x0000001d,0x0000140b,0x0000140a,
0x00060050,0x00000037,0x0000140c,0x00001401,
0x00001406,0x0000140b,0x0003003e,0x000013fd,
0x0000140c,0x00060041,0x00000023,0x0000140e,
0x0000009d,0x00000323,0x0000019a,0x0004003d,
0x0000001d,0x0000140f,0x0000140e,0x00050083,
0x0000001d,0x00001410,0x00000271,0x0000140f,
0x00060041,0x00000023,0x00001411,0x0000009d,
0x00000323,0x000001a0,0x0004003d,0x0000001d,
0x00001412,0x00001411,0x00050083,0x0000001d,
0x00001413,0x00001410,0x00001412,0x0003003e,
0x0000140d,0x00001413,0x0004003d,0x00000037,
0x00001414,0x00000099,0x0004003d,0x00000037,
0x00001415,0x0000009a,0x00050041,0x00000023,
0x00001416,0x0000009d,0x0000024b,0x0004003d,
0x0000001d,0x00001417,0x00001416,0x0005008e,
0x00000037,0x00001418,0x00001415,0x00001417,
0x00050081,0x00000037,0x00001419,0x00001414,
0x00001418,0x00050041,0x00000038,0x0000141a,
0x0000009d,0x00000469,0x0003003e,0x0000141a,
0x00001419,0x0004003d,0x00000006,0x0000141c,
0x000013c1,0x00050084,0x00000006,0x0000141d,
0x0000141c,0x000003b2,0x00050080,0x00000006,
0x0000141e,0x0000141d,0x00000191,0x00060041,
0x0000081a,0x0000141f,0x000013dd,0x0000024b,
0x0000141e,0x0004003d,0x0000001d,0x00001420,
0x0000141f,0x0004003d,0x00000006,0x00001421,
0x000013c1,0x00050084,0x00000006,0x00001422,
0x00001421,0x000003b2,0x00050080,0x00000006,
0x00001423,0x00001422,0x000001c0,0x00060041,
0x0000081a,0x00001424,0x000013dd,0x0000024b,
0x00001423,0x0004003d,0x0000001d,0x00001425,
0x00001424,0x0004003d,0x00000006,0x00001426,
0x000013c1,0x00050084,0x00000006,0x00001427,
0x00001426,0x000003b2,0x00050080,0x00000006,
0x00001428,0x00001427,0x00000639,0x00060041,
0x0000081a,0x00001429,0x000013dd,0x0000024b,
0x00001428,0x0004003d,0x0000001d,0x0000142a,
0x00001429,0x00060050,0x00000037,0x0000142b,
0x00001420,0x00001425,0x0000142a,0x0003003e,
0x0000141b,0x0000142b,0x0004003d,0x00000006,
0x0000142d,0x000013cb,0x00050084,0x00000006,
0x0000142e,0x0000142d,0x000003b2,0x00050080,
0x00000006,0x0000142f,0x0000142e,0x00000191,
0x00060041,0x0000081a,0x00001430,0x000013dd,
0x0000024b,0x0000142f,0x0004003d,0x0000001d,
0x00001431,0x00001430,0x0004003d,0x00000006,
0x00001432,0x000013cb,0x00050084,0x00000006,
0x00001433,0x00001432,0x000003b2,0x00050080,
0x00000006,0x00001434,0x00001433,0x000001c0,
0x00060041,0x0000081a,0x00001435,0x000013dd,
0x0000024b,0x00001434,0x0004003d,0x0000001d,
0x00001436,0x00001435,0x0004003d,0x00000006,
0x00001437,0x000013cb,0x00050084,0x00000006,
0x00001438,0x00001437,0x000003b2,0x00050080,
0x00000006,0x00001439,0x00001438,0x00000639,
0x00060041,0x0000081a,0x0000143a,0x000013dd,
0x0000024b,0x00001439,0x0004003d,0x0000001d,
0x0000143b,0x0000143a,0x00060050,0x00000037,
0x0000143c,0x00001431,0x00001436,0x0000143b,
0x0003003e,0x0000142c,0x0000143c,0x0004003d,
0x00000006,0x0000143e,0x000013d2,0x00050084,
0x00000006,0x0000143f,0x0000143e,0x000003b2,
0x00050080,0x00000006,0x00001440,0x0000143f,
0x00000191,0x00060041,0x0000081a,0x00001441,
0x000013dd,0x0000024b,0x00001440,0x0004003d,
0x0000001d,0x00001442,0x00001441,0x0004003d,
0x00000006,0x00001443,0x000013d2,0x00050084,
0x00000006,0x00001444,0x00001443,0x000003b2,
0x00050080,0x00000006,0x00001445,0x00001444,
0x000001c0,0x00060041,0x0000081a,0x00001446,
0x000013dd,0x0000024b,0x00001445,0x0004003d,
0x0000001d,0x00001447,0x00001446,0x0004003d,
0x00000006,0x00001448,0x000013d2,0x00050084,
0x00000006,0x00001449,0x00001448,0x000003b2,
0x00050080,0x00000006,0x0000144a,0x00001449,
0x00000639,0x00060041,0x0000081a,0x0000144b,
0x000013dd,0x0000024b,0x0000144a,0x0004003d,
0x0000001d,0x0000144c,0x0000144b,0x00060050,
0x00000037,0x0000144d,0x00001442,0x00001447,
0x0000144c,0x0003003e,0x0000143d,0x0000144d,
0x0004003d,0x00000037,0x0000144e,0x0000141b,
0x0004003d,0x0000001d,0x0000144f,0x0000140d,
0x0005008e,0x00000037,0x00001450,0x0000144e,
0x0000144f,0x0004003d,0x00000037,0x00001451,
0x0000142c,0x00060041,0x00000023,0x00001452,
0x0000009d,0x00000323,0x0000019a,0x0004003d,
0x0000001d,0x00001453,0x00001452,0x0005008e,
0x00000037,0x00001454,0x00001451,0x00001453,
0x00050081,0x00000037,0x00001455,0x00001450,
0x00001454,0x0004003d,0x00000037,0x00001456,
0x0000143d,0x00060041,0x00000023,0x00001457,
0x0000009d,0x00000323,0x000001a0,0x0004003d,
0x0000001d,0x00001458,0x00001457,0x0005008e,
0x00000037,0x00001459,0x00001456,0x00001458,
0x00050081,0x00000037,0x0000145a,0x00001455,
0x00001459,0x0006000c,0x00000037,0x0000145b,
0x00000001,0x00000045,0x0000145a,0x00050041,
0x00000038,0x0000145c,0x0000009d,0x00000171,
0x0003003e,0x0000145c,0x0000145b,0x00050041,
0x00000038,0x0000145d,0x0000009d,0x00000171,
0x0004003d,0x00000037,0x0000145e,0x0000145d,
0x0006000c,0x0000001d,0x0000145f,0x00000001,
0x00000042,0x0000145e,0x000500b8,0x0000001b,
0x00001461,0x0000145f,0x00001460,0x000300f7,
0x00001463,0x00000000,0x000400fa,0x00001461,
0x00001462,0x00001463,0x000200f8,0x00001462,
0x0004003d,0x00000037,0x00001464,0x000013ed,
0x0004003d,0x00000037,0x00001465,0x000013d9,
0x00050083,0x00000037,0x00001466,0x00001464,
0x00001465,0x0004003d,0x00000037,0x00001467,
0x000013fd,0x0004003d,0x00000037,0x00001468,
0x000013d9,0x00050083,0x00000037,0x00001469,
0x00001467,0x00001468,0x0007000c,0x00000037,
0x0000146a,0x00000001,0x00000044,0x00001466,
0x00001469,0x0006000c,0x00000037,0x0000146b,
0x00000001,0x00000045,0x0000146a,0x00050041,
0x00000038,0x0000146c,0x0000009d,0x00000171,
0x0003003e,0x0000146c,0x0000146b,0x000200f9,
0x00001463,0x000200f8,0x00001463,0x0004003d,
0x00000006,0x0000146e,0x000013c1,0x00050084,
0x00000006,0x0000146f,0x0000146e,0x000003b2,
0x00050080,0x00000006,0x00001470,0x0000146f,
0x00000664,0x00060041,0x0000081a,0x00001471,
0x000013dd,0x0000024b,0x00001470,0x0004003d,
0x0000001d,0x00001472,0x00001471,0x0004003d,
0x00000006,0x00001473,0x000013c1,0x00050084,
0x00000006,0x00001474,0x00001473,0x000003b2,
0x00050080,0x00000006,0x00001475,0x00001474,
0x000001bc,0x00060041,0x0000081a,0x00001476,
0x000013dd,0x0000024b,0x00001475,0x0004003d,
0x0000001d,0x00001477,0x00001476,0x00050050,
0x0000002a,0x00001478,0x00001472,0x00001477,
0x0003003e,0x0000146d,0x00001478,0x0004003d,
0x00000006,0x0000147a,0x000013cb,0x00050084,
0x00000006,0x0000147b,0x0000147a,0x000003b2,
0x00050080,0x00000006,0x0000147c,0x0000147b,
0x00000664,0x00060041,0x0000081a,0x0000147d,
0x000013dd,0x0000024b,0x0000147c,0x0004003d,
0x0000001d,0x0000147e,0x0000147d,0x0004003d,
0x00000006,0x0000147f,0x000013cb,0x00050084,
0x00000006,0x00001480,0x0000147f,0x000003b2,
0x00050080,0x00000006,0x00001481,0x00001480,
0x000001bc,0x00060041,0x0000081a,0x00001482,
0x000013dd,0x0000024b,0x00001481,0x0004003d,
0x0000001d,0x00001483,0x00001482,0x00050050,
0x0000002a,0x00001484,0x0000147e,0x00001483,
0x0003003e,0x00001479,0x00001484,0x0004003d,
0x00000006,0x00001486,0x000013d2,0x00050084,
0x00000006,0x00001487,0x00001486,0x000003b2,
0x00050080,0x00000006,0x00001488,0x00001487,
0x00000664,0x00060041,0x0000081a,0x00001489,
0x000013dd,0x0000024b,0x00001488,0x0004003d,
0x0000001d,0x0000148a,0x00001489,0x0004003d,
0x00000006,0x0000148b,0x000013d2,0x00050084,
0x00000006,0x0000148c,0x0000148b,0x000003b2,
0x00050080,0x00000006,0x0000148d,0x0000148c,
0x000001bc,0x00060041,0x0000081a,0x0000148e,
0x000013dd,0x0000024b,0x0000148d,0x0004003d,
0x0000001d,0x0000148f,0x0000148e,0x00050050,
0x0000002a,0x00001490,0x0000148a,0x0000148f,
0x0003003e,0x00001485,0x00001490,0x0004003d,
0x0000002a,0x00001491,0x0000146d,0x0004003d,
0x0000001d,0x00001492,0x0000140d,0x0005008e,
0x0000002a,0x00001493,0x00001491,0x00001492,
0x0004003d,0x0000002a,0x00001494,0x00001479,
0x00060041,0x00000023,0x00001495,0x0000009d,
0x00000323,0x0000019a,0x0004003d,0x0000001d,
0x00001496,0x00001495,0x0005008e,0x0000002a,
0x00001497,0x00001494,0x00001496,0x00050081,
0x0000002a,0x00001498,0x00001493,0x00001497,
0x0004003d,0x0000002a,0x00001499,0x00001485,
0x00060041,0x00000023,0x0000149a,0x0000009d,
0x00000323,0x000001a0,0x0004003d,0x0000001d,
0x0000149b,0x0000149a,0x0005008e,0x0000002a,
0x0000149c,0x00001499,0x0000149b,0x00050081,
0x0000002a,0x0000149d,0x00001498,0x0000149c,
0x00050041,0x0000002b,0x0000149e,0x0000009d,
0x0000047b,0x0003003e,0x0000149e,0x0000149d,
0x0004003d,0x0000002a,0x000014a0,0x00001479,
0x0004003d,0x0000002a,0x000014a1,0x0000146d,
0x00050083,0x0000002a,0x000014a2,0x000014a0,
0x000014a1,0x0003003e,0x0000149f,0x000014a2,
0x0004003d,0x0000002a,0x000014a4,0x00001485,
0x0004003d,0x0000002a,0x000014a5,0x0000146d,
0x00050083,0x0000002a,0x000014a6,0x000014a4,
0x000014a5,0x0003003e,0x000014a3,0x000014a6,
0x00050041,0x00000023,0x000014a8,0x0000149f,
0x0000019a,0x0004003d,0x0000001d,0x000014a9,
0x000014a8,0x00050041,0x00000023,0x000014aa,
0x000014a3,0x000001a0,0x0004003d,0x0000001d,
0x000014ab,0x000014aa,0x00050085,0x0000001d,
0x000014ac,0x000014a9,0x000014ab,0x00050041,
0x00000023,0x000014ad,0x0000149f,0x000001a0,
0x0004003d,0x0000001d,0x000014ae,0x000014ad,
0x00050041,0x00000023,0x000014af,0x000014a3,
0x0000019a,0x0004003d,0x0000001d,0x000014b0,
0x000014af,0x00050085,0x0000001d,0x000014b1,
0x000014ae,0x000014b0,0x00050083,0x0000001d,
0x000014b2,0x000014ac,0x000014b1,0x0003003e,
0x000014a7,0x000014b2,0x0004003d,0x0000001d,
0x000014b3,0x000014a7,0x0006000c,0x0000001d,
0x000014b4,0x00000001,0x00000004,0x000014b3,
0x000500ba,0x0000001b,0x000014b5,0x000014b4,
0x000005a0,0x000300f7,0x000014b8,0x00000000,
0x000400fa,0x000014b5,0x000014b7,0x000014ca,
0x000200f8,0x000014b7,0x0004003d,0x00000037,
0x000014b9,0x000013ed,0x0004003d,0x00000037,
0x000014ba,0x000013d9,0x00050083,0x00000037,
0x000014bb,0x000014b9,0x000014ba,0x00050041,
0x00000023,0x000014bc,0x000014a3,0x000001a0,
0x0004003d,0x0000001d,0x000014bd,0x000014bc,
0x0005008e,0x00000037,0x000014be,0x000014bb,
0x000014bd,0x0004003d,0x00000037,0x000014bf,
0x000013fd,0x0004003d,0x00000037,0x000014c0,
0x000013d9,0x00050083,0x00000037,0x000014c1,
0x000014bf,0x000014c0,0x00050041,0x00000023,
0x000014c2,0x0000149f,0x000001a0,0x0004003d,
0x0000001d,0x000014c3,0x000014c2,0x0005008e,
0x00000037,0x000014c4,0x000014c1,0x000014c3,
0x00050083,0x00000037,0x000014c5,0x000014be,
0x000014c4,0x0004003d,0x0000001d,0x000014c6,
0x000014a7,0x00060050,0x00000037,0x000014c7,
0x000014c6,0x000014c6,0x000014c6,0x00050088,
0x00000037,0x000014c8,0x000014c5,0x000014c7,
0x0006000c,0x00000037,0x000014c9,0x00000001,
0x00000045,0x000014c8,0x0003003e,0x000014b6,
0x000014c9,0x000200f9,0x000014b8,0x000200f8,
0x000014ca,0x00060041,0x00000023,0x000014cb,
0x0000009d,0x00000171,0x00000192,0x0004003d,
0x0000001d,0x000014cc,0x000014cb,0x0006000c,
0x0000001d,0x000014cd,0x00000001,0x00000004,
0x000014cc,0x000500b8,0x0000001b,0x000014ce,
0x000014cd,0x00000b0c,0x000300f7,0x000014d1,
0x00000000,0x000400fa,0x000014ce,0x000014d0,
0x000014d5,0x000200f8,0x000014d0,0x00050041,
0x00000038,0x000014d2,0x0000009d,0x00000171,
0x0004003d,0x00000037,0x000014d3,0x000014d2,
0x0007000c,0x00000037,0x000014d4,0x00000001,
0x00000044,0x000014d3,0x00000b12,0x0003003e,
0x000014cf,0x000014d4,0x000200f9,0x000014d1,
0x000200f8,0x000014d5,0x00050041,0x00000038,
0x000014d6,0x0000009d,0x00000171,0x0004003d,
0x00000037,0x000014d7,0x000014d6,0x0007000c,
0x00000037,0x000014d8,0x00000001,0x00000044,
0x000014d7,0x00000b16,0x0003003e,0x000014cf,
0x000014d8,0x000200f9,0x000014d1,0x000200f8,
0x000014d1,0x0004003d,0x00000037,0x000014d9,
0x000014cf,0x0006000c,0x00000037,0x000014da,
0x00000001,0x00000045,0x000014d9,0x0003003e,
0x000014b6,0x000014da,0x000200f9,0x000014b8,
0x000200f8,0x000014b8,0x0004003d,0x00000037,
0x000014db,0x000014b6,0x00050041,0x00000038,
0x000014dc,0x0000009d,0x00000475,0x0003003e,
0x000014dc,0x000014db,0x00050041,0x00000007,
0x000014e1,0x0000009d,0x00000219,0x0004003d,
0x00000006,0x000014e2,0x000014e1,0x00060041,
0x0000072f,0x000014e3,0x000014e0,0x0000024b,
0x000014e2,0x0004003d,0x00000006,0x000014e4,
0x000014e3,0x00060041,0x000014ea,0x000014eb,
0x000014e9,0x00000171,0x00000192,0x0004003d,
0x00000006,0x000014ec,0x000014eb,0x0007000c,
0x00000006,0x000014ed,0x00000001,0x00000029,
0x000014ec,0x000001a0,0x00050082,0x00000006,
0x000014ee,0x000014ed,0x000001a0,0x0007000c,
0x00000006,0x000014ef,0x00000001,0x00000026,
0x000014e4,0x000014ee,0x00050041,0x00000007,
0x000014f0,0x0000009d,0x0000047e,0x0003003e,
0x000014f0,0x000014ef,0x000200fe,0x000013b3,
0x00010038,0x00050036,0x00000037,0x000000a3,
0x00000000,0x000000a0,0x00030037,0x00000038,
0x000000a1,0x00030037,0x00000007,0x000000a2,
0x000200f8,0x000000a4,0x0004003b,0x00000023,
0x000014f3,0x00000007,0x0004003b,0x00000007,
0x000014f4,0x00000007,0x0004003b,0x00000023,
0x000014f9,0x00000007,0x0004003b,0x00000007,
0x000014fb,0x00000007,0x0004003b,0x00000038,
0x00001500,0x00000007,0x0004003b,0x00000038,
0x00001505,0x00000007,0x0004003b,0x00000038,
0x0000150f,0x00000007,0x0004003d,0x00000006,
0x000014f5,0x000000a2,0x0003003e,0x000014f4,
0x000014f5,0x00050039,0x0000001d,0x000014f6,
0x00000067,0x000014f4,0x0004003d,0x00000006,
0x000014f7,0x000014f4,0x0003003e,0x000000a2,
0x000014f7,0x0006000c,0x0000001d,0x000014f8,
0x00000001,0x0000001f,0x000014f6,0x0003003e,
0x000014f3,0x000014f8,0x0004003d,0x00000006,
0x000014fc,0x000000a2,0x0003003e,0x000014fb,
0x000014fc,0x00050039,0x0000001d,0x000014fd,
0x00000067,0x000014fb,0x0004003d,0x00000006,
0x000014fe,0x000014fb,0x0003003e,0x000000a2,
0x000014fe,0x00050085,0x0000001d,0x000014ff,
0x000014fa,0x000014fd,0x0003003e,0x000014f9,
0x000014ff,0x00050041,0x00000023,0x00001501,
0x000000a1,0x00000192,0x0004003d,0x0000001d,
0x00001502,0x00001501,0x0006000c,0x0000001d,
0x00001503,0x00000001,0x00000004,0x00001502,
0x000500b8,0x0000001b,0x00001504,0x00001503,
0x00000b0c,0x000300f7,0x00001507,0x00000000,
0x000400fa,0x00001504,0x00001506,0x0000150a,
0x000200f8,0x00001506,0x0004003d,0x00000037,
0x00001508,0x000000a1,0x0007000c,0x00000037,
0x00001509,0x00000001,0x00000044,0x00001508,
0x00000b12,0x0003003e,0x00001505,0x00001509,
0x000200f9,0x00001507,0x000200f8,0x0000150a,
0x0004003d,0x00000037,0x0000150b,0x000000a1,
0x0007000c,0x00000037,0x0000150c,0x00000001,
0x00000044,0x0000150b,0x00000b16,0x0003003e,
0x00001505,0x0000150c,0x000200f9,0x00001507,
0x000200f8,0x00001507,0x0004003d,0x00000037,
0x0000150d,0x00001505,0x0006000c,0x00000037,
0x0000150e,0x00000001,0x00000045,0x0000150d,
0x0003003e,0x00001500,0x0000150e,0x0004003d,
0x00000037,0x00001510,0x000000a1,0x0004003d,
0x00000037,0x00001511,0x00001500,0x0007000c,
0x00000037,0x00001512,0x00000001,0x00000044,
0x00001510,0x00001511,0x0003003e,0x0000150f,
0x00001512,0x0004003d,0x00000037,0x00001513,
0x00001500,0x0004003d,0x0000001d,0x00001514,
0x000014f3,0x0004003d,0x0000001d,0x00001515,
0x000014f9,0x0006000c,0x0000001d,0x00001516,
0x00000001,0x0000000e,0x00001515,0x00050085,
0x0000001d,0x00001517,0x00001514,0x00001516,
0x0005008e,0x00000037,0x00001518,0x00001513,
0x00001517,0x0004003d,0x00000037,0x00001519,
0x0000150f,0x0004003d,0x0000001d,0x0000151a,
0x000014f3,0x0004003d,0x0000001d,0x0000151b,
0x000014f9,0x0006000c,0x0000001d,0x0000151c,
0x00000001,0x0000000d,0x0000151b,0x00050085,
0x0000001d,0x0000151d,0x0000151a,0x0000151c,
0x0005008e,0x00000037,0x0000151e,0x00001519,
0x0000151d,0x00050081,0x00000037,0x0000151f,
0x00001518,0x0000151e,0x0004003d,0x00000037,
0x00001520,0x000000a1,0x0004003d,0x0000001d,
0x00001521,0x000014f3,0x0004003d,0x0000001d,
0x00001522,0x000014f3,0x00050085,0x0000001d,
0x00001523,0x00001521,0x00001522,0x00050083,
0x0000001d,0x00001524,0x00000271,0x00001523,
0x0007000c,0x0000001d,0x00001525,0x00000001,
0x00000028,0x000002ec,0x00001524,0x0006000c,
0x0000001d,0x00001526,0x00000001,0x0000001f,
0x00001525,0x0005008e,0x00000037,0x00001527,
0x00001520,0x00001526,0x00050081,0x00000037,
0x00001528,0x0000151f,0x00001527,0x0006000c,
0x00000037,0x00001529,0x00000001,0x00000045,
0x00001528,0x000200fe,0x00001529,0x00010038,
0x00050036,0x00000037,0x000000a8,0x00000000,
0x000000a5,0x00030037,0x00000023,0x000000a6,
0x00030037,0x00000038,0x000000a7,0x000200f8,
0x000000a9,0x0004003d,0x00000037,0x0000152c,
0x000000a7,0x0004003d,0x00000037,0x0000152d,
0x000000a7,0x00050083,0x00000037,0x0000152e,
0x000007ec,0x0000152d,0x0004003d,0x0000001d,
0x0000152f,0x000000a6,0x0008000c,0x0000001d,
0x00001530,0x00000001,0x0000002b,0x0000152f,
0x000002ec,0x00000271,0x00050083,0x0000001d,
0x00001531,0x00000271,0x00001530,0x0007000c,
0x0000001d,0x00001533,0x00000001,0x0000001a,
0x00001531,0x00001532,0x0005008e,0x00000037,
0x00001534,0x0000152e,0x00001533,0x00050081,
0x00000037,0x00001535,0x0000152c,0x00001534,
0x000200fe,0x00001535,0x00010038,0x00050036,
0x00000002,0x000000b0,0x00000000,0x000000aa,
0x00030037,0x00000038,0x000000ab,0x00030037,
0x00000038,0x000000ac,0x00030037,0x00000023,
0x000000ad,0x00030037,0x00000038,0x000000ae,
0x00030037,0x00000038,0x000000af,0x000200f8,
0x000000b1,0x0004003b,0x00000038,0x00001538,
0x00000007,0x0004003b,0x00000038,0x0000154a,
0x00000007,0x0004003b,0x00000038,0x00001554,
0x00000007,0x0004003b,0x00000023,0x00001558,
0x00000007,0x0004003d,0x00000037,0x00001539,
0x000000ac,0x0004003d,0x00000037,0x0000153a,
0x000000ab,0x0004003d,0x00000037,0x0000153b,
0x000000ab,0x0004003d,0x00000037,0x0000153c,
0x000000ac,0x00050094,0x0000001d,0x0000153d,
0x0000153b,0x0000153c,0x0005008e,0x00000037,
0x0000153e,0x0000153a,0x0000153d,0x00050083,
0x00000037,0x0000153f,0x00001539,0x0000153e,
0x0006000c,0x00000037,0x00001540,0x00000001,
0x00000045,0x0000153f,0x0003003e,0x00001538,
0x00001540,0x0004003d,0x00000037,0x00001541,
0x00001538,0x0006000c,0x0000001d,0x00001542,
0x00000001,0x00000042,0x00001541,0x000500b8,
0x0000001b,0x00001543,0x00001542,0x00001460,
0x000300f7,0x00001545,0x00000000,0x000400fa,
0x00001543,0x00001544,0x00001545,0x000200f8,
0x00001544,0x00050041,0x00000023,0x00001546,
0x000000ab,0x00000192,0x0004003d,0x0000001d,
0x00001547,0x00001546,0x0006000c,0x0000001d,
0x00001548,0x00000001,0x00000004,0x00001547,
0x000500b8,0x0000001b,0x00001549,0x00001548,
0x00000b0c,0x000300f7,0x0000154c,0x00000000,
0x000400fa,0x00001549,0x0000154b,0x0000154f,
0x000200f8,0x0000154b,0x0004003d,0x00000037,
0x0000154d,0x000000ab,0x0007000c,0x00000037,
0x0000154e,0x00000001,0x00000044,0x00000b12,
0x0000154d,0x0003003e,0x0000154a,0x0000154e,
0x000200f9,0x0000154c,0x000200f8,0x0000154f,
0x0004003d,0x00000037,0x00001550,0x000000ab,
0x0007000c,0x00000037,0x00001551,0x00000001,
0x00000044,0x00000b16,0x00001550,0x0003003e,
0x0000154a,0x00001551,0x000200f9,0x0000154c,
0x000200f8,0x0000154c,0x0004003d,0x00000037,
0x00001552,0x0000154a,0x0006000c,0x00000037,
0x00001553,0x00000001,0x00000045,0x00001552,
0x0003003e,0x00001538,0x00001553,0x000200f9,
0x00001545,0x000200f8,0x00001545,0x0004003d,
0x00000037,0x00001555,0x000000ab,0x0004003d,
0x00000037,0x00001556,0x00001538,0x0007000c,
0x00000037,0x00001557,0x00000001,0x00000044,
0x00001555,0x00001556,0x0003003e,0x00001554,
0x00001557,0x0004003d,0x0000001d,0x00001559,
0x000000ad,0x0006000c,0x0000001d,0x0000155a,
0x00000001,0x0000000b,0x00001559,0x0003003e,
0x00001558,0x0000155a,0x0004003d,0x00000037,
0x0000155b,0x00001538,0x0004003d,0x0000001d,
0x0000155c,0x00001558,0x0006000c,0x0000001d,
0x0000155d,0x00000001,0x0000000e,0x0000155c,
0x0005008e,0x00000037,0x0000155e,0x0000155b,
0x0000155d,0x0004003d,0x00000037,0x0000155f,
0x00001554,0x0004003d,0x0000001d,0x00001560,
0x00001558,0x0006000c,0x0000001d,0x00001561,
0x00000001,0x0000000d,0x00001560,0x0005008e,
0x00000037,0x00001562,0x0000155f,0x00001561,
0x00050081,0x00000037,0x00001563,0x0000155e,
0x00001562,0x0003003e,0x000000ae,0x00001563,
0x0004003d,0x00000037,0x00001564,0x00001538,
0x0004007f,0x00000037,0x00001565,0x00001564,
0x0004003d,0x0000001d,0x00001566,0x00001558,
0x0006000c,0x0000001d,0x00001567,0x00000001,
0x0000000d,0x00001566,0x0005008e,0x00000037,
0x00001568,0x00001565,0x00001567,0x0004003d,
0x00000037,0x00001569,0x00001554,0x0004003d,
0x0000001d,0x0000156a,0x00001558,0x0006000c,
0x0000001d,0x0000156b,0x00000001,0x0000000e,
0x0000156a,0x0005008e,0x00000037,0x0000156c,
0x00001569,0x0000156b,0x00050081,0x00000037,
0x0000156d,0x00001568,0x0000156c,0x0003003e,
0x000000af,0x0000156d,0x000100fd,0x00010038,
0x00050036,0x0000001d,0x000000b8,0x00000000,
0x000000b2,0x00030037,0x00000023,0x000000b3,
0x00030037,0x00000023,0x000000b4,0x00030037,
0x00000023,0x000000b5,0x00030037,0x00000023,
0x000000b6,0x00030037,0x00000023,0x000000b7,
0x000200f8,0x000000b9,0x0004003b,0x00000023,
0x0000156e,0x00000007,0x0004003b,0x00000023,
0x00001574,0x00000007,0x0004003b,0x00000023,
0x0000157b,0x00000007,0x0004003b,0x00000023,
0x00001581,0x00000007,0x0004003d,0x0000001d,
0x0000156f,0x000000b6,0x0004003d,0x0000001d,
0x00001570,0x000000b6,0x00050085,0x0000001d,
0x00001571,0x0000156f,0x00001570,0x0007000c,
0x0000001d,0x00001573,0x00000001,0x00000028,
0x00001571,0x00001572,0x0003003e,0x0000156e,
0x00001573,0x0004003d,0x0000001d,0x00001575,
0x0000156e,0x0004003d,0x0000001d,0x00001576,
0x000000b7,0x00050081,0x0000001d,0x00001577,
0x00000271,0x00001576,0x00050085,0x0000001d,
0x00001578,0x00001575,0x00001577,0x0007000c,
0x0000001d,0x0000157a,0x00000001,0x00000028,
0x00001578,0x00001579,0x0003003e,0x00001574,
0x0000157a,0x0004003d,0x0000001d,0x0000157c,
0x0000156e,0x0004003d,0x0000001d,0x0000157d,
0x000000b7,0x00050083,0x0000001d,0x0000157e,
0x00000271,0x0000157d,0x00050085,0x0000001d,
0x0000157f,0x0000157c,0x0000157e,0x0007000c,
0x0000001d,0x00001580,0x00000001,0x00000028,
0x0000157f,0x00001579,0x0003003e,0x0000157b,
0x00001580,0x0004003d,0x0000001d,0x00001582,
0x000000b4,0x0004003d,0x0000001d,0x00001583,
0x000000b4,0x00050085,0x0000001d,0x00001584,
0x00001582,0x00001583,0x0004003d,0x0000001d,
0x00001585,0x00001574,0x0004003d,0x0000001d,
0x00001586,0x00001574,0x00050085,0x0000001d,
0x00001587,0x00001585,0x00001586,0x00050088,
0x0000001d,0x00001588,0x00001584,0x00001587,
0x0004003d,0x0000001d,0x00001589,0x000000b5,
0x0004003d,0x0000001d,0x0000158a,0x000000b5,
0x00050085,0x0000001d,0x0000158b,0x00001589,
0x0000158a,0x0004003d,0x0000001d,0x0000158c,
0x0000157b,0x0004003d,0x0000001d,0x0000158d,
0x0000157b,0x00050085,0x0000001d,0x0000158e,
0x0000158c,0x0000158d,0x00050088,0x0000001d,
0x0000158f,0x0000158b,0x0000158e,0x00050081,
0x0000001d,0x00001590,0x00001588,0x0000158f,
0x0004003d,0x0000001d,0x00001591,0x000000b3,
0x0004003d,0x0000001d,0x00001592,0x000000b3,
0x00050085,0x0000001d,0x00001593,0x00001591,
0x00001592,0x00050081,0x0000001d,0x00001594,
0x00001590,0x00001593,0x0003003e,0x00001581,
0x00001594,0x0004003d,0x0000001d,0x00001596,
0x00001574,0x00050085,0x0000001d,0x00001597,
0x00001595,0x00001596,0x0004003d,0x0000001d,
0x00001598,0x0000157b,0x00050085,0x0000001d,
0x00001599,0x00001597,0x00001598,0x0004003d,
0x0000001d,0x0000159a,0x00001581,0x00050085,
0x0000001d,0x0000159b,0x00001599,0x0000159a,
0x0004003d,0x0000001d,0x0000159c,0x00001581,
0x00050085,0x0000001d,0x0000159d,0x0000159b,
0x0000159c,0x0007000c,0x0000001d,0x0000159e,
0x00000001,0x00000028,0x0000159d,0x00000933,
0x00050088,0x0000001d,0x0000159f,0x00000271,
0x0000159e,0x000200fe,0x0000159f,0x00010038,
0x00050036,0x0000001d,0x000000bf,0x00000000,
0x000000b2,0x00030037,0x00000023,0x000000ba,
0x00030037,0x00000023,0x000000bb,0x00030037,
0x00000023,0x000000bc,0x00030037,0x00000023,
0x000000bd,0x00030037,0x00000023,0x000000be,
0x000200f8,0x000000c0,0x0004003b,0x00000023,
0x000015a2,0x00000007,0x0004003b,0x00000023,
0x000015a7,0x00000007,0x0004003b,0x00000023,
0x000015ad,0x00000007,0x0004003b,0x00000023,
0x000015b3,0x00000007,0x0004003b,0x00000023,
0x000015b8,0x00000007,0x0004003d,0x0000001d,
0x000015a3,0x000000bd,0x0004003d,0x0000001d,
0x000015a4,0x000000bd,0x00050085,0x0000001d,
0x000015a5,0x000015a3,0x000015a4,0x0007000c,
0x0000001d,0x000015a6,0x00000001,0x00000028,
0x000015a5,0x00001572,0x0003003e,0x000015a2,
0x000015a6,0x0004003d,0x0000001d,0x000015a8,
0x000015a2,0x0004003d,0x0000001d,0x000015a9,
0x000000be,0x00050081,0x0000001d,0x000015aa,
0x00000271,0x000015a9,0x00050085,0x0000001d,
0x000015ab,0x000015a8,0x000015aa,0x0007000c,
0x0000001d,0x000015ac,0x00000001,0x00000028,
0x000015ab,0x00001579,0x0003003e,0x000015a7,
0x000015ac,0x0004003d,0x0000001d,0x000015ae,
0x000015a2,0x0004003d,0x0000001d,0x000015af,
0x000000be,0x00050083,0x0000001d,0x000015b0,
0x00000271,0x000015af,0x00050085,0x0000001d,
0x000015b1,0x000015ae,0x000015b0,0x0007000c,
0x0000001d,0x000015b2,0x00000001,0x00000028,
0x000015b1,0x00001579,0x0003003e,0x000015ad,
0x000015b2,0x0004003d,0x0000001d,0x000015b4,
0x000000ba,0x0004003d,0x0000001d,0x000015b5,
0x000000ba,0x00050085,0x0000001d,0x000015b6,
0x000015b4,0x000015b5,0x0007000c,0x0000001d,
0x000015b7,0x00000001,0x00000028,0x000015b6,
0x00000933,0x0003003e,0x000015b3,0x000015b7,
0x0004003d,0x0000001d,0x000015b9,0x000000bb,
0x0004003d,0x0000001d,0x000015ba,0x000000bb,
0x00050085,0x0000001d,0x000015bb,0x000015b9,
0x000015ba,0x0004003d,0x0000001d,0x000015bc,
0x000015a7,0x00050085,0x0000001d,0x000015bd,
0x000015bb,0x000015bc,0x0004003d,0x0000001d,
0x000015be,0x000015a7,0x00050085,0x0000001d,
0x000015bf,0x000015bd,0x000015be,0x0004003d,
0x0000001d,0x000015c0,0x000000bc,0x0004003d,
0x0000001d,0x000015c1,0x000000bc,0x00050085,
0x0000001d,0x000015c2,0x000015c0,0x000015c1,
0x0004003d,0x0000001d,0x000015c3,0x000015ad,
0x00050085,0x0000001d,0x000015c4,0x000015c2,
0x000015c3,0x0004003d,0x0000001d,0x000015c5,
0x000015ad,0x00050085,0x0000001d,0x000015c6,
0x000015c4,0x000015c5,0x00050081,0x0000001d,
0x000015c7,0x000015bf,0x000015c6,0x0004003d,
0x0000001d,0x000015c8,0x000015b3,0x00050088,
0x0000001d,0x000015c9,0x000015c7,0x000015c8,
0x00050081,0x0000001d,0x000015ca,0x00000271,
0x000015c9,0x0006000c,0x0000001d,0x000015cb,
0x00000001,0x0000001f,0x000015ca,0x00050081,
0x0000001d,0x000015cc,0x000004fa,0x000015cb,
0x00050085,0x0000001d,0x000015cd,0x00000336,
0x000015cc,0x0003003e,0x000015b8,0x000015cd,
0x0004003d,0x0000001d,0x000015ce,0x000015b8,
0x00050081,0x0000001d,0x000015cf,0x00000271,
0x000015ce,0x0007000c,0x0000001d,0x000015d0,
0x00000001,0x00000028,0x000015cf,0x00000933,
0x00050088,0x0000001d,0x000015d1,0x00000271,
0x000015d0,0x000200fe,0x000015d1,0x00010038,
0x00050036,0x00000037,0x000000ca,0x00000000,
0x000000c1,0x00030037,0x00000038,0x000000c2,
0x00030037,0x00000038,0x000000c3,0x00030037,
0x00000038,0x000000c4,0x00030037,0x00000023,
0x000000c5,0x00030037,0x00000023,0x000000c6,
0x00030037,0x00000023,0x000000c7,0x00030037,
0x00000007,0x000000c8,0x00030037,0x00000023,
0x000000c9,0x000200f8,0x000000cb,0x0004003b,
0x00000023,0x000015d4,0x00000007,0x0004003b,
0x00000023,0x000015d9,0x00000007,0x0004003b,
0x00000023,0x000015df,0x00000007,0x0004003b,
0x00000023,0x000015e5,0x00000007,0x0004003b,
0x00000007,0x000015e6,0x00000007,0x0004003b,
0x00000023,0x000015ea,0x00000007,0x0004003b,
0x00000007,0x000015eb,0x00000007,0x0004003b,
0x00000023,0x000015ef,0x00000007,0x0004003b,
0x00000023,0x0000160a,0x00000007,0x0004003b,
0x00000023,0x0000160d,0x00000007,0x0004003b,
0x00000023,0x00001610,0x00000007,0x0004003b,
0x00000023,0x00001621,0x00000007,0x0004003b,
0x00000023,0x0000162c,0x00000007,0x0004003b,
0x00000038,0x00001633,0x00000007,0x0004003b,
0x00000038,0x00001634,0x00000007,0x0004003b,
0x00000038,0x00001635,0x00000007,0x0004003b,
0x00000038,0x00001637,0x00000007,0x0004003b,
0x00000023,0x00001639,0x00000007,0x0004003b,
0x00000038,0x0000163b,0x00000007,0x0004003b,
0x00000038,0x0000163c,0x00000007,0x0004003b,
0x00000038,0x00001640,0x00000007,0x0004003b,
0x00000038,0x00001659,0x00000007,0x0004003b,
0x00000023,0x0000165e,0x00000007,0x0004003b,
0x00000023,0x00001663,0x00000007,0x0004003b,
0x00000023,0x0000166e,0x00000007,0x0004003b,
0x00000023,0x00001670,0x00000007,0x0004003b,
0x00000023,0x00001671,0x00000007,0x0004003b,
0x00000023,0x00001672,0x00000007,0x0004003b,
0x00000023,0x00001674,0x00000007,0x0004003d,
0x0000001d,0x000015d5,0x000000c5,0x0004003d,
0x0000001d,0x000015d6,0x000000c5,0x00050085,
0x0000001d,0x000015d7,0x000015d5,0x000015d6,
0x0007000c,0x0000001d,0x000015d8,0x00000001,
0x00000028,0x000015d7,0x00001572,0x0003003e,
0x000015d4,0x000015d8,0x0004003d,0x0000001d,
0x000015da,0x000015d4,0x0004003d,0x0000001d,
0x000015db,0x000000c6,0x00050081,0x0000001d,
0x000015dc,0x00000271,0x000015db,0x00050085,
0x0000001d,0x000015dd,0x000015da,0x000015dc,
0x0007000c,0x0000001d,0x000015de,0x00000001,
0x00000028,0x000015dd,0x00001579,0x0003003e,
0x000015d9,0x000015de,0x0004003d,0x0000001d,
0x000015e0,0x000015d4,0x0004003d,0x0000001d,
0x000015e1,0x000000c6,0x00050083,0x0000001d,
0x000015e2,0x00000271,0x000015e1,0x00050085,
0x0000001d,0x000015e3,0x000015e0,0x000015e2,
0x0007000c,0x0000001d,0x000015e4,0x00000001,
0x00000028,0x000015e3,0x00001579,0x0003003e,
0x000015df,0x000015e4,0x0004003d,0x00000006,
0x000015e7,0x000000c8,0x0003003e,0x000015e6,
0x000015e7,0x00050039,0x0000001d,0x000015e8,
0x00000067,0x000015e6,0x0004003d,0x00000006,
0x000015e9,0x000015e6,0x0003003e,0x000000c8,
0x000015e9,0x0003003e,0x000015e5,0x000015e8,
0x0004003d,0x00000006,0x000015ec,0x000000c8,
0x0003003e,0x000015eb,0x000015ec,0x00050039,
0x0000001d,0x000015ed,0x00000067,0x000015eb,
0x0004003d,0x00000006,0x000015ee,0x000015eb,
0x0003003e,0x000000c8,0x000015ee,0x0003003e,
0x000015ea,0x000015ed,0x0004003d,0x0000001d,
0x000015f0,0x000015df,0x0004003d,0x0000001d,
0x000015f1,0x000015d9,0x00050088,0x0000001d,
0x000015f2,0x000015f0,0x000015f1,0x0004003d,
0x0000001d,0x000015f3,0x000015ea,0x00050085,
0x0000001d,0x000015f4,0x000014fa,0x000015f3,
0x0006000c,0x0000001d,0x000015f5,0x00000001,
0x0000000f,0x000015f4,0x00050085,0x0000001d,
0x000015f6,0x000015f2,0x000015f5,0x0006000c,
0x0000001d,0x000015f7,0x00000001,0x00000012,
0x000015f6,0x0003003e,0x000015ef,0x000015f7,
0x0004003d,0x0000001d,0x000015f8,0x000015ea,
0x000500ba,0x0000001b,0x000015fa,0x000015f8,
0x000015f9,0x0004003d,0x0000001d,0x000015fb,
0x000015ea,0x000500bc,0x0000001b,0x000015fd,
0x000015fb,0x000015fc,0x000500a7,0x0000001b,
0x000015fe,0x000015fa,0x000015fd,0x000300f7,
0x00001600,0x00000000,0x000400fa,0x000015fe,
0x000015ff,0x00001603,0x000200f8,0x000015ff,
0x0004003d,0x0000001d,0x00001601,0x000015ef,
0x00050081,0x0000001d,0x00001602,0x00001601,
0x00001595,0x0003003e,0x000015ef,0x00001602,
0x000200f9,0x00001600,0x000200f8,0x00001603,
0x0004003d,0x0000001d,0x00001604,0x000015ea,
0x000500ba,0x0000001b,0x00001605,0x00001604,
0x000015fc,0x000300f7,0x00001607,0x00000000,
0x000400fa,0x00001605,0x00001606,0x00001607,
0x000200f8,0x00001606,0x0004003d,0x0000001d,
0x00001608,0x000015ef,0x00050081,0x0000001d,
0x00001609,0x00001608,0x000014fa,0x0003003e,
0x000015ef,0x00001609,0x000200f9,0x00001607,
0x000200f8,0x00001607,0x000200f9,0x00001600,
0x000200f8,0x00001600,0x0004003d,0x0000001d,
0x0000160b,0x000015ef,0x0006000c,0x0000001d,
0x0000160c,0x00000001,0x0000000e,0x0000160b,
0x0003003e,0x0000160a,0x0000160c,0x0004003d,
0x0000001d,0x0000160e,0x000015ef,0x0006000c,
0x0000001d,0x0000160f,0x00000001,0x0000000d,
0x0000160e,0x0003003e,0x0000160d,0x0000160f,
0x0004003d,0x0000001d,0x00001611,0x0000160a,
0x0004003d,0x0000001d,0x00001612,0x0000160a,
0x00050085,0x0000001d,0x00001613,0x00001611,
0x00001612,0x0004003d,0x0000001d,0x00001614,
0x000015d9,0x0004003d,0x0000001d,0x00001615,
0x000015d9,0x00050085,0x0000001d,0x00001616,
0x00001614,0x00001615,0x00050088,0x0000001d,
0x00001617,0x00001613,0x00001616,0x0004003d,
0x0000001d,0x00001618,0x0000160d,0x0004003d,
0x0000001d,0x00001619,0x0000160d,0x00050085,
0x0000001d,0x0000161a,0x00001618,0x00001619,
0x0004003d,0x0000001d,0x0000161b,0x000015df,
0x0004003d,0x0000001d,0x0000161c,0x000015df,
0x00050085,0x0000001d,0x0000161d,0x0000161b,
0x0000161c,0x00050088,0x0000001d,0x0000161e,
0x0000161a,0x0000161d,0x00050081,0x0000001d,
0x0000161f,0x00001617,0x0000161e,0x00050088,
0x0000001d,0x00001620,0x00000271,0x0000161f,
0x0003003e,0x00001610,0x00001620,0x0004003d,
0x0000001d,0x00001622,0x000015e5,0x00050083,
0x0000001d,0x00001623,0x00000271,0x00001622,
0x0004003d,0x0000001d,0x00001624,0x00001610,
0x00050083,0x0000001d,0x00001625,0x00001624,
0x00000271,0x0004003d,0x0000001d,0x00001626,
0x000015e5,0x00050085,0x0000001d,0x00001627,
0x00001625,0x00001626,0x00050081,0x0000001d,
0x00001628,0x00000271,0x00001627,0x00050088,
0x0000001d,0x00001629,0x00001623,0x00001628,
0x0007000c,0x0000001d,0x0000162a,0x00000001,
0x00000028,0x00001629,0x000002ec,0x0006000c,
0x0000001d,0x0000162b,0x00000001,0x0000001f,
0x0000162a,0x0003003e,0x00001621,0x0000162b,
0x0004003d,0x0000001d,0x0000162d,0x00001621,
0x0004003d,0x0000001d,0x0000162e,0x00001621,
0x00050085,0x0000001d,0x0000162f,0x0000162d,
0x0000162e,0x00050083,0x0000001d,0x00001630,
0x00000271,0x0000162f,0x0007000c,0x0000001d,
0x00001631,0x00000001,0x00000028,0x00001630,
0x000002ec,0x0006000c,0x0000001d,0x00001632,
0x00000001,0x0000001f,0x00001631,0x0003003e,
0x0000162c,0x00001632,0x0004003d,0x00000037,
0x00001636,0x000000c2,0x0003003e,0x00001635,
0x00001636,0x0004003d,0x00000037,0x00001638,
0x000000c3,0x0003003e,0x00001637,0x00001638,
0x0004003d,0x0000001d,0x0000163a,0x000000c7,
0x0003003e,0x00001639,0x0000163a,0x00090039,
0x00000002,0x0000163d,0x000000b0,0x00001635,
0x00001637,0x00001639,0x0000163b,0x0000163c,
0x0004003d,0x00000037,0x0000163e,0x0000163b,
0x0003003e,0x00001633,0x0000163e,0x0004003d,
0x00000037,0x0000163f,0x0000163c,0x0003003e,
0x00001634,0x0000163f,0x0004003d,0x00000037,
0x00001641,0x00001633,0x0004003d,0x0000001d,
0x00001642,0x0000162c,0x0004003d,0x0000001d,
0x00001643,0x0000160a,0x00050085,0x0000001d,
0x00001644,0x00001642,0x00001643,0x0005008e,
0x00000037,0x00001645,0x00001641,0x00001644,
0x0004003d,0x00000037,0x00001646,0x00001634,
0x0004003d,0x0000001d,0x00001647,0x0000162c,
0x0004003d,0x0000001d,0x00001648,0x0000160d,
0x00050085,0x0000001d,0x00001649,0x00001647,
0x00001648,0x0005008e,0x00000037,0x0000164a,
0x00001646,0x00001649,0x00050081,0x00000037,
0x0000164b,0x00001645,0x0000164a,0x0004003d,
0x00000037,0x0000164c,0x000000c2,0x0004003d,
0x0000001d,0x0000164d,0x00001621,0x0005008e,
0x00000037,0x0000164e,0x0000164c,0x0000164d,
0x00050081,0x00000037,0x0000164f,0x0000164b,
0x0000164e,0x0006000c,0x00000037,0x00001650,
0x00000001,0x00000045,0x0000164f,0x0003003e,
0x00001640,0x00001650,0x0004003d,0x00000037,
0x00001651,0x00001640,0x0004003d,0x00000037,
0x00001652,0x000000c4,0x00050094,0x0000001d,
0x00001653,0x00001651,0x00001652,0x000500b8,
0x0000001b,0x00001654,0x00001653,0x000002ec,
0x000300f7,0x00001656,0x00000000,0x000400fa,
0x00001654,0x00001655,0x00001656,0x000200f8,
0x00001655,0x0004003d,0x00000037,0x00001657,
0x00001640,0x0004007f,0x00000037,0x00001658,
0x00001657,0x0003003e,0x00001640,0x00001658,
0x000200f9,0x00001656,0x000200f8,0x00001656,
0x0004003d,0x00000037,0x0000165a,0x000000c4,
0x0004007f,0x00000037,0x0000165b,0x0000165a,
0x0004003d,0x00000037,0x0000165c,0x00001640,
0x0007000c,0x00000037,0x0000165d,0x00000001,
0x00000047,0x0000165b,0x0000165c,0x0003003e,
0x00001659,0x0000165d,0x0004003d,0x00000037,
0x0000165f,0x000000c2,0x0004003d,0x00000037,
0x00001660,0x00001640,0x00050094,0x0000001d,
0x00001661,0x0000165f,0x00001660,0x0007000c,
0x0000001d,0x00001662,0x00000001,0x00000028,
0x00001661,0x000002ec,0x0003003e,0x0000165e,
0x00001662,0x0004003d,0x00000037,0x00001664,
0x000000c4,0x0004003d,0x00000037,0x00001665,
0x00001640,0x00050094,0x0000001d,0x00001666,
0x00001664,0x00001665,0x0007000c,0x0000001d,
0x00001667,0x00000001,0x00000028,0x00001666,
0x00000933,0x0003003e,0x00001663,0x00001667,
0x0004003d,0x00000037,0x00001668,0x00001640,
0x0004003d,0x00000037,0x00001669,0x00001633,
0x00050094,0x0000001d,0x0000166a,0x00001668,
0x00001669,0x0004003d,0x00000037,0x0000166b,
0x00001640,0x0004003d,0x00000037,0x0000166c,
0x00001634,0x00050094,0x0000001d,0x0000166d,
0x0000166b,0x0000166c,0x0004003d,0x0000001d,
0x0000166f,0x0000165e,0x0003003e,0x0000166e,
0x0000166f,0x0003003e,0x00001670,0x0000166a,
0x0003003e,0x00001671,0x0000166d,0x0004003d,
0x0000001d,0x00001673,0x000000c5,0x0003003e,
0x00001672,0x00001673,0x0004003d,0x0000001d,
0x00001675,0x000000c6,0x0003003e,0x00001674,
0x00001675,0x00090039,0x0000001d,0x00001676,
0x000000b8,0x0000166e,0x00001670,0x00001671,
0x00001672,0x00001674,0x0004003d,0x0000001d,
0x00001677,0x0000165e,0x00050085,0x0000001d,
0x00001678,0x00001676,0x00001677,0x0004003d,
0x0000001d,0x0000167a,0x00001663,0x00050085,
0x0000001d,0x0000167b,0x00001679,0x0000167a,
0x0007000c,0x0000001d,0x0000167c,0x00000001,
0x00000028,0x0000167b,0x00000933,0x00050088,
0x0000001d,0x0000167d,0x00001678,0x0000167c,
0x0003003e,0x000000c9,0x0000167d,0x0004003d,
0x00000037,0x0000167e,0x00001659,0x0006000c,
0x00000037,0x0000167f,0x00000001,0x00000045,
0x0000167e,0x000200fe,0x0000167f,0x00010038,
0x00050036,0x00000037,0x000000d5,0x00000000,
0x000000cc,0x00030037,0x00000038,0x000000cd,
0x00030037,0x00000038,0x000000ce,0x00030037,
0x00000038,0x000000cf,0x00030037,0x00000038,
0x000000d0,0x00030037,0x00000023,0x000000d1,
0x00030037,0x00000023,0x000000d2,0x00030037,
0x00000023,0x000000d3,0x00030037,0x00000038,
0x000000d4,0x000200f8,0x000000d6,0x0004003b,
0x00000023,0x00001682,0x00000007,0x0004003b,
0x00000023,0x00001687,0x00000007,0x0004003b,
0x00000038,0x00001691,0x00000007,0x0004003b,
0x00000038,0x00001696,0x00000007,0x0004003b,
0x00000038,0x00001697,0x00000007,0x0004003b,
0x00000038,0x00001698,0x00000007,0x0004003b,
0x00000038,0x0000169a,0x00000007,0x0004003b,
0x00000023,0x0000169c,0x00000007,0x0004003b,
0x00000038,0x0000169e,0x00000007,0x0004003b,
0x00000038,0x0000169f,0x00000007,0x0004003b,
0x00000023,0x000016a3,0x00000007,0x0004003b,
0x00000023,0x000016a8,0x00000007,0x0004003b,
0x00000023,0x000016ad,0x00000007,0x0004003b,
0x00000038,0x000016af,0x00000007,0x0004003b,
0x00000023,0x000016b8,0x00000007,0x0004003b,
0x00000023,0x000016ba,0x00000007,0x0004003b,
0x00000023,0x000016bb,0x00000007,0x0004003b,
0x00000023,0x000016bc,0x00000007,0x0004003b,
0x00000023,0x000016be,0x00000007,0x0004003b,
0x00000023,0x000016c8,0x00000007,0x0004003b,
0x00000023,0x000016ca,0x00000007,0x0004003b,
0x00000023,0x000016cb,0x00000007,0x0004003b,
0x00000023,0x000016cc,0x00000007,0x0004003b,
0x00000023,0x000016ce,0x00000007,0x0004003b,
0x00000023,0x000016d8,0x00000007,0x0004003b,
0x00000023,0x000016da,0x00000007,0x0004003b,
0x00000023,0x000016db,0x00000007,0x0004003b,
0x00000023,0x000016dc,0x00000007,0x0004003b,
0x00000023,0x000016de,0x00000007,0x0004003d,
0x00000037,0x00001683,0x000000cd,0x0004003d,
0x00000037,0x00001684,0x000000d0,0x00050094,
0x0000001d,0x00001685,0x00001683,0x00001684,
0x0007000c,0x0000001d,0x00001686,0x00000001,
0x00000028,0x00001685,0x000002ec,0x0003003e,
0x00001682,0x00001686,0x0004003d,0x00000037,
0x00001688,0x000000cd,0x0004003d,0x00000037,
0x00001689,0x000000cf,0x00050094,0x0000001d,
0x0000168a,0x00001688,0x00001689,0x0007000c,
0x0000001d,0x0000168b,0x00000001,0x00000028,
0x0000168a,0x00000933,0x0003003e,0x00001687,
0x0000168b,0x0004003d,0x0000001d,0x0000168c,
0x00001682,0x000500bc,0x0000001b,0x0000168d,
0x0000168c,0x000002ec,0x000300f7,0x0000168f,
0x00000000,0x000400fa,0x0000168d,0x0000168e,
0x0000168f,0x000200f8,0x0000168e,0x000200fe,
0x000002ed,0x000200f8,0x0000168f,0x0004003d,
0x00000037,0x00001692,0x000000cf,0x0004003d,
0x00000037,0x00001693,0x000000d0,0x00050081,
0x00000037,0x00001694,0x00001692,0x00001693,
0x0006000c,0x00000037,0x00001695,0x00000001,
0x00000045,0x00001694,0x0003003e,0x00001691,
0x00001695,0x0004003d,0x00000037,0x00001699,
0x000000cd,0x0003003e,0x00001698,0x00001699,
0x0004003d,0x00000037,0x0000169b,0x000000ce,
0x0003003e,0x0000169a,0x0000169b,0x0004003d,
0x0000001d,0x0000169d,0x000000d3,0x0003003e,
0x0000169c,0x0000169d,0x00090039,0x00000002,
0x000016a0,0x000000b0,0x00001698,0x0000169a,
0x0000169c,0x0000169e,0x0000169f,0x0004003d,
0x00000037,0x000016a1,0x0000169e,0x0003003e,
0x00001696,0x000016a1,0x0004003d,0x00000037,
0x000016a2,0x0000169f,0x0003003e,0x00001697,
0x000016a2,0x0004003d,0x00000037,0x000016a4,
0x000000cd,0x0004003d,0x00000037,0x000016a5,
0x00001691,0x00050094,0x0000001d,0x000016a6,
0x000016a4,0x000016a5,0x0007000c,0x0000001d,
0x000016a7,0x00000001,0x00000028,0x000016a6,
0x000002ec,0x0003003e,0x000016a3,0x000016a7,
0x0004003d,0x00000037,0x000016a9,0x000000cf,
0x0004003d,0x00000037,0x000016aa,0x00001691,
0x00050094,0x0000001d,0x000016ab,0x000016a9,
0x000016aa,0x0007000c,0x0000001d,0x000016ac,
0x00000001,0x00000028,0x000016ab,0x000002ec,
0x0003003e,0x000016a8,0x000016ac,0x0004003d,
0x0000001d,0x000016ae,0x000016a8,0x0003003e,
0x000016ad,0x000016ae,0x0004003d,0x00000037,
0x000016b0,0x000000d4,0x0003003e,0x000016af,
0x000016b0,0x00060039,0x00000037,0x000016b1,
0x000000a8,0x000016ad,0x000016af,0x0004003d,
0x00000037,0x000016b2,0x00001691,0x0004003d,
0x00000037,0x000016b3,0x00001696,0x00050094,
0x0000001d,0x000016b4,0x000016b2,0x000016b3,
0x0004003d,0x00000037,0x000016b5,0x00001691,
0x0004003d,0x00000037,0x000016b6,0x00001697,
0x00050094,0x0000001d,0x000016b7,0x000016b5,
0x000016b6,0x0004003d,0x0000001d,0x000016b9,
0x000016a3,0x0003003e,0x000016b8,0x000016b9,
0x0003003e,0x000016ba,0x000016b4,0x0003003e,
0x000016bb,0x000016b7,0x0004003d,0x0000001d,
0x000016bd,0x000000d1,0x0003003e,0x000016bc,
0x000016bd,0x0004003d,0x0000001d,0x000016bf,
0x000000d2,0x0003003e,0x000016be,0x000016bf,
0x00090039,0x0000001d,0x000016c0,0x000000b8,
0x000016b8,0x000016ba,0x000016bb,0x000016bc,
0x000016be,0x0005008e,0x00000037,0x000016c1,
0x000016b1,0x000016c0,0x0004003d,0x00000037,
0x000016c2,0x000000cf,0x0004003d,0x00000037,
0x000016c3,0x00001696,0x00050094,0x0000001d,
0x000016c4,0x000016c2,0x000016c3,0x0004003d,
0x00000037,0x000016c5,0x000000cf,0x0004003d,
0x00000037,0x000016c6,0x00001697,0x00050094,
0x0000001d,0x000016c7,0x000016c5,0x000016c6,
0x0004003d,0x0000001d,0x000016c9,0x00001687,
0x0003003e,0x000016c8,0x000016c9,0x0003003e,
0x000016ca,0x000016c4,0x0003003e,0x000016cb,
0x000016c7,0x0004003d,0x0000001d,0x000016cd,
0x000000d1,0x0003003e,0x000016cc,0x000016cd,
0x0004003d,0x0000001d,0x000016cf,0x000000d2,
0x0003003e,0x000016ce,0x000016cf,0x00090039,
0x0000001d,0x000016d0,0x000000bf,0x000016c8,
0x000016ca,0x000016cb,0x000016cc,0x000016ce,
0x0005008e,0x00000037,0x000016d1,0x000016c1,
0x000016d0,0x0004003d,0x00000037,0x000016d2,
0x000000d0,0x0004003d,0x00000037,0x000016d3,
0x00001696,0x00050094,0x0000001d,0x000016d4,
0x000016d2,0x000016d3,0x0004003d,0x00000037,
0x000016d5,0x000000d0,0x0004003d,0x00000037,
0x000016d6,0x00001697,0x00050094,0x0000001d,
0x000016d7,0x000016d5,0x000016d6,0x0004003d,
0x0000001d,0x000016d9,0x00001682,0x0003003e,
0x000016d8,0x000016d9,0x0003003e,0x000016da,
0x000016d4,0x0003003e,0x000016db,0x000016d7,
0x0004003d,0x0000001d,0x000016dd,0x000000d1,
0x0003003e,0x000016dc,0x000016dd,0x0004003d,
0x0000001d,0x000016df,0x000000d2,0x0003003e,
0x000016de,0x000016df,0x00090039,0x0000001d,
0x000016e0,0x000000bf,0x000016d8,0x000016da,
0x000016db,0x000016dc,0x000016de,0x0005008e,
0x00000037,0x000016e1,0x000016d1,0x000016e0,
0x0004003d,0x0000001d,0x000016e2,0x00001687,
0x00050085,0x0000001d,0x000016e3,0x00001679,
0x000016e2,0x0004003d,0x0000001d,0x000016e4,
0x00001682,0x00050085,0x0000001d,0x000016e5,
0x000016e3,0x000016e4,0x0007000c,0x0000001d,
0x000016e6,0x00000001,0x00000028,0x000016e5,
0x00000933,0x00060050,0x00000037,0x000016e7,
0x000016e6,0x000016e6,0x000016e6,0x00050088,
0x00000037,0x000016e8,0x000016e1,0x000016e7,
0x000200fe,0x000016e8,0x00010038,0x00050036,
0x0000001d,0x000000df,0x00000000,0x000000d7,
0x00030037,0x00000038,0x000000d8,0x00030037,
0x00000038,0x000000d9,0x00030037,0x00000038,
0x000000da,0x00030037,0x00000038,0x000000db,
0x00030037,0x00000023,0x000000dc,0x00030037,
0x00000023,0x000000dd,0x00030037,0x00000023,
0x000000de,0x000200f8,0x000000e0,0x0004003b,
0x00000038,0x000016f2,0x00000007,0x0004003b,
0x00000038,0x000016f7,0x00000007,0x0004003b,
0x00000038,0x000016f8,0x00000007,0x0004003b,
0x00000038,0x000016f9,0x00000007,0x0004003b,
0x00000038,0x000016fb,0x00000007,0x0004003b,
0x00000023,0x000016fd,0x00000007,0x0004003b,
0x00000038,0x000016ff,0x00000007,0x0004003b,
0x00000038,0x00001700,0x00000007,0x0004003b,
0x00000023,0x00001704,0x00000007,0x0004003b,
0x00000023,0x00001709,0x00000007,0x0004003b,
0x00000023,0x00001714,0x00000007,0x0004003b,
0x00000023,0x00001716,0x00000007,0x0004003b,
0x00000023,0x00001717,0x00000007,0x0004003b,
0x00000023,0x00001718,0x00000007,0x0004003b,
0x00000023,0x0000171a,0x00000007,0x0004003d,
0x00000037,0x000016eb,0x000000d8,0x0004003d,
0x00000037,0x000016ec,0x000000db,0x00050094,
0x0000001d,0x000016ed,0x000016eb,0x000016ec,
0x000500bc,0x0000001b,0x000016ee,0x000016ed,
0x000002ec,0x000300f7,0x000016f0,0x00000000,
0x000400fa,0x000016ee,0x000016ef,0x000016f0,
0x000200f8,0x000016ef,0x000200fe,0x000002ec,
0x000200f8,0x000016f0,0x0004003d,0x00000037,
0x000016f3,0x000000da,0x0004003d,0x00000037,
0x000016f4,0x000000db,0x00050081,0x00000037,
0x000016f5,0x000016f3,0x000016f4,0x0006000c,
0x00000037,0x000016f6,0x00000001,0x00000045,
0x000016f5,0x0003003e,0x000016f2,0x000016f6,
0x0004003d,0x00000037,0x000016fa,0x000000d8,
0x0003003e,0x000016f9,0x000016fa,0x0004003d,
0x00000037,0x000016fc,0x000000d9,0x0003003e,
0x000016fb,0x000016fc,0x0004003d,0x0000001d,
0x000016fe,0x000000de,0x0003003e,0x000016fd,
0x000016fe,0x00090039,0x00000002,0x00001701,
0x000000b0,0x000016f9,0x000016fb,0x000016fd,
0x000016ff,0x00001700,0x0004003d,0x00000037,
0x00001702,0x000016ff,0x0003003e,0x000016f7,
0x00001702,0x0004003d,0x00000037,0x00001703,
0x00001700,0x0003003e,0x000016f8,0x00001703,
0x0004003d,0x00000037,0x00001705,0x000000d8,
0x0004003d,0x00000037,0x00001706,0x000016f2,
0x00050094,0x0000001d,0x00001707,0x00001705,
0x00001706,0x0007000c,0x0000001d,0x00001708,
0x00000001,0x00000028,0x00001707,0x000002ec,
0x0003003e,0x00001704,0x00001708,0x0004003d,
0x00000037,0x0000170a,0x000000da,0x0004003d,
0x00000037,0x0000170b,0x000016f2,0x00050094,
0x0000001d,0x0000170c,0x0000170a,0x0000170b,
0x0007000c,0x0000001d,0x0000170d,0x00000001,
0x00000028,0x0000170c,0x00000933,0x0003003e,
0x00001709,0x0000170d,0x0004003d,0x00000037,
0x0000170e,0x000016f2,0x0004003d,0x00000037,
0x0000170f,0x000016f7,0x00050094,0x0000001d,
0x00001710,0x0000170e,0x0000170f,0x0004003d,
0x00000037,0x00001711,0x000016f2,0x0004003d,
0x00000037,0x00001712,0x000016f8,0x00050094,
0x0000001d,0x00001713,0x00001711,0x00001712,
0x0004003d,0x0000001d,0x00001715,0x00001704,
0x0003003e,0x00001714,0x00001715,0x0003003e,
0x00001716,0x00001710,0x0003003e,0x00001717,
0x00001713,0x0004003d,0x0000001d,0x00001719,
0x000000dc,0x0003003e,0x00001718,0x00001719,
0x0004003d,0x0000001d,0x0000171b,0x000000dd,
0x0003003e,0x0000171a,0x0000171b,0x00090039,
0x0000001d,0x0000171c,0x000000b8,0x00001714,
0x00001716,0x00001717,0x00001718,0x0000171a,
0x0004003d,0x0000001d,0x0000171d,0x00001704,
0x00050085,0x0000001d,0x0000171e,0x0000171c,
0x0000171d,0x0004003d,0x0000001d,0x0000171f,
0x00001709,0x00050085,0x0000001d,0x00001720,
0x00001679,0x0000171f,0x0007000c,0x0000001d,
0x00001721,0x00000001,0x00000028,0x00001720,
0x00000933,0x00050088,0x0000001d,0x00001722,
0x0000171e,0x00001721,0x000200fe,0x00001722,
0x00010038,0x00050036,0x00000037,0x000000e7,
0x00000000,0x000000e1,0x00030037,0x00000038,
0x000000e2,0x00030037,0x00000023,0x000000e3,
0x00030037,0x00000023,0x000000e4,0x00030037,
0x00000023,0x000000e5,0x00030037,0x00000023,
0x000000e6,0x000200f8,0x000000e8,0x0004003b,
0x00000023,0x00001725,0x00000007,0x0004003b,
0x00000023,0x00001731,0x00000007,0x0004003b,
0x00000038,0x0000173b,0x00000007,0x0004003d,
0x0000001d,0x00001726,0x000000e4,0x0008000c,
0x0000001d,0x00001727,0x00000001,0x0000002b,
0x00001726,0x000002ec,0x00000271,0x0003003e,
0x00001725,0x00001727,0x0004003d,0x0000001d,
0x00001728,0x00001725,0x000500bc,0x0000001b,
0x00001729,0x00001728,0x000002ec,0x0004003d,
0x0000001d,0x0000172a,0x000000e5,0x000500bc,
0x0000001b,0x0000172b,0x0000172a,0x000002ec,
0x000500a6,0x0000001b,0x0000172c,0x00001729,
0x0000172b,0x000300f7,0x0000172e,0x00000000,
0x000400fa,0x0000172c,0x0000172d,0x0000172e,
0x000200f8,0x0000172d,0x0004003d,0x00000037,
0x0000172f,0x000000e2,0x000200fe,0x0000172f,
0x000200f8,0x0000172e,0x0004003d,0x0000001d,
0x00001732,0x000000e6,0x0007000c,0x0000001d,
0x00001733,0x00000001,0x00000028,0x00001732,
0x00000271,0x00050085,0x0000001d,0x00001734,
0x000014fa,0x00001733,0x0004003d,0x0000001d,
0x00001735,0x000000e5,0x00050085,0x0000001d,
0x00001736,0x00001734,0x00001735,0x0004003d,
0x0000001d,0x00001737,0x000000e3,0x0008000c,
0x0000001d,0x00001738,0x00000001,0x0000002b,
0x00001737,0x000002ec,0x00000271,0x00050083,
0x0000001d,0x00001739,0x00000271,0x00001738,
0x00050085,0x0000001d,0x0000173a,0x00001736,
0x00001739,0x0003003e,0x00001731,0x0000173a,
0x0004003d,0x0000001d,0x0000173c,0x00001731,
0x0005008e,0x00000037,0x00001740,0x0000173f,
0x0000173c,0x00050081,0x00000037,0x00001744,
0x00001740,0x00001743,0x0006000c,0x00000037,
0x00001745,0x00000001,0x0000000e,0x00001744,
0x0005008e,0x00000037,0x00001746,0x00001745,
0x00000336,0x00060050,0x00000037,0x00001747,
0x00000336,0x00000336,0x00000336,0x00050081,
0x00000037,0x00001748,0x00001747,0x00001746,
0x0003003e,0x0000173b,0x00001748,0x0004003d,
0x00000037,0x00001749,0x000000e2,0x0004003d,
0x00000037,0x0000174a,0x000000e2,0x0004003d,
0x00000037,0x0000174b,0x000000e2,0x00050083,
0x00000037,0x0000174c,0x000007ec,0x0000174b,
0x0004003d,0x00000037,0x0000174d,0x0000173b,
0x00050085,0x00000037,0x0000174e,0x0000174c,
0x0000174d,0x0005008e,0x00000037,0x00001750,
0x0000174e,0x0000174f,0x00050081,0x00000037,
0x00001751,0x0000174a,0x00001750,0x0008000c,
0x00000037,0x00001752,0x00000001,0x0000002b,
0x00001751,0x000002ed,0x000007ec,0x0004003d,
0x0000001d,0x00001753,0x00001725,0x00060050,
0x00000037,0x00001754,0x00001753,0x00001753,
0x00001753,0x0008000c,0x00000037,0x00001755,
0x00000001,0x0000002e,0x00001749,0x00001752,
0x00001754,0x000200fe,0x00001755,0x00010038,
0x00050036,0x0000001d,0x000000ee,0x00000000,
0x000000e9,0x00030037,0x00000023,0x000000ea,
0x00030037,0x00000023,0x000000eb,0x00030037,
0x00000023,0x000000ec,0x00030037,0x0000000d,
0x000000ed,0x000200f8,0x000000ef,0x0004003b,
0x00000023,0x00001761,0x00000007,0x0004003b,
0x00000023,0x00001763,0x00000007,0x0004003b,
0x00000023,0x00001765,0x00000007,0x0004003b,
0x00000023,0x00001767,0x00000007,0x0004003b,
0x00000023,0x0000176f,0x00000007,0x0004003b,
0x00000023,0x00001774,0x00000007,0x0004003b,
0x00000023,0x00001779,0x00000007,0x0004003b,
0x00000023,0x0000177e,0x00000007,0x0004003b,
0x00000023,0x00001785,0x00000007,0x0004003b,
0x00000023,0x0000178b,0x00000007,0x0004003b,
0x00000023,0x0000178e,0x00000007,0x0004003d,
0x0000001d,0x00001758,0x000000ec,0x000500bc,
0x0000001b,0x00001759,0x00001758,0x000002ec,
0x0004003d,0x0000001d,0x0000175a,0x000000eb,
0x000500bc,0x0000001b,0x0000175b,0x0000175a,
0x000002ec,0x000500a6,0x0000001b,0x0000175c,
0x00001759,0x0000175b,0x000300f7,0x0000175e,
0x00000000,0x000400fa,0x0000175c,0x0000175d,
0x0000175e,0x000200f8,0x0000175d,0x0004003d,
0x0000001d,0x0000175f,0x000000ea,0x000200fe,
0x0000175f,0x000200f8,0x0000175e,0x0003003e,
0x00001761,0x00001762,0x0003003e,0x00001763,
0x00001764,0x0003003e,0x00001765,0x00001766,
0x0004003d,0x0000001d,0x00001768,0x000000ea,
0x00050083,0x0000001d,0x00001769,0x00001768,
0x00000271,0x0004003d,0x0000001d,0x0000176a,
0x000000eb,0x0007000c,0x0000001d,0x0000176b,
0x00000001,0x00000028,0x0000176a,0x00000271,
0x00050088,0x0000001d,0x0000176c,0x00001769,
0x0000176b,0x0004003d,0x0000001d,0x0000176d,
0x000000ec,0x00050085,0x0000001d,0x0000176e,
0x0000176c,0x0000176d,0x0003003e,0x00001767,
0x0000176e,0x0004003d,0x0000001d,0x00001770,
0x00001761,0x0004003d,0x0000001d,0x00001771,
0x00001761,0x00050085,0x0000001d,0x00001772,
0x00001770,0x00001771,0x00050088,0x0000001d,
0x00001773,0x00000271,0x00001772,0x0003003e,
0x0000176f,0x00001773,0x0004003d,0x0000001d,
0x00001775,0x00001763,0x0004003d,0x0000001d,
0x00001776,0x00001763,0x00050085,0x0000001d,
0x00001777,0x00001775,0x00001776,0x00050088,
0x0000001d,0x00001778,0x00000271,0x00001777,
0x0003003e,0x00001774,0x00001778,0x0004003d,
0x0000001d,0x0000177a,0x00001765,0x0004003d,
0x0000001d,0x0000177b,0x00001765,0x00050085,
0x0000001d,0x0000177c,0x0000177a,0x0000177b,
0x00050088,0x0000001d,0x0000177d,0x00000271,
0x0000177c,0x0003003e,0x00001779,0x0000177d,
0x0004003d,0x0000001d,0x0000177f,0x00001767,
0x0004003d,0x0000001d,0x00001780,0x00001779,
0x0004003d,0x0000001d,0x00001781,0x0000176f,
0x00050083,0x0000001d,0x00001782,0x00001780,
0x00001781,0x0007000c,0x0000001d,0x00001783,
0x00000001,0x00000028,0x00001782,0x00000933,
0x00050088,0x0000001d,0x00001784,0x0000177f,
0x00001783,0x0003003e,0x0000177e,0x00001784,
0x0004003d,0x0000001d,0x00001786,0x000000ea,
0x0004003d,0x0000001d,0x00001787,0x0000177e,
0x0004003d,0x0000001d,0x00001788,0x00001774,
0x00050085,0x0000001d,0x00001789,0x00001787,
0x00001788,0x00050083,0x0000001d,0x0000178a,
0x00001786,0x00001789,0x0003003e,0x00001785,
0x0000178a,0x0004003d,0x0000000c,0x0000178c,
0x000000ed,0x000500aa,0x0000001b,0x0000178d,
0x0000178c,0x0000024b,0x000300f7,0x00001790,
0x00000000,0x000400fa,0x0000178d,0x0000178f,
0x00001792,0x000200f8,0x0000178f,0x0004003d,
0x0000001d,0x00001791,0x00001761,0x0003003e,
0x0000178e,0x00001791,0x000200f9,0x00001790,
0x000200f8,0x00001792,0x0004003d,0x0000000c,
0x00001793,0x000000ed,0x000500aa,0x0000001b,
0x00001794,0x00001793,0x00000219,0x0004003d,
0x0000001d,0x00001795,0x00001763,0x0004003d,
0x0000001d,0x00001796,0x00001765,0x000600a9,
0x0000001d,0x00001797,0x00001794,0x00001795,
0x00001796,0x0003003e,0x0000178e,0x00001797,
0x000200f9,0x00001790,0x000200f8,0x00001790,
0x0004003d,0x0000001d,0x00001798,0x0000178e,
0x0003003e,0x0000178b,0x00001798,0x0004003d,
0x0000001d,0x00001799,0x00001785,0x0004003d,
0x0000001d,0x0000179a,0x0000177e,0x0004003d,
0x0000001d,0x0000179b,0x0000178b,0x0004003d,
0x0000001d,0x0000179c,0x0000178b,0x00050085,
0x0000001d,0x0000179d,0x0000179b,0x0000179c,
0x00050088,0x0000001d,0x0000179e,0x0000179a,
0x0000179d,0x00050081,0x0000001d,0x0000179f,
0x00001799,0x0000179e,0x0007000c,0x0000001d,
0x000017a1,0x00000001,0x00000028,0x0000179f,
0x000017a0,0x000200fe,0x000017a1,0x00010038,
0x00050036,0x00000037,0x000000f4,0x00000000,
0x000000f0,0x00030037,0x00000038,0x000000f1,
0x00030037,0x00000038,0x000000f2,0x00030037,
0x00000038,0x000000f3,0x000200f8,0x000000f5,
0x0004003b,0x00000038,0x000017a4,0x00000007,
0x0004003b,0x00000038,0x000017a5,0x00000007,
0x0004003b,0x00000038,0x000017a6,0x00000007,
0x0004003b,0x00000038,0x000017a8,0x00000007,
0x0004003b,0x00000023,0x000017aa,0x00000007,
0x0004003b,0x00000038,0x000017ab,0x00000007,
0x0004003b,0x00000038,0x000017ac,0x00000007,
0x0004003b,0x00000038,0x000017b0,0x00000007,
0x0004003d,0x00000037,0x000017a7,0x000000f1,
0x0003003e,0x000017a6,0x000017a7,0x0004003d,
0x00000037,0x000017a9,0x000000f2,0x0003003e,
0x000017a8,0x000017a9,0x0003003e,0x000017aa,
0x000002ec,0x00090039,0x00000002,0x000017ad,
0x000000b0,0x000017a6,0x000017a8,0x000017aa,
0x000017ab,0x000017ac,0x0004003d,0x00000037,
0x000017ae,0x000017ab,0x0003003e,0x000017a4,
0x000017ae,0x0004003d,0x00000037,0x000017af,
0x000017ac,0x0003003e,0x000017a5,0x000017af,
0x0004003d,0x00000037,0x000017b1,0x000000f3,
0x0005008e,0x00000037,0x000017b2,0x000017b1,
0x000001c6,0x00060050,0x00000037,0x000017b3,
0x00000271,0x00000271,0x00000271,0x00050083,
0x00000037,0x000017b4,0x000017b2,0x000017b3,
0x0003003e,0x000017b0,0x000017b4,0x0004003d,
0x00000037,0x000017b5,0x000017a4,0x00050041,
0x00000023,0x000017b6,0x000017b0,0x0000019a,
0x0004003d,0x0000001d,0x000017b7,0x000017b6,
0x0005008e,0x00000037,0x000017b8,0x000017b5,
0x000017b7,0x0004003d,0x00000037,0x000017b9,
0x000017a5,0x00050041,0x00000023,0x000017ba,
0x000017b0,0x000001a0,0x0004003d,0x0000001d,
0x000017bb,0x000017ba,0x0005008e,0x00000037,
0x000017bc,0x000017b9,0x000017bb,0x00050081,
0x00000037,0x000017bd,0x000017b8,0x000017bc,
0x0004003d,0x00000037,0x000017be,0x000000f1,
0x00050041,0x00000023,0x000017bf,0x000017b0,
0x00000192,0x0004003d,0x0000001d,0x000017c0,
0x000017bf,0x0005008e,0x00000037,0x000017c1,
0x000017be,0x000017c0,0x00050081,0x00000037,
0x000017c2,0x000017bd,0x000017c1,0x0006000c,
0x00000037,0x000017c3,0x00000001,0x00000045,
0x000017c2,0x000200fe,0x000017c3,0x00010038,
0x00050036,0x00000037,0x000000f7,0x00000000,
0x0000006d,0x00030037,0x00000038,0x000000f6,
0x000200f8,0x000000f8,0x0004003b,0x00000038,
0x000017c6,0x00000007,0x0004003b,0x00000007,
0x000017c7,0x00000007,0x0004003b,0x00000007,
0x000017d1,0x00000007,0x0004003b,0x00000038,
0x000017e2,0x00000007,0x0004003b,0x0000000d,
0x000017f0,0x00000007,0x0004003b,0x0000002b,
0x000017fb,0x00000007,0x0004003b,0x0000000d,
0x00001809,0x00000007,0x0004003b,0x0000002b,
0x0000180b,0x00000007,0x0004003b,0x00000038,
0x0000181b,0x00000007,0x0003003e,0x000017c6,
0x000002ed,0x0003003e,0x000017c7,0x0000019a,
0x000200f9,0x000017c8,0x000200f8,0x000017c8,
0x000400f6,0x000017ca,0x000017cb,0x00000000,
0x000200f9,0x000017cc,0x000200f8,0x000017cc,
0x0004003d,0x00000006,0x000017cd,0x000017c7,
0x00060041,0x000014ea,0x000017ce,0x000014e9,
0x00000171,0x00000191,0x0004003d,0x00000006,
0x000017cf,0x000017ce,0x000500b0,0x0000001b,
0x000017d0,0x000017cd,0x000017cf,0x000400fa,
0x000017d0,0x000017c9,0x000017ca,0x000200f8,
0x000017c9,0x0004003d,0x00000006,0x000017d2,
0x000017c7,0x00050084,0x00000006,0x000017d3,
0x000017d2,0x0000067e,0x0003003e,0x000017d1,
0x000017d3,0x0004003d,0x00000006,0x000017d8,
0x000017d1,0x00050080,0x00000006,0x000017d9,
0x000017d8,0x00000191,0x00060041,0x0000081a,
0x000017da,0x000017d7,0x0000024b,0x000017d9,
0x0004003d,0x0000001d,0x000017db,0x000017da,
0x0006000c,0x0000001d,0x000017dc,0x00000001,
0x00000001,0x000017db,0x0004006e,0x0000000c,
0x000017dd,0x000017dc,0x000500ab,0x0000001b,
0x000017de,0x000017dd,0x0000047b,0x000300f7,
0x000017e0,0x00000000,0x000400fa,0x000017de,
0x000017df,0x000017e0,0x000200f8,0x000017df,
0x000200f9,0x000017cb,0x000200f8,0x000017e0,
0x0004003d,0x00000006,0x000017e3,0x000017d1,
0x00050080,0x00000006,0x000017e4,0x000017e3,
0x000003b2,0x00060041,0x0000081a,0x000017e5,
0x000017d7,0x0000024b,0x000017e4,0x0004003d,
0x0000001d,0x000017e6,0x000017e5,0x0004003d,
0x00000006,0x000017e7,0x000017d1,0x00050080,
0x00000006,0x000017e8,0x000017e7,0x00000872,
0x00060041,0x0000081a,0x000017e9,0x000017d7,
0x0000024b,0x000017e8,0x0004003d,0x0000001d,
0x000017ea,0x000017e9,0x0004003d,0x00000006,
0x000017eb,0x000017d1,0x00050080,0x00000006,
0x000017ec,0x000017eb,0x00000877,0x00060041,
0x0000081a,0x000017ed,0x000017d7,0x0000024b,
0x000017ec,0x0004003d,0x0000001d,0x000017ee,
0x000017ed,0x00060050,0x00000037,0x000017ef,
0x000017e6,0x000017ea,0x000017ee,0x0003003e,
0x000017e2,0x000017ef,0x0004003d,0x00000006,
0x000017f1,0x000017d1,0x00050080,0x00000006,
0x000017f2,0x000017f1,0x000003ad,0x00060041,
0x0000081a,0x000017f3,0x000017d7,0x0000024b,
0x000017f2,0x0004003d,0x0000001d,0x000017f4,
0x000017f3,0x0006000c,0x0000001d,0x000017f5,
0x00000001,0x00000001,0x000017f4,0x0004006e,
0x0000000c,0x000017f6,0x000017f5,0x0003003e,
0x000017f0,0x000017f6,0x0004003d,0x0000000c,
0x000017f7,0x000017f0,0x000500af,0x0000001b,
0x000017f8,0x000017f7,0x0000024b,0x000300f7,
0x000017fa,0x00000000,0x000400fa,0x000017f8,
0x000017f9,0x000017fa,0x000200f8,0x000017f9,
0x00050041,0x00000023,0x000017fc,0x000000f6,
0x00000192,0x0004003d,0x0000001d,0x000017fd,
0x000017fc,0x00050041,0x00000023,0x000017fe,
0x000000f6,0x0000019a,0x0004003d,0x0000001d,
0x000017ff,0x000017fe,0x0007000c,0x0000001d,
0x00001800,0x00000001,0x00000019,0x000017fd,
0x000017ff,0x00050088,0x0000001d,0x00001801,
0x00001800,0x000014fa,0x00050081,0x0000001d,
0x00001802,0x00001801,0x00000336,0x00050041,
0x00000023,0x00001803,0x000000f6,0x000001a0,
0x0004003d,0x0000001d,0x00001804,0x00001803,
0x0008000c,0x0000001d,0x00001805,0x00000001,
0x0000002b,0x00001804,0x000004fa,0x00000271,
0x0006000c,0x0000001d,0x00001806,0x00000001,
0x00000011,0x00001805,0x00050088,0x0000001d,
0x00001807,0x00001806,0x00001595,0x00050050,
0x0000002a,0x00001808,0x00001802,0x00001807,
0x0003003e,0x000017fb,0x00001808,0x0004003d,
0x0000000c,0x0000180a,0x000017f0,0x0003003e,
0x00001809,0x0000180a,0x0004003d,0x0000002a,
0x0000180c,0x000017fb,0x0003003e,0x0000180b,
0x0000180c,0x00060039,0x00000039,0x0000180d,
0x00000079,0x00001809,0x0000180b,0x0008004f,
0x00000037,0x0000180e,0x0000180d,0x0000180d,
0x00000000,0x00000001,0x00000002,0x0004003d,
0x00000037,0x0000180f,0x000017e2,0x00050085,
0x00000037,0x00001810,0x0000180f,0x0000180e,
0x0003003e,0x000017e2,0x00001810,0x000200f9,
0x000017fa,0x000200f8,0x000017fa,0x0004003d,
0x00000037,0x00001811,0x000017e2,0x0004003d,
0x00000037,0x00001812,0x000017c6,0x00050081,
0x00000037,0x00001813,0x00001812,0x00001811,
0x0003003e,0x000017c6,0x00001813,0x000200f9,
0x000017cb,0x000200f8,0x000017cb,0x0004003d,
0x00000006,0x00001814,0x000017c7,0x00050080,
0x00000006,0x00001815,0x00001814,0x00000219,
0x0003003e,0x000017c7,0x00001815,0x000200f9,
0x000017c8,0x000200f8,0x000017ca,0x0004003d,
0x00000037,0x00001816,0x000017c6,0x0004003d,
0x00000037,0x00001817,0x000017c6,0x00050094,
0x0000001d,0x00001818,0x00001816,0x00001817,
0x000500ba,0x0000001b,0x0000181a,0x00001818,
0x00001819,0x000300f7,0x0000181d,0x00000000,
0x000400fa,0x0000181a,0x0000181c,0x0000181f,
0x000200f8,0x0000181c,0x0004003d,0x00000037,
0x0000181e,0x000017c6,0x0003003e,0x0000181b,
0x0000181e,0x000200f9,0x0000181d,0x000200f8,
0x0000181f,0x00050041,0x00001820,0x00001821,
0x000014e9,0x00000323,0x0004003d,0x00000039,
0x00001822,0x00001821,0x0008004f,0x00000037,
0x00001823,0x00001822,0x00001822,0x00000000,
0x00000001,0x00000002,0x0003003e,0x0000181b,
0x00001823,0x000200f9,0x0000181d,0x000200f8,
0x0000181d,0x0004003d,0x00000037,0x00001824,
0x0000181b,0x000200fe,0x00001824,0x00010038,
0x00050036,0x0000001d,0x000000fa,0x00000000,
0x00000065,0x00030037,0x00000007,0x000000f9,
0x000200f8,0x000000fb,0x0004003b,0x00000007,
0x00001827,0x00000007,0x0004003b,0x0000000d,
0x0000182a,0x00000007,0x0004003b,0x00000023,
0x00001831,0x00000007,0x0004003b,0x00000023,
0x00001841,0x00000007,0x0004003b,0x00000023,
0x00001846,0x00000007,0x0004003b,0x00000023,
0x00001856,0x00000007,0x0004003d,0x00000006,
0x00001828,0x000000f9,0x00050084,0x00000006,
0x00001829,0x00001828,0x0000067e,0x0003003e,
0x00001827,0x00001829,0x0004003d,0x00000006,
0x0000182b,0x00001827,0x00050080,0x00000006,
0x0000182c,0x0000182b,0x00000191,0x00060041,
0x0000081a,0x0000182d,0x000017d7,0x0000024b,
0x0000182c,0x0004003d,0x0000001d,0x0000182e,
0x0000182d,0x0006000c,0x0000001d,0x0000182f,
0x00000001,0x00000001,0x0000182e,0x0004006e,
0x0000000c,0x00001830,0x0000182f,0x0003003e,
0x0000182a,0x00001830,0x0004003d,0x00000006,
0x00001832,0x00001827,0x00050080,0x00000006,
0x00001833,0x00001832,0x000003b2,0x00060041,
0x0000081a,0x00001834,0x000017d7,0x0000024b,
0x00001833,0x0004003d,0x0000001d,0x00001835,
0x00001834,0x0004003d,0x00000006,0x00001836,
0x00001827,0x00050080,0x00000006,0x00001837,
0x00001836,0x00000872,0x00060041,0x0000081a,
0x00001838,0x000017d7,0x0000024b,0x00001837,
0x0004003d,0x0000001d,0x00001839,0x00001838,
0x0004003d,0x00000006,0x0000183a,0x00001827,
0x00050080,0x00000006,0x0000183b,0x0000183a,
0x00000877,0x00060041,0x0000081a,0x0000183c,
0x000017d7,0x0000024b,0x0000183b,0x0004003d,
0x0000001d,0x0000183d,0x0000183c,0x00060050,
0x00000037,0x0000183e,0x00001835,0x00001839,
0x0000183d,0x00050094,0x0000001d,0x0000183f,
0x0000183e,0x000009c4,0x0007000c,0x0000001d,
0x00001840,0x00000001,0x00000028,0x0000183f,
0x000002ec,0x0003003e,0x00001831,0x00001840,
0x0003003e,0x00001841,0x00000271,0x0004003d,
0x0000000c,0x00001842,0x0000182a,0x000500aa,
0x0000001b,0x00001843,0x00001842,0x00000219,
0x000300f7,0x00001845,0x00000000,0x000400fa,
0x00001843,0x00001844,0x00001851,0x000200f8,
0x00001844,0x0004003d,0x00000006,0x00001847,
0x00001827,0x00050080,0x00000006,0x00001848,
0x00001847,0x000001bc,0x00060041,0x0000081a,
0x00001849,0x000017d7,0x0000024b,0x00001848,
0x0004003d,0x0000001d,0x0000184a,0x00001849,
0x0007000c,0x0000001d,0x0000184b,0x00000001,
0x00000028,0x0000184a,0x000002ec,0x0003003e,
0x00001846,0x0000184b,0x0004003d,0x0000001d,
0x0000184d,0x00001846,0x00050085,0x0000001d,
0x0000184e,0x0000184c,0x0000184d,0x0004003d,
0x0000001d,0x0000184f,0x00001846,0x00050085,
0x0000001d,0x00001850,0x0000184e,0x0000184f,
0x0003003e,0x00001841,0x00001850,0x000200f9,
0x00001845,0x000200f8,0x00001851,0x0004003d,
0x0000000c,0x00001852,0x0000182a,0x000500aa,
0x0000001b,0x00001853,0x00001852,0x00000323,
0x000300f7,0x00001855,0x00000000,0x000400fa,
0x00001853,0x00001854,0x00001860,0x000200f8,
0x00001854,0x0004003d,0x00000006,0x00001857,
0x00001827,0x00050080,0x00000006,0x00001858,
0x00001857,0x000001bc,0x00060041,0x0000081a,
0x00001859,0x000017d7,0x0000024b,0x00001858,
0x0004003d,0x0000001d,0x0000185a,0x00001859,
0x0007000c,0x0000001d,0x0000185b,0x00000001,
0x00000028,0x0000185a,0x000002ec,0x0003003e,
0x00001856,0x0000185b,0x0004003d,0x0000001d,
0x0000185c,0x00001856,0x00050085,0x0000001d,
0x0000185d,0x00001595,0x0000185c,0x0004003d,
0x0000001d,0x0000185e,0x00001856,0x00050085,
0x0000001d,0x0000185f,0x0000185d,0x0000185e,
0x0003003e,0x00001841,0x0000185f,0x000200f9,
0x00001855,0x000200f8,0x00001860,0x0004003d,
0x0000000c,0x00001861,0x0000182a,0x000500aa,
0x0000001b,0x00001862,0x00001861,0x00000469,
0x000300f7,0x00001864,0x00000000,0x000400fa,
0x00001862,0x00001863,0x0000186f,0x000200f8,
0x00001863,0x0004003d,0x00000006,0x00001865,
0x00001827,0x00050080,0x00000006,0x00001866,
0x00001865,0x0000087c,0x00060041,0x0000081a,
0x00001867,0x000017d7,0x0000024b,0x00001866,
0x0004003d,0x0000001d,0x00001868,0x00001867,
0x0004003d,0x00000006,0x00001869,0x00001827,
0x00050080,0x00000006,0x0000186a,0x00001869,
0x000003c0,0x00060041,0x0000081a,0x0000186b,
0x000017d7,0x0000024b,0x0000186a,0x0004003d,
0x0000001d,0x0000186c,0x0000186b,0x00050085,
0x0000001d,0x0000186d,0x00001868,0x0000186c,
0x0007000c,0x0000001d,0x0000186e,0x00000001,
0x00000028,0x0000186d,0x000002ec,0x0003003e,
0x00001841,0x0000186e,0x000200f9,0x00001864,
0x000200f8,0x0000186f,0x0004003d,0x0000000c,
0x00001870,0x0000182a,0x000500aa,0x0000001b,
0x00001871,0x00001870,0x00000171,0x000300f7,
0x00001873,0x00000000,0x000400fa,0x00001871,
0x00001872,0x00001880,0x000200f8,0x00001872,
0x0004003d,0x00000006,0x00001874,0x00001827,
0x00050080,0x00000006,0x00001875,0x00001874,
0x000001bc,0x00060041,0x0000081a,0x00001876,
0x000017d7,0x0000024b,0x00001875,0x0004003d,
0x0000001d,0x00001877,0x00001876,0x0007000c,
0x0000001d,0x00001878,0x00000001,0x00000028,
0x00001877,0x000002ec,0x00050085,0x0000001d,
0x00001879,0x000014fa,0x00001878,0x0004003d,
0x00000006,0x0000187a,0x00001827,0x00050080,
0x00000006,0x0000187b,0x0000187a,0x00000196,
0x00060041,0x0000081a,0x0000187c,0x000017d7,
0x0000024b,0x0000187b,0x0004003d,0x0000001d,
0x0000187d,0x0000187c,0x0007000c,0x0000001d,
0x0000187e,0x00000001,0x00000028,0x0000187d,
0x000002ec,0x00050085,0x0000001d,0x0000187f,
0x00001879,0x0000187e,0x0003003e,0x00001841,
0x0000187f,0x000200f9,0x00001873,0x000200f8,
0x00001880,0x0004003d,0x0000000c,0x00001881,
0x0000182a,0x000500aa,0x0000001b,0x00001882,
0x00001881,0x0000047b,0x000300f7,0x00001884,
0x00000000,0x000400fa,0x00001882,0x00001883,
0x00001885,0x000200f8,0x00001883,0x0003003e,
0x00001841,0x0000184c,0x000200f9,0x00001884,
0x000200f8,0x00001885,0x0004003d,0x0000000c,
0x00001886,0x0000182a,0x000500aa,0x0000001b,
0x00001887,0x00001886,0x0000047e,0x000300f7,
0x00001889,0x00000000,0x000400fa,0x00001887,
0x00001888,0x0000188f,0x000200f8,0x00001888,
0x0004003d,0x00000006,0x0000188a,0x00001827,
0x00050080,0x00000006,0x0000188b,0x0000188a,
0x0000087c,0x00060041,0x0000081a,0x0000188c,
0x000017d7,0x0000024b,0x0000188b,0x0004003d,
0x0000001d,0x0000188d,0x0000188c,0x0007000c,
0x0000001d,0x0000188e,0x00000001,0x00000028,
0x0000188d,0x000002ec,0x0003003e,0x00001841,
0x0000188e,0x000200f9,0x00001889,0x000200f8,
0x0000188f,0x0004003d,0x0000000c,0x00001890,
0x0000182a,0x000500aa,0x0000001b,0x00001891,
0x00001890,0x00000251,0x000300f7,0x00001893,
0x00000000,0x000400fa,0x00001891,0x00001892,
0x00001893,0x000200f8,0x00001892,0x000200fe,
0x000002ec,0x000200f8,0x00001893,0x000200f9,
0x00001889,0x000200f8,0x00001889,0x000200f9,
0x00001884,0x000200f8,0x00001884,0x000200f9,
0x00001873,0x000200f8,0x00001873,0x000200f9,
0x00001864,0x000200f8,0x00001864,0x000200f9,
0x00001855,0x000200f8,0x00001855,0x000200f9,
0x00001845,0x000200f8,0x00001845,0x0004003d,
0x0000001d,0x00001895,0x00001831,0x0004003d,
0x0000001d,0x00001896,0x00001841,0x0007000c,
0x0000001d,0x00001897,0x00000001,0x00000028,
0x00001896,0x00000933,0x00050085,0x0000001d,
0x00001898,0x00001895,0x00001897,0x000200fe,
0x00001898,0x00010038,0x00050036,0x0000001d,
0x000000fd,0x00000000,0x000000fc,0x000200f8,
0x000000fe,0x0004003b,0x00000023,0x0000189b,
0x00000007,0x0004003b,0x00000007,0x0000189c,
0x00000007,0x0004003b,0x00000007,0x000018a6,
0x00000007,0x0003003e,0x0000189b,0x000002ec,
0x0003003e,0x0000189c,0x0000019a,0x000200f9,
0x0000189d,0x000200f8,0x0000189d,0x000400f6,
0x0000189f,0x000018a0,0x00000000,0x000200f9,
0x000018a1,0x000200f8,0x000018a1,0x0004003d,
0x00000006,0x000018a2,0x0000189c,0x00060041,
0x000014ea,0x000018a3,0x000014e9,0x00000171,
0x00000191,0x0004003d,0x00000006,0x000018a4,
0x000018a3,0x000500b0,0x0000001b,0x000018a5,
0x000018a2,0x000018a4,0x000400fa,0x000018a5,
0x0000189e,0x0000189f,0x000200f8,0x0000189e,
0x0004003d,0x00000006,0x000018a7,0x0000189c,
0x0003003e,0x000018a6,0x000018a7,0x00050039,
0x0000001d,0x000018a8,0x000000fa,0x000018a6,
0x0004003d,0x0000001d,0x000018a9,0x0000189b,
0x00050081,0x0000001d,0x000018aa,0x000018a9,
0x000018a8,0x0003003e,0x0000189b,0x000018aa,
0x000200f9,0x000018a0,0x000200f8,0x000018a0,
0x0004003d,0x00000006,0x000018ab,0x0000189c,
0x00050080,0x00000006,0x000018ac,0x000018ab,
0x00000219,0x0003003e,0x0000189c,0x000018ac,
0x000200f9,0x0000189d,0x000200f8,0x0000189f,
0x0004003d,0x0000001d,0x000018ad,0x0000189b,
0x000200fe,0x000018ad,0x00010038,0x00050036,
0x00000006,0x00000102,0x00000000,0x000000ff,
0x00030037,0x00000007,0x00000100,0x00030037,
0x00000023,0x00000101,0x000200f8,0x00000103,
0x0004003b,0x00000023,0x000018b0,0x00000007,
0x0004003b,0x00000007,0x000018b6,0x00000007,
0x0004003b,0x00000007,0x000018b7,0x00000007,
0x0004003b,0x00000023,0x000018cd,0x00000007,
0x0004003b,0x00000007,0x000018ce,0x00000007,
0x0004003b,0x00000023,0x000018d4,0x00000007,
0x0004003b,0x00000007,0x000018d5,0x00000007,
0x0004003b,0x00000023,0x000018df,0x00000007,
0x0004003b,0x00000007,0x000018e0,0x00000007,
0x0004003b,0x00000007,0x000018f2,0x00000007,
0x0004003b,0x00000007,0x000018f7,0x00000007,
0x00040039,0x0000001d,0x000018b1,0x000000fd,
0x0003003e,0x000018b0,0x000018b1,0x0004003d,
0x0000001d,0x000018b2,0x000018b0,0x000500bc,
0x0000001b,0x000018b3,0x000018b2,0x00001819,
0x000300f7,0x000018b5,0x00000000,0x000400fa,
0x000018b3,0x000018b4,0x000018b5,0x000200f8,
0x000018b4,0x0004003d,0x00000006,0x000018b8,
0x00000100,0x0003003e,0x000018b7,0x000018b8,
0x00050039,0x0000001d,0x000018b9,0x00000067,
0x000018b7,0x0004003d,0x00000006,0x000018ba,
0x000018b7,0x0003003e,0x00000100,0x000018ba,
0x00060041,0x000014ea,0x000018bb,0x000014e9,
0x00000171,0x00000191,0x0004003d,0x00000006,
0x000018bc,0x000018bb,0x0007000c,0x00000006,
0x000018bd,0x00000001,0x00000029,0x000018bc,
0x000001a0,0x00040070,0x0000001d,0x000018be,
0x000018bd,0x00050085,0x0000001d,0x000018bf,
0x000018b9,0x000018be,0x0004006d,0x00000006,
0x000018c0,0x000018bf,0x00060041,0x000014ea,
0x000018c1,0x000014e9,0x00000171,0x00000191,
0x0004003d,0x00000006,0x000018c2,0x000018c1,
0x0007000c,0x00000006,0x000018c3,0x00000001,
0x00000029,0x000018c2,0x000001a0,0x00050082,
0x00000006,0x000018c4,0x000018c3,0x000001a0,
0x0007000c,0x00000006,0x000018c5,0x00000001,
0x00000026,0x000018c0,0x000018c4,0x0003003e,
0x000018b6,0x000018c5,0x00060041,0x000014ea,
0x000018c6,0x000014e9,0x00000171,0x00000191,
0x0004003d,0x00000006,0x000018c7,0x000018c6,
0x0007000c,0x00000006,0x000018c8,0x00000001,
0x00000029,0x000018c7,0x000001a0,0x00040070,
0x0000001d,0x000018c9,0x000018c8,0x00050088,
0x0000001d,0x000018ca,0x00000271,0x000018c9,
0x0003003e,0x00000101,0x000018ca,0x0004003d,
0x00000006,0x000018cb,0x000018b6,0x000200fe,
0x000018cb,0x000200f8,0x000018b5,0x0004003d,
0x00000006,0x000018cf,0x00000100,0x0003003e,
0x000018ce,0x000018cf,0x00050039,0x0000001d,
0x000018d0,0x00000067,0x000018ce,0x0004003d,
0x00000006,0x000018d1,0x000018ce,0x0003003e,
0x00000100,0x000018d1,0x0004003d,0x0000001d,
0x000018d2,0x000018b0,0x00050085,0x0000001d,
0x000018d3,0x000018d0,0x000018d2,0x0003003e,
0x000018cd,0x000018d3,0x0003003e,0x000018d4,
0x000002ec,0x0003003e,0x000018d5,0x0000019a,
0x000200f9,0x000018d6,0x000200f8,0x000018d6,
0x000400f6,0x000018d8,0x000018d9,0x00000000,
0x000200f9,0x000018da,0x000200f8,0x000018da,
0x0004003d,0x00000006,0x000018db,0x000018d5,
0x00060041,0x000014ea,0x000018dc,0x000014e9,
0x00000171,0x00000191,0x0004003d,0x00000006,
0x000018dd,0x000018dc,0x000500b0,0x0000001b,
0x000018de,0x000018db,0x000018dd,0x000400fa,
0x000018de,0x000018d7,0x000018d8,0x000200f8,
0x000018d7,0x0004003d,0x00000006,0x000018e1,
0x000018d5,0x0003003e,0x000018e0,0x000018e1,
0x00050039,0x0000001d,0x000018e2,0x000000fa,
0x000018e0,0x0003003e,0x000018df,0x000018e2,
0x0004003d,0x0000001d,0x000018e3,0x000018df,
0x0004003d,0x0000001d,0x000018e4,0x000018d4,
0x00050081,0x0000001d,0x000018e5,0x000018e4,
0x000018e3,0x0003003e,0x000018d4,0x000018e5,
0x0004003d,0x0000001d,0x000018e6,0x000018cd,
0x0004003d,0x0000001d,0x000018e7,0x000018d4,
0x000500bc,0x0000001b,0x000018e8,0x000018e6,
0x000018e7,0x000300f7,0x000018ea,0x00000000,
0x000400fa,0x000018e8,0x000018e9,0x000018ea,
0x000200f8,0x000018e9,0x0004003d,0x0000001d,
0x000018eb,0x000018df,0x0004003d,0x0000001d,
0x000018ec,0x000018b0,0x00050088,0x0000001d,
0x000018ed,0x000018eb,0x000018ec,0x0003003e,
0x00000101,0x000018ed,0x0004003d,0x00000006,
0x000018ee,0x000018d5,0x000200fe,0x000018ee,
0x000200f8,0x000018ea,0x000200f9,0x000018d9,
0x000200f8,0x000018d9,0x0004003d,0x00000006,
0x000018f0,0x000018d5,0x00050080,0x00000006,
0x000018f1,0x000018f0,0x00000219,0x0003003e,
0x000018d5,0x000018f1,0x000200f9,0x000018d6,
0x000200f8,0x000018d8,0x00060041,0x000014ea,
0x000018f3,0x000014e9,0x00000171,0x00000191,
0x0004003d,0x00000006,0x000018f4,0x000018f3,
0x0007000c,0x00000006,0x000018f5,0x00000001,
0x00000029,0x000018f4,0x000001a0,0x00050082,
0x00000006,0x000018f6,0x000018f5,0x000001a0,
0x0003003e,0x000018f2,0x000018f6,0x0004003d,
0x00000006,0x000018f8,0x000018f2,0x0003003e,
0x000018f7,0x000018f8,0x00050039,0x0000001d,
0x000018f9,0x000000fa,0x000018f7,0x0004003d,
0x0000001d,0x000018fa,0x000018b0,0x00050088,
0x0000001d,0x000018fb,0x000018f9,0x000018fa,
0x0003003e,0x00000101,0x000018fb,0x0004003d,
0x00000006,0x000018fc,0x000018f2,0x000200fe,
0x000018fc,0x00010038,0x00050036,0x0000001d,
0x00000104,0x00000000,0x000000fc,0x000200f8,
0x00000105,0x0004003b,0x00000023,0x000018ff,
0x00000007,0x0004003b,0x00000023,0x00001901,
0x00000007,0x0004003b,0x00000007,0x00001902,
0x00000007,0x0004003b,0x00000007,0x00001916,
0x00000007,0x0004003b,0x00000023,0x0000191f,
0x00000007,0x00040039,0x0000001d,0x00001900,
0x000000fd,0x0003003e,0x000018ff,0x00001900,
0x0003003e,0x00001901,0x000002ec,0x0003003e,
0x00001902,0x0000019a,0x000200f9,0x00001903,
0x000200f8,0x00001903,0x000400f6,0x00001905,
0x00001906,0x00000000,0x000200f9,0x00001907,
0x000200f8,0x00001907,0x0004003d,0x00000006,
0x00001908,0x00001902,0x00060041,0x000014ea,
0x00001909,0x000014e9,0x00000171,0x00000191,
0x0004003d,0x00000006,0x0000190a,0x00001909,
0x000500b0,0x0000001b,0x0000190b,0x00001908,
0x0000190a,0x000400fa,0x0000190b,0x00001904,
0x00001905,0x000200f8,0x00001904,0x0004003d,
0x00000006,0x0000190c,0x00001902,0x00050084,
0x00000006,0x0000190d,0x0000190c,0x0000067e,
0x00050080,0x00000006,0x0000190e,0x0000190d,
0x00000191,0x00060041,0x0000081a,0x0000190f,
0x000017d7,0x0000024b,0x0000190e,0x0004003d,
0x0000001d,0x00001910,0x0000190f,0x0006000c,
0x0000001d,0x00001911,0x00000001,0x00000001,
0x00001910,0x0004006e,0x0000000c,0x00001912,
0x00001911,0x000500aa,0x0000001b,0x00001913,
0x00001912,0x0000047b,0x000300f7,0x00001915,
0x00000000,0x000400fa,0x00001913,0x00001914,
0x00001915,0x000200f8,0x00001914,0x0004003d,
0x00000006,0x00001917,0x00001902,0x0003003e,
0x00001916,0x00001917,0x00050039,0x0000001d,
0x00001918,0x000000fa,0x00001916,0x0004003d,
0x0000001d,0x00001919,0x00001901,0x00050081,
0x0000001d,0x0000191a,0x00001919,0x00001918,
0x0003003e,0x00001901,0x0000191a,0x000200f9,
0x00001915,0x000200f8,0x00001915,0x000200f9,
0x00001906,0x000200f8,0x00001906,0x0004003d,
0x00000006,0x0000191b,0x00001902,0x00050080,
0x00000006,0x0000191c,0x0000191b,0x00000219,
0x0003003e,0x00001902,0x0000191c,0x000200f9,
0x00001903,0x000200f8,0x00001905,0x0004003d,
0x0000001d,0x0000191d,0x000018ff,0x000500ba,
0x0000001b,0x0000191e,0x0000191d,0x00001819,
0x000300f7,0x00001921,0x00000000,0x000400fa,
0x0000191e,0x00001920,0x00001927,0x000200f8,
0x00001920,0x0004003d,0x0000001d,0x00001922,
0x00001901,0x0004003d,0x0000001d,0x00001923,
0x000018ff,0x00050085,0x0000001d,0x00001924,
0x00001923,0x00001679,0x00050085,0x0000001d,
0x00001925,0x00001924,0x00001595,0x00050088,
0x0000001d,0x00001926,0x00001922,0x00001925,
0x0003003e,0x0000191f,0x00001926,0x000200f9,
0x00001921,0x000200f8,0x00001927,0x0003003e,
0x0000191f,0x000002ec,0x000200f9,0x00001921,
0x000200f8,0x00001921,0x0004003d,0x0000001d,
0x00001928,0x0000191f,0x000200fe,0x00001928,
0x00010038,0x00050036,0x0000001d,0x00000109,
0x00000000,0x00000106,0x00030037,0x00000023,
0x00000107,0x00030037,0x00000023,0x00000108,
0x000200f8,0x0000010a,0x0004003b,0x00000023,
0x0000192b,0x00000007,0x0004003b,0x00000023,
0x0000192f,0x00000007,0x0004003d,0x0000001d,
0x0000192c,0x00000107,0x0004003d,0x0000001d,
0x0000192d,0x00000107,0x00050085,0x0000001d,
0x0000192e,0x0000192c,0x0000192d,0x0003003e,
0x0000192b,0x0000192e,0x0004003d,0x0000001d,
0x00001930,0x00000108,0x0004003d,0x0000001d,
0x00001931,0x00000108,0x00050085,0x0000001d,
0x00001932,0x00001930,0x00001931,0x0003003e,
0x0000192f,0x00001932,0x0004003d,0x0000001d,
0x00001933,0x0000192b,0x0004003d,0x0000001d,
0x00001934,0x0000192b,0x0004003d,0x0000001d,
0x00001935,0x0000192f,0x00050081,0x0000001d,
0x00001936,0x00001934,0x00001935,0x0007000c,
0x0000001d,0x00001938,0x00000001,0x00000028,
0x00001936,0x00001937,0x00050088,0x0000001d,
0x00001939,0x00001933,0x00001938,0x000200fe,
0x00001939,0x00010038,0x00050036,0x0000001b,
0x00000115,0x00000000,0x0000010b,0x00030037,
0x00000007,0x0000010c,0x00030037,0x00000038,
0x0000010d,0x00030037,0x00000007,0x0000010e,
0x00030037,0x00000038,0x0000010f,0x00030037,
0x00000038,0x00000110,0x00030037,0x00000023,
0x00000111,0x00030037,0x00000023,0x00000112,
0x00030037,0x0000001c,0x00000113,0x00030037,
0x0000000d,0x00000114,0x000200f8,0x00000116,
0x0004003b,0x00000007,0x0000193c,0x00000007,
0x0004003b,0x0000000d,0x0000193f,0x00000007,
0x0004003b,0x00000023,0x0000195c,0x00000007,
0x0004003b,0x00000007,0x0000195d,0x00000007,
0x0004003b,0x00000023,0x00001963,0x00000007,
0x0004003b,0x00000007,0x00001964,0x00000007,
0x0004003b,0x00000023,0x00001969,0x00000007,
0x0004003b,0x0000000d,0x0000197a,0x00000007,
0x0004003b,0x0000002b,0x00001985,0x00000007,
0x0004003b,0x0000000d,0x00001993,0x00000007,
0x0004003b,0x0000002b,0x00001995,0x00000007,
0x0004003b,0x00000038,0x000019b2,0x00000007,
0x0004003b,0x00000038,0x000019bf,0x00000007,
0x0004003b,0x00000038,0x000019c1,0x00000007,
0x0004003b,0x00000023,0x000019c2,0x00000007,
0x0004003b,0x0000000d,0x000019c7,0x00000007,
0x0004003b,0x00000007,0x000019dc,0x00000007,
0x0004003b,0x00000007,0x000019e0,0x00000007,
0x0004003b,0x00000007,0x000019e4,0x00000007,
0x0004003b,0x00000007,0x000019e9,0x00000007,
0x0004003b,0x00000038,0x000019ee,0x00000007,
0x0004003b,0x00000038,0x000019fe,0x00000007,
0x0004003b,0x00000038,0x00001a0e,0x00000007,
0x0004003b,0x00000023,0x00001a1e,0x00000007,
0x0004003b,0x00000007,0x00001a1f,0x00000007,
0x0004003b,0x00000023,0x00001a24,0x00000007,
0x0004003b,0x00000007,0x00001a25,0x00000007,
0x0004003b,0x00000038,0x00001a3a,0x00000007,
0x0004003b,0x00000038,0x00001a56,0x00000007,
0x0004003b,0x00000038,0x00001a65,0x00000007,
0x0004003b,0x00000038,0x00001a6a,0x00000007,
0x0004003b,0x00000038,0x00001a73,0x00000007,
0x0004003b,0x00000038,0x00001a74,0x00000007,
0x0004003b,0x00000038,0x00001a75,0x00000007,
0x0004003b,0x00000038,0x00001a77,0x00000007,
0x0004003b,0x00000023,0x00001a79,0x00000007,
0x0004003b,0x00000038,0x00001a7a,0x00000007,
0x0004003b,0x00000038,0x00001a7b,0x00000007,
0x0004003b,0x00000023,0x00001a83,0x00000007,
0x0004003b,0x00000007,0x00001a84,0x00000007,
0x0004003b,0x00000023,0x00001a8a,0x00000007,
0x0004003b,0x00000007,0x00001a8b,0x00000007,
0x0004003b,0x00000023,0x00001a90,0x00000007,
0x0004003b,0x00000023,0x00001aa1,0x00000007,
0x0004003b,0x00000023,0x00001ab6,0x00000007,
0x0004003b,0x00000023,0x00001abc,0x00000007,
0x0004003b,0x00000007,0x00001abd,0x00000007,
0x0004003b,0x00000023,0x00001ac4,0x00000007,
0x0004003b,0x00000007,0x00001ac5,0x00000007,
0x0004003b,0x00000023,0x00001ae4,0x00000007,
0x0004003b,0x00000023,0x00001aea,0x00000007,
0x0004003b,0x00000007,0x00001af1,0x00000007,
0x0004003b,0x00000007,0x00001afa,0x00000007,
0x0004003b,0x00000023,0x00001b0b,0x00000007,
0x0004003b,0x00000023,0x00001b11,0x00000007,
0x0004003b,0x00000023,0x00001b17,0x00000007,
0x0004003b,0x00000007,0x00001b18,0x00000007,
0x0004003b,0x00000007,0x00001b2a,0x00000007,
0x0004003b,0x00000038,0x00001b39,0x00000007,
0x0004003b,0x00000023,0x00001b3d,0x00000007,
0x0004003b,0x00000023,0x00001b56,0x00000007,
0x0004003d,0x00000006,0x0000193d,0x0000010c,
0x00050084,0x00000006,0x0000193e,0x0000193d,
0x0000067e,0x0003003e,0x0000193c,0x0000193e,
0x0004003d,0x00000006,0x00001940,0x0000193c,
0x00050080,0x00000006,0x00001941,0x00001940,
0x00000191,0x00060041,0x0000081a,0x00001942,
0x000017d7,0x0000024b,0x00001941,0x0004003d,
0x0000001d,0x00001943,0x00001942,0x0006000c,
0x0000001d,0x00001944,0x00000001,0x00000001,
0x00001943,0x0004006e,0x0000000c,0x00001945,
0x00001944,0x0003003e,0x0000193f,0x00001945,
0x0004003d,0x00000006,0x00001946,0x0000193c,
0x00050080,0x00000006,0x00001947,0x00001946,
0x000003b2,0x00060041,0x0000081a,0x00001948,
0x000017d7,0x0000024b,0x00001947,0x0004003d,
0x0000001d,0x00001949,0x00001948,0x0004003d,
0x00000006,0x0000194a,0x0000193c,0x00050080,
0x00000006,0x0000194b,0x0000194a,0x00000872,
0x00060041,0x0000081a,0x0000194c,0x000017d7,
0x0000024b,0x0000194b,0x0004003d,0x0000001d,
0x0000194d,0x0000194c,0x0004003d,0x00000006,
0x0000194e,0x0000193c,0x00050080,0x00000006,
0x0000194f,0x0000194e,0x00000877,0x00060041,
0x0000081a,0x00001950,0x000017d7,0x0000024b,
0x0000194f,0x0004003d,0x0000001d,0x00001951,
0x00001950,0x00060050,0x00000037,0x00001952,
0x00001949,0x0000194d,0x00001951,0x0003003e,
0x00000110,0x00001952,0x0003003e,0x00000112,
0x00000271,0x0003003e,0x00000113,0x000013b3,
0x0003003e,0x00000114,0x000002ef,0x0004003d,
0x0000000c,0x00001953,0x0000193f,0x000500aa,
0x0000001b,0x00001954,0x00001953,0x00000251,
0x000300f7,0x00001956,0x00000000,0x000400fa,
0x00001954,0x00001955,0x00001956,0x000200f8,
0x00001955,0x000200fe,0x000013b8,0x000200f8,
0x00001956,0x0004003d,0x0000000c,0x00001958,
0x0000193f,0x000500aa,0x0000001b,0x00001959,
0x00001958,0x0000047b,0x000300f7,0x0000195b,
0x00000000,0x000400fa,0x00001959,0x0000195a,
0x0000195b,0x000200f8,0x0000195a,0x0004003d,
0x00000006,0x0000195e,0x0000010e,0x0003003e,
0x0000195d,0x0000195e,0x00050039,0x0000001d,
0x0000195f,0x00000067,0x0000195d,0x0004003d,
0x00000006,0x00001960,0x0000195d,0x0003003e,
0x0000010e,0x00001960,0x00050085,0x0000001d,
0x00001961,0x000001c6,0x0000195f,0x00050083,
0x0000001d,0x00001962,0x00000271,0x00001961,
0x0003003e,0x0000195c,0x00001962,0x0004003d,
0x00000006,0x00001965,0x0000010e,0x0003003e,
0x00001964,0x00001965,0x00050039,0x0000001d,
0x00001966,0x00000067,0x00001964,0x0004003d,
0x00000006,0x00001967,0x00001964,0x0003003e,
0x0000010e,0x00001967,0x00050085,0x0000001d,
0x00001968,0x000014fa,0x00001966,0x0003003e,
0x00001963,0x00001968,0x0004003d,0x0000001d,
0x0000196a,0x0000195c,0x0004003d,0x0000001d,
0x0000196b,0x0000195c,0x00050085,0x0000001d,
0x0000196c,0x0000196a,0x0000196b,0x00050083,
0x0000001d,0x0000196d,0x00000271,0x0000196c,
0x0007000c,0x0000001d,0x0000196e,0x00000001,
0x00000028,0x000002ec,0x0000196d,0x0006000c,
0x0000001d,0x0000196f,0x00000001,0x0000001f,
0x0000196e,0x0003003e,0x00001969,0x0000196f,
0x0004003d,0x0000001d,0x00001970,0x00001969,
0x0004003d,0x0000001d,0x00001971,0x00001963,
0x0006000c,0x0000001d,0x00001972,0x00000001,
0x0000000e,0x00001971,0x00050085,0x0000001d,
0x00001973,0x00001970,0x00001972,0x0004003d,
0x0000001d,0x00001974,0x0000195c,0x0004003d,
0x0000001d,0x00001975,0x00001969,0x0004003d,
0x0000001d,0x00001976,0x00001963,0x0006000c,
0x0000001d,0x00001977,0x00000001,0x0000000d,
0x00001976,0x00050085,0x0000001d,0x00001978,
0x00001975,0x00001977,0x00060050,0x00000037,
0x00001979,0x00001973,0x00001974,0x00001978,
0x0003003e,0x0000010f,0x00001979,0x0004003d,
0x00000006,0x0000197b,0x0000193c,0x00050080,
0x00000006,0x0000197c,0x0000197b,0x000003ad,
0x00060041,0x0000081a,0x0000197d,0x000017d7,
0x0000024b,0x0000197c,0x0004003d,0x0000001d,
0x0000197e,0x0000197d,0x0006000c,0x0000001d,
0x0000197f,0x00000001,0x00000001,0x0000197e,
0x0004006e,0x0000000c,0x00001980,0x0000197f,
0x0003003e,0x0000197a,0x00001980,0x0004003d,
0x0000000c,0x00001981,0x0000197a,0x000500af,
0x0000001b,0x00001982,0x00001981,0x0000024b,
0x000300f7,0x00001984,0x00000000,0x000400fa,
0x00001982,0x00001983,0x00001984,0x000200f8,
0x00001983,0x00050041,0x00000023,0x00001986,
0x0000010f,0x00000192,0x0004003d,0x0000001d,
0x00001987,0x00001986,0x00050041,0x00000023,
0x00001988,0x0000010f,0x0000019a,0x0004003d,
0x0000001d,0x00001989,0x00001988,0x0007000c,
0x0000001d,0x0000198a,0x00000001,0x00000019,
0x00001987,0x00001989,0x00050088,0x0000001d,
0x0000198b,0x0000198a,0x000014fa,0x00050081,
0x0000001d,0x0000198c,0x0000198b,0x00000336,
0x00050041,0x00000023,0x0000198d,0x0000010f,
0x000001a0,0x0004003d,0x0000001d,0x0000198e,
0x0000198d,0x0008000c,0x0000001d,0x0000198f,
0x00000001,0x0000002b,0x0000198e,0x000004fa,
0x00000271,0x0006000c,0x0000001d,0x00001990,
0x00000001,0x00000011,0x0000198f,0x00050088,
0x0000001d,0x00001991,0x00001990,0x00001595,
0x00050050,0x0000002a,0x00001992,0x0000198c,
0x00001991,0x0003003e,0x00001985,0x00001992,
0x0004003d,0x0000000c,0x00001994,0x0000197a,
0x0003003e,0x00001993,0x00001994,0x0004003d,
0x0000002a,0x00001996,0x00001985,0x0003003e,
0x00001995,0x00001996,0x00060039,0x00000039,
0x00001997,0x00000079,0x00001993,0x00001995,
0x0008004f,0x00000037,0x00001998,0x00001997,
0x00001997,0x00000000,0x00000001,0x00000002,
0x0004003d,0x00000037,0x00001999,0x00000110,
0x00050085,0x00000037,0x0000199a,0x00001999,
0x00001998,0x0003003e,0x00000110,0x0000199a,
0x000200f9,0x00001984,0x000200f8,0x00001984,
0x0003003e,0x00000111,0x0000199b,0x0003003e,
0x00000112,0x0000199c,0x0003003e,0x00000113,
0x000013b8,0x000200fe,0x000013b3,0x000200f8,
0x0000195b,0x0004003d,0x0000000c,0x0000199e,
0x0000193f,0x000500aa,0x0000001b,0x0000199f,
0x0000199e,0x00000475,0x000300f7,0x000019a1,
0x00000000,0x000400fa,0x0000199f,0x000019a0,
0x000019a1,0x000200f8,0x000019a0,0x0004003d,
0x00000006,0x000019a2,0x0000193c,0x00050080,
0x00000006,0x000019a3,0x000019a2,0x000001c0,
0x00060041,0x0000081a,0x000019a4,0x000017d7,
0x0000024b,0x000019a3,0x0004003d,0x0000001d,
0x000019a5,0x000019a4,0x0004003d,0x00000006,
0x000019a6,0x0000193c,0x00050080,0x00000006,
0x000019a7,0x000019a6,0x00000639,0x00060041,
0x0000081a,0x000019a8,0x000017d7,0x0000024b,
0x000019a7,0x0004003d,0x0000001d,0x000019a9,
0x000019a8,0x0004003d,0x00000006,0x000019aa,
0x0000193c,0x00050080,0x00000006,0x000019ab,
0x000019aa,0x00000664,0x00060041,0x0000081a,
0x000019ac,0x000017d7,0x0000024b,0x000019ab,
0x0004003d,0x0000001d,0x000019ad,0x000019ac,
0x00060050,0x00000037,0x000019ae,0x000019a5,
0x000019a9,0x000019ad,0x0004007f,0x00000037,
0x000019af,0x000019ae,0x0006000c,0x00000037,
0x000019b0,0x00000001,0x00000045,0x000019af,
0x0003003e,0x0000010f,0x000019b0,0x0003003e,
0x00000111,0x0000199b,0x000200fe,0x000013b3,
0x000200f8,0x000019a1,0x0004003d,0x00000006,
0x000019b3,0x0000193c,0x00060041,0x0000081a,
0x000019b4,0x000017d7,0x0000024b,0x000019b3,
0x0004003d,0x0000001d,0x000019b5,0x000019b4,
0x0004003d,0x00000006,0x000019b6,0x0000193c,
0x00050080,0x00000006,0x000019b7,0x000019b6,
0x000001a0,0x00060041,0x0000081a,0x000019b8,
0x000017d7,0x0000024b,0x000019b7,0x0004003d,
0x0000001d,0x000019b9,0x000019b8,0x0004003d,
0x00000006,0x000019ba,0x0000193c,0x00050080,
0x00000006,0x000019bb,0x000019ba,0x00000192,
0x00060041,0x0000081a,0x000019bc,0x000017d7,
0x0000024b,0x000019bb,0x0004003d,0x0000001d,
0x000019bd,0x000019bc,0x00060050,0x00000037,
0x000019be,0x000019b5,0x000019b9,0x000019bd,
0x0003003e,0x000019b2,0x000019be,0x0004003d,
0x00000037,0x000019c0,0x000019b2,0x0003003e,
0x000019bf,0x000019c0,0x0003003e,0x000019c1,
0x000002ed,0x0003003e,0x000019c2,0x000002ec,
0x0004003d,0x0000000c,0x000019c3,0x0000193f,
0x000500aa,0x0000001b,0x000019c4,0x000019c3,
0x0000047e,0x000300f7,0x000019c6,0x00000000,
0x000400fa,0x000019c4,0x000019c5,0x00001a4e,
0x000200f8,0x000019c5,0x0004003d,0x00000006,
0x000019c8,0x0000193c,0x00050080,0x00000006,
0x000019c9,0x000019c8,0x000001bc,0x00060041,
0x0000081a,0x000019ca,0x000017d7,0x0000024b,
0x000019c9,0x0004003d,0x0000001d,0x000019cb,
0x000019ca,0x0006000c,0x0000001d,0x000019cc,
0x00000001,0x00000001,0x000019cb,0x0004006e,
0x0000000c,0x000019cd,0x000019cc,0x0003003e,
0x000019c7,0x000019cd,0x0004003d,0x0000000c,
0x000019ce,0x000019c7,0x000500af,0x0000001b,
0x000019cf,0x000019ce,0x0000024b,0x000300f7,
0x000019d1,0x00000000,0x000400fa,0x000019cf,
0x000019d0,0x000019d1,0x000200f8,0x000019d0,
0x0004003d,0x0000000c,0x000019d2,0x000019c7,
0x0004007c,0x00000006,0x000019d3,0x000019d2,
0x00050044,0x00000006,0x000019d4,0x000013c5,
0x00000000,0x0004007c,0x0000000c,0x000019d5,
0x000019d4,0x0004007c,0x00000006,0x000019d6,
0x000019d5,0x00050086,0x00000006,0x000019d7,
0x000019d6,0x00000191,0x000500b0,0x0000001b,
0x000019d8,0x000019d3,0x000019d7,0x000200f9,
0x000019d1,0x000200f8,0x000019d1,0x000700f5,
0x0000001b,0x000019d9,0x000019cf,0x000019c5,
0x000019d8,0x000019d0,0x000300f7,0x000019db,
0x00000000,0x000400fa,0x000019d9,0x000019da,
0x00001a4d,0x000200f8,0x000019da,0x0004003d,
0x0000000c,0x000019dd,0x000019c7,0x0004007c,
0x00000006,0x000019de,0x000019dd,0x00050084,
0x00000006,0x000019df,0x000019de,0x00000191,
0x0003003e,0x000019dc,0x000019df,0x0004003d,
0x00000006,0x000019e1,0x000019dc,0x00060041,
0x0000072f,0x000019e2,0x000013c5,0x0000024b,
0x000019e1,0x0004003d,0x00000006,0x000019e3,
0x000019e2,0x0003003e,0x000019e0,0x000019e3,
0x0004003d,0x00000006,0x000019e5,0x000019dc,
0x00050080,0x00000006,0x000019e6,0x000019e5,
0x000001a0,0x00060041,0x0000072f,0x000019e7,
0x000013c5,0x0000024b,0x000019e6,0x0004003d,
0x00000006,0x000019e8,0x000019e7,0x0003003e,
0x000019e4,0x000019e8,0x0004003d,0x00000006,
0x000019ea,0x000019dc,0x00050080,0x00000006,
0x000019eb,0x000019ea,0x00000192,0x00060041,
0x0000072f,0x000019ec,0x000013c5,0x0000024b,
0x000019eb,0x0004003d,0x00000006,0x000019ed,
0x000019ec,0x0003003e,0x000019e9,0x000019ed,
0x0004003d,0x00000006,0x000019ef,0x000019e0,
0x00050084,0x00000006,0x000019f0,0x000019ef,
0x000003b2,0x00060041,0x0000081a,0x000019f1,
0x000013dd,0x0000024b,0x000019f0,0x0004003d,
0x0000001d,0x000019f2,0x000019f1,0x0004003d,
0x00000006,0x000019f3,0x000019e0,0x00050084,
0x00000006,0x000019f4,0x000019f3,0x000003b2,
0x00050080,0x00000006,0x000019f5,0x000019f4,
0x000001a0,0x00060041,0x0000081a,0x000019f6,
0x000013dd,0x0000024b,0x000019f5,0x0004003d,
0x0000001d,0x000019f7,0x000019f6,0x0004003d,
0x00000006,0x000019f8,0x000019e0,0x00050084,
0x00000006,0x000019f9,0x000019f8,0x000003b2,
0x00050080,0x00000006,0x000019fa,0x000019f9,
0x00000192,0x00060041,0x0000081a,0x000019fb,
0x000013dd,0x0000024b,0x000019fa,0x0004003d,
0x0000001d,0x000019fc,0x000019fb,0x00060050,
0x00000037,0x000019fd,0x000019f2,0x000019f7,
0x000019fc,0x0003003e,0x000019ee,0x000019fd,
0x0004003d,0x00000006,0x000019ff,0x000019e4,
0x00050084,0x00000006,0x00001a00,0x000019ff,
0x000003b2,0x00060041,0x0000081a,0x00001a01,
0x000013dd,0x0000024b,0x00001a00,0x0004003d,
0x0000001d,0x00001a02,0x00001a01,0x0004003d,
0x00000006,0x00001a03,0x000019e4,0x00050084,
0x00000006,0x00001a04,0x00001a03,0x000003b2,
0x00050080,0x00000006,0x00001a05,0x00001a04,
0x000001a0,0x00060041,0x0000081a,0x00001a06,
0x000013dd,0x0000024b,0x00001a05,0x0004003d,
0x0000001d,0x00001a07,0x00001a06,0x0004003d,
0x00000006,0x00001a08,0x000019e4,0x00050084,
0x00000006,0x00001a09,0x00001a08,0x000003b2,
0x00050080,0x00000006,0x00001a0a,0x00001a09,
0x00000192,0x00060041,0x0000081a,0x00001a0b,
0x000013dd,0x0000024b,0x00001a0a,0x0004003d,
0x0000001d,0x00001a0c,0x00001a0b,0x00060050,
0x00000037,0x00001a0d,0x00001a02,0x00001a07,
0x00001a0c,0x0003003e,0x000019fe,0x00001a0d,
0x0004003d,0x00000006,0x00001a0f,0x000019e9,
0x00050084,0x00000006,0x00001a10,0x00001a0f,
0x000003b2,0x00060041,0x0000081a,0x00001a11,
0x000013dd,0x0000024b,0x00001a10,0x0004003d,
0x0000001d,0x00001a12,0x00001a11,0x0004003d,
0x00000006,0x00001a13,0x000019e9,0x00050084,
0x00000006,0x00001a14,0x00001a13,0x000003b2,
0x00050080,0x00000006,0x00001a15,0x00001a14,
0x000001a0,0x00060041,0x0000081a,0x00001a16,
0x000013dd,0x0000024b,0x00001a15,0x0004003d,
0x0000001d,0x00001a17,0x00001a16,0x0004003d,
0x00000006,0x00001a18,0x000019e9,0x00050084,
0x00000006,0x00001a19,0x00001a18,0x000003b2,
0x00050080,0x00000006,0x00001a1a,0x00001a19,
0x00000192,0x00060041,0x0000081a,0x00001a1b,
0x000013dd,0x0000024b,0x00001a1a,0x0004003d,
0x0000001d,0x00001a1c,0x00001a1b,0x00060050,
0x00000037,0x00001a1d,0x00001a12,0x00001a17,
0x00001a1c,0x0003003e,0x00001a0e,0x00001a1d,
0x0004003d,0x00000006,0x00001a20,0x0000010e,
0x0003003e,0x00001a1f,0x00001a20,0x00050039,
0x0000001d,0x00001a21,0x00000067,0x00001a1f,
0x0004003d,0x00000006,0x00001a22,0x00001a1f,
0x0003003e,0x0000010e,0x00001a22,0x0006000c,
0x0000001d,0x00001a23,0x00000001,0x0000001f,
0x00001a21,0x0003003e,0x00001a1e,0x00001a23,
0x0004003d,0x00000006,0x00001a26,0x0000010e,
0x0003003e,0x00001a25,0x00001a26,0x00050039,
0x0000001d,0x00001a27,0x00000067,0x00001a25,
0x0004003d,0x00000006,0x00001a28,0x00001a25,
0x0003003e,0x0000010e,0x00001a28,0x0003003e,
0x00001a24,0x00001a27,0x0004003d,0x00000037,
0x00001a29,0x000019ee,0x0004003d,0x0000001d,
0x00001a2a,0x00001a1e,0x00050083,0x0000001d,
0x00001a2b,0x00000271,0x00001a2a,0x0005008e,
0x00000037,0x00001a2c,0x00001a29,0x00001a2b,
0x0004003d,0x00000037,0x00001a2d,0x000019fe,
0x0004003d,0x0000001d,0x00001a2e,0x00001a1e,
0x0004003d,0x0000001d,0x00001a2f,0x00001a24,
0x00050083,0x0000001d,0x00001a30,0x00000271,
0x00001a2f,0x00050085,0x0000001d,0x00001a31,
0x00001a2e,0x00001a30,0x0005008e,0x00000037,
0x00001a32,0x00001a2d,0x00001a31,0x00050081,
0x00000037,0x00001a33,0x00001a2c,0x00001a32,
0x0004003d,0x00000037,0x00001a34,0x00001a0e,
0x0004003d,0x0000001d,0x00001a35,0x00001a1e,
0x0004003d,0x0000001d,0x00001a36,0x00001a24,
0x00050085,0x0000001d,0x00001a37,0x00001a35,
0x00001a36,0x0005008e,0x00000037,0x00001a38,
0x00001a34,0x00001a37,0x00050081,0x00000037,
0x00001a39,0x00001a33,0x00001a38,0x0003003e,
0x000019bf,0x00001a39,0x0004003d,0x00000037,
0x00001a3b,0x000019fe,0x0004003d,0x00000037,
0x00001a3c,0x000019ee,0x00050083,0x00000037,
0x00001a3d,0x00001a3b,0x00001a3c,0x0004003d,
0x00000037,0x00001a3e,0x00001a0e,0x0004003d,
0x00000037,0x00001a3f,0x000019ee,0x00050083,
0x00000037,0x00001a40,0x00001a3e,0x00001a3f,
0x0007000c,0x00000037,0x00001a41,0x00000001,
0x00000044,0x00001a3d,0x00001a40,0x0003003e,
0x00001a3a,0x00001a41,0x0004003d,0x00000037,
0x00001a42,0x00001a3a,0x0006000c,0x0000001d,
0x00001a43,0x00000001,0x00000042,0x00001a42,
0x00050085,0x0000001d,0x00001a44,0x00000336,
0x00001a43,0x0003003e,0x000019c2,0x00001a44,
0x0004003d,0x0000001d,0x00001a45,0x000019c2,
0x000500bc,0x0000001b,0x00001a46,0x00001a45,
0x000007c5,0x000300f7,0x00001a48,0x00000000,
0x000400fa,0x00001a46,0x00001a47,0x00001a48,
0x000200f8,0x00001a47,0x000200fe,0x000013b8,
0x000200f8,0x00001a48,0x0004003d,0x00000037,
0x00001a4a,0x00001a3a,0x0006000c,0x00000037,
0x00001a4b,0x00000001,0x00000045,0x00001a4a,
0x0003003e,0x000019c1,0x00001a4b,0x0003003e,
0x00000113,0x000013b8,0x0004003d,0x0000000c,
0x00001a4c,0x000019c7,0x0003003e,0x00000114,
0x00001a4c,0x000200f9,0x000019db,0x000200f8,
0x00001a4d,0x0003003e,0x00000113,0x000013b3,
0x000200f9,0x000019db,0x000200f8,0x000019db,
0x000200f9,0x000019c6,0x000200f8,0x00001a4e,
0x0004003d,0x0000000c,0x00001a4f,0x0000193f,
0x000500af,0x0000001b,0x00001a50,0x00001a4f,
0x00000219,0x0004003d,0x0000000c,0x00001a51,
0x0000193f,0x000500b3,0x0000001b,0x00001a52,
0x00001a51,0x00000171,0x000500a7,0x0000001b,
0x00001a53,0x00001a50,0x00001a52,0x000300f7,
0x00001a55,0x00000000,0x000400fa,0x00001a53,
0x00001a54,0x00001a55,0x000200f8,0x00001a54,
0x0003003e,0x00000113,0x000013b8,0x0004003d,
0x00000006,0x00001a57,0x0000193c,0x00050080,
0x00000006,0x00001a58,0x00001a57,0x000001c0,
0x00060041,0x0000081a,0x00001a59,0x000017d7,
0x0000024b,0x00001a58,0x0004003d,0x0000001d,
0x00001a5a,0x00001a59,0x0004003d,0x00000006,
0x00001a5b,0x0000193c,0x00050080,0x00000006,
0x00001a5c,0x00001a5b,0x00000639,0x00060041,
0x0000081a,0x00001a5d,0x000017d7,0x0000024b,
0x00001a5c,0x0004003d,0x0000001d,0x00001a5e,
0x00001a5d,0x0004003d,0x00000006,0x00001a5f,
0x0000193c,0x00050080,0x00000006,0x00001a60,
0x00001a5f,0x00000664,0x00060041,0x0000081a,
0x00001a61,0x000017d7,0x0000024b,0x00001a60,
0x0004003d,0x0000001d,0x00001a62,0x00001a61,
0x00060050,0x00000037,0x00001a63,0x00001a5a,
0x00001a5e,0x00001a62,0x0006000c,0x00000037,
0x00001a64,0x00000001,0x00000045,0x00001a63,
0x0003003e,0x00001a56,0x00001a64,0x00050041,
0x00000023,0x00001a66,0x00001a56,0x00000192,
0x0004003d,0x0000001d,0x00001a67,0x00001a66,
0x0006000c,0x0000001d,0x00001a68,0x00000001,
0x00000004,0x00001a67,0x000500b8,0x0000001b,
0x00001a69,0x00001a68,0x00000b0c,0x000300f7,
0x00001a6c,0x00000000,0x000400fa,0x00001a69,
0x00001a6b,0x00001a6f,0x000200f8,0x00001a6b,
0x0004003d,0x00000037,0x00001a6d,0x00001a56,
0x0007000c,0x00000037,0x00001a6e,0x00000001,
0x00000044,0x00000b12,0x00001a6d,0x0003003e,
0x00001a6a,0x00001a6e,0x000200f9,0x00001a6c,
0x000200f8,0x00001a6f,0x0004003d,0x00000037,
0x00001a70,0x00001a56,0x0007000c,0x00000037,
0x00001a71,0x00000001,0x00000044,0x00000b16,
0x00001a70,0x0003003e,0x00001a6a,0x00001a71,
0x000200f9,0x00001a6c,0x000200f8,0x00001a6c,
0x0004003d,0x00000037,0x00001a72,0x00001a6a,
0x0003003e,0x00001a65,0x00001a72,0x0004003d,
0x00000037,0x00001a76,0x00001a56,0x0003003e,
0x00001a75,0x00001a76,0x0004003d,0x00000037,
0x00001a78,0x00001a65,0x0003003e,0x00001a77,
0x00001a78,0x0003003e,0x00001a79,0x000002ec,
0x00090039,0x00000002,0x00001a7c,0x000000b0,
0x00001a75,0x00001a77,0x00001a79,0x00001a7a,
0x00001a7b,0x0004003d,0x00000037,0x00001a7d,
0x00001a7a,0x0003003e,0x00001a73,0x00001a7d,
0x0004003d,0x00000037,0x00001a7e,0x00001a7b,
0x0003003e,0x00001a74,0x00001a7e,0x0004003d,
0x0000000c,0x00001a7f,0x0000193f,0x000500aa,
0x0000001b,0x00001a80,0x00001a7f,0x00000219,
0x000300f7,0x00001a82,0x00000000,0x000400fa,
0x00001a80,0x00001a81,0x00001ab1,0x000200f8,
0x00001a81,0x0004003d,0x00000006,0x00001a85,
0x0000010e,0x0003003e,0x00001a84,0x00001a85,
0x00050039,0x0000001d,0x00001a86,0x00000067,
0x00001a84,0x0004003d,0x00000006,0x00001a87,
0x00001a84,0x0003003e,0x0000010e,0x00001a87,
0x00050085,0x0000001d,0x00001a88,0x000001c6,
0x00001a86,0x00050083,0x0000001d,0x00001a89,
0x00000271,0x00001a88,0x0003003e,0x00001a83,
0x00001a89,0x0004003d,0x00000006,0x00001a8c,
0x0000010e,0x0003003e,0x00001a8b,0x00001a8c,
0x00050039,0x0000001d,0x00001a8d,0x00000067,
0x00001a8b,0x0004003d,0x00000006,0x00001a8e,
0x00001a8b,0x0003003e,0x0000010e,0x00001a8e,
0x00050085,0x0000001d,0x00001a8f,0x000014fa,
0x00001a8d,0x0003003e,0x00001a8a,0x00001a8f,
0x0004003d,0x0000001d,0x00001a91,0x00001a83,
0x0004003d,0x0000001d,0x00001a92,0x00001a83,
0x00050085,0x0000001d,0x00001a93,0x00001a91,
0x00001a92,0x00050083,0x0000001d,0x00001a94,
0x00000271,0x00001a93,0x0007000c,0x0000001d,
0x00001a95,0x00000001,0x00000028,0x000002ec,
0x00001a94,0x0006000c,0x0000001d,0x00001a96,
0x00000001,0x0000001f,0x00001a95,0x0003003e,
0x00001a90,0x00001a96,0x0004003d,0x0000001d,
0x00001a97,0x00001a90,0x0004003d,0x0000001d,
0x00001a98,0x00001a8a,0x0006000c,0x0000001d,
0x00001a99,0x00000001,0x0000000e,0x00001a98,
0x00050085,0x0000001d,0x00001a9a,0x00001a97,
0x00001a99,0x0004003d,0x0000001d,0x00001a9b,
0x00001a83,0x0004003d,0x0000001d,0x00001a9c,
0x00001a90,0x0004003d,0x0000001d,0x00001a9d,
0x00001a8a,0x0006000c,0x0000001d,0x00001a9e,
0x00000001,0x0000000d,0x00001a9d,0x00050085,
0x0000001d,0x00001a9f,0x00001a9c,0x00001a9e,
0x00060050,0x00000037,0x00001aa0,0x00001a9a,
0x00001a9b,0x00001a9f,0x0003003e,0x000019c1,
0x00001aa0,0x0004003d,0x00000006,0x00001aa2,
0x0000193c,0x00050080,0x00000006,0x00001aa3,
0x00001aa2,0x000001bc,0x00060041,0x0000081a,
0x00001aa4,0x000017d7,0x0000024b,0x00001aa3,
0x0004003d,0x0000001d,0x00001aa5,0x00001aa4,
0x0007000c,0x0000001d,0x00001aa7,0x00000001,
0x00000028,0x00001aa5,0x00001aa6,0x0003003e,
0x00001aa1,0x00001aa7,0x0004003d,0x00000037,
0x00001aa8,0x000019c1,0x0004003d,0x0000001d,
0x00001aa9,0x00001aa1,0x0005008e,0x00000037,
0x00001aaa,0x00001aa8,0x00001aa9,0x0004003d,
0x00000037,0x00001aab,0x000019bf,0x00050081,
0x00000037,0x00001aac,0x00001aab,0x00001aaa,
0x0003003e,0x000019bf,0x00001aac,0x0004003d,
0x0000001d,0x00001aad,0x00001aa1,0x00050085,
0x0000001d,0x00001aae,0x0000184c,0x00001aad,
0x0004003d,0x0000001d,0x00001aaf,0x00001aa1,
0x00050085,0x0000001d,0x00001ab0,0x00001aae,
0x00001aaf,0x0003003e,0x000019c2,0x00001ab0,
0x000200f9,0x00001a82,0x000200f8,0x00001ab1,
0x0004003d,0x0000000c,0x00001ab2,0x0000193f,
0x000500aa,0x0000001b,0x00001ab3,0x00001ab2,
0x00000323,0x000300f7,0x00001ab5,0x00000000,
0x000400fa,0x00001ab3,0x00001ab4,0x00001adf,
0x000200f8,0x00001ab4,0x0004003d,0x00000006,
0x00001ab7,0x0000193c,0x00050080,0x00000006,
0x00001ab8,0x00001ab7,0x000001bc,0x00060041,
0x0000081a,0x00001ab9,0x000017d7,0x0000024b,
0x00001ab8,0x0004003d,0x0000001d,0x00001aba,
0x00001ab9,0x0007000c,0x0000001d,0x00001abb,
0x00000001,0x00000028,0x00001aba,0x00001aa6,
0x0003003e,0x00001ab6,0x00001abb,0x0004003d,
0x00000006,0x00001abe,0x0000010e,0x0003003e,
0x00001abd,0x00001abe,0x00050039,0x0000001d,
0x00001abf,0x00000067,0x00001abd,0x0004003d,
0x00000006,0x00001ac0,0x00001abd,0x0003003e,
0x0000010e,0x00001ac0,0x0006000c,0x0000001d,
0x00001ac1,0x00000001,0x0000001f,0x00001abf,
0x0004003d,0x0000001d,0x00001ac2,0x00001ab6,
0x00050085,0x0000001d,0x00001ac3,0x00001ac1,
0x00001ac2,0x0003003e,0x00001abc,0x00001ac3,
0x0004003d,0x00000006,0x00001ac6,0x0000010e,
0x0003003e,0x00001ac5,0x00001ac6,0x00050039,
0x0000001d,0x00001ac7,0x00000067,0x00001ac5,
0x0004003d,0x00000006,0x00001ac8,0x00001ac5,
0x0003003e,0x0000010e,0x00001ac8,0x00050085,
0x0000001d,0x00001ac9,0x000014fa,0x00001ac7,
0x0003003e,0x00001ac4,0x00001ac9,0x0004003d,
0x00000037,0x00001aca,0x00001a73,0x0004003d,
0x0000001d,0x00001acb,0x00001abc,0x0004003d,
0x0000001d,0x00001acc,0x00001ac4,0x0006000c,
0x0000001d,0x00001acd,0x00000001,0x0000000e,
0x00001acc,0x00050085,0x0000001d,0x00001ace,
0x00001acb,0x00001acd,0x0005008e,0x00000037,
0x00001acf,0x00001aca,0x00001ace,0x0004003d,
0x00000037,0x00001ad0,0x00001a74,0x0004003d,
0x0000001d,0x00001ad1,0x00001abc,0x0004003d,
0x0000001d,0x00001ad2,0x00001ac4,0x0006000c,
0x0000001d,0x00001ad3,0x00000001,0x0000000d,
0x00001ad2,0x00050085,0x0000001d,0x00001ad4,
0x00001ad1,0x00001ad3,0x0005008e,0x00000037,
0x00001ad5,0x00001ad0,0x00001ad4,0x00050081,
0x00000037,0x00001ad6,0x00001acf,0x00001ad5,
0x0004003d,0x00000037,0x00001ad7,0x000019bf,
0x00050081,0x00000037,0x00001ad8,0x00001ad7,
0x00001ad6,0x0003003e,0x000019bf,0x00001ad8,
0x0004003d,0x00000037,0x00001ad9,0x00001a56,
0x0004007f,0x00000037,0x00001ada,0x00001ad9,
0x0003003e,0x000019c1,0x00001ada,0x0004003d,
0x0000001d,0x00001adb,0x00001ab6,0x00050085,
0x0000001d,0x00001adc,0x00001595,0x00001adb,
0x0004003d,0x0000001d,0x00001add,0x00001ab6,
0x00050085,0x0000001d,0x00001ade,0x00001adc,
0x00001add,0x0003003e,0x000019c2,0x00001ade,
0x000200f9,0x00001ab5,0x000200f8,0x00001adf,
0x0004003d,0x0000000c,0x00001ae0,0x0000193f,
0x000500aa,0x0000001b,0x00001ae1,0x00001ae0,
0x00000469,0x000300f7,0x00001ae3,0x00000000,
0x000400fa,0x00001ae1,0x00001ae2,0x00001b0a,
0x000200f8,0x00001ae2,0x0004003d,0x00000006,
0x00001ae5,0x0000193c,0x00050080,0x00000006,
0x00001ae6,0x00001ae5,0x0000087c,0x00060041,
0x0000081a,0x00001ae7,0x000017d7,0x0000024b,
0x00001ae6,0x0004003d,0x0000001d,0x00001ae8,
0x00001ae7,0x0007000c,0x0000001d,0x00001ae9,
0x00000001,0x00000028,0x00001ae8,0x00001aa6,
0x0003003e,0x00001ae4,0x00001ae9,0x0004003d,
0x00000006,0x00001aeb,0x0000193c,0x00050080,
0x00000006,0x00001aec,0x00001aeb,0x000003c0,
0x00060041,0x0000081a,0x00001aed,0x000017d7,
0x0000024b,0x00001aec,0x0004003d,0x0000001d,
0x00001aee,0x00001aed,0x0007000c,0x0000001d,
0x00001aef,0x00000001,0x00000028,0x00001aee,
0x00001aa6,0x0003003e,0x00001aea,0x00001aef,
0x0004003d,0x00000037,0x00001af0,0x00001a73,
0x0004003d,0x00000006,0x00001af2,0x0000010e,
0x0003003e,0x00001af1,0x00001af2,0x00050039,
0x0000001d,0x00001af3,0x00000067,0x00001af1,
0x0004003d,0x00000006,0x00001af4,0x00001af1,
0x0003003e,0x0000010e,0x00001af4,0x00050083,
0x0000001d,0x00001af5,0x00001af3,0x00000336,
0x0004003d,0x0000001d,0x00001af6,0x00001ae4,
0x00050085,0x0000001d,0x00001af7,0x00001af5,
0x00001af6,0x0005008e,0x00000037,0x00001af8,
0x00001af0,0x00001af7,0x0004003d,0x00000037,
0x00001af9,0x00001a74,0x0004003d,0x00000006,
0x00001afb,0x0000010e,0x0003003e,0x00001afa,
0x00001afb,0x00050039,0x0000001d,0x00001afc,
0x00000067,0x00001afa,0x0004003d,0x00000006,
0x00001afd,0x00001afa,0x0003003e,0x0000010e,
0x00001afd,0x00050083,0x0000001d,0x00001afe,
0x00001afc,0x00000336,0x0004003d,0x0000001d,
0x00001aff,0x00001aea,0x00050085,0x0000001d,
0x00001b00,0x00001afe,0x00001aff,0x0005008e,
0x00000037,0x00001b01,0x00001af9,0x00001b00,
0x00050081,0x00000037,0x00001b02,0x00001af8,
0x00001b01,0x0004003d,0x00000037,0x00001b03,
0x000019bf,0x00050081,0x00000037,0x00001b04,
0x00001b03,0x00001b02,0x0003003e,0x000019bf,
0x00001b04,0x0004003d,0x00000037,0x00001b05,
0x00001a56,0x0004007f,0x00000037,0x00001b06,
0x00001b05,0x0003003e,0x000019c1,0x00001b06,
0x0004003d,0x0000001d,0x00001b07,0x00001ae4,
0x0004003d,0x0000001d,0x00001b08,0x00001aea,
0x00050085,0x0000001d,0x00001b09,0x00001b07,
0x00001b08,0x0003003e,0x000019c2,0x00001b09,
0x000200f9,0x00001ae3,0x000200f8,0x00001b0a,
0x0004003d,0x00000006,0x00001b0c,0x0000193c,
0x00050080,0x00000006,0x00001b0d,0x00001b0c,
0x000001bc,0x00060041,0x0000081a,0x00001b0e,
0x000017d7,0x0000024b,0x00001b0d,0x0004003d,
0x0000001d,0x00001b0f,0x00001b0e,0x0007000c,
0x0000001d,0x00001b10,0x00000001,0x00000028,
0x00001b0f,0x00001aa6,0x0003003e,0x00001b0b,
0x00001b10,0x0004003d,0x00000006,0x00001b12,
0x0000193c,0x00050080,0x00000006,0x00001b13,
0x00001b12,0x00000196,0x00060041,0x0000081a,
0x00001b14,0x000017d7,0x0000024b,0x00001b13,
0x0004003d,0x0000001d,0x00001b15,0x00001b14,
0x0007000c,0x0000001d,0x00001b16,0x00000001,
0x00000028,0x00001b15,0x00001aa6,0x0003003e,
0x00001b11,0x00001b16,0x0004003d,0x00000006,
0x00001b19,0x0000010e,0x0003003e,0x00001b18,
0x00001b19,0x00050039,0x0000001d,0x00001b1a,
0x00000067,0x00001b18,0x0004003d,0x00000006,
0x00001b1b,0x00001b18,0x0003003e,0x0000010e,
0x00001b1b,0x00050085,0x0000001d,0x00001b1c,
0x000014fa,0x00001b1a,0x0003003e,0x00001b17,
0x00001b1c,0x0004003d,0x00000037,0x00001b1d,
0x00001a73,0x0004003d,0x0000001d,0x00001b1e,
0x00001b17,0x0006000c,0x0000001d,0x00001b1f,
0x00000001,0x0000000e,0x00001b1e,0x0005008e,
0x00000037,0x00001b20,0x00001b1d,0x00001b1f,
0x0004003d,0x00000037,0x00001b21,0x00001a74,
0x0004003d,0x0000001d,0x00001b22,0x00001b17,
0x0006000c,0x0000001d,0x00001b23,0x00000001,
0x0000000d,0x00001b22,0x0005008e,0x00000037,
0x00001b24,0x00001b21,0x00001b23,0x00050081,
0x00000037,0x00001b25,0x00001b20,0x00001b24,
0x0003003e,0x000019c1,0x00001b25,0x0004003d,
0x00000037,0x00001b26,0x000019c1,0x0004003d,
0x0000001d,0x00001b27,0x00001b0b,0x0005008e,
0x00000037,0x00001b28,0x00001b26,0x00001b27,
0x0004003d,0x00000037,0x00001b29,0x00001a56,
0x0004003d,0x00000006,0x00001b2b,0x0000010e,
0x0003003e,0x00001b2a,0x00001b2b,0x00050039,
0x0000001d,0x00001b2c,0x00000067,0x00001b2a,
0x0004003d,0x00000006,0x00001b2d,0x00001b2a,
0x0003003e,0x0000010e,0x00001b2d,0x00050083,
0x0000001d,0x00001b2e,0x00001b2c,0x00000336,
0x0004003d,0x0000001d,0x00001b2f,0x00001b11,
0x00050085,0x0000001d,0x00001b30,0x00001b2e,
0x00001b2f,0x0005008e,0x00000037,0x00001b31,
0x00001b29,0x00001b30,0x00050081,0x00000037,
0x00001b32,0x00001b28,0x00001b31,0x0004003d,
0x00000037,0x00001b33,0x000019bf,0x00050081,
0x00000037,0x00001b34,0x00001b33,0x00001b32,
0x0003003e,0x000019bf,0x00001b34,0x0004003d,
0x0000001d,0x00001b35,0x00001b0b,0x00050085,
0x0000001d,0x00001b36,0x000014fa,0x00001b35,
0x0004003d,0x0000001d,0x00001b37,0x00001b11,
0x00050085,0x0000001d,0x00001b38,0x00001b36,
0x00001b37,0x0003003e,0x000019c2,0x00001b38,
0x000200f9,0x00001ae3,0x000200f8,0x00001ae3,
0x000200f9,0x00001ab5,0x000200f8,0x00001ab5,
0x000200f9,0x00001a82,0x000200f8,0x00001a82,
0x000200f9,0x00001a55,0x000200f8,0x00001a55,
0x000200f9,0x000019c6,0x000200f8,0x000019c6,
0x0004003d,0x00000037,0x00001b3a,0x000019bf,
0x0004003d,0x00000037,0x00001b3b,0x0000010d,
0x00050083,0x00000037,0x00001b3c,0x00001b3a,
0x00001b3b,0x0003003e,0x00001b39,0x00001b3c,
0x0004003d,0x00000037,0x00001b3e,0x00001b39,
0x0004003d,0x00000037,0x00001b3f,0x00001b39,
0x00050094,0x0000001d,0x00001b40,0x00001b3e,
0x00001b3f,0x0003003e,0x00001b3d,0x00001b40,
0x0004003d,0x0000001d,0x00001b41,0x00001b3d,
0x000500b8,0x0000001b,0x00001b42,0x00001b41,
0x000005a0,0x000300f7,0x00001b44,0x00000000,
0x000400fa,0x00001b42,0x00001b43,0x00001b44,
0x000200f8,0x00001b43,0x000200fe,0x000013b8,
0x000200f8,0x00001b44,0x0004003d,0x00000037,
0x00001b46,0x00001b39,0x0004003d,0x0000001d,
0x00001b47,0x00001b3d,0x0006000c,0x0000001d,
0x00001b48,0x00000001,0x00000020,0x00001b47,
0x0005008e,0x00000037,0x00001b49,0x00001b46,
0x00001b48,0x0003003e,0x0000010f,0x00001b49,
0x0004003d,0x0000001d,0x00001b4a,0x00001b3d,
0x0006000c,0x0000001d,0x00001b4b,0x00000001,
0x0000001f,0x00001b4a,0x00050083,0x0000001d,
0x00001b4c,0x00001b4b,0x00000c90,0x0003003e,
0x00000111,0x00001b4c,0x0004003d,0x0000001b,
0x00001b4d,0x00000113,0x000300f7,0x00001b4f,
0x00000000,0x000400fa,0x00001b4d,0x00001b4e,
0x00001b55,0x000200f8,0x00001b4e,0x0004003d,
0x0000001d,0x00001b50,0x00001b3d,0x0007000c,
0x0000001d,0x00001b51,0x00000001,0x00000028,
0x00001b50,0x00000933,0x0004003d,0x00000037,
0x00001b52,0x00000110,0x00060050,0x00000037,
0x00001b53,0x00001b51,0x00001b51,0x00001b51,
0x00050088,0x00000037,0x00001b54,0x00001b52,
0x00001b53,0x0003003e,0x00000110,0x00001b54,
0x000200f9,0x00001b4f,0x000200f8,0x00001b55,
0x0004003d,0x00000037,0x00001b57,0x000019c1,
0x0004003d,0x00000037,0x00001b58,0x0000010f,
0x0004007f,0x00000037,0x00001b59,0x00001b58,
0x00050094,0x0000001d,0x00001b5a,0x00001b57,
0x00001b59,0x0006000c,0x0000001d,0x00001b5b,
0x00000001,0x00000004,0x00001b5a,0x0003003e,
0x00001b56,0x00001b5b,0x0004003d,0x0000001d,
0x00001b5c,0x00001b56,0x000500b8,0x0000001b,
0x00001b5d,0x00001b5c,0x00000933,0x000300f7,
0x00001b5f,0x00000000,0x000400fa,0x00001b5d,
0x00001b5e,0x00001b5f,0x000200f8,0x00001b5e,
0x000200fe,0x000013b8,0x000200f8,0x00001b5f,
0x0004003d,0x0000001d,0x00001b61,0x00001b3d,
0x0004003d,0x0000001d,0x00001b62,0x00001b56,
0x0004003d,0x0000001d,0x00001b63,0x000019c2,
0x00050085,0x0000001d,0x00001b64,0x00001b62,
0x00001b63,0x0007000c,0x0000001d,0x00001b65,
0x00000001,0x00000028,0x00001b64,0x000005a0,
0x00050088,0x0000001d,0x00001b66,0x00001b61,
0x00001b65,0x0003003e,0x00000112,0x00001b66,
0x000200f9,0x00001b4f,0x000200f8,0x00001b4f,
0x000200fe,0x000013b3,0x00010038,0x00050036,
0x0000001d,0x00000119,0x00000000,0x00000106,
0x00030037,0x00000023,0x00000117,0x00030037,
0x00000023,0x00000118,0x000200f8,0x0000011a,
0x0004003b,0x00000023,0x00001b69,0x00000007,
0x0004003b,0x00000023,0x00001b6d,0x00000007,
0x0004003d,0x0000001d,0x00001b6a,0x00000118,
0x0004003d,0x0000001d,0x00001b6b,0x00000118,
0x00050085,0x0000001d,0x00001b6c,0x00001b6a,
0x00001b6b,0x0003003e,0x00001b69,0x00001b6c,
0x0004003d,0x0000001d,0x00001b6e,0x00001b69,
0x00050081,0x0000001d,0x00001b6f,0x00000271,
0x00001b6e,0x0004003d,0x0000001d,0x00001b70,
0x00000118,0x00050085,0x0000001d,0x00001b71,
0x000001c6,0x00001b70,0x0004003d,0x0000001d,
0x00001b72,0x00000117,0x00050085,0x0000001d,
0x00001b73,0x00001b71,0x00001b72,0x00050083,
0x0000001d,0x00001b74,0x00001b6f,0x00001b73,
0x0007000c,0x0000001d,0x00001b75,0x00000001,
0x00000028,0x00001b74,0x00001aa6,0x0003003e,
0x00001b6d,0x00001b75,0x0004003d,0x0000001d,
0x00001b76,0x00001b69,0x00050083,0x0000001d,
0x00001b77,0x00000271,0x00001b76,0x0004003d,
0x0000001d,0x00001b78,0x00001b6d,0x00050085,
0x0000001d,0x00001b79,0x0000184c,0x00001b78,
0x0004003d,0x0000001d,0x00001b7a,0x00001b6d,
0x0006000c,0x0000001d,0x00001b7b,0x00000001,
0x0000001f,0x00001b7a,0x00050085,0x0000001d,
0x00001b7c,0x00001b79,0x00001b7b,0x00050088,
0x0000001d,0x00001b7d,0x00001b77,0x00001b7c,
0x000200fe,0x00001b7d,0x00010038,0x00050036,
0x00000037,0x00000120,0x00000000,0x0000011b,
0x00030037,0x00000038,0x0000011c,0x00030037,
0x00000023,0x0000011d,0x00030037,0x00000007,
0x0000011e,0x00030037,0x00000023,0x0000011f,
0x000200f8,0x00000121,0x0004003b,0x00000023,
0x00001b80,0x00000007,0x0004003b,0x00000007,
0x00001b81,0x00000007,0x0004003b,0x00000023,
0x00001b85,0x00000007,0x0004003b,0x00000007,
0x00001b86,0x00000007,0x0004003b,0x00000023,
0x00001b8a,0x00000007,0x0004003b,0x00000023,
0x00001b8e,0x00000007,0x0004003b,0x00000023,
0x00001bae,0x00000007,0x0004003b,0x00000023,
0x00001bb5,0x00000007,0x0004003b,0x00000038,
0x00001bb8,0x00000007,0x0004003b,0x00000038,
0x00001bbd,0x00000007,0x0004003b,0x00000038,
0x00001bc7,0x00000007,0x0004003b,0x00000038,
0x00001bcb,0x00000007,0x0004003b,0x00000023,
0x00001bde,0x00000007,0x0004003b,0x00000023,
0x00001be0,0x00000007,0x0004003d,0x00000006,
0x00001b82,0x0000011e,0x0003003e,0x00001b81,
0x00001b82,0x00050039,0x0000001d,0x00001b83,
0x00000067,0x00001b81,0x0004003d,0x00000006,
0x00001b84,0x00001b81,0x0003003e,0x0000011e,
0x00001b84,0x0003003e,0x00001b80,0x00001b83,
0x0004003d,0x00000006,0x00001b87,0x0000011e,
0x0003003e,0x00001b86,0x00001b87,0x00050039,
0x0000001d,0x00001b88,0x00000067,0x00001b86,
0x0004003d,0x00000006,0x00001b89,0x00001b86,
0x0003003e,0x0000011e,0x00001b89,0x0003003e,
0x00001b85,0x00001b88,0x0004003d,0x0000001d,
0x00001b8b,0x0000011d,0x0006000c,0x0000001d,
0x00001b8c,0x00000001,0x00000004,0x00001b8b,
0x000500b8,0x0000001b,0x00001b8d,0x00001b8c,
0x00001579,0x000300f7,0x00001b90,0x00000000,
0x000400fa,0x00001b8d,0x00001b8f,0x00001b94,
0x000200f8,0x00001b8f,0x0004003d,0x0000001d,
0x00001b91,0x00001b80,0x00050085,0x0000001d,
0x00001b92,0x000001c6,0x00001b91,0x00050083,
0x0000001d,0x00001b93,0x00000271,0x00001b92,
0x0003003e,0x00001b8e,0x00001b93,0x000200f9,
0x00001b90,0x000200f8,0x00001b94,0x0004003d,
0x0000001d,0x00001b95,0x0000011d,0x0004003d,
0x0000001d,0x00001b96,0x0000011d,0x00050085,
0x0000001d,0x00001b97,0x00001b95,0x00001b96,
0x00050081,0x0000001d,0x00001b98,0x00000271,
0x00001b97,0x0004003d,0x0000001d,0x00001b99,
0x0000011d,0x0004003d,0x0000001d,0x00001b9a,
0x0000011d,0x00050085,0x0000001d,0x00001b9b,
0x00001b99,0x00001b9a,0x00050083,0x0000001d,
0x00001b9c,0x00000271,0x00001b9b,0x0004003d,
0x0000001d,0x00001b9d,0x0000011d,0x00050083,
0x0000001d,0x00001b9e,0x00000271,0x00001b9d,
0x0004003d,0x0000001d,0x00001b9f,0x0000011d,
0x00050085,0x0000001d,0x00001ba0,0x000001c6,
0x00001b9f,0x0004003d,0x0000001d,0x00001ba1,
0x00001b80,0x00050085,0x0000001d,0x00001ba2,
0x00001ba0,0x00001ba1,0x00050081,0x0000001d,
0x00001ba3,0x00001b9e,0x00001ba2,0x0007000c,
0x0000001d,0x00001ba4,0x00000001,0x00000028,
0x00001ba3,0x00001aa6,0x00050088,0x0000001d,
0x00001ba5,0x00001b9c,0x00001ba4,0x0007000c,
0x0000001d,0x00001ba6,0x00000001,0x0000001a,
0x00001ba5,0x000001c6,0x00050083,0x0000001d,
0x00001ba7,0x00001b98,0x00001ba6,0x0004003d,
0x0000001d,0x00001ba8,0x0000011d,0x00050085,
0x0000001d,0x00001ba9,0x000001c6,0x00001ba8,
0x00050088,0x0000001d,0x00001baa,0x00001ba7,
0x00001ba9,0x0003003e,0x00001b8e,0x00001baa,
0x000200f9,0x00001b90,0x000200f8,0x00001b90,
0x0004003d,0x0000001d,0x00001bab,0x00001b8e,
0x0003003e,0x00001b8a,0x00001bab,0x0004003d,
0x0000001d,0x00001bac,0x00001b8a,0x0008000c,
0x0000001d,0x00001bad,0x00000001,0x0000002b,
0x00001bac,0x000004fa,0x00000271,0x0003003e,
0x00001b8a,0x00001bad,0x0004003d,0x0000001d,
0x00001baf,0x00001b8a,0x0004003d,0x0000001d,
0x00001bb0,0x00001b8a,0x00050085,0x0000001d,
0x00001bb1,0x00001baf,0x00001bb0,0x00050083,
0x0000001d,0x00001bb2,0x00000271,0x00001bb1,
0x0007000c,0x0000001d,0x00001bb3,0x00000001,
0x00000028,0x00001bb2,0x000002ec,0x0006000c,
0x0000001d,0x00001bb4,0x00000001,0x0000001f,
0x00001bb3,0x0003003e,0x00001bae,0x00001bb4,
0x0004003d,0x0000001d,0x00001bb6,0x00001b85,
0x00050085,0x0000001d,0x00001bb7,0x000014fa,
0x00001bb6,0x0003003e,0x00001bb5,0x00001bb7,
0x00050041,0x00000023,0x00001bb9,0x0000011c,
0x00000192,0x0004003d,0x0000001d,0x00001bba,
0x00001bb9,0x0006000c,0x0000001d,0x00001bbb,
0x00000001,0x00000004,0x00001bba,0x000500b8,
0x0000001b,0x00001bbc,0x00001bbb,0x00000b0c,
0x000300f7,0x00001bbf,0x00000000,0x000400fa,
0x00001bbc,0x00001bbe,0x00001bc2,0x000200f8,
0x00001bbe,0x0004003d,0x00000037,0x00001bc0,
0x0000011c,0x0007000c,0x00000037,0x00001bc1,
0x00000001,0x00000044,0x00000b12,0x00001bc0,
0x0003003e,0x00001bbd,0x00001bc1,0x000200f9,
0x00001bbf,0x000200f8,0x00001bc2,0x0004003d,
0x00000037,0x00001bc3,0x0000011c,0x0007000c,
0x00000037,0x00001bc4,0x00000001,0x00000044,
0x00000b16,0x00001bc3,0x0003003e,0x00001bbd,
0x00001bc4,0x000200f9,0x00001bbf,0x000200f8,
0x00001bbf,0x0004003d,0x00000037,0x00001bc5,
0x00001bbd,0x0006000c,0x00000037,0x00001bc6,
0x00000001,0x00000045,0x00001bc5,0x0003003e,
0x00001bb8,0x00001bc6,0x0004003d,0x00000037,
0x00001bc8,0x0000011c,0x0004003d,0x00000037,
0x00001bc9,0x00001bb8,0x0007000c,0x00000037,
0x00001bca,0x00000001,0x00000044,0x00001bc8,
0x00001bc9,0x0003003e,0x00001bc7,0x00001bca,
0x0004003d,0x00000037,0x00001bcc,0x00001bb8,
0x0004003d,0x0000001d,0x00001bcd,0x00001bae,
0x0004003d,0x0000001d,0x00001bce,0x00001bb5,
0x0006000c,0x0000001d,0x00001bcf,0x00000001,
0x0000000e,0x00001bce,0x00050085,0x0000001d,
0x00001bd0,0x00001bcd,0x00001bcf,0x0005008e,
0x00000037,0x00001bd1,0x00001bcc,0x00001bd0,
0x0004003d,0x00000037,0x00001bd2,0x00001bc7,
0x0004003d,0x0000001d,0x00001bd3,0x00001bae,
0x0004003d,0x0000001d,0x00001bd4,0x00001bb5,
0x0006000c,0x0000001d,0x00001bd5,0x00000001,
0x0000000d,0x00001bd4,0x00050085,0x0000001d,
0x00001bd6,0x00001bd3,0x00001bd5,0x0005008e,
0x00000037,0x00001bd7,0x00001bd2,0x00001bd6,
0x00050081,0x00000037,0x00001bd8,0x00001bd1,
0x00001bd7,0x0004003d,0x00000037,0x00001bd9,
0x0000011c,0x0004003d,0x0000001d,0x00001bda,
0x00001b8a,0x0005008e,0x00000037,0x00001bdb,
0x00001bd9,0x00001bda,0x00050081,0x00000037,
0x00001bdc,0x00001bd8,0x00001bdb,0x0006000c,
0x00000037,0x00001bdd,0x00000001,0x00000045,
0x00001bdc,0x0003003e,0x00001bcb,0x00001bdd,
0x0004003d,0x0000001d,0x00001bdf,0x00001b8a,
0x0003003e,0x00001bde,0x00001bdf,0x0004003d,
0x0000001d,0x00001be1,0x0000011d,0x0003003e,
0x00001be0,0x00001be1,0x00060039,0x0000001d,
0x00001be2,0x00000119,0x00001bde,0x00001be0,
0x0003003e,0x0000011f,0x00001be2,0x0004003d,
0x00000037,0x00001be3,0x00001bcb,0x000200fe,
0x00001be3,0x00010038,0x00050036,0x00000037,
0x00000123,0x00000000,0x0000006d,0x00030037,
0x00000038,0x00000122,0x000200f8,0x00000124,
0x0004003d,0x00000037,0x00001be6,0x00000122,
0x0007000c,0x00000037,0x00001be7,0x00000001,
0x00000028,0x00001be6,0x000002ed,0x0003003e,
0x00000122,0x00001be7,0x0004003d,0x00000037,
0x00001be8,0x00000122,0x0004003d,0x00000037,
0x00001bea,0x00000122,0x0005008e,0x00000037,
0x00001beb,0x00001bea,0x00001be9,0x00060050,
0x00000037,0x00001bed,0x00001bec,0x00001bec,
0x00001bec,0x00050081,0x00000037,0x00001bee,
0x00001beb,0x00001bed,0x00050085,0x00000037,
0x00001bef,0x00001be8,0x00001bee,0x0004003d,
0x00000037,0x00001bf0,0x00000122,0x0004003d,
0x00000037,0x00001bf2,0x00000122,0x0005008e,
0x00000037,0x00001bf3,0x00001bf2,0x00001bf1,
0x00060050,0x00000037,0x00001bf5,0x00001bf4,
0x00001bf4,0x00001bf4,0x00050081,0x00000037,
0x00001bf6,0x00001bf3,0x00001bf5,0x00050085,
0x00000037,0x00001bf7,0x00001bf0,0x00001bf6,
0x00060050,0x00000037,0x00001bf9,0x00001bf8,
0x00001bf8,0x00001bf8,0x00050081,0x00000037,
0x00001bfa,0x00001bf7,0x00001bf9,0x00050088,
0x00000037,0x00001bfb,0x00001bef,0x00001bfa,
0x0003003e,0x00000122,0x00001bfb,0x0004003d,
0x00000037,0x00001bfc,0x00000122,0x00060050,
0x00000037,0x00001bfd,0x000002ec,0x000002ec,
0x000002ec,0x00060050,0x00000037,0x00001bfe,
0x00000271,0x00000271,0x00000271,0x0008000c,
0x00000037,0x00001bff,0x00000001,0x0000002b,
0x00001bfc,0x00001bfd,0x00001bfe,0x0007000c,
0x00000037,0x00001c02,0x00000001,0x0000001a,
0x00001bff,0x00001c01,0x000200fe,0x00001c02,
0x00010038

};
