#usda 1.0
(
    defaultPrim = "root"
    doc = "Blender v5.1.0"
    metersPerUnit = 1
    upAxis = "Z"
)

def Xform "root" (
    customData = {
        dictionary Blender = {
            bool generated = 1
        }
    }
)
{
    def Xform "Box_3" (
        prepend apiSchemas = ["PhysicsRigidBodyAPI", "PhysicsMassAPI", "PhysicsCollisionAPI", "PhysicsMaterialAPI"]
    )
    {
        custom int mjc:condim = 3
        custom double mjc:friction = 0.6000000238418579
        custom double mjc:margin = 0
        custom double mjc:solmix = 1
        float physics:dynamicFriction = 0.6
        float physics:mass = 2
        float physics:restitution = 0.2
        bool physics:rigidBodyEnabled = 1
        float physics:staticFriction = 0.6
        custom string userProperties:blender:object_name = "Box_3"
        float3 xformOp:rotateXYZ = (0, -0, 0)
        float3 xformOp:scale = (1, 1, 1)
        double3 xformOp:translate = (0, 0, 3.6500000953674316)
        uniform token[] xformOpOrder = ["xformOp:translate", "xformOp:rotateXYZ", "xformOp:scale"]

        def Mesh "Cube_010" (
            active = true
            prepend apiSchemas = ["MaterialBindingAPI"]
        )
        {
            uniform bool doubleSided = 1
            float3[] extent = [(-0.5, -0.5, -0.5), (0.5, 0.5, 0.5)]
            int[] faceVertexCounts = [4, 4, 4, 4, 4, 4]
            int[] faceVertexIndices = [0, 1, 3, 2, 2, 3, 7, 6, 6, 7, 5, 4, 4, 5, 1, 0, 2, 6, 4, 0, 7, 3, 1, 5]
            rel material:binding = </root/_materials/BoxMat_001>
            normal3f[] normals = [(-1, 0, 0), (-1, 0, 0), (-1, 0, 0), (-1, 0, 0), (0, 1, 0), (0, 1, 0), (0, 1, 0), (0, 1, 0), (1, 0, 0), (1, 0, 0), (1, 0, 0), (1, 0, 0), (0, -1, 0), (0, -1, 0), (0, -1, 0), (0, -1, 0), (0, 0, -1), (0, 0, -1), (0, 0, -1), (0, 0, -1), (0, 0, 1), (0, 0, 1), (0, 0, 1), (0, 0, 1)] (
                interpolation = "faceVarying"
            )
            point3f[] points = [(-0.5, -0.5, -0.5), (-0.5, -0.5, 0.5), (-0.5, 0.5, -0.5), (-0.5, 0.5, 0.5), (0.5, -0.5, -0.5), (0.5, -0.5, 0.5), (0.5, 0.5, -0.5), (0.5, 0.5, 0.5)]
            texCoord2f[] primvars:st = [(0.375, 0), (0.375, 1), (0.125, 0.75), (0.625, 0), (0.625, 1), (0.875, 0.75), (0.375, 0.25), (0.125, 0.5), (0.625, 0.25), (0.875, 0.5), (0.375, 0.75), (0.625, 0.75), (0.375, 0.5), (0.625, 0.5)] (
                interpolation = "faceVarying"
            )
            int[] primvars:st:indices = [0, 3, 8, 6, 6, 8, 13, 12, 12, 13, 11, 10, 10, 11, 4, 1, 7, 12, 10, 2, 13, 9, 5, 11]
            uniform token subdivisionScheme = "none"
            custom string userProperties:blender:data_name = "Cube.010"
        }
    }

    def Scope "_materials"
    {
        def Material "BoxMat_001"
        {
            token outputs:surface.connect = </root/_materials/BoxMat_001/Principled_BSDF.outputs:surface>
            custom string userProperties:blender:data_name = "BoxMat.001"

            def Shader "Principled_BSDF"
            {
                uniform token info:id = "UsdPreviewSurface"
                float inputs:clearcoat = 0
                float inputs:clearcoatRoughness = 0.03
                color3f inputs:diffuseColor = (0.8, 0.25, 0.15)
                float inputs:ior = 1.5
                float inputs:metallic = 0
                float inputs:opacity = 1
                float inputs:roughness = 0.5
                float inputs:specular = 0.5
                token outputs:surface
            }
        }

        def Material "GroundMat_001"
        {
            token outputs:surface.connect = </root/_materials/GroundMat_001/Principled_BSDF.outputs:surface>
            custom string userProperties:blender:data_name = "GroundMat.001"

            def Shader "Principled_BSDF"
            {
                uniform token info:id = "UsdPreviewSurface"
                float inputs:clearcoat = 0
                float inputs:clearcoatRoughness = 0.03
                color3f inputs:diffuseColor = (0.3, 0.35, 0.3)
                float inputs:ior = 1.5
                float inputs:metallic = 0
                float inputs:opacity = 1
                float inputs:roughness = 0.5
                float inputs:specular = 0.5
                token outputs:surface
            }
        }

        def Material "PendMat"
        {
            token outputs:surface.connect = </root/_materials/PendMat/Principled_BSDF.outputs:surface>
            custom string userProperties:blender:data_name = "PendMat"

            def Shader "Principled_BSDF"
            {
                uniform token info:id = "UsdPreviewSurface"
                float inputs:clearcoat = 0
                float inputs:clearcoatRoughness = 0.03
                color3f inputs:diffuseColor = (0.9, 0.7, 0.1)
                float inputs:ior = 1.5
                float inputs:metallic = 0.8
                float inputs:opacity = 1
                float inputs:roughness = 0.5
                float inputs:specular = 0.5
                token outputs:surface
            }
        }

        def Material "BallMat"
        {
            token outputs:surface.connect = </root/_materials/BallMat/Principled_BSDF.outputs:surface>
            custom string userProperties:blender:data_name = "BallMat"

            def Shader "Principled_BSDF"
            {
                uniform token info:id = "UsdPreviewSurface"
                float inputs:clearcoat = 0
                float inputs:clearcoatRoughness = 0.03
                color3f inputs:diffuseColor = (0.2, 0.5, 0.9)
                float inputs:ior = 1.5
                float inputs:metallic = 0.6
                float inputs:opacity = 1
                float inputs:roughness = 0.5
                float inputs:specular = 0.5
                token outputs:surface
            }
        }
    }

    def Xform "Box_2" (
        prepend apiSchemas = ["PhysicsRigidBodyAPI", "PhysicsMassAPI", "PhysicsCollisionAPI", "PhysicsMaterialAPI"]
    )
    {
        custom int mjc:condim = 3
        custom double mjc:friction = 0.6000000238418579
        custom double mjc:margin = 0
        custom double mjc:solmix = 1
        float physics:dynamicFriction = 0.6
        float physics:mass = 2
        float physics:restitution = 0.2
        bool physics:rigidBodyEnabled = 1
        float physics:staticFriction = 0.6
        custom string userProperties:blender:object_name = "Box_2"
        float3 xformOp:rotateXYZ = (0, -0, 0)
        float3 xformOp:scale = (1, 1, 1)
        double3 xformOp:translate = (0, 0, 2.5999999046325684)
        uniform token[] xformOpOrder = ["xformOp:translate", "xformOp:rotateXYZ", "xformOp:scale"]

        def Mesh "Cube_009" (
            active = true
            prepend apiSchemas = ["MaterialBindingAPI"]
        )
        {
            uniform bool doubleSided = 1
            float3[] extent = [(-0.5, -0.5, -0.5), (0.5, 0.5, 0.5)]
            int[] faceVertexCounts = [4, 4, 4, 4, 4, 4]
            int[] faceVertexIndices = [0, 1, 3, 2, 2, 3, 7, 6, 6, 7, 5, 4, 4, 5, 1, 0, 2, 6, 4, 0, 7, 3, 1, 5]
            rel material:binding = </root/_materials/BoxMat_001>
            normal3f[] normals = [(-1, 0, 0), (-1, 0, 0), (-1, 0, 0), (-1, 0, 0), (0, 1, 0), (0, 1, 0), (0, 1, 0), (0, 1, 0), (1, 0, 0), (1, 0, 0), (1, 0, 0), (1, 0, 0), (0, -1, 0), (0, -1, 0), (0, -1, 0), (0, -1, 0), (0, 0, -1), (0, 0, -1), (0, 0, -1), (0, 0, -1), (0, 0, 1), (0, 0, 1), (0, 0, 1), (0, 0, 1)] (
                interpolation = "faceVarying"
            )
            point3f[] points = [(-0.5, -0.5, -0.5), (-0.5, -0.5, 0.5), (-0.5, 0.5, -0.5), (-0.5, 0.5, 0.5), (0.5, -0.5, -0.5), (0.5, -0.5, 0.5), (0.5, 0.5, -0.5), (0.5, 0.5, 0.5)]
            texCoord2f[] primvars:st = [(0.375, 0), (0.375, 1), (0.125, 0.75), (0.625, 0), (0.625, 1), (0.875, 0.75), (0.375, 0.25), (0.125, 0.5), (0.625, 0.25), (0.875, 0.5), (0.375, 0.75), (0.625, 0.75), (0.375, 0.5), (0.625, 0.5)] (
                interpolation = "faceVarying"
            )
            int[] primvars:st:indices = [0, 3, 8, 6, 6, 8, 13, 12, 12, 13, 11, 10, 10, 11, 4, 1, 7, 12, 10, 2, 13, 9, 5, 11]
            uniform token subdivisionScheme = "none"
            custom string userProperties:blender:data_name = "Cube.009"
        }
    }

    def Xform "Box_0" (
        prepend apiSchemas = ["PhysicsRigidBodyAPI", "PhysicsMassAPI", "PhysicsCollisionAPI", "PhysicsMaterialAPI"]
    )
    {
        custom int mjc:condim = 3
        custom double mjc:friction = 0.6000000238418579
        custom double mjc:margin = 0
        custom double mjc:solmix = 1
        float physics:dynamicFriction = 0.6
        float physics:mass = 2
        float physics:restitution = 0.2
        bool physics:rigidBodyEnabled = 1
        float physics:staticFriction = 0.6
        custom string userProperties:blender:object_name = "Box_0"
        float3 xformOp:rotateXYZ = (0, -0, 0)
        float3 xformOp:scale = (1, 1, 1)
        double3 xformOp:translate = (0, 0, 0.5)
        uniform token[] xformOpOrder = ["xformOp:translate", "xformOp:rotateXYZ", "xformOp:scale"]

        def Mesh "Cube_007" (
            active = true
            prepend apiSchemas = ["MaterialBindingAPI"]
        )
        {
            uniform bool doubleSided = 1
            float3[] extent = [(-0.5, -0.5, -0.5), (0.5, 0.5, 0.5)]
            int[] faceVertexCounts = [4, 4, 4, 4, 4, 4]
            int[] faceVertexIndices = [0, 1, 3, 2, 2, 3, 7, 6, 6, 7, 5, 4, 4, 5, 1, 0, 2, 6, 4, 0, 7, 3, 1, 5]
            rel material:binding = </root/_materials/BoxMat_001>
            normal3f[] normals = [(-1, 0, 0), (-1, 0, 0), (-1, 0, 0), (-1, 0, 0), (0, 1, 0), (0, 1, 0), (0, 1, 0), (0, 1, 0), (1, 0, 0), (1, 0, 0), (1, 0, 0), (1, 0, 0), (0, -1, 0), (0, -1, 0), (0, -1, 0), (0, -1, 0), (0, 0, -1), (0, 0, -1), (0, 0, -1), (0, 0, -1), (0, 0, 1), (0, 0, 1), (0, 0, 1), (0, 0, 1)] (
                interpolation = "faceVarying"
            )
            point3f[] points = [(-0.5, -0.5, -0.5), (-0.5, -0.5, 0.5), (-0.5, 0.5, -0.5), (-0.5, 0.5, 0.5), (0.5, -0.5, -0.5), (0.5, -0.5, 0.5), (0.5, 0.5, -0.5), (0.5, 0.5, 0.5)]
            texCoord2f[] primvars:st = [(0.375, 0), (0.375, 1), (0.125, 0.75), (0.625, 0), (0.625, 1), (0.875, 0.75), (0.375, 0.25), (0.125, 0.5), (0.625, 0.25), (0.875, 0.5), (0.375, 0.75), (0.625, 0.75), (0.375, 0.5), (0.625, 0.5)] (
                interpolation = "faceVarying"
            )
            int[] primvars:st:indices = [0, 3, 8, 6, 6, 8, 13, 12, 12, 13, 11, 10, 10, 11, 4, 1, 7, 12, 10, 2, 13, 9, 5, 11]
            uniform token subdivisionScheme = "none"
            custom string userProperties:blender:data_name = "Cube.007"
        }
    }

    def Xform "Ground" (
        prepend apiSchemas = ["PhysicsRigidBodyAPI", "PhysicsMassAPI", "PhysicsCollisionAPI", "PhysicsMaterialAPI"]
    )
    {
        custom int mjc:condim = 3
        custom double mjc:friction = 0.800000011920929
        custom double mjc:margin = 0
        custom double mjc:solmix = 1
        float physics:dynamicFriction = 0.8
        bool physics:kinematicEnabled = 0
        float physics:mass = 1
        float physics:restitution = 0.3
        bool physics:rigidBodyEnabled = 0
        float physics:staticFriction = 0.8
        custom string userProperties:blender:object_name = "Ground"

        def Mesh "Plane_001" (
            active = true
            prepend apiSchemas = ["MaterialBindingAPI"]
        )
        {
            uniform bool doubleSided = 1
            float3[] extent = [(-10, -10, 0), (10, 10, 0)]
            int[] faceVertexCounts = [4]
            int[] faceVertexIndices = [0, 1, 3, 2]
            rel material:binding = </root/_materials/GroundMat_001>
            normal3f[] normals = [(0, 0, 1), (0, 0, 1), (0, 0, 1), (0, 0, 1)] (
                interpolation = "faceVarying"
            )
            point3f[] points = [(-10, -10, 0), (10, -10, 0), (-10, 10, 0), (10, 10, 0)]
            texCoord2f[] primvars:st = [(0, 0), (1, 0), (0, 1), (1, 1)] (
                interpolation = "faceVarying"
            )
            int[] primvars:st:indices = [0, 1, 3, 2]
            uniform token subdivisionScheme = "none"
            custom string userProperties:blender:data_name = "Plane.001"
        }
    }

    def Xform "Arm" (
        prepend apiSchemas = ["PhysicsRigidBodyAPI", "PhysicsMassAPI", "PhysicsCollisionAPI", "PhysicsMaterialAPI"]
    )
    {
        custom int mjc:condim = 3
        custom double mjc:friction = 0.5
        custom double mjc:margin = 0
        custom double mjc:solmix = 1
        float physics:dynamicFriction = 0.5
        float physics:mass = 1
        float physics:restitution = 0
        bool physics:rigidBodyEnabled = 1
        float physics:staticFriction = 0.5
        custom string userProperties:blender:object_name = "Arm"
        float3 xformOp:rotateXYZ = (0, 40.000008, 0)
        float3 xformOp:scale = (0.99999994, 1, 0.99999994)
        double3 xformOp:translate = (5.964181423187256, 0, 4.85093355178833)
        uniform token[] xformOpOrder = ["xformOp:translate", "xformOp:rotateXYZ", "xformOp:scale"]

        def Mesh "Cylinder_001" (
            active = true
            prepend apiSchemas = ["MaterialBindingAPI"]
        )
        {
            uniform bool doubleSided = 1
            float3[] extent = [(-0.08, -0.08, -1.5), (0.08, 0.08, 1.5)]
            int[] faceVertexCounts = [4, 4, 4, 4, 4, 4, 4, 4, 4, 4, 4, 4, 4, 4, 4, 4, 4, 4, 4, 4, 4, 4, 4, 4, 4, 4, 4, 4, 4, 4, 32, 4, 4, 32]
            int[] faceVertexIndices = [0, 1, 3, 2, 2, 3, 5, 4, 4, 5, 7, 6, 6, 7, 9, 8, 8, 9, 11, 10, 10, 11, 13, 12, 12, 13, 15, 14, 14, 15, 17, 16, 16, 17, 19, 18, 18, 19, 21, 20, 20, 21, 23, 22, 22, 23, 25, 24, 24, 25, 27, 26, 26, 27, 29, 28, 28, 29, 31, 30, 30, 31, 33, 32, 32, 33, 35, 34, 34, 35, 37, 36, 36, 37, 39, 38, 38, 39, 41, 40, 40, 41, 43, 42, 42, 43, 45, 44, 44, 45, 47, 46, 46, 47, 49, 48, 48, 49, 51, 50, 50, 51, 53, 52, 52, 53, 55, 54, 54, 55, 57, 56, 56, 57, 59, 58, 58, 59, 61, 60, 3, 1, 63, 61, 59, 57, 55, 53, 51, 49, 47, 45, 43, 41, 39, 37, 35, 33, 31, 29, 27, 25, 23, 21, 19, 17, 15, 13, 11, 9, 7, 5, 60, 61, 63, 62, 62, 63, 1, 0, 0, 2, 4, 6, 8, 10, 12, 14, 16, 18, 20, 22, 24, 26, 28, 30, 32, 34, 36, 38, 40, 42, 44, 46, 48, 50, 52, 54, 56, 58, 60, 62]
            rel material:binding = </root/_materials/PendMat>
            normal3f[] normals = [(0.098017395, 0.9951848, 0), (0.098017395, 0.9951848, 0), (0.098017395, 0.9951848, 0), (0.098017395, 0.9951848, 0), (0.2902847, 0.9569403, 0), (0.2902847, 0.9569403, 0), (0.2902847, 0.9569403, 0), (0.2902847, 0.9569403, 0), (0.4713964, 0.8819214, 0), (0.4713964, 0.8819214, 0), (0.4713964, 0.8819214, 0), (0.4713964, 0.8819214, 0), (0.6343934, 0.77301043, 0), (0.6343934, 0.77301043, 0), (0.6343934, 0.77301043, 0), (0.6343934, 0.77301043, 0), (0.7730104, 0.63439345, 0), (0.7730104, 0.63439345, 0), (0.7730104, 0.63439345, 0), (0.7730104, 0.63439345, 0), (0.8819215, 0.47139633, 0), (0.8819215, 0.47139633, 0), (0.8819215, 0.47139633, 0), (0.8819215, 0.47139633, 0), (0.9569403, 0.2902849, 0), (0.9569403, 0.2902849, 0), (0.9569403, 0.2902849, 0), (0.9569403, 0.2902849, 0), (0.9951848, 0.09801724, 0), (0.9951848, 0.09801724, 0), (0.9951848, 0.09801724, 0), (0.9951848, 0.09801724, 0), (0.9951848, -0.09801724, 0), (0.9951848, -0.09801724, 0), (0.9951848, -0.09801724, 0), (0.9951848, -0.09801724, 0), (0.9569403, -0.2902849, 0), (0.9569403, -0.2902849, 0), (0.9569403, -0.2902849, 0), (0.9569403, -0.2902849, 0), (0.8819215, -0.47139633, 0), (0.8819215, -0.47139633, 0), (0.8819215, -0.47139633, 0), (0.8819215, -0.47139633, 0), (0.7730104, -0.63439345, 0), (0.7730104, -0.63439345, 0), (0.7730104, -0.63439345, 0), (0.7730104, -0.63439345, 0), (0.6343934, -0.77301043, 0), (0.6343934, -0.77301043, 0), (0.6343934, -0.77301043, 0), (0.6343934, -0.77301043, 0), (0.4713964, -0.8819214, 0), (0.4713964, -0.8819214, 0), (0.4713964, -0.8819214, 0), (0.4713964, -0.8819214, 0), (0.2902847, -0.9569403, 0), (0.2902847, -0.9569403, 0), (0.2902847, -0.9569403, 0), (0.2902847, -0.9569403, 0), (0.098017395, -0.9951848, 0), (0.098017395, -0.9951848, 0), (0.098017395, -0.9951848, 0), (0.098017395, -0.9951848, 0), (-0.098017395, -0.9951848, 0), (-0.098017395, -0.9951848, 0), (-0.098017395, -0.9951848, 0), (-0.098017395, -0.9951848, 0), (-0.2902847, -0.9569403, 0), (-0.2902847, -0.9569403, 0), (-0.2902847, -0.9569403, 0), (-0.2902847, -0.9569403, 0), (-0.4713964, -0.8819214, 0), (-0.4713964, -0.8819214, 0), (-0.4713964, -0.8819214, 0), (-0.4713964, -0.8819214, 0), (-0.6343934, -0.77301043, 0), (-0.6343934, -0.77301043, 0), (-0.6343934, -0.77301043, 0), (-0.6343934, -0.77301043, 0), (-0.7730104, -0.63439345, 0), (-0.7730104, -0.63439345, 0), (-0.7730104, -0.63439345, 0), (-0.7730104, -0.63439345, 0), (-0.8819215, -0.47139633, 0), (-0.8819215, -0.47139633, 0), (-0.8819215, -0.47139633, 0), (-0.8819215, -0.47139633, 0), (-0.9569403, -0.2902849, 0), (-0.9569403, -0.2902849, 0), (-0.9569403, -0.2902849, 0), (-0.9569403, -0.2902849, 0), (-0.9951848, -0.09801724, 0), (-0.9951848, -0.09801724, 0), (-0.9951848, -0.09801724, 0), (-0.9951848, -0.09801724, 0), (-0.9951848, 0.09801724, 0), (-0.9951848, 0.09801724, 0), (-0.9951848, 0.09801724, 0), (-0.9951848, 0.09801724, 0), (-0.9569403, 0.2902849, 0), (-0.9569403, 0.2902849, 0), (-0.9569403, 0.2902849, 0), (-0.9569403, 0.2902849, 0), (-0.8819215, 0.47139633, 0), (-0.8819215, 0.47139633, 0), (-0.8819215, 0.47139633, 0), (-0.8819215, 0.47139633, 0), (-0.7730104, 0.63439345, 0), (-0.7730104, 0.63439345, 0), (-0.7730104, 0.63439345, 0), (-0.7730104, 0.63439345, 0), (-0.6343934, 0.77301043, 0), (-0.6343934, 0.77301043, 0), (-0.6343934, 0.77301043, 0), (-0.6343934, 0.77301043, 0), (-0.4713964, 0.8819214, 0), (-0.4713964, 0.8819214, 0), (-0.4713964, 0.8819214, 0), (-0.4713964, 0.8819214, 0), (-1.8647665e-7, 0, 1), (-1.8647665e-7, 0, 1), (-1.8647665e-7, 0, 1), (-1.8647665e-7, 0, 1), (-1.8647665e-7, 0, 1), (-1.8647665e-7, 0, 1), (-1.8647665e-7, 0, 1), (-1.8647665e-7, 0, 1), (-1.8647665e-7, 0, 1), (-1.8647665e-7, 0, 1), (-1.8647665e-7, 0, 1), (-1.8647665e-7, 0, 1), (-1.8647665e-7, 0, 1), (-1.8647665e-7, 0, 1), (-1.8647665e-7, 0, 1), (-1.8647665e-7, 0, 1), (-1.8647665e-7, 0, 1), (-1.8647665e-7, 0, 1), (-1.8647665e-7, 0, 1), (-1.8647665e-7, 0, 1), (-1.8647665e-7, 0, 1), (-1.8647665e-7, 0, 1), (-1.8647665e-7, 0, 1), (-1.8647665e-7, 0, 1), (-1.8647665e-7, 0, 1), (-1.8647665e-7, 0, 1), (-1.8647665e-7, 0, 1), (-1.8647665e-7, 0, 1), (-1.8647665e-7, 0, 1), (-1.8647665e-7, 0, 1), (-1.8647665e-7, 0, 1), (-1.8647665e-7, 0, 1), (-0.2902847, 0.9569403, 0), (-0.2902847, 0.9569403, 0), (-0.2902847, 0.9569403, 0), (-0.2902847, 0.9569403, 0), (-0.098017395, 0.9951848, 0), (-0.098017395, 0.9951848, 0), (-0.098017395, 0.9951848, 0), (-0.098017395, 0.9951848, 0), (0, 0, -1), (0, 0, -1), (0, 0, -1), (0, 0, -1), (0, 0, -1), (0, 0, -1), (0, 0, -1), (0, 0, -1), (0, 0, -1), (0, 0, -1), (0, 0, -1), (0, 0, -1), (0, 0, -1), (0, 0, -1), (0, 0, -1), (0, 0, -1), (0, 0, -1), (0, 0, -1), (0, 0, -1), (0, 0, -1), (0, 0, -1), (0, 0, -1), (0, 0, -1), (0, 0, -1), (0, 0, -1), (0, 0, -1), (0, 0, -1), (0, 0, -1), (0, 0, -1), (0, 0, -1), (0, 0, -1), (0, 0, -1)] (
                interpolation = "faceVarying"
            )
            point3f[] points = [(0, 0.08, -1.5), (0, 0.08, 1.5), (0.015607226, 0.07846282, -1.5), (0.015607226, 0.07846282, 1.5), (0.030614676, 0.073910356, -1.5), (0.030614676, 0.073910356, 1.5), (0.04444562, 0.06651757, -1.5), (0.04444562, 0.06651757, 1.5), (0.05656854, 0.05656854, -1.5), (0.05656854, 0.05656854, 1.5), (0.06651757, 0.04444562, -1.5), (0.06651757, 0.04444562, 1.5), (0.073910356, 0.030614676, -1.5), (0.073910356, 0.030614676, 1.5), (0.07846282, 0.015607226, -1.5), (0.07846282, 0.015607226, 1.5), (0.08, 0, -1.5), (0.08, 0, 1.5), (0.07846282, -0.015607226, -1.5), (0.07846282, -0.015607226, 1.5), (0.073910356, -0.030614676, -1.5), (0.073910356, -0.030614676, 1.5), (0.06651757, -0.04444562, -1.5), (0.06651757, -0.04444562, 1.5), (0.05656854, -0.05656854, -1.5), (0.05656854, -0.05656854, 1.5), (0.04444562, -0.06651757, -1.5), (0.04444562, -0.06651757, 1.5), (0.030614676, -0.073910356, -1.5), (0.030614676, -0.073910356, 1.5), (0.015607226, -0.07846282, -1.5), (0.015607226, -0.07846282, 1.5), (0, -0.08, -1.5), (0, -0.08, 1.5), (-0.015607226, -0.07846282, -1.5), (-0.015607226, -0.07846282, 1.5), (-0.030614676, -0.073910356, -1.5), (-0.030614676, -0.073910356, 1.5), (-0.04444562, -0.06651757, -1.5), (-0.04444562, -0.06651757, 1.5), (-0.05656854, -0.05656854, -1.5), (-0.05656854, -0.05656854, 1.5), (-0.06651757, -0.04444562, -1.5), (-0.06651757, -0.04444562, 1.5), (-0.073910356, -0.030614676, -1.5), (-0.073910356, -0.030614676, 1.5), (-0.07846282, -0.015607226, -1.5), (-0.07846282, -0.015607226, 1.5), (-0.08, 0, -1.5), (-0.08, 0, 1.5), (-0.07846282, 0.015607226, -1.5), (-0.07846282, 0.015607226, 1.5), (-0.073910356, 0.030614676, -1.5), (-0.073910356, 0.030614676, 1.5), (-0.06651757, 0.04444562, -1.5), (-0.06651757, 0.04444562, 1.5), (-0.05656854, 0.05656854, -1.5), (-0.05656854, 0.05656854, 1.5), (-0.04444562, 0.06651757, -1.5), (-0.04444562, 0.06651757, 1.5), (-0.030614676, 0.073910356, -1.5), (-0.030614676, 0.073910356, 1.5), (-0.015607226, 0.07846282, -1.5), (-0.015607226, 0.07846282, 1.5)]
            texCoord2f[] primvars:st = [(1, 0.5), (0, 0.5), (0.75, 0.49), (1, 1), (0.25, 0.49), (0, 1), (0.96875, 0.5), (0.79682165, 0.48538846), (0.96875, 1), (0.29682168, 0.48538846), (0.9375, 0.5), (0.841844, 0.47173107), (0.9375, 1), (0.34184402, 0.47173107), (0.90625, 0.5), (0.88333684, 0.4495527), (0.90625, 1), (0.38333684, 0.4495527), (0.875, 0.5), (0.9197056, 0.41970563), (0.875, 1), (0.41970563, 0.41970563), (0.84375, 0.5), (0.9495527, 0.38333684), (0.84375, 1), (0.4495527, 0.38333684), (0.8125, 0.5), (0.97173107, 0.34184402), (0.8125, 1), (0.47173107, 0.34184402), (0.78125, 0.5), (0.98538846, 0.29682168), (0.78125, 1), (0.48538846, 0.29682168), (0.75, 0.5), (0.99, 0.25), (0.75, 1), (0.49, 0.25), (0.71875, 0.5), (0.98538846, 0.20317832), (0.71875, 1), (0.48538846, 0.20317832), (0.6875, 0.5), (0.97173107, 0.15815598), (0.6875, 1), (0.47173107, 0.15815598), (0.65625, 0.5), (0.9495527, 0.11666314), (0.65625, 1), (0.4495527, 0.11666314), (0.625, 0.5), (0.9197056, 0.08029437), (0.625, 1), (0.41970563, 0.08029437), (0.59375, 0.5), (0.88333684, 0.050447285), (0.59375, 1), (0.38333684, 0.050447285), (0.5625, 0.5), (0.841844, 0.028268933), (0.5625, 1), (0.34184402, 0.028268933), (0.53125, 0.5), (0.79682165, 0.014611542), (0.53125, 1), (0.29682168, 0.014611542), (0.5, 0.5), (0.75, 0.010000005), (0.5, 1), (0.25, 0.010000005), (0.46875, 0.5), (0.70317835, 0.014611542), (0.46875, 1), (0.20317832, 0.014611542), (0.4375, 0.5), (0.658156, 0.028268933), (0.4375, 1), (0.15815598, 0.028268933), (0.40625, 0.5), (0.61666316, 0.050447285), (0.40625, 1), (0.11666314, 0.050447285), (0.375, 0.5), (0.5802944, 0.08029437), (0.375, 1), (0.08029437, 0.08029437), (0.34375, 0.5), (0.5504473, 0.11666314), (0.34375, 1), (0.050447285, 0.11666314), (0.3125, 0.5), (0.52826893, 0.15815598), (0.3125, 1), (0.028268933, 0.15815598), (0.28125, 0.5), (0.51461154, 0.20317832), (0.28125, 1), (0.014611542, 0.20317832), (0.25, 0.5), (0.51, 0.25), (0.25, 1), (0.010000005, 0.25), (0.21875, 0.5), (0.51461154, 0.29682168), (0.21875, 1), (0.014611542, 0.29682168), (0.1875, 0.5), (0.52826893, 0.34184402), (0.1875, 1), (0.028268933, 0.34184402), (0.15625, 0.5), (0.5504473, 0.38333684), (0.15625, 1), (0.050447285, 0.38333684), (0.125, 0.5), (0.5802944, 0.41970563), (0.125, 1), (0.08029437, 0.41970563), (0.09375, 0.5), (0.61666316, 0.4495527), (0.09375, 1), (0.11666314, 0.4495527), (0.0625, 0.5), (0.658156, 0.47173107), (0.15815598, 0.47173107), (0.0625, 1), (0.03125, 0.5), (0.70317835, 0.48538846), (0.20317832, 0.48538846), (0.03125, 1)] (
                interpolation = "faceVarying"
            )
            int[] primvars:st:indices = [0, 3, 8, 6, 6, 8, 12, 10, 10, 12, 16, 14, 14, 16, 20, 18, 18, 20, 24, 22, 22, 24, 28, 26, 26, 28, 32, 30, 30, 32, 36, 34, 34, 36, 40, 38, 38, 40, 44, 42, 42, 44, 48, 46, 46, 48, 52, 50, 50, 52, 56, 54, 54, 56, 60, 58, 58, 60, 64, 62, 62, 64, 68, 66, 66, 68, 72, 70, 70, 72, 76, 74, 74, 76, 80, 78, 78, 80, 84, 82, 82, 84, 88, 86, 86, 88, 92, 90, 90, 92, 96, 94, 94, 96, 100, 98, 98, 100, 104, 102, 102, 104, 108, 106, 106, 108, 112, 110, 110, 112, 116, 114, 114, 116, 120, 118, 118, 120, 125, 122, 9, 4, 128, 124, 121, 117, 113, 109, 105, 101, 97, 93, 89, 85, 81, 77, 73, 69, 65, 61, 57, 53, 49, 45, 41, 37, 33, 29, 25, 21, 17, 13, 122, 125, 129, 126, 126, 129, 5, 1, 2, 7, 11, 15, 19, 23, 27, 31, 35, 39, 43, 47, 51, 55, 59, 63, 67, 71, 75, 79, 83, 87, 91, 95, 99, 103, 107, 111, 115, 119, 123, 127]
            uniform token subdivisionScheme = "none"
            custom string userProperties:blender:data_name = "Cylinder.001"
        }
    }

    def Xform "DropBall" (
        prepend apiSchemas = ["PhysicsRigidBodyAPI", "PhysicsMassAPI", "PhysicsCollisionAPI", "PhysicsMaterialAPI"]
    )
    {
        custom int mjc:condim = 3
        custom double mjc:friction = 0.5
        custom double mjc:margin = 0
        custom double mjc:solmix = 1
        float physics:dynamicFriction = 0.5
        float physics:mass = 8
        float physics:restitution = 0.3
        bool physics:rigidBodyEnabled = 1
        float physics:staticFriction = 0.5
        custom string userProperties:blender:object_name = "DropBall"
        float3 xformOp:rotateXYZ = (0, -0, 0)
        float3 xformOp:scale = (1, 1, 1)
        double3 xformOp:translate = (-0.30000001192092896, 0.20000000298023224, 10)
        uniform token[] xformOpOrder = ["xformOp:translate", "xformOp:rotateXYZ", "xformOp:scale"]

        def Mesh "Sphere_003" (
            active = true
            prepend apiSchemas = ["MaterialBindingAPI"]
        )
        {
            uniform bool doubleSided = 1
            float3[] extent = [(-0.69999933, -0.6999995, -0.7), (0.69999975, 0.7, 0.7)]
            int[] faceVertexCounts = [4, 4, 4, 4, 4, 4, 4, 4, 4, 3, 3, 4, 4, 4, 4, 4, 4, 4, 4, 4, 4, 4, 4, 4, 4, 4, 4, 4, 3, 3, 4, 4, 4, 4, 4, 4, 3, 3, 4, 4, 4, 4, 4, 4, 4, 4, 4, 4, 4, 4, 4, 4, 4, 4, 4, 4, 4, 4, 3, 3, 4, 4, 4, 4, 4, 4, 3, 3, 4, 4, 4, 4, 4, 4, 4, 4, 4, 4, 4, 4, 4, 4, 4, 4, 4, 4, 4, 4, 4, 3, 3, 4, 4, 4, 4, 4, 4, 3, 3, 4, 4, 4, 4, 4, 4, 4, 4, 4, 4, 4, 4, 4, 4, 4, 4, 4, 4, 4, 4, 4, 3, 3, 4, 4, 4, 4, 4, 4, 3, 3, 4, 4, 4, 4, 4, 4, 4, 4, 4, 4, 4, 4, 4, 4, 4, 4, 4, 4, 4, 4, 4, 3, 3, 4, 4, 4, 4, 4, 4, 4, 4, 4, 4, 4, 4, 4, 4, 4, 4, 4, 4, 4, 4, 4, 3, 3, 4, 4, 4, 4, 4, 4, 3, 3, 4, 4, 4, 4, 4, 4, 4, 4, 4, 4, 4, 4, 4, 4, 4, 4, 4, 4, 4, 4, 3, 3, 4, 4, 4, 4, 4, 4, 3, 3, 4, 4, 4, 4, 4, 4, 4, 4, 4, 4, 4, 4, 4, 4, 4, 4, 4, 4, 4, 4, 4, 3, 3, 4, 4, 4, 4, 4, 4, 3, 3, 4, 4, 4, 4, 4, 4, 4, 4, 4, 4, 4, 4, 4, 4, 4, 4, 4, 4, 4, 4, 4, 3, 3, 4, 4, 4, 4, 4, 4, 3, 3, 4, 4, 4, 4, 4, 4, 4, 4, 4, 4, 4, 4, 4, 4, 4, 4, 4, 4, 4, 4, 4, 3, 3, 4, 4, 4, 4, 4, 4, 3, 3, 4, 4, 4, 4, 4, 4, 4, 4, 4, 4, 4, 4, 4, 4, 4, 4, 4, 4, 4, 4, 4, 3, 3, 4, 4, 4, 4, 4, 4, 3, 4, 4, 4, 4, 4, 4, 4, 4, 4, 4, 4, 4, 4, 4, 3, 4, 4, 4, 4, 4, 4, 3, 3, 4, 4, 4, 4, 4, 4, 4, 4, 4, 4, 4, 4, 4, 4, 4, 4, 4, 4, 4, 4, 4, 3, 3, 4, 4, 4, 4, 4, 4, 3, 3, 4, 4, 4, 4, 4, 4, 4, 4, 4, 4, 4, 4, 4, 4, 4, 4, 4, 4, 4, 4, 4, 3, 3, 4, 4, 4, 4, 4, 4, 3, 3, 4, 4, 4, 4, 4, 4, 4, 4, 4, 4, 4, 4, 4, 4, 4, 4, 4, 4, 4, 4, 4, 3, 3, 4, 4, 4, 4, 4, 4, 3, 3, 4, 4, 4, 4, 4, 4, 4, 4, 4, 4, 4, 4, 4, 4, 4, 4, 4, 4, 4, 4, 4, 3, 3, 4, 4, 4, 4, 4, 4, 3, 3, 4, 4, 4, 4, 4, 4, 4, 4, 4, 4, 4, 4, 4, 4, 4, 4, 4, 4, 4, 4, 3, 3, 4, 4, 4, 4, 4, 4]
            int[] faceVertexIndices = [476, 1, 11, 12, 479, 6, 19, 20, 2, 476, 12, 13, 7, 479, 20, 21, 477, 2, 13, 14, 480, 7, 21, 22, 3, 477, 14, 15, 481, 480, 22, 23, 4, 3, 15, 16, 474, 0, 9, 8, 481, 23, 5, 4, 16, 17, 475, 474, 9, 10, 478, 5, 17, 18, 1, 475, 10, 11, 6, 478, 18, 19, 18, 17, 32, 33, 11, 10, 25, 26, 19, 18, 33, 34, 12, 11, 26, 27, 20, 19, 34, 35, 13, 12, 27, 28, 21, 20, 35, 36, 14, 13, 28, 29, 22, 21, 36, 37, 15, 14, 29, 30, 23, 22, 37, 38, 16, 15, 30, 31, 9, 0, 24, 8, 23, 38, 17, 16, 31, 32, 10, 9, 24, 25, 37, 36, 51, 52, 30, 29, 44, 45, 38, 37, 52, 53, 31, 30, 45, 46, 24, 0, 39, 8, 38, 53, 32, 31, 46, 47, 25, 24, 39, 40, 33, 32, 47, 48, 26, 25, 40, 41, 34, 33, 48, 49, 27, 26, 41, 42, 35, 34, 49, 50, 28, 27, 42, 43, 36, 35, 50, 51, 29, 28, 43, 44, 49, 48, 63, 64, 42, 41, 56, 57, 50, 49, 64, 65, 43, 42, 57, 58, 51, 50, 65, 66, 44, 43, 58, 59, 52, 51, 66, 67, 45, 44, 59, 60, 53, 52, 67, 68, 46, 45, 60, 61, 39, 0, 54, 8, 53, 68, 47, 46, 61, 62, 40, 39, 54, 55, 48, 47, 62, 63, 41, 40, 55, 56, 68, 67, 82, 83, 61, 60, 75, 76, 54, 0, 69, 8, 68, 83, 62, 61, 76, 77, 55, 54, 69, 70, 63, 62, 77, 78, 56, 55, 70, 71, 64, 63, 78, 79, 57, 56, 71, 72, 65, 64, 79, 80, 58, 57, 72, 73, 66, 65, 80, 81, 59, 58, 73, 74, 67, 66, 81, 82, 60, 59, 74, 75, 72, 71, 86, 87, 80, 79, 94, 95, 73, 72, 87, 88, 81, 80, 95, 96, 74, 73, 88, 89, 82, 81, 96, 97, 75, 74, 89, 90, 83, 82, 97, 98, 76, 75, 90, 91, 69, 0, 84, 8, 83, 98, 77, 76, 91, 92, 70, 69, 84, 85, 78, 77, 92, 93, 71, 70, 85, 86, 79, 78, 93, 94, 91, 90, 105, 106, 84, 0, 99, 8, 98, 113, 92, 91, 106, 107, 85, 84, 99, 100, 93, 92, 107, 108, 86, 85, 100, 101, 94, 93, 108, 109, 87, 86, 101, 102, 95, 94, 109, 110, 88, 87, 102, 103, 96, 95, 110, 111, 89, 88, 103, 104, 97, 96, 111, 112, 90, 89, 104, 105, 98, 97, 112, 113, 110, 109, 124, 125, 103, 102, 117, 118, 111, 110, 125, 126, 104, 103, 118, 119, 112, 111, 126, 127, 105, 104, 119, 120, 113, 112, 127, 128, 106, 105, 120, 121, 99, 0, 114, 8, 113, 128, 107, 106, 121, 122, 100, 99, 114, 115, 108, 107, 122, 123, 101, 100, 115, 116, 109, 108, 123, 124, 102, 101, 116, 117, 114, 0, 129, 8, 128, 143, 122, 121, 136, 137, 115, 114, 129, 130, 123, 122, 137, 138, 116, 115, 130, 131, 124, 123, 138, 139, 117, 116, 131, 132, 125, 124, 139, 140, 118, 117, 132, 133, 126, 125, 140, 141, 119, 118, 133, 134, 127, 126, 141, 142, 120, 119, 134, 135, 128, 127, 142, 143, 121, 120, 135, 136, 133, 132, 147, 148, 141, 140, 155, 156, 134, 133, 148, 149, 142, 141, 156, 157, 135, 134, 149, 150, 143, 142, 157, 158, 136, 135, 150, 151, 129, 0, 144, 8, 143, 158, 137, 136, 151, 152, 130, 129, 144, 145, 138, 137, 152, 153, 131, 130, 145, 146, 139, 138, 153, 154, 132, 131, 146, 147, 140, 139, 154, 155, 152, 151, 166, 167, 145, 144, 159, 160, 153, 152, 167, 168, 146, 145, 160, 161, 154, 153, 168, 169, 147, 146, 161, 162, 155, 154, 169, 170, 148, 147, 162, 163, 156, 155, 170, 171, 149, 148, 163, 164, 157, 156, 171, 172, 150, 149, 164, 165, 158, 157, 172, 173, 151, 150, 165, 166, 144, 0, 159, 8, 158, 173, 171, 170, 185, 186, 164, 163, 178, 179, 172, 171, 186, 187, 165, 164, 179, 180, 173, 172, 187, 188, 166, 165, 180, 181, 159, 0, 174, 8, 173, 188, 167, 166, 181, 182, 160, 159, 174, 175, 168, 167, 182, 183, 161, 160, 175, 176, 169, 168, 183, 184, 162, 161, 176, 177, 170, 169, 184, 185, 163, 162, 177, 178, 183, 182, 197, 198, 176, 175, 190, 191, 184, 183, 198, 199, 177, 176, 191, 192, 185, 184, 199, 200, 178, 177, 192, 193, 186, 185, 200, 201, 179, 178, 193, 194, 187, 186, 201, 202, 180, 179, 194, 195, 188, 187, 202, 203, 181, 180, 195, 196, 174, 0, 189, 8, 188, 203, 182, 181, 196, 197, 175, 174, 189, 190, 202, 201, 216, 217, 195, 194, 209, 210, 203, 202, 217, 218, 196, 195, 210, 211, 189, 0, 204, 8, 203, 218, 197, 196, 211, 212, 190, 189, 204, 205, 198, 197, 212, 213, 191, 190, 205, 206, 199, 198, 213, 214, 192, 191, 206, 207, 200, 199, 214, 215, 193, 192, 207, 208, 201, 200, 215, 216, 194, 193, 208, 209, 206, 205, 220, 221, 214, 213, 228, 229, 207, 206, 221, 222, 215, 214, 229, 230, 208, 207, 222, 223, 216, 215, 230, 231, 209, 208, 223, 224, 217, 216, 231, 232, 210, 209, 224, 225, 218, 217, 232, 233, 211, 210, 225, 226, 204, 0, 219, 8, 218, 233, 212, 211, 226, 227, 205, 204, 219, 220, 213, 212, 227, 228, 225, 224, 239, 240, 233, 232, 247, 248, 226, 225, 240, 241, 219, 0, 234, 8, 233, 248, 227, 226, 241, 242, 220, 219, 234, 235, 228, 227, 242, 243, 221, 220, 235, 236, 229, 228, 243, 244, 222, 221, 236, 237, 230, 229, 244, 245, 223, 222, 237, 238, 231, 230, 245, 246, 224, 223, 238, 239, 232, 231, 246, 247, 244, 243, 258, 259, 237, 236, 251, 252, 245, 244, 259, 260, 238, 237, 252, 253, 246, 245, 260, 261, 239, 238, 253, 254, 247, 246, 261, 262, 240, 239, 254, 255, 248, 247, 262, 263, 241, 240, 255, 256, 234, 0, 249, 8, 248, 263, 242, 241, 256, 257, 235, 234, 249, 250, 243, 242, 257, 258, 236, 235, 250, 251, 263, 262, 277, 278, 256, 255, 270, 271, 249, 0, 264, 8, 263, 278, 257, 256, 271, 272, 250, 249, 264, 265, 258, 257, 272, 273, 251, 250, 265, 266, 259, 258, 273, 274, 252, 251, 266, 267, 260, 259, 274, 275, 253, 252, 267, 268, 261, 260, 275, 276, 254, 253, 268, 269, 262, 261, 276, 277, 255, 254, 269, 270, 267, 266, 281, 282, 275, 274, 289, 290, 268, 267, 282, 283, 276, 275, 290, 291, 269, 268, 283, 284, 277, 276, 291, 292, 270, 269, 284, 285, 278, 277, 292, 293, 271, 270, 285, 286, 264, 0, 279, 8, 278, 293, 272, 271, 286, 287, 265, 264, 279, 280, 273, 272, 287, 288, 266, 265, 280, 281, 274, 273, 288, 289, 286, 285, 300, 301, 279, 0, 294, 8, 293, 308, 287, 286, 301, 302, 280, 279, 294, 295, 288, 287, 302, 303, 281, 280, 295, 296, 289, 288, 303, 304, 282, 281, 296, 297, 290, 289, 304, 305, 283, 282, 297, 298, 291, 290, 305, 306, 284, 283, 298, 299, 292, 291, 306, 307, 285, 284, 299, 300, 293, 292, 307, 308, 305, 304, 319, 320, 298, 297, 312, 313, 306, 305, 320, 321, 299, 298, 313, 314, 307, 306, 321, 322, 300, 299, 314, 315, 308, 307, 322, 323, 301, 300, 315, 316, 294, 0, 309, 8, 308, 323, 302, 301, 316, 317, 295, 294, 309, 310, 303, 302, 317, 318, 296, 295, 310, 311, 304, 303, 318, 319, 297, 296, 311, 312, 8, 323, 338, 317, 316, 331, 332, 310, 309, 324, 325, 318, 317, 332, 333, 311, 310, 325, 326, 319, 318, 333, 334, 312, 311, 326, 327, 320, 319, 334, 335, 313, 312, 327, 328, 321, 320, 335, 336, 314, 313, 328, 329, 322, 321, 336, 337, 315, 314, 329, 330, 323, 322, 337, 338, 316, 315, 330, 331, 309, 0, 324, 336, 335, 350, 351, 329, 328, 343, 344, 337, 336, 351, 352, 330, 329, 344, 345, 338, 337, 352, 353, 331, 330, 345, 346, 324, 0, 339, 8, 338, 353, 332, 331, 346, 347, 325, 324, 339, 340, 333, 332, 347, 348, 326, 325, 340, 341, 334, 333, 348, 349, 327, 326, 341, 342, 335, 334, 349, 350, 328, 327, 342, 343, 340, 339, 354, 355, 348, 347, 362, 363, 341, 340, 355, 356, 349, 348, 363, 364, 342, 341, 356, 357, 350, 349, 364, 365, 343, 342, 357, 358, 351, 350, 365, 366, 344, 343, 358, 359, 352, 351, 366, 367, 345, 344, 359, 360, 353, 352, 367, 368, 346, 345, 360, 361, 339, 0, 354, 8, 353, 368, 347, 346, 361, 362, 359, 358, 373, 374, 367, 366, 381, 382, 360, 359, 374, 375, 368, 367, 382, 383, 361, 360, 375, 376, 354, 0, 369, 8, 368, 383, 362, 361, 376, 377, 355, 354, 369, 370, 363, 362, 377, 378, 356, 355, 370, 371, 364, 363, 378, 379, 357, 356, 371, 372, 365, 364, 379, 380, 358, 357, 372, 373, 366, 365, 380, 381, 378, 377, 392, 393, 371, 370, 385, 386, 379, 378, 393, 394, 372, 371, 386, 387, 380, 379, 394, 395, 373, 372, 387, 388, 381, 380, 395, 396, 374, 373, 388, 389, 382, 381, 396, 397, 375, 374, 389, 390, 383, 382, 397, 398, 376, 375, 390, 391, 369, 0, 384, 8, 383, 398, 377, 376, 391, 392, 370, 369, 384, 385, 397, 396, 411, 412, 390, 389, 404, 405, 398, 397, 412, 413, 391, 390, 405, 406, 384, 0, 399, 8, 398, 413, 392, 391, 406, 407, 385, 384, 399, 400, 393, 392, 407, 408, 386, 385, 400, 401, 394, 393, 408, 409, 387, 386, 401, 402, 395, 394, 409, 410, 388, 387, 402, 403, 396, 395, 410, 411, 389, 388, 403, 404, 401, 400, 415, 416, 409, 408, 423, 424, 402, 401, 416, 417, 410, 409, 424, 425, 403, 402, 417, 418, 411, 410, 425, 426, 404, 403, 418, 419, 412, 411, 426, 427, 405, 404, 419, 420, 413, 412, 427, 428, 406, 405, 420, 421, 399, 0, 414, 8, 413, 428, 407, 406, 421, 422, 400, 399, 414, 415, 408, 407, 422, 423, 420, 419, 434, 435, 428, 427, 442, 443, 421, 420, 435, 436, 414, 0, 429, 8, 428, 443, 422, 421, 436, 437, 415, 414, 429, 430, 423, 422, 437, 438, 416, 415, 430, 431, 424, 423, 438, 439, 417, 416, 431, 432, 425, 424, 439, 440, 418, 417, 432, 433, 426, 425, 440, 441, 419, 418, 433, 434, 427, 426, 441, 442, 439, 438, 453, 454, 432, 431, 446, 447, 440, 439, 454, 455, 433, 432, 447, 448, 441, 440, 455, 456, 434, 433, 448, 449, 442, 441, 456, 457, 435, 434, 449, 450, 443, 442, 457, 458, 436, 435, 450, 451, 429, 0, 444, 8, 443, 458, 437, 436, 451, 452, 430, 429, 444, 445, 438, 437, 452, 453, 431, 430, 445, 446, 458, 457, 472, 473, 451, 450, 465, 466, 444, 0, 459, 8, 458, 473, 452, 451, 466, 467, 445, 444, 459, 460, 453, 452, 467, 468, 446, 445, 460, 461, 454, 453, 468, 469, 447, 446, 461, 462, 455, 454, 469, 470, 448, 447, 462, 463, 456, 455, 470, 471, 449, 448, 463, 464, 457, 456, 471, 472, 450, 449, 464, 465, 470, 469, 6, 479, 463, 462, 476, 2, 471, 470, 479, 7, 464, 463, 2, 477, 472, 471, 7, 480, 465, 464, 477, 3, 473, 472, 480, 481, 466, 465, 3, 4, 459, 0, 474, 8, 473, 481, 467, 466, 4, 5, 460, 459, 474, 475, 468, 467, 5, 478, 461, 460, 475, 1, 469, 468, 478, 6, 462, 461, 1, 476]
            rel material:binding = </root/_materials/BallMat>
            normal3f[] normals = [(0.062358595, 0.63315976, 0.7715051), (0.062358595, 0.63315976, 0.7715051), (0.062358595, 0.63315976, 0.7715051), (0.062358595, 0.63315976, 0.7715051), (0.07591319, 0.7707792, -0.63256353), (0.07591319, 0.7707792, -0.63256353), (0.07591319, 0.7707792, -0.63256353), (0.07591319, 0.7707792, -0.63256353), (0.075913176, 0.770779, 0.63256365), (0.075913176, 0.770779, 0.63256365), (0.075913176, 0.770779, 0.63256365), (0.075913176, 0.770779, 0.63256365), (0.062358595, 0.63315976, -0.7715051), (0.062358595, 0.63315976, -0.7715051), (0.062358595, 0.63315976, -0.7715051), (0.062358595, 0.63315976, -0.7715051), (0.086532995, 0.87861437, 0.4696261), (0.086532995, 0.87861437, 0.4696261), (0.086532995, 0.87861437, 0.4696261), (0.086532995, 0.87861437, 0.4696261), (0.046379082, 0.47088942, -0.8809723), (0.046379082, 0.47088942, -0.8809723), (0.046379082, 0.47088942, -0.8809723), (0.046379082, 0.47088942, -0.8809723), (0.093831524, 0.9527177, 0.2890064), (0.093831524, 0.9527177, 0.2890064), (0.093831524, 0.9527177, 0.2890064), (0.093831524, 0.9527177, 0.2890064), (0.028578654, 0.29016614, -0.9565495), (0.028578654, 0.29016614, -0.9565495), (0.028578654, 0.29016614, -0.9565495), (0.028578654, 0.29016614, -0.9565495), (0.0975498, 0.9904383, 0.09755042), (0.0975498, 0.9904383, 0.09755042), (0.0975498, 0.9904383, 0.09755042), (0.0975498, 0.9904383, 0.09755042), (0.009651245, 0.09801283, 0.9951384), (0.009651245, 0.09801283, 0.9951384), (0.009651245, 0.09801283, 0.9951384), (0.009653026, 0.09801281, -0.99513835), (0.009653026, 0.09801281, -0.99513835), (0.009653026, 0.09801281, -0.99513835), (0.0975498, 0.9904383, -0.09755042), (0.0975498, 0.9904383, -0.09755042), (0.0975498, 0.9904383, -0.09755042), (0.0975498, 0.9904383, -0.09755042), (0.028578654, 0.29016614, 0.9565495), (0.028578654, 0.29016614, 0.9565495), (0.028578654, 0.29016614, 0.9565495), (0.028578654, 0.29016614, 0.9565495), (0.093831524, 0.9527177, -0.2890064), (0.093831524, 0.9527177, -0.2890064), (0.093831524, 0.9527177, -0.2890064), (0.093831524, 0.9527177, -0.2890064), (0.046379082, 0.47088942, 0.8809723), (0.046379082, 0.47088942, 0.8809723), (0.046379082, 0.47088942, 0.8809723), (0.046379082, 0.47088942, 0.8809723), (0.086532995, 0.87861437, -0.4696261), (0.086532995, 0.87861437, -0.4696261), (0.086532995, 0.87861437, -0.4696261), (0.086532995, 0.87861437, -0.4696261), (0.27789792, 0.9161057, -0.28900367), (0.27789792, 0.9161057, -0.28900367), (0.27789792, 0.9161057, -0.28900367), (0.27789792, 0.9161057, -0.28900367), (0.1373527, 0.45279363, 0.88097227), (0.1373527, 0.45279363, 0.88097227), (0.1373527, 0.45279363, 0.88097227), (0.1373527, 0.45279363, 0.88097227), (0.256282, 0.8448483, -0.46962857), (0.256282, 0.8448483, -0.46962857), (0.256282, 0.8448483, -0.46962857), (0.256282, 0.8448483, -0.46962857), (0.18468569, 0.6088264, 0.771506), (0.18468569, 0.6088264, 0.771506), (0.18468569, 0.6088264, 0.771506), (0.18468569, 0.6088264, 0.771506), (0.22482789, 0.74115926, -0.6325625), (0.22482789, 0.74115926, -0.6325625), (0.22482789, 0.74115926, -0.6325625), (0.22482789, 0.74115926, -0.6325625), (0.22482789, 0.74115926, 0.6325625), (0.22482789, 0.74115926, 0.6325625), (0.22482789, 0.74115926, 0.6325625), (0.22482789, 0.74115926, 0.6325625), (0.18468542, 0.6088265, -0.7715061), (0.18468542, 0.6088265, -0.7715061), (0.18468542, 0.6088265, -0.7715061), (0.18468542, 0.6088265, -0.7715061), (0.256282, 0.8448483, 0.46962857), (0.256282, 0.8448483, 0.46962857), (0.256282, 0.8448483, 0.46962857), (0.256282, 0.8448483, 0.46962857), (0.13735351, 0.45279348, -0.8809722), (0.13735351, 0.45279348, -0.8809722), (0.13735351, 0.45279348, -0.8809722), (0.13735351, 0.45279348, -0.8809722), (0.27789786, 0.9161057, 0.28900367), (0.27789786, 0.9161057, 0.28900367), (0.27789786, 0.9161057, 0.28900367), (0.27789786, 0.9161057, 0.28900367), (0.08463666, 0.27901518, -0.95654964), (0.08463666, 0.27901518, -0.95654964), (0.08463666, 0.27901518, -0.95654964), (0.08463666, 0.27901518, -0.95654964), (0.2889003, 0.95237637, 0.0975498), (0.2889003, 0.95237637, 0.0975498), (0.2889003, 0.95237637, 0.0975498), (0.2889003, 0.95237637, 0.0975498), (0.028590908, 0.09424613, 0.99513835), (0.028590908, 0.09424613, 0.99513835), (0.028590908, 0.09424613, 0.99513835), (0.028589383, 0.09424614, -0.9951383), (0.028589383, 0.09424614, -0.9951383), (0.028589383, 0.09424614, -0.9951383), (0.2889003, 0.95237637, -0.0975498), (0.2889003, 0.95237637, -0.0975498), (0.2889003, 0.95237637, -0.0975498), (0.2889003, 0.95237637, -0.0975498), (0.08463669, 0.27901527, 0.95654964), (0.08463669, 0.27901527, 0.95654964), (0.08463669, 0.27901527, 0.95654964), (0.08463669, 0.27901527, 0.95654964), (0.2230504, 0.41729695, -0.8809721), (0.2230504, 0.41729695, -0.8809721), (0.2230504, 0.41729695, -0.8809721), (0.2230504, 0.41729695, -0.8809721), (0.45128125, 0.8442877, 0.2890044), (0.45128125, 0.8442877, 0.2890044), (0.45128125, 0.8442877, 0.2890044), (0.45128125, 0.8442877, 0.2890044), (0.1374467, 0.25714177, -0.9565493), (0.1374467, 0.25714177, -0.9565493), (0.1374467, 0.25714177, -0.9565493), (0.1374467, 0.25714177, -0.9565493), (0.46914858, 0.877715, 0.097549796), (0.46914858, 0.877715, 0.097549796), (0.46914858, 0.877715, 0.097549796), (0.46914858, 0.877715, 0.097549796), (0.04643017, 0.086857736, 0.99513817), (0.04643017, 0.086857736, 0.99513817), (0.04643017, 0.086857736, 0.99513817), (0.04642814, 0.08685775, -0.9951383), (0.04642814, 0.08685775, -0.9951383), (0.04642814, 0.08685775, -0.9951383), (0.46914858, 0.877715, -0.097549796), (0.46914858, 0.877715, -0.097549796), (0.46914858, 0.877715, -0.097549796), (0.46914858, 0.877715, -0.097549796), (0.13744535, 0.25714183, 0.95654947), (0.13744535, 0.25714183, 0.95654947), (0.13744535, 0.25714183, 0.95654947), (0.13744535, 0.25714183, 0.95654947), (0.45128125, 0.8442877, -0.2890044), (0.45128125, 0.8442877, -0.2890044), (0.45128125, 0.8442877, -0.2890044), (0.45128125, 0.8442877, -0.2890044), (0.2230504, 0.41729695, 0.8809721), (0.2230504, 0.41729695, 0.8809721), (0.2230504, 0.41729695, 0.8809721), (0.2230504, 0.41729695, 0.8809721), (0.41617945, 0.77861685, -0.469628), (0.41617945, 0.77861685, -0.469628), (0.41617945, 0.77861685, -0.469628), (0.41617945, 0.77861685, -0.469628), (0.29991308, 0.5610979, 0.77150583), (0.29991308, 0.5610979, 0.77150583), (0.29991308, 0.5610979, 0.77150583), (0.29991308, 0.5610979, 0.77150583), (0.3651014, 0.68305594, -0.63256276), (0.3651014, 0.68305594, -0.63256276), (0.3651014, 0.68305594, -0.63256276), (0.3651014, 0.68305594, -0.63256276), (0.3651013, 0.6830558, 0.63256276), (0.3651013, 0.6830558, 0.63256276), (0.3651013, 0.6830558, 0.63256276), (0.3651013, 0.6830558, 0.63256276), (0.29991308, 0.5610979, -0.77150583), (0.29991308, 0.5610979, -0.77150583), (0.29991308, 0.5610979, -0.77150583), (0.29991308, 0.5610979, -0.77150583), (0.41617957, 0.7786169, 0.46962783), (0.41617957, 0.7786169, 0.46962783), (0.41617957, 0.7786169, 0.46962783), (0.41617957, 0.7786169, 0.46962783), (0.5600833, 0.6824631, -0.46962833), (0.5600833, 0.6824631, -0.46962833), (0.5600833, 0.6824631, -0.46962833), (0.5600833, 0.6824631, -0.46962833), (0.4036152, 0.49180642, 0.77150583), (0.4036152, 0.49180642, 0.77150583), (0.4036152, 0.49180642, 0.77150583), (0.4036152, 0.49180642, 0.77150583), (0.4913436, 0.59870356, -0.6325626), (0.4913436, 0.59870356, -0.6325626), (0.4913436, 0.59870356, -0.6325626), (0.4913436, 0.59870356, -0.6325626), (0.4913436, 0.59870356, 0.6325626), (0.4913436, 0.59870356, 0.6325626), (0.4913436, 0.59870356, 0.6325626), (0.4913436, 0.59870356, 0.6325626), (0.4036149, 0.49180645, -0.77150595), (0.4036149, 0.49180645, -0.77150595), (0.4036149, 0.49180645, -0.77150595), (0.4036149, 0.49180645, -0.77150595), (0.5600833, 0.6824631, 0.4696282), (0.5600833, 0.6824631, 0.4696282), (0.5600833, 0.6824631, 0.4696282), (0.5600833, 0.6824631, 0.4696282), (0.30017427, 0.36576387, -0.8809723), (0.30017427, 0.36576387, -0.8809723), (0.30017427, 0.36576387, -0.8809723), (0.30017427, 0.36576387, -0.8809723), (0.6073225, 0.74002445, 0.28900382), (0.6073225, 0.74002445, 0.28900382), (0.6073225, 0.74002445, 0.28900382), (0.6073225, 0.74002445, 0.28900382), (0.18496998, 0.22538666, -0.9565496), (0.18496998, 0.22538666, -0.9565496), (0.18496998, 0.22538666, -0.9565496), (0.18496998, 0.22538666, -0.9565496), (0.6313678, 0.7693234, 0.09755005), (0.6313678, 0.7693234, 0.09755005), (0.6313678, 0.7693234, 0.09755005), (0.6313678, 0.7693234, 0.09755005), (0.062476154, 0.07613145, 0.9951385), (0.062476154, 0.07613145, 0.9951385), (0.062476154, 0.07613145, 0.9951385), (0.06247717, 0.07613145, -0.9951385), (0.06247717, 0.07613145, -0.9951385), (0.06247717, 0.07613145, -0.9951385), (0.6313678, 0.7693234, -0.09755005), (0.6313678, 0.7693234, -0.09755005), (0.6313678, 0.7693234, -0.09755005), (0.6313678, 0.7693234, -0.09755005), (0.18496998, 0.22538666, 0.9565496), (0.18496998, 0.22538666, 0.9565496), (0.18496998, 0.22538666, 0.9565496), (0.18496998, 0.22538666, 0.9565496), (0.60732245, 0.7400243, -0.289004), (0.60732245, 0.7400243, -0.289004), (0.60732245, 0.7400243, -0.289004), (0.60732245, 0.7400243, -0.289004), (0.3001742, 0.36576378, 0.8809723), (0.3001742, 0.36576378, 0.8809723), (0.3001742, 0.36576378, 0.8809723), (0.3001742, 0.36576378, 0.8809723), (0.22538768, 0.18496996, -0.9565493), (0.22538768, 0.18496996, -0.9565493), (0.22538768, 0.18496996, -0.9565493), (0.22538768, 0.18496996, -0.9565493), (0.7693239, 0.63136756, 0.097549714), (0.7693239, 0.63136756, 0.097549714), (0.7693239, 0.63136756, 0.097549714), (0.7693239, 0.63136756, 0.097549714), (0.07613376, 0.06247946, 0.99513817), (0.07613376, 0.06247946, 0.99513817), (0.07613376, 0.06247946, 0.99513817), (0.07613325, 0.06247946, -0.9951382), (0.07613325, 0.06247946, -0.9951382), (0.07613325, 0.06247946, -0.9951382), (0.7693239, 0.63136756, -0.097549714), (0.7693239, 0.63136756, -0.097549714), (0.7693239, 0.63136756, -0.097549714), (0.7693239, 0.63136756, -0.097549714), (0.22538702, 0.18496999, 0.9565494), (0.22538702, 0.18496999, 0.9565494), (0.22538702, 0.18496999, 0.9565494), (0.22538702, 0.18496999, 0.9565494), (0.7400247, 0.60732204, -0.28900406), (0.7400247, 0.60732204, -0.28900406), (0.7400247, 0.60732204, -0.28900406), (0.7400247, 0.60732204, -0.28900406), (0.36576414, 0.30017462, 0.8809721), (0.36576414, 0.30017462, 0.8809721), (0.36576414, 0.30017462, 0.8809721), (0.36576414, 0.30017462, 0.8809721), (0.68246347, 0.5600831, -0.469628), (0.68246347, 0.5600831, -0.469628), (0.68246347, 0.5600831, -0.469628), (0.68246347, 0.5600831, -0.469628), (0.49180645, 0.40361506, 0.7715058), (0.49180645, 0.40361506, 0.7715058), (0.49180645, 0.40361506, 0.7715058), (0.49180645, 0.40361506, 0.7715058), (0.59870356, 0.49134332, -0.6325628), (0.59870356, 0.49134332, -0.6325628), (0.59870356, 0.49134332, -0.6325628), (0.59870356, 0.49134332, -0.6325628), (0.5987037, 0.4913432, 0.6325628), (0.5987037, 0.4913432, 0.6325628), (0.5987037, 0.4913432, 0.6325628), (0.5987037, 0.4913432, 0.6325628), (0.49180672, 0.40361503, -0.7715057), (0.49180672, 0.40361503, -0.7715057), (0.49180672, 0.40361503, -0.7715057), (0.49180672, 0.40361503, -0.7715057), (0.68246347, 0.5600831, 0.469628), (0.68246347, 0.5600831, 0.469628), (0.68246347, 0.5600831, 0.469628), (0.68246347, 0.5600831, 0.469628), (0.36576405, 0.30017456, -0.8809721), (0.36576405, 0.30017456, -0.8809721), (0.36576405, 0.30017456, -0.8809721), (0.36576405, 0.30017456, -0.8809721), (0.7400247, 0.60732204, 0.28900406), (0.7400247, 0.60732204, 0.28900406), (0.7400247, 0.60732204, 0.28900406), (0.7400247, 0.60732204, 0.28900406), (0.56109816, 0.29991278, 0.7715058), (0.56109816, 0.29991278, 0.7715058), (0.56109816, 0.29991278, 0.7715058), (0.56109816, 0.29991278, 0.7715058), (0.6830561, 0.36510098, -0.6325627), (0.6830561, 0.36510098, -0.6325627), (0.6830561, 0.36510098, -0.6325627), (0.6830561, 0.36510098, -0.6325627), (0.68305606, 0.36510095, 0.63256276), (0.68305606, 0.36510095, 0.63256276), (0.68305606, 0.36510095, 0.63256276), (0.68305606, 0.36510095, 0.63256276), (0.5610984, 0.29991275, -0.7715057), (0.5610984, 0.29991275, -0.7715057), (0.5610984, 0.29991275, -0.7715057), (0.5610984, 0.29991275, -0.7715057), (0.7786169, 0.41617906, 0.46962827), (0.7786169, 0.41617906, 0.46962827), (0.7786169, 0.41617906, 0.46962827), (0.7786169, 0.41617906, 0.46962827), (0.41729736, 0.22304966, -0.880972), (0.41729736, 0.22304966, -0.880972), (0.41729736, 0.22304966, -0.880972), (0.41729736, 0.22304966, -0.880972), (0.84428763, 0.45128143, 0.2890042), (0.84428763, 0.45128143, 0.2890042), (0.84428763, 0.45128143, 0.2890042), (0.84428763, 0.45128143, 0.2890042), (0.25714213, 0.13744514, -0.9565494), (0.25714213, 0.13744514, -0.9565494), (0.25714213, 0.13744514, -0.9565494), (0.25714213, 0.13744514, -0.9565494), (0.8777151, 0.4691484, 0.097549304), (0.8777151, 0.4691484, 0.097549304), (0.8777151, 0.4691484, 0.097549304), (0.8777151, 0.4691484, 0.097549304), (0.08685893, 0.04642643, 0.9951383), (0.08685893, 0.04642643, 0.9951383), (0.08685893, 0.04642643, 0.9951383), (0.08685893, 0.04642643, -0.9951383), (0.08685893, 0.04642643, -0.9951383), (0.08685893, 0.04642643, -0.9951383), (0.8777151, 0.4691484, -0.097549304), (0.8777151, 0.4691484, -0.097549304), (0.8777151, 0.4691484, -0.097549304), (0.8777151, 0.4691484, -0.097549304), (0.2571415, 0.13744517, 0.9565496), (0.2571415, 0.13744517, 0.9565496), (0.2571415, 0.13744517, 0.9565496), (0.2571415, 0.13744517, 0.9565496), (0.8442877, 0.4512814, -0.28900424), (0.8442877, 0.4512814, -0.28900424), (0.8442877, 0.4512814, -0.28900424), (0.8442877, 0.4512814, -0.28900424), (0.41729704, 0.2230497, 0.8809722), (0.41729704, 0.2230497, 0.8809722), (0.41729704, 0.2230497, 0.8809722), (0.41729704, 0.2230497, 0.8809722), (0.77861696, 0.416179, -0.4696282), (0.77861696, 0.416179, -0.4696282), (0.77861696, 0.416179, -0.4696282), (0.77861696, 0.416179, -0.4696282), (0.9523766, 0.2888997, 0.097549014), (0.9523766, 0.2888997, 0.097549014), (0.9523766, 0.2888997, 0.097549014), (0.9523766, 0.2888997, 0.097549014), (0.09424714, 0.028589236, 0.99513817), (0.09424714, 0.028589236, 0.99513817), (0.09424714, 0.028589236, 0.99513817), (0.09424714, 0.028589236, -0.99513817), (0.09424714, 0.028589236, -0.99513817), (0.09424714, 0.028589236, -0.99513817), (0.9523766, 0.2888997, -0.097549036), (0.9523766, 0.2888997, -0.097549036), (0.9523766, 0.2888997, -0.097549036), (0.9523766, 0.2888997, -0.097549036), (0.27901497, 0.0846383, 0.9565496), (0.27901497, 0.0846383, 0.9565496), (0.27901497, 0.0846383, 0.9565496), (0.27901497, 0.0846383, 0.9565496), (0.9161057, 0.2778973, -0.28900436), (0.9161057, 0.2778973, -0.28900436), (0.9161057, 0.2778973, -0.28900436), (0.9161057, 0.2778973, -0.28900436), (0.45279366, 0.13735333, 0.88097215), (0.45279366, 0.13735333, 0.88097215), (0.45279366, 0.13735333, 0.88097215), (0.45279366, 0.13735333, 0.88097215), (0.84484833, 0.2562824, -0.4696281), (0.84484833, 0.2562824, -0.4696281), (0.84484833, 0.2562824, -0.4696281), (0.84484833, 0.2562824, -0.4696281), (0.60882676, 0.18468554, 0.77150583), (0.60882676, 0.18468554, 0.77150583), (0.60882676, 0.18468554, 0.77150583), (0.60882676, 0.18468554, 0.77150583), (0.74115914, 0.2248281, -0.63256264), (0.74115914, 0.2248281, -0.63256264), (0.74115914, 0.2248281, -0.63256264), (0.74115914, 0.2248281, -0.63256264), (0.74115914, 0.2248281, 0.63256264), (0.74115914, 0.2248281, 0.63256264), (0.74115914, 0.2248281, 0.63256264), (0.74115914, 0.2248281, 0.63256264), (0.60882676, 0.18468554, -0.77150583), (0.60882676, 0.18468554, -0.77150583), (0.60882676, 0.18468554, -0.77150583), (0.60882676, 0.18468554, -0.77150583), (0.84484833, 0.2562824, 0.4696281), (0.84484833, 0.2562824, 0.4696281), (0.84484833, 0.2562824, 0.4696281), (0.84484833, 0.2562824, 0.4696281), (0.4527937, 0.13735333, -0.88097215), (0.4527937, 0.13735333, -0.88097215), (0.4527937, 0.13735333, -0.88097215), (0.4527937, 0.13735333, -0.88097215), (0.9161057, 0.2778973, 0.28900436), (0.9161057, 0.2778973, 0.28900436), (0.9161057, 0.2778973, 0.28900436), (0.9161057, 0.2778973, 0.28900436), (0.27901468, 0.084638305, -0.95654964), (0.27901468, 0.084638305, -0.95654964), (0.27901468, 0.084638305, -0.95654964), (0.27901468, 0.084638305, -0.95654964), (0.77077967, 0.07591478, -0.6325627), (0.77077967, 0.07591478, -0.6325627), (0.77077967, 0.07591478, -0.6325627), (0.77077967, 0.07591478, -0.6325627), (0.77077967, 0.07591478, 0.6325627), (0.77077967, 0.07591478, 0.6325627), (0.77077967, 0.07591478, 0.6325627), (0.77077967, 0.07591478, 0.6325627), (0.6331588, 0.062360693, -0.7715058), (0.6331588, 0.062360693, -0.7715058), (0.6331588, 0.062360693, -0.7715058), (0.6331588, 0.062360693, -0.7715058), (0.878613, 0.0865354, 0.46962816), (0.878613, 0.0865354, 0.46962816), (0.878613, 0.0865354, 0.46962816), (0.878613, 0.0865354, 0.46962816), (0.4708895, 0.046378683, -0.8809723), (0.4708895, 0.046378683, -0.8809723), (0.4708895, 0.046378683, -0.8809723), (0.4708895, 0.046378683, -0.8809723), (0.952718, 0.09383447, 0.2890043), (0.952718, 0.09383447, 0.2890043), (0.952718, 0.09383447, 0.2890043), (0.952718, 0.09383447, 0.2890043), (0.29016617, 0.028578792, -0.95654947), (0.29016617, 0.028578792, -0.95654947), (0.29016617, 0.028578792, -0.95654947), (0.29016617, 0.028578792, -0.95654947), (0.9904384, 0.09754934, 0.09754896), (0.9904384, 0.09754934, 0.09754896), (0.9904384, 0.09754934, 0.09754896), (0.9904384, 0.09754934, 0.09754896), (0.09801292, 0.009653385, 0.9951382), (0.09801292, 0.009653385, 0.9951382), (0.09801292, 0.009653385, 0.9951382), (0.098013066, 0.009653385, -0.9951382), (0.098013066, 0.009653385, -0.9951382), (0.098013066, 0.009653385, -0.9951382), (0.9904384, 0.09754934, -0.09754896), (0.9904384, 0.09754934, -0.09754896), (0.9904384, 0.09754934, -0.09754896), (0.9904384, 0.09754934, -0.09754896), (0.29016647, 0.028578788, 0.9565494), (0.29016647, 0.028578788, 0.9565494), (0.29016647, 0.028578788, 0.9565494), (0.29016647, 0.028578788, 0.9565494), (0.9527181, 0.09383446, -0.2890043), (0.9527181, 0.09383446, -0.2890043), (0.9527181, 0.09383446, -0.2890043), (0.9527181, 0.09383446, -0.2890043), (0.4708897, 0.04637868, 0.88097227), (0.4708897, 0.04637868, 0.88097227), (0.4708897, 0.04637868, 0.88097227), (0.4708897, 0.04637868, 0.88097227), (0.87861305, 0.086535394, -0.46962813), (0.87861305, 0.086535394, -0.46962813), (0.87861305, 0.086535394, -0.46962813), (0.87861305, 0.086535394, -0.46962813), (0.6331588, 0.062360693, 0.7715058), (0.6331588, 0.062360693, 0.7715058), (0.6331588, 0.062360693, 0.7715058), (0.6331588, 0.062360693, 0.7715058), (0.09801308, -0.009653386, 0.9951383), (0.09801308, -0.009653386, 0.9951383), (0.09801308, -0.009653386, 0.9951383), (0.09801308, -0.009653386, -0.9951382), (0.09801308, -0.009653386, -0.9951382), (0.09801308, -0.009653386, -0.9951382), (0.9904384, -0.09754935, -0.0975489), (0.9904384, -0.09754935, -0.0975489), (0.9904384, -0.09754935, -0.0975489), (0.9904384, -0.09754935, -0.0975489), (0.290166, -0.028578786, 0.95654947), (0.290166, -0.028578786, 0.95654947), (0.290166, -0.028578786, 0.95654947), (0.290166, -0.028578786, 0.95654947), (0.95271796, -0.09383488, -0.28900436), (0.95271796, -0.09383488, -0.28900436), (0.95271796, -0.09383488, -0.28900436), (0.95271796, -0.09383488, -0.28900436), (0.47088966, -0.046378683, 0.88097215), (0.47088966, -0.046378683, 0.88097215), (0.47088966, -0.046378683, 0.88097215), (0.47088966, -0.046378683, 0.88097215), (0.87861305, -0.0865363, -0.4696281), (0.87861305, -0.0865363, -0.4696281), (0.87861305, -0.0865363, -0.4696281), (0.87861305, -0.0865363, -0.4696281), (0.6331587, -0.062361013, 0.77150583), (0.6331587, -0.062361013, 0.77150583), (0.6331587, -0.062361013, 0.77150583), (0.6331587, -0.062361013, 0.77150583), (0.77077967, -0.0759153, -0.63256264), (0.77077967, -0.0759153, -0.63256264), (0.77077967, -0.0759153, -0.63256264), (0.77077967, -0.0759153, -0.63256264), (0.77077967, -0.0759153, 0.63256264), (0.77077967, -0.0759153, 0.63256264), (0.77077967, -0.0759153, 0.63256264), (0.77077967, -0.0759153, 0.63256264), (0.6331587, -0.062361013, -0.77150583), (0.6331587, -0.062361013, -0.77150583), (0.6331587, -0.062361013, -0.77150583), (0.6331587, -0.062361013, -0.77150583), (0.87861305, -0.0865363, 0.4696281), (0.87861305, -0.0865363, 0.4696281), (0.87861305, -0.0865363, 0.4696281), (0.87861305, -0.0865363, 0.4696281), (0.47088966, -0.046378683, -0.88097215), (0.47088966, -0.046378683, -0.88097215), (0.47088966, -0.046378683, -0.88097215), (0.47088966, -0.046378683, -0.88097215), (0.95271796, -0.09383488, 0.28900436), (0.95271796, -0.09383488, 0.28900436), (0.95271796, -0.09383488, 0.28900436), (0.95271796, -0.09383488, 0.28900436), (0.29016632, -0.028578784, -0.9565494), (0.29016632, -0.028578784, -0.9565494), (0.29016632, -0.028578784, -0.9565494), (0.29016632, -0.028578784, -0.9565494), (0.9904384, -0.09754935, 0.0975489), (0.9904384, -0.09754935, 0.0975489), (0.9904384, -0.09754935, 0.0975489), (0.9904384, -0.09754935, 0.0975489), (0.7411589, -0.22482815, 0.63256276), (0.7411589, -0.22482815, 0.63256276), (0.7411589, -0.22482815, 0.63256276), (0.7411589, -0.22482815, 0.63256276), (0.6088268, -0.18468584, -0.77150565), (0.6088268, -0.18468584, -0.77150565), (0.6088268, -0.18468584, -0.77150565), (0.6088268, -0.18468584, -0.77150565), (0.8448486, -0.25628203, 0.4696279), (0.8448486, -0.25628203, 0.4696279), (0.8448486, -0.25628203, 0.4696279), (0.8448486, -0.25628203, 0.4696279), (0.4527937, -0.13735355, -0.8809721), (0.4527937, -0.13735355, -0.8809721), (0.4527937, -0.13735355, -0.8809721), (0.4527937, -0.13735355, -0.8809721), (0.9161055, -0.27789772, 0.2890046), (0.9161055, -0.27789772, 0.2890046), (0.9161055, -0.27789772, 0.2890046), (0.9161055, -0.27789772, 0.2890046), (0.27901506, -0.08463849, -0.95654947), (0.27901506, -0.08463849, -0.95654947), (0.27901506, -0.08463849, -0.95654947), (0.27901506, -0.08463849, -0.95654947), (0.9523763, -0.28890058, 0.097548775), (0.9523763, -0.28890058, 0.097548775), (0.9523763, -0.28890058, 0.097548775), (0.9523763, -0.28890058, 0.097548775), (0.09424612, -0.028589299, 0.9951382), (0.09424612, -0.028589299, 0.9951382), (0.09424612, -0.028589299, 0.9951382), (0.09424612, -0.028589299, -0.9951382), (0.09424612, -0.028589299, -0.9951382), (0.09424612, -0.028589299, -0.9951382), (0.9523763, -0.28890058, -0.097548775), (0.9523763, -0.28890058, -0.097548775), (0.9523763, -0.28890058, -0.097548775), (0.9523763, -0.28890058, -0.097548775), (0.27901506, -0.08463849, 0.9565495), (0.27901506, -0.08463849, 0.9565495), (0.27901506, -0.08463849, 0.9565495), (0.27901506, -0.08463849, 0.9565495), (0.9161055, -0.27789772, -0.2890046), (0.9161055, -0.27789772, -0.2890046), (0.9161055, -0.27789772, -0.2890046), (0.9161055, -0.27789772, -0.2890046), (0.45279375, -0.13735357, 0.8809721), (0.45279375, -0.13735357, 0.8809721), (0.45279375, -0.13735357, 0.8809721), (0.45279375, -0.13735357, 0.8809721), (0.8448486, -0.25628203, -0.4696279), (0.8448486, -0.25628203, -0.4696279), (0.8448486, -0.25628203, -0.4696279), (0.8448486, -0.25628203, -0.4696279), (0.6088268, -0.18468584, 0.77150565), (0.6088268, -0.18468584, 0.77150565), (0.6088268, -0.18468584, 0.77150565), (0.6088268, -0.18468584, 0.77150565), (0.741159, -0.2248281, -0.63256264), (0.741159, -0.2248281, -0.63256264), (0.741159, -0.2248281, -0.63256264), (0.741159, -0.2248281, -0.63256264), (0.8777152, -0.46914858, -0.09754866), (0.8777152, -0.46914858, -0.09754866), (0.8777152, -0.46914858, -0.09754866), (0.8777152, -0.46914858, -0.09754866), (0.2571422, -0.13744508, 0.9565494), (0.2571422, -0.13744508, 0.9565494), (0.2571422, -0.13744508, 0.9565494), (0.2571422, -0.13744508, 0.9565494), (0.84428746, -0.45128143, -0.28900477), (0.84428746, -0.45128143, -0.28900477), (0.84428746, -0.45128143, -0.28900477), (0.84428746, -0.45128143, -0.28900477), (0.41729692, -0.22304986, 0.8809722), (0.41729692, -0.22304986, 0.8809722), (0.41729692, -0.22304986, 0.8809722), (0.41729692, -0.22304986, 0.8809722), (0.778617, -0.41617957, -0.4696276), (0.778617, -0.41617957, -0.4696276), (0.778617, -0.41617957, -0.4696276), (0.778617, -0.41617957, -0.4696276), (0.56109834, -0.2999132, 0.7715055), (0.56109834, -0.2999132, 0.7715055), (0.56109834, -0.2999132, 0.7715055), (0.56109834, -0.2999132, 0.7715055), (0.6830558, -0.36510098, -0.63256294), (0.6830558, -0.36510098, -0.63256294), (0.6830558, -0.36510098, -0.63256294), (0.6830558, -0.36510098, -0.63256294), (0.6830559, -0.36510104, 0.632563), (0.6830559, -0.36510104, 0.632563), (0.6830559, -0.36510104, 0.632563), (0.6830559, -0.36510104, 0.632563), (0.5610983, -0.29991326, -0.77150565), (0.5610983, -0.29991326, -0.77150565), (0.5610983, -0.29991326, -0.77150565), (0.5610983, -0.29991326, -0.77150565), (0.778617, -0.41617963, 0.4696277), (0.778617, -0.41617963, 0.4696277), (0.778617, -0.41617963, 0.4696277), (0.778617, -0.41617963, 0.4696277), (0.41729698, -0.2230499, -0.8809722), (0.41729698, -0.2230499, -0.8809722), (0.41729698, -0.2230499, -0.8809722), (0.41729698, -0.2230499, -0.8809722), (0.84428746, -0.45128143, 0.28900477), (0.84428746, -0.45128143, 0.28900477), (0.84428746, -0.45128143, 0.28900477), (0.84428746, -0.45128143, 0.28900477), (0.2571422, -0.13744508, -0.9565494), (0.2571422, -0.13744508, -0.9565494), (0.2571422, -0.13744508, -0.9565494), (0.2571422, -0.13744508, -0.9565494), (0.8777152, -0.46914858, 0.09754866), (0.8777152, -0.46914858, 0.09754866), (0.8777152, -0.46914858, 0.09754866), (0.8777152, -0.46914858, 0.09754866), (0.08685891, -0.046426453, 0.99513817), (0.08685891, -0.046426453, 0.99513817), (0.08685891, -0.046426453, 0.99513817), (0.08685891, -0.046426453, -0.99513817), (0.08685891, -0.046426453, -0.99513817), (0.08685891, -0.046426453, -0.99513817), (0.49180633, -0.40361506, -0.7715059), (0.49180633, -0.40361506, -0.7715059), (0.49180633, -0.40361506, -0.7715059), (0.49180633, -0.40361506, -0.7715059), (0.68246335, -0.56008375, 0.46962765), (0.68246335, -0.56008375, 0.46962765), (0.68246335, -0.56008375, 0.46962765), (0.68246335, -0.56008375, 0.46962765), (0.36576414, -0.30017495, -0.88097197), (0.36576414, -0.30017495, -0.88097197), (0.36576414, -0.30017495, -0.88097197), (0.36576414, -0.30017495, -0.88097197), (0.740024, -0.60732245, 0.28900492), (0.740024, -0.60732245, 0.28900492), (0.740024, -0.60732245, 0.28900492), (0.740024, -0.60732245, 0.28900492), (0.22538641, -0.18497014, -0.9565496), (0.22538641, -0.18497014, -0.9565496), (0.22538641, -0.18497014, -0.9565496), (0.22538641, -0.18497014, -0.9565496), (0.7693235, -0.6313681, 0.09754845), (0.7693235, -0.6313681, 0.09754845), (0.7693235, -0.6313681, 0.09754845), (0.7693235, -0.6313681, 0.09754845), (0.07613378, -0.062479503, 0.9951381), (0.07613378, -0.062479503, 0.9951381), (0.07613378, -0.062479503, 0.9951381), (0.07613277, -0.06247951, -0.9951382), (0.07613277, -0.06247951, -0.9951382), (0.07613277, -0.06247951, -0.9951382), (0.7693235, -0.6313681, -0.09754845), (0.7693235, -0.6313681, -0.09754845), (0.7693235, -0.6313681, -0.09754845), (0.7693235, -0.6313681, -0.09754845), (0.22538641, -0.18497014, 0.9565496), (0.22538641, -0.18497014, 0.9565496), (0.22538641, -0.18497014, 0.9565496), (0.22538641, -0.18497014, 0.9565496), (0.74002403, -0.60732245, -0.28900492), (0.74002403, -0.60732245, -0.28900492), (0.74002403, -0.60732245, -0.28900492), (0.74002403, -0.60732245, -0.28900492), (0.36576417, -0.30017495, 0.8809719), (0.36576417, -0.30017495, 0.8809719), (0.36576417, -0.30017495, 0.8809719), (0.36576417, -0.30017495, 0.8809719), (0.6824633, -0.56008357, -0.46962765), (0.6824633, -0.56008357, -0.46962765), (0.6824633, -0.56008357, -0.46962765), (0.6824633, -0.56008357, -0.46962765), (0.4918066, -0.40361503, 0.7715057), (0.4918066, -0.40361503, 0.7715057), (0.4918066, -0.40361503, 0.7715057), (0.4918066, -0.40361503, 0.7715057), (0.5987035, -0.49134362, -0.63256264), (0.5987035, -0.49134362, -0.63256264), (0.5987035, -0.49134362, -0.63256264), (0.5987035, -0.49134362, -0.63256264), (0.59870344, -0.4913436, 0.6325627), (0.59870344, -0.4913436, 0.6325627), (0.59870344, -0.4913436, 0.6325627), (0.59870344, -0.4913436, 0.6325627), (0.6073219, -0.74002457, -0.28900477), (0.6073219, -0.74002457, -0.28900477), (0.6073219, -0.74002457, -0.28900477), (0.6073219, -0.74002457, -0.28900477), (0.30017444, -0.36576396, 0.88097215), (0.30017444, -0.36576396, 0.88097215), (0.30017444, -0.36576396, 0.88097215), (0.30017444, -0.36576396, 0.88097215), (0.56008303, -0.6824636, -0.46962795), (0.56008303, -0.6824636, -0.46962795), (0.56008303, -0.6824636, -0.46962795), (0.56008303, -0.6824636, -0.46962795), (0.40361542, -0.49180683, 0.7715055), (0.40361542, -0.49180683, 0.7715055), (0.40361542, -0.49180683, 0.7715055), (0.40361542, -0.49180683, 0.7715055), (0.49134314, -0.59870374, -0.63256276), (0.49134314, -0.59870374, -0.63256276), (0.49134314, -0.59870374, -0.63256276), (0.49134314, -0.59870374, -0.63256276), (0.491343, -0.59870374, 0.6325629), (0.491343, -0.59870374, 0.6325629), (0.491343, -0.59870374, 0.6325629), (0.491343, -0.59870374, 0.6325629), (0.40361544, -0.4918069, -0.7715054), (0.40361544, -0.4918069, -0.7715054), (0.40361544, -0.4918069, -0.7715054), (0.40361544, -0.4918069, -0.7715054), (0.56008303, -0.68246365, 0.46962786), (0.56008303, -0.68246365, 0.46962786), (0.56008303, -0.68246365, 0.46962786), (0.56008303, -0.68246365, 0.46962786), (0.30017444, -0.36576396, -0.88097215), (0.30017444, -0.36576396, -0.88097215), (0.30017444, -0.36576396, -0.88097215), (0.30017444, -0.36576396, -0.88097215), (0.60732186, -0.7400245, 0.28900495), (0.60732186, -0.7400245, 0.28900495), (0.60732186, -0.7400245, 0.28900495), (0.60732186, -0.7400245, 0.28900495), (0.18497129, -0.22538668, -0.9565492), (0.18497129, -0.22538668, -0.9565492), (0.18497129, -0.22538668, -0.9565492), (0.18497129, -0.22538668, -0.9565492), (0.63136744, -0.769324, 0.0975482), (0.63136744, -0.769324, 0.0975482), (0.63136744, -0.769324, 0.0975482), (0.63136744, -0.769324, 0.0975482), (0.062480256, -0.076131545, 0.99513835), (0.062480256, -0.076131545, 0.99513835), (0.062480256, -0.076131545, 0.99513835), (0.062478736, -0.07613155, -0.99513847), (0.062478736, -0.07613155, -0.99513847), (0.062478736, -0.07613155, -0.99513847), (0.63136744, -0.769324, -0.0975482), (0.63136744, -0.769324, -0.0975482), (0.63136744, -0.769324, -0.0975482), (0.63136744, -0.769324, -0.0975482), (0.18496996, -0.22538674, 0.95654947), (0.18496996, -0.22538674, 0.95654947), (0.18496996, -0.22538674, 0.95654947), (0.18496996, -0.22538674, 0.95654947), (0.22304964, -0.4172971, -0.88097215), (0.22304964, -0.4172971, -0.88097215), (0.22304964, -0.4172971, -0.88097215), (0.22304964, -0.4172971, -0.88097215), (0.4512811, -0.8442876, 0.2890049), (0.4512811, -0.8442876, 0.2890049), (0.4512811, -0.8442876, 0.2890049), (0.4512811, -0.8442876, 0.2890049), (0.13744402, -0.25714198, -0.95654964), (0.13744402, -0.25714198, -0.95654964), (0.13744402, -0.25714198, -0.95654964), (0.13744402, -0.25714198, -0.95654964), (0.4691484, -0.8777153, 0.0975482), (0.4691484, -0.8777153, 0.0975482), (0.4691484, -0.8777153, 0.0975482), (0.4691484, -0.8777153, 0.0975482), (0.046426132, -0.08685777, 0.99513835), (0.046426132, -0.08685777, 0.99513835), (0.046426132, -0.08685777, 0.99513835), (0.04642563, -0.08685779, -0.99513847), (0.04642563, -0.08685779, -0.99513847), (0.04642563, -0.08685779, -0.99513847), (0.4691484, -0.8777153, -0.0975482), (0.4691484, -0.8777153, -0.0975482), (0.4691484, -0.8777153, -0.0975482), (0.4691484, -0.8777153, -0.0975482), (0.13744402, -0.25714198, 0.95654964), (0.13744402, -0.25714198, 0.95654964), (0.13744402, -0.25714198, 0.95654964), (0.13744402, -0.25714198, 0.95654964), (0.45128104, -0.8442876, -0.2890049), (0.45128104, -0.8442876, -0.2890049), (0.45128104, -0.8442876, -0.2890049), (0.45128104, -0.8442876, -0.2890049), (0.22304964, -0.4172971, 0.88097215), (0.22304964, -0.4172971, 0.88097215), (0.22304964, -0.4172971, 0.88097215), (0.22304964, -0.4172971, 0.88097215), (0.41617918, -0.7786171, -0.469628), (0.41617918, -0.7786171, -0.469628), (0.41617918, -0.7786171, -0.469628), (0.41617918, -0.7786171, -0.469628), (0.29991302, -0.56109834, 0.7715056), (0.29991302, -0.56109834, 0.7715056), (0.29991302, -0.56109834, 0.7715056), (0.29991302, -0.56109834, 0.7715056), (0.36510098, -0.6830562, -0.6325626), (0.36510098, -0.6830562, -0.6325626), (0.36510098, -0.6830562, -0.6325626), (0.36510098, -0.6830562, -0.6325626), (0.36510098, -0.6830562, 0.6325626), (0.36510098, -0.6830562, 0.6325626), (0.36510098, -0.6830562, 0.6325626), (0.36510098, -0.6830562, 0.6325626), (0.299913, -0.5610983, -0.77150565), (0.299913, -0.5610983, -0.77150565), (0.299913, -0.5610983, -0.77150565), (0.299913, -0.5610983, -0.77150565), (0.41617927, -0.7786171, 0.46962777), (0.41617927, -0.7786171, 0.46962777), (0.41617927, -0.7786171, 0.46962777), (0.41617927, -0.7786171, 0.46962777), (0.1373528, -0.452794, 0.88097215), (0.1373528, -0.452794, 0.88097215), (0.1373528, -0.452794, 0.88097215), (0.1373528, -0.452794, 0.88097215), (0.25628188, -0.8448491, -0.4696271), (0.25628188, -0.8448491, -0.4696271), (0.25628188, -0.8448491, -0.4696271), (0.25628188, -0.8448491, -0.4696271), (0.18468566, -0.6088271, 0.77150553), (0.18468566, -0.6088271, 0.77150553), (0.18468566, -0.6088271, 0.77150553), (0.18468566, -0.6088271, 0.77150553), (0.22482815, -0.74115896, -0.63256276), (0.22482815, -0.74115896, -0.63256276), (0.22482815, -0.74115896, -0.63256276), (0.22482815, -0.74115896, -0.63256276), (0.22482815, -0.74115896, 0.63256276), (0.22482815, -0.74115896, 0.63256276), (0.22482815, -0.74115896, 0.63256276), (0.22482815, -0.74115896, 0.63256276), (0.18468566, -0.6088271, -0.77150553), (0.18468566, -0.6088271, -0.77150553), (0.18468566, -0.6088271, -0.77150553), (0.18468566, -0.6088271, -0.77150553), (0.25628182, -0.844849, 0.46962726), (0.25628182, -0.844849, 0.46962726), (0.25628182, -0.844849, 0.46962726), (0.25628182, -0.844849, 0.46962726), (0.13735281, -0.45279402, -0.8809721), (0.13735281, -0.45279402, -0.8809721), (0.13735281, -0.45279402, -0.8809721), (0.13735281, -0.45279402, -0.8809721), (0.27789715, -0.9161054, 0.28900528), (0.27789715, -0.9161054, 0.28900528), (0.27789715, -0.9161054, 0.28900528), (0.27789715, -0.9161054, 0.28900528), (0.084638044, -0.27901512, -0.95654947), (0.084638044, -0.27901512, -0.95654947), (0.084638044, -0.27901512, -0.95654947), (0.084638044, -0.27901512, -0.95654947), (0.2889, -0.95237654, 0.09754864), (0.2889, -0.95237654, 0.09754864), (0.2889, -0.95237654, 0.09754864), (0.2889, -0.95237654, 0.09754864), (0.028590936, -0.09424621, 0.9951383), (0.028590936, -0.09424621, 0.9951383), (0.028590936, -0.09424621, 0.9951383), (0.028590936, -0.09424621, -0.9951383), (0.028590936, -0.09424621, -0.9951383), (0.028590936, -0.09424621, -0.9951383), (0.2889, -0.95237654, -0.09754864), (0.2889, -0.95237654, -0.09754864), (0.2889, -0.95237654, -0.09754864), (0.2889, -0.95237654, -0.09754864), (0.08463805, -0.27901515, 0.95654947), (0.08463805, -0.27901515, 0.95654947), (0.08463805, -0.27901515, 0.95654947), (0.08463805, -0.27901515, 0.95654947), (0.27789712, -0.9161054, -0.28900528), (0.27789712, -0.9161054, -0.28900528), (0.27789712, -0.9161054, -0.28900528), (0.27789712, -0.9161054, -0.28900528), (0.093834095, -0.9527178, 0.28900528), (0.093834095, -0.9527178, 0.28900528), (0.093834095, -0.9527178, 0.28900528), (0.093834095, -0.9527178, 0.28900528), (0.028579997, -0.29016608, -0.95654947), (0.028579997, -0.29016608, -0.95654947), (0.028579997, -0.29016608, -0.95654947), (0.028579997, -0.29016608, -0.95654947), (0.09754944, -0.9904385, 0.09754841), (0.09754944, -0.9904385, 0.09754841), (0.09754944, -0.9904385, 0.09754841), (0.09754944, -0.9904385, 0.09754841), (0.009651224, -0.09801277, 0.9951383), (0.009651224, -0.09801277, 0.9951383), (0.009651224, -0.09801277, 0.9951383), (0.009653071, -0.09801277, -0.9951383), (0.009653071, -0.09801277, -0.9951383), (0.009653071, -0.09801277, -0.9951383), (0.09754944, -0.9904385, -0.09754841), (0.09754944, -0.9904385, -0.09754841), (0.09754944, -0.9904385, -0.09754841), (0.09754944, -0.9904385, -0.09754841), (0.028580002, -0.29016614, 0.95654947), (0.028580002, -0.29016614, 0.95654947), (0.028580002, -0.29016614, 0.95654947), (0.028580002, -0.29016614, 0.95654947), (0.093834125, -0.9527178, -0.28900528), (0.093834125, -0.9527178, -0.28900528), (0.093834125, -0.9527178, -0.28900528), (0.093834125, -0.9527178, -0.28900528), (0.046378266, -0.47088972, 0.88097215), (0.046378266, -0.47088972, 0.88097215), (0.046378266, -0.47088972, 0.88097215), (0.046378266, -0.47088972, 0.88097215), (0.086535595, -0.8786136, -0.46962717), (0.086535595, -0.8786136, -0.46962717), (0.086535595, -0.8786136, -0.46962717), (0.086535595, -0.8786136, -0.46962717), (0.062360734, -0.633159, 0.7715056), (0.062360734, -0.633159, 0.7715056), (0.062360734, -0.633159, 0.7715056), (0.062360734, -0.633159, 0.7715056), (0.07591505, -0.77077955, -0.63256276), (0.07591505, -0.77077955, -0.63256276), (0.07591505, -0.77077955, -0.63256276), (0.07591505, -0.77077955, -0.63256276), (0.07591505, -0.77077955, 0.63256276), (0.07591505, -0.77077955, 0.63256276), (0.07591505, -0.77077955, 0.63256276), (0.07591505, -0.77077955, 0.63256276), (0.062360734, -0.633159, -0.7715056), (0.062360734, -0.633159, -0.7715056), (0.062360734, -0.633159, -0.7715056), (0.062360734, -0.633159, -0.7715056), (0.086535595, -0.8786136, 0.46962717), (0.086535595, -0.8786136, 0.46962717), (0.086535595, -0.8786136, 0.46962717), (0.086535595, -0.8786136, 0.46962717), (0.046378277, -0.4708898, -0.88097215), (0.046378277, -0.4708898, -0.88097215), (0.046378277, -0.4708898, -0.88097215), (0.046378277, -0.4708898, -0.88097215), (-0.08653628, -0.8786136, -0.46962723), (-0.08653628, -0.8786136, -0.46962723), (-0.08653628, -0.8786136, -0.46962723), (-0.08653628, -0.8786136, -0.46962723), (-0.06236074, -0.6331591, 0.77150553), (-0.06236074, -0.6331591, 0.77150553), (-0.06236074, -0.6331591, 0.77150553), (-0.06236074, -0.6331591, 0.77150553), (-0.07591533, -0.7707798, -0.6325625), (-0.07591533, -0.7707798, -0.6325625), (-0.07591533, -0.7707798, -0.6325625), (-0.07591533, -0.7707798, -0.6325625), (-0.07591533, -0.7707798, 0.6325625), (-0.07591533, -0.7707798, 0.6325625), (-0.07591533, -0.7707798, 0.6325625), (-0.07591533, -0.7707798, 0.6325625), (-0.062360734, -0.63315904, -0.7715056), (-0.062360734, -0.63315904, -0.7715056), (-0.062360734, -0.63315904, -0.7715056), (-0.062360734, -0.63315904, -0.7715056), (-0.08653606, -0.8786136, 0.46962723), (-0.08653606, -0.8786136, 0.46962723), (-0.08653606, -0.8786136, 0.46962723), (-0.08653606, -0.8786136, 0.46962723), (-0.046378277, -0.4708898, -0.88097215), (-0.046378277, -0.4708898, -0.88097215), (-0.046378277, -0.4708898, -0.88097215), (-0.046378277, -0.4708898, -0.88097215), (-0.09383477, -0.95271754, 0.28900558), (-0.09383477, -0.95271754, 0.28900558), (-0.09383477, -0.95271754, 0.28900558), (-0.09383477, -0.95271754, 0.28900558), (-0.028579997, -0.29016608, -0.95654947), (-0.028579997, -0.29016608, -0.95654947), (-0.028579997, -0.29016608, -0.95654947), (-0.028579997, -0.29016608, -0.95654947), (-0.09754986, -0.99043846, 0.097548336), (-0.09754986, -0.99043846, 0.097548336), (-0.09754986, -0.99043846, 0.097548336), (-0.09754986, -0.99043846, 0.097548336), (-0.009655303, -0.09801279, 0.99513835), (-0.009655303, -0.09801279, 0.99513835), (-0.009655303, -0.09801279, 0.99513835), (-0.009655622, -0.09801279, -0.99513835), (-0.009655622, -0.09801279, -0.99513835), (-0.009655622, -0.09801279, -0.99513835), (-0.09754986, -0.99043846, -0.097548336), (-0.09754986, -0.99043846, -0.097548336), (-0.09754986, -0.99043846, -0.097548336), (-0.09754986, -0.99043846, -0.097548336), (-0.028579997, -0.29016608, 0.95654947), (-0.028579997, -0.29016608, 0.95654947), (-0.028579997, -0.29016608, 0.95654947), (-0.028579997, -0.29016608, 0.95654947), (-0.09383477, -0.95271754, -0.28900558), (-0.09383477, -0.95271754, -0.28900558), (-0.09383477, -0.95271754, -0.28900558), (-0.09383477, -0.95271754, -0.28900558), (-0.04637827, -0.47088975, 0.8809721), (-0.04637827, -0.47088975, 0.8809721), (-0.04637827, -0.47088975, 0.8809721), (-0.04637827, -0.47088975, 0.8809721), (-0.08463806, -0.27901515, -0.95654947), (-0.08463806, -0.27901515, -0.95654947), (-0.08463806, -0.27901515, -0.95654947), (-0.08463806, -0.27901515, -0.95654947), (-0.28890043, -0.95237654, 0.09754788), (-0.28890043, -0.95237654, 0.09754788), (-0.28890043, -0.95237654, 0.09754788), (-0.28890043, -0.95237654, 0.09754788), (-0.028590927, -0.094246164, 0.9951382), (-0.028590927, -0.094246164, 0.9951382), (-0.028590927, -0.094246164, 0.9951382), (-0.028589405, -0.09424618, -0.9951384), (-0.028589405, -0.09424618, -0.9951384), (-0.028589405, -0.09424618, -0.9951384), (-0.28890043, -0.95237654, -0.09754788), (-0.28890043, -0.95237654, -0.09754788), (-0.28890043, -0.95237654, -0.09754788), (-0.28890043, -0.95237654, -0.09754788), (-0.08463806, -0.27901515, 0.95654947), (-0.08463806, -0.27901515, 0.95654947), (-0.08463806, -0.27901515, 0.95654947), (-0.08463806, -0.27901515, 0.95654947), (-0.2778979, -0.9161051, -0.2890057), (-0.2778979, -0.9161051, -0.2890057), (-0.2778979, -0.9161051, -0.2890057), (-0.2778979, -0.9161051, -0.2890057), (-0.1373545, -0.45279378, 0.880972), (-0.1373545, -0.45279378, 0.880972), (-0.1373545, -0.45279378, 0.880972), (-0.1373545, -0.45279378, 0.880972), (-0.25628236, -0.84484905, -0.469627), (-0.25628236, -0.84484905, -0.469627), (-0.25628236, -0.84484905, -0.469627), (-0.25628236, -0.84484905, -0.469627), (-0.184686, -0.6088271, 0.7715054), (-0.184686, -0.6088271, 0.7715054), (-0.184686, -0.6088271, 0.7715054), (-0.184686, -0.6088271, 0.7715054), (-0.22482815, -0.7411589, -0.63256276), (-0.22482815, -0.7411589, -0.63256276), (-0.22482815, -0.7411589, -0.63256276), (-0.22482815, -0.7411589, -0.63256276), (-0.2248282, -0.7411591, 0.63256264), (-0.2248282, -0.7411591, 0.63256264), (-0.2248282, -0.7411591, 0.63256264), (-0.2248282, -0.7411591, 0.63256264), (-0.18468599, -0.60882705, -0.77150553), (-0.18468599, -0.60882705, -0.77150553), (-0.18468599, -0.60882705, -0.77150553), (-0.18468599, -0.60882705, -0.77150553), (-0.25628236, -0.84484905, 0.469627), (-0.25628236, -0.84484905, 0.469627), (-0.25628236, -0.84484905, 0.469627), (-0.25628236, -0.84484905, 0.469627), (-0.13735445, -0.45279366, -0.880972), (-0.13735445, -0.45279366, -0.880972), (-0.13735445, -0.45279366, -0.880972), (-0.13735445, -0.45279366, -0.880972), (-0.27789786, -0.91610515, 0.2890057), (-0.27789786, -0.91610515, 0.2890057), (-0.27789786, -0.91610515, 0.2890057), (-0.27789786, -0.91610515, 0.2890057), (-0.29991323, -0.56109834, 0.7715055), (-0.29991323, -0.56109834, 0.7715055), (-0.29991323, -0.56109834, 0.7715055), (-0.29991323, -0.56109834, 0.7715055), (-0.36510104, -0.68305576, -0.6325632), (-0.36510104, -0.68305576, -0.6325632), (-0.36510104, -0.68305576, -0.6325632), (-0.36510104, -0.68305576, -0.6325632), (-0.36510107, -0.6830558, 0.6325631), (-0.36510107, -0.6830558, 0.6325631), (-0.36510107, -0.6830558, 0.6325631), (-0.36510107, -0.6830558, 0.6325631), (-0.2999132, -0.5610983, -0.77150553), (-0.2999132, -0.5610983, -0.77150553), (-0.2999132, -0.5610983, -0.77150553), (-0.2999132, -0.5610983, -0.77150553), (-0.41618016, -0.7786174, 0.46962643), (-0.41618016, -0.7786174, 0.46962643), (-0.41618016, -0.7786174, 0.46962643), (-0.41618016, -0.7786174, 0.46962643), (-0.22304961, -0.41729704, -0.88097215), (-0.22304961, -0.41729704, -0.88097215), (-0.22304961, -0.41729704, -0.88097215), (-0.22304961, -0.41729704, -0.88097215), (-0.45128122, -0.84428704, 0.28900623), (-0.45128122, -0.84428704, 0.28900623), (-0.45128122, -0.84428704, 0.28900623), (-0.45128122, -0.84428704, 0.28900623), (-0.13744535, -0.25714183, -0.95654947), (-0.13744535, -0.25714183, -0.95654947), (-0.13744535, -0.25714183, -0.95654947), (-0.13744535, -0.25714183, -0.95654947), (-0.46914902, -0.877715, 0.09754769), (-0.46914902, -0.877715, 0.09754769), (-0.46914902, -0.877715, 0.09754769), (-0.46914902, -0.877715, 0.09754769), (-0.046426136, -0.086857766, 0.9951383), (-0.046426136, -0.086857766, 0.9951383), (-0.046426136, -0.086857766, 0.9951383), (-0.046424106, -0.08685778, -0.9951384), (-0.046424106, -0.08685778, -0.9951384), (-0.046424106, -0.08685778, -0.9951384), (-0.46914902, -0.877715, -0.09754769), (-0.46914902, -0.877715, -0.09754769), (-0.46914902, -0.877715, -0.09754769), (-0.46914902, -0.877715, -0.09754769), (-0.13744399, -0.25714186, 0.95654964), (-0.13744399, -0.25714186, 0.95654964), (-0.13744399, -0.25714186, 0.95654964), (-0.13744399, -0.25714186, 0.95654964), (-0.45128122, -0.84428704, -0.28900623), (-0.45128122, -0.84428704, -0.28900623), (-0.45128122, -0.84428704, -0.28900623), (-0.45128122, -0.84428704, -0.28900623), (-0.22304961, -0.41729704, 0.88097215), (-0.22304961, -0.41729704, 0.88097215), (-0.22304961, -0.41729704, 0.88097215), (-0.22304961, -0.41729704, 0.88097215), (-0.41618025, -0.7786174, -0.46962643), (-0.41618025, -0.7786174, -0.46962643), (-0.41618025, -0.7786174, -0.46962643), (-0.41618025, -0.7786174, -0.46962643), (-0.63136786, -0.76932377, 0.09754795), (-0.63136786, -0.76932377, 0.09754795), (-0.63136786, -0.76932377, 0.09754795), (-0.63136786, -0.76932377, 0.09754795), (-0.06248028, -0.07613147, 0.9951383), (-0.06248028, -0.07613147, 0.9951383), (-0.06248028, -0.07613147, 0.9951383), (-0.06248129, -0.07613146, -0.99513817), (-0.06248129, -0.07613146, -0.99513817), (-0.06248129, -0.07613146, -0.99513817), (-0.63136786, -0.76932377, -0.09754795), (-0.63136786, -0.76932377, -0.09754795), (-0.63136786, -0.76932377, -0.09754795), (-0.63136786, -0.76932377, -0.09754795), (-0.18497069, -0.22538653, 0.9565494), (-0.18497069, -0.22538653, 0.9565494), (-0.18497069, -0.22538653, 0.9565494), (-0.18497069, -0.22538653, 0.9565494), (-0.6073222, -0.74002385, -0.28900614), (-0.6073222, -0.74002385, -0.28900614), (-0.6073222, -0.74002385, -0.28900614), (-0.6073222, -0.74002385, -0.28900614), (-0.30017486, -0.36576375, 0.88097215), (-0.30017486, -0.36576375, 0.88097215), (-0.30017486, -0.36576375, 0.88097215), (-0.30017486, -0.36576375, 0.88097215), (-0.5600839, -0.682464, -0.46962634), (-0.5600839, -0.682464, -0.46962634), (-0.5600839, -0.682464, -0.46962634), (-0.5600839, -0.682464, -0.46962634), (-0.40361562, -0.49180695, 0.7715053), (-0.40361562, -0.49180695, 0.7715053), (-0.40361562, -0.49180695, 0.7715053), (-0.40361562, -0.49180695, 0.7715053), (-0.49134356, -0.59870344, -0.6325629), (-0.49134356, -0.59870344, -0.6325629), (-0.49134356, -0.59870344, -0.6325629), (-0.49134356, -0.59870344, -0.6325629), (-0.49134344, -0.5987033, 0.63256294), (-0.49134344, -0.5987033, 0.63256294), (-0.49134344, -0.5987033, 0.63256294), (-0.49134344, -0.5987033, 0.63256294), (-0.40361562, -0.49180695, -0.7715053), (-0.40361562, -0.49180695, -0.7715053), (-0.40361562, -0.49180695, -0.7715053), (-0.40361562, -0.49180695, -0.7715053), (-0.56008404, -0.68246406, 0.46962628), (-0.56008404, -0.68246406, 0.46962628), (-0.56008404, -0.68246406, 0.46962628), (-0.56008404, -0.68246406, 0.46962628), (-0.30017486, -0.36576375, -0.88097215), (-0.30017486, -0.36576375, -0.88097215), (-0.30017486, -0.36576375, -0.88097215), (-0.30017486, -0.36576375, -0.88097215), (-0.6073222, -0.74002385, 0.28900594), (-0.6073222, -0.74002385, 0.28900594), (-0.6073222, -0.74002385, 0.28900594), (-0.6073222, -0.74002385, 0.28900594), (-0.18497069, -0.22538653, -0.9565494), (-0.18497069, -0.22538653, -0.9565494), (-0.18497069, -0.22538653, -0.9565494), (-0.18497069, -0.22538653, -0.9565494), (-0.59870374, -0.4913431, -0.63256276), (-0.59870374, -0.4913431, -0.63256276), (-0.59870374, -0.4913431, -0.63256276), (-0.59870374, -0.4913431, -0.63256276), (-0.5987038, -0.49134323, 0.6325628), (-0.5987038, -0.49134323, 0.6325628), (-0.5987038, -0.49134323, 0.6325628), (-0.5987038, -0.49134323, 0.6325628), (-0.49180678, -0.40361542, -0.7715055), (-0.49180678, -0.40361542, -0.7715055), (-0.49180678, -0.40361542, -0.7715055), (-0.49180678, -0.40361542, -0.7715055), (-0.6824642, -0.5600835, 0.46962646), (-0.6824642, -0.5600835, 0.46962646), (-0.6824642, -0.5600835, 0.46962646), (-0.6824642, -0.5600835, 0.46962646), (-0.3657638, -0.3001748, -0.8809721), (-0.3657638, -0.3001748, -0.8809721), (-0.3657638, -0.3001748, -0.8809721), (-0.3657638, -0.3001748, -0.8809721), (-0.74002415, -0.6073216, 0.28900638), (-0.74002415, -0.6073216, 0.28900638), (-0.74002415, -0.6073216, 0.28900638), (-0.74002415, -0.6073216, 0.28900638), (-0.22538652, -0.18497007, -0.9565495), (-0.22538652, -0.18497007, -0.9565495), (-0.22538652, -0.18497007, -0.9565495), (-0.22538652, -0.18497007, -0.9565495), (-0.7693241, -0.6313675, 0.09754745), (-0.7693241, -0.6313675, 0.09754745), (-0.7693241, -0.6313675, 0.09754745), (-0.7693241, -0.6313675, 0.09754745), (-0.0761318, -0.06247946, 0.9951384), (-0.0761318, -0.06247946, 0.9951384), (-0.0761318, -0.06247946, 0.9951384), (-0.07613231, -0.06247946, -0.9951383), (-0.07613231, -0.06247946, -0.9951383), (-0.07613231, -0.06247946, -0.9951383), (-0.7693241, -0.6313675, -0.09754745), (-0.7693241, -0.6313675, -0.09754745), (-0.7693241, -0.6313675, -0.09754745), (-0.7693241, -0.6313675, -0.09754745), (-0.22538652, -0.18497007, 0.9565495), (-0.22538652, -0.18497007, 0.9565495), (-0.22538652, -0.18497007, 0.9565495), (-0.22538652, -0.18497007, 0.9565495), (-0.74002415, -0.6073216, -0.28900638), (-0.74002415, -0.6073216, -0.28900638), (-0.74002415, -0.6073216, -0.28900638), (-0.74002415, -0.6073216, -0.28900638), (-0.3657643, -0.30017486, 0.880972), (-0.3657643, -0.30017486, 0.880972), (-0.3657643, -0.30017486, 0.880972), (-0.3657643, -0.30017486, 0.880972), (-0.6824643, -0.5600835, -0.46962655), (-0.6824643, -0.5600835, -0.46962655), (-0.6824643, -0.5600835, -0.46962655), (-0.6824643, -0.5600835, -0.46962655), (-0.49180678, -0.40361542, 0.7715055), (-0.49180678, -0.40361542, 0.7715055), (-0.49180678, -0.40361542, 0.7715055), (-0.49180678, -0.40361542, 0.7715055), (-0.08685697, -0.046426408, -0.9951384), (-0.08685697, -0.046426408, -0.9951384), (-0.08685697, -0.046426408, -0.9951384), (-0.8777152, -0.46914864, -0.09754774), (-0.8777152, -0.46914864, -0.09754774), (-0.8777152, -0.46914864, -0.09754774), (-0.8777152, -0.46914864, -0.09754774), (-0.25714222, -0.13744509, 0.9565494), (-0.25714222, -0.13744509, 0.9565494), (-0.25714222, -0.13744509, 0.9565494), (-0.25714222, -0.13744509, 0.9565494), (-0.84428734, -0.45128098, -0.28900594), (-0.84428734, -0.45128098, -0.28900594), (-0.84428734, -0.45128098, -0.28900594), (-0.84428734, -0.45128098, -0.28900594), (-0.41729707, -0.22304973, 0.8809722), (-0.41729707, -0.22304973, 0.8809722), (-0.41729707, -0.22304973, 0.8809722), (-0.41729707, -0.22304973, 0.8809722), (-0.77861756, -0.41617954, -0.46962667), (-0.77861756, -0.41617954, -0.46962667), (-0.77861756, -0.41617954, -0.46962667), (-0.77861756, -0.41617954, -0.46962667), (-0.5610989, -0.29991287, 0.77150524), (-0.5610989, -0.29991287, 0.77150524), (-0.5610989, -0.29991287, 0.77150524), (-0.5610989, -0.29991287, 0.77150524), (-0.683056, -0.3651009, -0.632563), (-0.683056, -0.3651009, -0.632563), (-0.683056, -0.3651009, -0.632563), (-0.683056, -0.3651009, -0.632563), (-0.68305594, -0.3651008, 0.632563), (-0.68305594, -0.3651008, 0.632563), (-0.68305594, -0.3651008, 0.632563), (-0.68305594, -0.3651008, 0.632563), (-0.56109905, -0.2999128, -0.7715052), (-0.56109905, -0.2999128, -0.7715052), (-0.56109905, -0.2999128, -0.7715052), (-0.56109905, -0.2999128, -0.7715052), (-0.77861756, -0.4161796, 0.46962672), (-0.77861756, -0.4161796, 0.46962672), (-0.77861756, -0.4161796, 0.46962672), (-0.77861756, -0.4161796, 0.46962672), (-0.4172967, -0.22304977, -0.8809724), (-0.4172967, -0.22304977, -0.8809724), (-0.4172967, -0.22304977, -0.8809724), (-0.4172967, -0.22304977, -0.8809724), (-0.84428734, -0.45128098, 0.28900585), (-0.84428734, -0.45128098, 0.28900585), (-0.84428734, -0.45128098, 0.28900585), (-0.84428734, -0.45128098, 0.28900585), (-0.2571416, -0.13744512, -0.9565495), (-0.2571416, -0.13744512, -0.9565495), (-0.2571416, -0.13744512, -0.9565495), (-0.2571416, -0.13744512, -0.9565495), (-0.8777152, -0.46914864, 0.09754774), (-0.8777152, -0.46914864, 0.09754774), (-0.8777152, -0.46914864, 0.09754774), (-0.8777152, -0.46914864, 0.09754774), (-0.08685698, -0.04642641, 0.99513835), (-0.08685698, -0.04642641, 0.99513835), (-0.08685698, -0.04642641, 0.99513835), (-0.60882735, -0.18468574, -0.77150536), (-0.60882735, -0.18468574, -0.77150536), (-0.60882735, -0.18468574, -0.77150536), (-0.60882735, -0.18468574, -0.77150536), (-0.84484935, -0.25628194, 0.46962658), (-0.84484935, -0.25628194, 0.46962658), (-0.84484935, -0.25628194, 0.46962658), (-0.84484935, -0.25628194, 0.46962658), (-0.452794, -0.13735344, -0.880972), (-0.452794, -0.13735344, -0.880972), (-0.452794, -0.13735344, -0.880972), (-0.452794, -0.13735344, -0.880972), (-0.9161053, -0.27789688, 0.2890061), (-0.9161053, -0.27789688, 0.2890061), (-0.9161053, -0.27789688, 0.2890061), (-0.9161053, -0.27789688, 0.2890061), (-0.2790144, -0.084638335, -0.9565497), (-0.2790144, -0.084638335, -0.9565497), (-0.2790144, -0.084638335, -0.9565497), (-0.2790144, -0.084638335, -0.9565497), (-0.9523768, -0.2888995, 0.09754766), (-0.9523768, -0.2888995, 0.09754766), (-0.9523768, -0.2888995, 0.09754766), (-0.9523768, -0.2888995, 0.09754766), (-0.09424721, -0.028589258, 0.99513835), (-0.09424721, -0.028589258, 0.99513835), (-0.09424721, -0.028589258, 0.99513835), (-0.09424721, -0.028589258, -0.9951383), (-0.09424721, -0.028589258, -0.9951383), (-0.09424721, -0.028589258, -0.9951383), (-0.95237684, -0.2888995, -0.09754764), (-0.95237684, -0.2888995, -0.09754764), (-0.95237684, -0.2888995, -0.09754764), (-0.95237684, -0.2888995, -0.09754764), (-0.2790144, -0.084638335, 0.9565497), (-0.2790144, -0.084638335, 0.9565497), (-0.2790144, -0.084638335, 0.9565497), (-0.2790144, -0.084638335, 0.9565497), (-0.9161053, -0.27789688, -0.28900608), (-0.9161053, -0.27789688, -0.28900608), (-0.9161053, -0.27789688, -0.28900608), (-0.9161053, -0.27789688, -0.28900608), (-0.452794, -0.13735344, 0.880972), (-0.452794, -0.13735344, 0.880972), (-0.452794, -0.13735344, 0.880972), (-0.452794, -0.13735344, 0.880972), (-0.84484935, -0.25628194, -0.46962658), (-0.84484935, -0.25628194, -0.46962658), (-0.84484935, -0.25628194, -0.46962658), (-0.84484935, -0.25628194, -0.46962658), (-0.60882735, -0.18468574, 0.77150536), (-0.60882735, -0.18468574, 0.77150536), (-0.60882735, -0.18468574, 0.77150536), (-0.60882735, -0.18468574, 0.77150536), (-0.7411588, -0.2248284, -0.6325629), (-0.7411588, -0.2248284, -0.6325629), (-0.7411588, -0.2248284, -0.6325629), (-0.7411588, -0.2248284, -0.6325629), (-0.7411588, -0.22482836, 0.63256276), (-0.7411588, -0.22482836, 0.63256276), (-0.7411588, -0.22482836, 0.63256276), (-0.7411588, -0.22482836, 0.63256276), (-0.29016596, -0.028578794, 0.95654947), (-0.29016596, -0.028578794, 0.95654947), (-0.29016596, -0.028578794, 0.95654947), (-0.29016596, -0.028578794, 0.95654947), (-0.95271754, -0.09383404, -0.28900605), (-0.95271754, -0.09383404, -0.28900605), (-0.95271754, -0.09383404, -0.28900605), (-0.95271754, -0.09383404, -0.28900605), (-0.47088993, -0.046378285, 0.88097215), (-0.47088993, -0.046378285, 0.88097215), (-0.47088993, -0.046378285, 0.88097215), (-0.47088993, -0.046378285, 0.88097215), (-0.8786141, -0.08653557, -0.46962637), (-0.8786141, -0.08653557, -0.46962637), (-0.8786141, -0.08653557, -0.46962637), (-0.8786141, -0.08653557, -0.46962637), (-0.63315934, -0.062360458, 0.7715054), (-0.63315934, -0.062360458, 0.7715054), (-0.63315934, -0.062360458, 0.7715054), (-0.63315934, -0.062360458, 0.7715054), (-0.77077943, -0.0759148, -0.63256305), (-0.77077943, -0.0759148, -0.63256305), (-0.77077943, -0.0759148, -0.63256305), (-0.77077943, -0.0759148, -0.63256305), (-0.77077943, -0.0759148, 0.63256305), (-0.77077943, -0.0759148, 0.63256305), (-0.77077943, -0.0759148, 0.63256305), (-0.77077943, -0.0759148, 0.63256305), (-0.63315934, -0.062360458, -0.7715054), (-0.63315934, -0.062360458, -0.7715054), (-0.63315934, -0.062360458, -0.7715054), (-0.63315934, -0.062360458, -0.7715054), (-0.8786141, -0.08653556, 0.4696263), (-0.8786141, -0.08653556, 0.4696263), (-0.8786141, -0.08653556, 0.4696263), (-0.8786141, -0.08653556, 0.4696263), (-0.47088975, -0.046378285, -0.88097215), (-0.47088975, -0.046378285, -0.88097215), (-0.47088975, -0.046378285, -0.88097215), (-0.47088975, -0.046378285, -0.88097215), (-0.9527175, -0.09383405, 0.28900608), (-0.9527175, -0.09383405, 0.28900608), (-0.9527175, -0.09383405, 0.28900608), (-0.9527175, -0.09383405, 0.28900608), (-0.29016596, -0.028578794, -0.95654947), (-0.29016596, -0.028578794, -0.95654947), (-0.29016596, -0.028578794, -0.95654947), (-0.29016596, -0.028578794, -0.95654947), (-0.9904385, -0.09754941, 0.09754766), (-0.9904385, -0.09754941, 0.09754766), (-0.9904385, -0.09754941, 0.09754766), (-0.9904385, -0.09754941, 0.09754766), (-0.09801373, -0.0096533615, 0.9951383), (-0.09801373, -0.0096533615, 0.9951383), (-0.09801373, -0.0096533615, 0.9951383), (-0.09801416, -0.009653361, -0.9951382), (-0.09801416, -0.009653361, -0.9951382), (-0.09801416, -0.009653361, -0.9951382), (-0.9904385, -0.09754941, -0.09754766), (-0.9904385, -0.09754941, -0.09754766), (-0.9904385, -0.09754941, -0.09754766), (-0.9904385, -0.09754941, -0.09754766), (-0.8786142, 0.08653558, 0.46962616), (-0.8786142, 0.08653558, 0.46962616), (-0.8786142, 0.08653558, 0.46962616), (-0.8786142, 0.08653558, 0.46962616), (-0.4708896, 0.04637893, -0.8809721), (-0.4708896, 0.04637893, -0.8809721), (-0.4708896, 0.04637893, -0.8809721), (-0.4708896, 0.04637893, -0.8809721), (-0.9527175, 0.09383447, 0.2890061), (-0.9527175, 0.09383447, 0.2890061), (-0.9527175, 0.09383447, 0.2890061), (-0.9527175, 0.09383447, 0.2890061), (-0.29016608, 0.028578965, -0.95654947), (-0.29016608, 0.028578965, -0.95654947), (-0.29016608, 0.028578965, -0.95654947), (-0.29016608, 0.028578965, -0.95654947), (-0.9904385, 0.09754981, 0.09754763), (-0.9904385, 0.09754981, 0.09754763), (-0.9904385, 0.09754981, 0.09754763), (-0.9904385, 0.09754981, 0.09754763), (-0.098013155, 0.009653457, 0.9951382), (-0.098013155, 0.009653457, 0.9951382), (-0.098013155, 0.009653457, 0.9951382), (-0.098013155, 0.009653457, -0.9951382), (-0.098013155, 0.009653457, -0.9951382), (-0.098013155, 0.009653457, -0.9951382), (-0.9904385, 0.09754981, -0.09754763), (-0.9904385, 0.09754981, -0.09754763), (-0.9904385, 0.09754981, -0.09754763), (-0.9904385, 0.09754981, -0.09754763), (-0.29016638, 0.028578963, 0.9565494), (-0.29016638, 0.028578963, 0.9565494), (-0.29016638, 0.028578963, 0.9565494), (-0.29016638, 0.028578963, 0.9565494), (-0.9527174, 0.09383447, -0.2890061), (-0.9527174, 0.09383447, -0.2890061), (-0.9527174, 0.09383447, -0.2890061), (-0.9527174, 0.09383447, -0.2890061), (-0.4708896, 0.04637893, 0.8809721), (-0.4708896, 0.04637893, 0.8809721), (-0.4708896, 0.04637893, 0.8809721), (-0.4708896, 0.04637893, 0.8809721), (-0.8786142, 0.08653558, -0.46962616), (-0.8786142, 0.08653558, -0.46962616), (-0.8786142, 0.08653558, -0.46962616), (-0.8786142, 0.08653558, -0.46962616), (-0.63315934, 0.062361076, 0.77150524), (-0.63315934, 0.062361076, 0.77150524), (-0.63315934, 0.062361076, 0.77150524), (-0.63315934, 0.062361076, 0.77150524), (-0.7707793, 0.075915284, -0.63256323), (-0.7707793, 0.075915284, -0.63256323), (-0.7707793, 0.075915284, -0.63256323), (-0.7707793, 0.075915284, -0.63256323), (-0.7707793, 0.075915284, 0.63256323), (-0.7707793, 0.075915284, 0.63256323), (-0.7707793, 0.075915284, 0.63256323), (-0.7707793, 0.075915284, 0.63256323), (-0.63315934, 0.062361076, -0.77150524), (-0.63315934, 0.062361076, -0.77150524), (-0.63315934, 0.062361076, -0.77150524), (-0.63315934, 0.062361076, -0.77150524), (-0.916105, 0.27789772, -0.2890062), (-0.916105, 0.27789772, -0.2890062), (-0.916105, 0.27789772, -0.2890062), (-0.916105, 0.27789772, -0.2890062), (-0.45279396, 0.13735348, 0.880972), (-0.45279396, 0.13735348, 0.880972), (-0.45279396, 0.13735348, 0.880972), (-0.45279396, 0.13735348, 0.880972), (-0.84484947, 0.2562829, -0.46962595), (-0.84484947, 0.2562829, -0.46962595), (-0.84484947, 0.2562829, -0.46962595), (-0.84484947, 0.2562829, -0.46962595), (-0.60882723, 0.18468611, 0.77150536), (-0.60882723, 0.18468611, 0.77150536), (-0.60882723, 0.18468611, 0.77150536), (-0.60882723, 0.18468611, 0.77150536), (-0.7411584, 0.22482829, -0.63256335), (-0.7411584, 0.22482829, -0.63256335), (-0.7411584, 0.22482829, -0.63256335), (-0.7411584, 0.22482829, -0.63256335), (-0.7411584, 0.22482829, 0.63256335), (-0.7411584, 0.22482829, 0.63256335), (-0.7411584, 0.22482829, 0.63256335), (-0.7411584, 0.22482829, 0.63256335), (-0.60882723, 0.18468611, -0.77150536), (-0.60882723, 0.18468611, -0.77150536), (-0.60882723, 0.18468611, -0.77150536), (-0.60882723, 0.18468611, -0.77150536), (-0.84484947, 0.2562829, 0.46962598), (-0.84484947, 0.2562829, 0.46962598), (-0.84484947, 0.2562829, 0.46962598), (-0.84484947, 0.2562829, 0.46962598), (-0.45279396, 0.13735348, -0.88097197), (-0.45279396, 0.13735348, -0.88097197), (-0.45279396, 0.13735348, -0.88097197), (-0.45279396, 0.13735348, -0.88097197), (-0.916105, 0.27789772, 0.2890062), (-0.916105, 0.27789772, 0.2890062), (-0.916105, 0.27789772, 0.2890062), (-0.916105, 0.27789772, 0.2890062), (-0.27901506, 0.08463841, -0.9565495), (-0.27901506, 0.08463841, -0.9565495), (-0.27901506, 0.08463841, -0.9565495), (-0.27901506, 0.08463841, -0.9565495), (-0.95237637, 0.2889011, 0.097547516), (-0.95237637, 0.2889011, 0.097547516), (-0.95237637, 0.2889011, 0.097547516), (-0.95237637, 0.2889011, 0.097547516), (-0.09424622, 0.028589332, 0.99513835), (-0.09424622, 0.028589332, 0.99513835), (-0.09424622, 0.028589332, 0.99513835), (-0.09424622, 0.028589332, -0.99513835), (-0.09424622, 0.028589332, -0.99513835), (-0.09424622, 0.028589332, -0.99513835), (-0.95237637, 0.2889011, -0.09754754), (-0.95237637, 0.2889011, -0.09754754), (-0.95237637, 0.2889011, -0.09754754), (-0.95237637, 0.2889011, -0.09754754), (-0.2790157, 0.08463839, 0.9565493), (-0.2790157, 0.08463839, 0.9565493), (-0.2790157, 0.08463839, 0.9565493), (-0.2790157, 0.08463839, 0.9565493), (-0.41729733, 0.2230503, -0.8809719), (-0.41729733, 0.2230503, -0.8809719), (-0.41729733, 0.2230503, -0.8809719), (-0.41729733, 0.2230503, -0.8809719), (-0.84428686, 0.4512814, 0.2890065), (-0.84428686, 0.4512814, 0.2890065), (-0.84428686, 0.4512814, 0.2890065), (-0.84428686, 0.4512814, 0.2890065), (-0.25714225, 0.13744529, -0.95654935), (-0.25714225, 0.13744529, -0.95654935), (-0.25714225, 0.13744529, -0.95654935), (-0.25714225, 0.13744529, -0.95654935), (-0.8777153, 0.4691485, 0.09754728), (-0.8777153, 0.4691485, 0.09754728), (-0.8777153, 0.4691485, 0.09754728), (-0.8777153, 0.4691485, 0.09754728), (-0.08685902, 0.04642651, 0.9951382), (-0.08685902, 0.04642651, 0.9951382), (-0.08685902, 0.04642651, 0.9951382), (-0.08685902, 0.04642651, -0.9951382), (-0.08685902, 0.04642651, -0.9951382), (-0.08685902, 0.04642651, -0.9951382), (-0.8777153, 0.4691485, -0.09754728), (-0.8777153, 0.4691485, -0.09754728), (-0.8777153, 0.4691485, -0.09754728), (-0.8777153, 0.4691485, -0.09754728), (-0.25714225, 0.13744529, 0.95654935), (-0.25714225, 0.13744529, 0.95654935), (-0.25714225, 0.13744529, 0.95654935), (-0.25714225, 0.13744529, 0.95654935), (-0.84428686, 0.4512814, -0.28900647), (-0.84428686, 0.4512814, -0.28900647), (-0.84428686, 0.4512814, -0.28900647), (-0.84428686, 0.4512814, -0.28900647), (-0.417297, 0.22305036, 0.8809721), (-0.417297, 0.22305036, 0.8809721), (-0.417297, 0.22305036, 0.8809721), (-0.417297, 0.22305036, 0.8809721), (-0.7786177, 0.41618058, -0.46962565), (-0.7786177, 0.41618058, -0.46962565), (-0.7786177, 0.41618058, -0.46962565), (-0.7786177, 0.41618058, -0.46962565), (-0.5610982, 0.29991332, 0.77150553), (-0.5610982, 0.29991332, 0.77150553), (-0.5610982, 0.29991332, 0.77150553), (-0.5610982, 0.29991332, 0.77150553), (-0.68305546, 0.36510095, -0.6325634), (-0.68305546, 0.36510095, -0.6325634), (-0.68305546, 0.36510095, -0.6325634), (-0.68305546, 0.36510095, -0.6325634), (-0.68305546, 0.36510095, 0.6325635), (-0.68305546, 0.36510095, 0.6325635), (-0.68305546, 0.36510095, 0.6325635), (-0.68305546, 0.36510095, 0.6325635), (-0.5610984, 0.2999133, -0.77150536), (-0.5610984, 0.2999133, -0.77150536), (-0.5610984, 0.2999133, -0.77150536), (-0.5610984, 0.2999133, -0.77150536), (-0.7786177, 0.41618058, 0.4696256), (-0.7786177, 0.41618058, 0.4696256), (-0.7786177, 0.41618058, 0.4696256), (-0.7786177, 0.41618058, 0.4696256), (-0.36576378, 0.30017513, 0.88097197), (-0.36576378, 0.30017513, 0.88097197), (-0.36576378, 0.30017513, 0.88097197), (-0.36576378, 0.30017513, 0.88097197), (-0.6824642, 0.5600842, -0.46962562), (-0.6824642, 0.5600842, -0.46962562), (-0.6824642, 0.5600842, -0.46962562), (-0.6824642, 0.5600842, -0.46962562), (-0.49180698, 0.40361565, 0.7715051), (-0.49180698, 0.40361565, 0.7715051), (-0.49180698, 0.40361565, 0.7715051), (-0.49180698, 0.40361565, 0.7715051), (-0.59870285, 0.4913434, -0.63256353), (-0.59870285, 0.4913434, -0.63256353), (-0.59870285, 0.4913434, -0.63256353), (-0.59870285, 0.4913434, -0.63256353), (-0.59870285, 0.4913434, 0.63256353), (-0.59870285, 0.4913434, 0.63256353), (-0.59870285, 0.4913434, 0.63256353), (-0.59870285, 0.4913434, 0.63256353), (-0.49180678, 0.40361574, -0.77150536), (-0.49180678, 0.40361574, -0.77150536), (-0.49180678, 0.40361574, -0.77150536), (-0.49180678, 0.40361574, -0.77150536), (-0.6824642, 0.5600843, 0.46962556), (-0.6824642, 0.5600843, 0.46962556), (-0.6824642, 0.5600843, 0.46962556), (-0.6824642, 0.5600843, 0.46962556), (-0.36576375, 0.3001751, -0.880972), (-0.36576375, 0.3001751, -0.880972), (-0.36576375, 0.3001751, -0.880972), (-0.36576375, 0.3001751, -0.880972), (-0.7400237, 0.6073221, 0.28900677), (-0.7400237, 0.6073221, 0.28900677), (-0.7400237, 0.6073221, 0.28900677), (-0.7400237, 0.6073221, 0.28900677), (-0.22538652, 0.18497014, -0.9565495), (-0.22538652, 0.18497014, -0.9565495), (-0.22538652, 0.18497014, -0.9565495), (-0.22538652, 0.18497014, -0.9565495), (-0.7693237, 0.6313681, 0.09754711), (-0.7693237, 0.6313681, 0.09754711), (-0.7693237, 0.6313681, 0.09754711), (-0.7693237, 0.6313681, 0.09754711), (-0.076133855, 0.062479567, 0.9951381), (-0.076133855, 0.062479567, 0.9951381), (-0.076133855, 0.062479567, 0.9951381), (-0.07613234, 0.06247958, -0.99513835), (-0.07613234, 0.06247958, -0.99513835), (-0.07613234, 0.06247958, -0.99513835), (-0.7693237, 0.6313681, -0.09754711), (-0.7693237, 0.6313681, -0.09754711), (-0.7693237, 0.6313681, -0.09754711), (-0.7693237, 0.6313681, -0.09754711), (-0.22538652, 0.18497014, 0.9565495), (-0.22538652, 0.18497014, 0.9565495), (-0.22538652, 0.18497014, 0.9565495), (-0.22538652, 0.18497014, 0.9565495), (-0.7400237, 0.6073221, -0.28900677), (-0.7400237, 0.6073221, -0.28900677), (-0.7400237, 0.6073221, -0.28900677), (-0.7400237, 0.6073221, -0.28900677), (-0.6073213, 0.7400243, 0.28900668), (-0.6073213, 0.7400243, 0.28900668), (-0.6073213, 0.7400243, 0.28900668), (-0.6073213, 0.7400243, 0.28900668), (-0.18497005, 0.22538675, -0.95654947), (-0.18497005, 0.22538675, -0.95654947), (-0.18497005, 0.22538675, -0.95654947), (-0.18497005, 0.22538675, -0.95654947), (-0.6313674, 0.7693243, 0.09754719), (-0.6313674, 0.7693243, 0.09754719), (-0.6313674, 0.7693243, 0.09754719), (-0.6313674, 0.7693243, 0.09754719), (-0.062480334, 0.07613154, 0.9951383), (-0.062480334, 0.07613154, 0.9951383), (-0.062480334, 0.07613154, 0.9951383), (-0.062480334, 0.07613154, -0.9951383), (-0.062480334, 0.07613154, -0.9951383), (-0.062480334, 0.07613154, -0.9951383), (-0.6313674, 0.7693243, -0.09754719), (-0.6313674, 0.7693243, -0.09754719), (-0.6313674, 0.7693243, -0.09754719), (-0.6313674, 0.7693243, -0.09754719), (-0.18497005, 0.22538675, 0.95654947), (-0.18497005, 0.22538675, 0.95654947), (-0.18497005, 0.22538675, 0.95654947), (-0.18497005, 0.22538675, 0.95654947), (-0.6073213, 0.7400243, -0.28900668), (-0.6073213, 0.7400243, -0.28900668), (-0.6073213, 0.7400243, -0.28900668), (-0.6073213, 0.7400243, -0.28900668), (-0.3001748, 0.36576438, 0.8809719), (-0.3001748, 0.36576438, 0.8809719), (-0.3001748, 0.36576438, 0.8809719), (-0.3001748, 0.36576438, 0.8809719), (-0.5600837, 0.6824645, -0.46962586), (-0.5600837, 0.6824645, -0.46962586), (-0.5600837, 0.6824645, -0.46962586), (-0.5600837, 0.6824645, -0.46962586), (-0.4036158, 0.491807, 0.7715052), (-0.4036158, 0.491807, 0.7715052), (-0.4036158, 0.491807, 0.7715052), (-0.4036158, 0.491807, 0.7715052), (-0.49134263, 0.5987034, -0.63256353), (-0.49134263, 0.5987034, -0.63256353), (-0.49134263, 0.5987034, -0.63256353), (-0.49134263, 0.5987034, -0.63256353), (-0.49134263, 0.5987034, 0.63256353), (-0.49134263, 0.5987034, 0.63256353), (-0.49134263, 0.5987034, 0.63256353), (-0.49134263, 0.5987034, 0.63256353), (-0.40361553, 0.49180704, -0.77150524), (-0.40361553, 0.49180704, -0.77150524), (-0.40361553, 0.49180704, -0.77150524), (-0.40361553, 0.49180704, -0.77150524), (-0.5600838, 0.6824645, 0.46962577), (-0.5600838, 0.6824645, 0.46962577), (-0.5600838, 0.6824645, 0.46962577), (-0.5600838, 0.6824645, 0.46962577), (-0.3001744, 0.3657644, -0.88097197), (-0.3001744, 0.3657644, -0.88097197), (-0.3001744, 0.3657644, -0.88097197), (-0.3001744, 0.3657644, -0.88097197), (-0.41617963, 0.7786182, -0.4696255), (-0.41617963, 0.7786182, -0.4696255), (-0.41617963, 0.7786182, -0.4696255), (-0.41617963, 0.7786182, -0.4696255), (-0.29991305, 0.5610988, 0.7715052), (-0.29991305, 0.5610988, 0.7715052), (-0.29991305, 0.5610988, 0.7715052), (-0.29991305, 0.5610988, 0.7715052), (-0.36510065, 0.68305576, -0.63256335), (-0.36510065, 0.68305576, -0.63256335), (-0.36510065, 0.68305576, -0.63256335), (-0.36510065, 0.68305576, -0.63256335), (-0.36510062, 0.6830557, 0.6325634), (-0.36510062, 0.6830557, 0.6325634), (-0.36510062, 0.6830557, 0.6325634), (-0.36510062, 0.6830557, 0.6325634), (-0.29991308, 0.5610989, -0.7715051), (-0.29991308, 0.5610989, -0.7715051), (-0.29991308, 0.5610989, -0.7715051), (-0.29991308, 0.5610989, -0.7715051), (-0.41617963, 0.7786182, 0.4696255), (-0.41617963, 0.7786182, 0.4696255), (-0.41617963, 0.7786182, 0.4696255), (-0.41617963, 0.7786182, 0.4696255), (-0.22304992, 0.41729754, -0.8809719), (-0.22304992, 0.41729754, -0.8809719), (-0.22304992, 0.41729754, -0.8809719), (-0.22304992, 0.41729754, -0.8809719), (-0.45128077, 0.84428716, 0.28900683), (-0.45128077, 0.84428716, 0.28900683), (-0.45128077, 0.84428716, 0.28900683), (-0.45128077, 0.84428716, 0.28900683), (-0.13744536, 0.25714183, -0.95654947), (-0.13744536, 0.25714183, -0.95654947), (-0.13744536, 0.25714183, -0.95654947), (-0.13744536, 0.25714183, -0.95654947), (-0.4691485, 0.8777154, 0.09754679), (-0.4691485, 0.8777154, 0.09754679), (-0.4691485, 0.8777154, 0.09754679), (-0.4691485, 0.8777154, 0.09754679), (-0.04642211, 0.08685787, 0.9951385), (-0.04642211, 0.08685787, 0.9951385), (-0.04642211, 0.08685787, 0.9951385), (-0.046423122, 0.08685786, -0.9951384), (-0.046423122, 0.08685786, -0.9951384), (-0.046423122, 0.08685786, -0.9951384), (-0.4691485, 0.8777154, -0.09754679), (-0.4691485, 0.8777154, -0.09754679), (-0.4691485, 0.8777154, -0.09754679), (-0.4691485, 0.8777154, -0.09754679), (-0.13744536, 0.25714183, 0.95654947), (-0.13744536, 0.25714183, 0.95654947), (-0.13744536, 0.25714183, 0.95654947), (-0.13744536, 0.25714183, 0.95654947), (-0.4512808, 0.8442872, -0.28900665), (-0.4512808, 0.8442872, -0.28900665), (-0.4512808, 0.8442872, -0.28900665), (-0.4512808, 0.8442872, -0.28900665), (-0.2230499, 0.41729748, 0.8809719), (-0.2230499, 0.41729748, 0.8809719), (-0.2230499, 0.41729748, 0.8809719), (-0.2230499, 0.41729748, 0.8809719), (-0.08463807, 0.27901515, -0.95654947), (-0.08463807, 0.27901515, -0.95654947), (-0.08463807, 0.27901515, -0.95654947), (-0.08463807, 0.27901515, -0.95654947), (-0.28889966, 0.9523767, 0.09754745), (-0.28889966, 0.9523767, 0.09754745), (-0.28889966, 0.9523767, 0.09754745), (-0.28889966, 0.9523767, 0.09754745), (-0.028590968, 0.094246276, 0.9951383), (-0.028590968, 0.094246276, 0.9951383), (-0.028590968, 0.094246276, 0.9951383), (-0.028592493, 0.09424626, -0.99513817), (-0.028592493, 0.09424626, -0.99513817), (-0.028592493, 0.09424626, -0.99513817), (-0.28889966, 0.9523767, -0.09754745), (-0.28889966, 0.9523767, -0.09754745), (-0.28889966, 0.9523767, -0.09754745), (-0.28889966, 0.9523767, -0.09754745), (-0.08463943, 0.27901512, 0.9565494), (-0.08463943, 0.27901512, 0.9565494), (-0.08463943, 0.27901512, 0.9565494), (-0.08463943, 0.27901512, 0.9565494), (-0.2778968, 0.91610515, -0.28900656), (-0.2778968, 0.91610515, -0.28900656), (-0.2778968, 0.91610515, -0.28900656), (-0.2778968, 0.91610515, -0.28900656), (-0.13735293, 0.45279422, 0.88097185), (-0.13735293, 0.45279422, 0.88097185), (-0.13735293, 0.45279422, 0.88097185), (-0.13735293, 0.45279422, 0.88097185), (-0.25628173, 0.8448498, -0.46962577), (-0.25628173, 0.8448498, -0.46962577), (-0.25628173, 0.8448498, -0.46962577), (-0.25628173, 0.8448498, -0.46962577), (-0.18468615, 0.60882735, 0.7715051), (-0.18468615, 0.60882735, 0.7715051), (-0.18468615, 0.60882735, 0.7715051), (-0.18468615, 0.60882735, 0.7715051), (-0.2248278, 0.7411585, -0.6325635), (-0.2248278, 0.7411585, -0.6325635), (-0.2248278, 0.7411585, -0.6325635), (-0.2248278, 0.7411585, -0.6325635), (-0.22482784, 0.74115866, 0.63256335), (-0.22482784, 0.74115866, 0.63256335), (-0.22482784, 0.74115866, 0.63256335), (-0.22482784, 0.74115866, 0.63256335), (-0.18468556, 0.6088275, -0.77150524), (-0.18468556, 0.6088275, -0.77150524), (-0.18468556, 0.6088275, -0.77150524), (-0.18468556, 0.6088275, -0.77150524), (-0.25628173, 0.8448498, 0.46962577), (-0.25628173, 0.8448498, 0.46962577), (-0.25628173, 0.8448498, 0.46962577), (-0.25628173, 0.8448498, 0.46962577), (-0.13735375, 0.45279413, -0.8809718), (-0.13735375, 0.45279413, -0.8809718), (-0.13735375, 0.45279413, -0.8809718), (-0.13735375, 0.45279413, -0.8809718), (-0.2778968, 0.91610515, 0.28900656), (-0.2778968, 0.91610515, 0.28900656), (-0.2778968, 0.91610515, 0.28900656), (-0.2778968, 0.91610515, 0.28900656), (-0.07591607, 0.77077836, -0.6325642), (-0.07591607, 0.77077836, -0.6325642), (-0.07591607, 0.77077836, -0.6325642), (-0.07591607, 0.77077836, -0.6325642), (-0.07591607, 0.77077836, 0.6325642), (-0.07591607, 0.77077836, 0.6325642), (-0.07591607, 0.77077836, 0.6325642), (-0.07591607, 0.77077836, 0.6325642), (-0.062361848, 0.6331599, -0.7715047), (-0.062361848, 0.6331599, -0.7715047), (-0.062361848, 0.6331599, -0.7715047), (-0.062361848, 0.6331599, -0.7715047), (-0.086537175, 0.8786148, 0.46962476), (-0.086537175, 0.8786148, 0.46962476), (-0.086537175, 0.8786148, 0.46962476), (-0.086537175, 0.8786148, 0.46962476), (-0.046380855, 0.47088954, -0.88097215), (-0.046380855, 0.47088954, -0.88097215), (-0.046380855, 0.47088954, -0.88097215), (-0.046380855, 0.47088954, -0.88097215), (-0.09383563, 0.95271665, 0.28900856), (-0.09383563, 0.95271665, 0.28900856), (-0.09383563, 0.95271665, 0.28900856), (-0.09383563, 0.95271665, 0.28900856), (-0.028578628, 0.29016608, -0.95654947), (-0.028578628, 0.29016608, -0.95654947), (-0.028578628, 0.29016608, -0.95654947), (-0.028578628, 0.29016608, -0.95654947), (-0.097554155, 0.99043804, 0.09754832), (-0.097554155, 0.99043804, 0.09754832), (-0.097554155, 0.99043804, 0.09754832), (-0.097554155, 0.99043804, 0.09754832), (-0.009651236, 0.09801283, 0.99513835), (-0.009651236, 0.09801283, 0.99513835), (-0.009651236, 0.09801283, 0.99513835), (-0.009653083, 0.09801283, -0.99513835), (-0.009653083, 0.09801283, -0.99513835), (-0.009653083, 0.09801283, -0.99513835), (-0.097554155, 0.99043804, -0.09754832), (-0.097554155, 0.99043804, -0.09754832), (-0.097554155, 0.99043804, -0.09754832), (-0.097554155, 0.99043804, -0.09754832), (-0.028578628, 0.29016608, 0.95654947), (-0.028578628, 0.29016608, 0.95654947), (-0.028578628, 0.29016608, 0.95654947), (-0.028578628, 0.29016608, 0.95654947), (-0.09383563, 0.95271665, -0.28900856), (-0.09383563, 0.95271665, -0.28900856), (-0.09383563, 0.95271665, -0.28900856), (-0.09383563, 0.95271665, -0.28900856), (-0.04638086, 0.47088957, 0.8809721), (-0.04638086, 0.47088957, 0.8809721), (-0.04638086, 0.47088957, 0.8809721), (-0.04638086, 0.47088957, 0.8809721), (-0.086537175, 0.8786148, -0.46962476), (-0.086537175, 0.8786148, -0.46962476), (-0.086537175, 0.8786148, -0.46962476), (-0.086537175, 0.8786148, -0.46962476), (-0.06236183, 0.6331597, 0.7715048), (-0.06236183, 0.6331597, 0.7715048), (-0.06236183, 0.6331597, 0.7715048), (-0.06236183, 0.6331597, 0.7715048)] (
                interpolation = "faceVarying"
            )
            point3f[] points = [(0, 0, 0.7), (0, 0.38889918, 0.5820287), (0, 0.5820287, 0.38889918), (0, 0.68654966, 0.13656323), (0, 0.7, 0), (0, 0.68654966, -0.13656323), (0, 0.5820287, -0.38889918), (0, 0.38889918, -0.5820287), (0, 0, -0.7), (0.026642164, 0.13393919, 0.68654966), (0.052260485, 0.2627312, 0.64671564), (0.07587047, 0.38142657, 0.5820287), (0.09656478, 0.48546392, 0.49497473), (0.11354817, 0.5708451, 0.38889918), (0.12616797, 0.63428915, 0.2678784), (0.13393919, 0.6733578, 0.13656323), (0.13656323, 0.68654966, 0), (0.13393919, 0.6733578, -0.13656323), (0.12616797, 0.63428915, -0.2678784), (0.11354817, 0.5708451, -0.38889918), (0.09656478, 0.48546392, -0.49497473), (0.07587047, 0.38142657, -0.5820287), (0.052260485, 0.2627312, -0.64671564), (0.026642164, 0.13393919, -0.68654966), (0.05226048, 0.12616795, 0.68654966), (0.10251263, 0.24748738, 0.64671564), (0.14882527, 0.35929596, 0.5820287), (0.18941861, 0.457297, 0.49497473), (0.22273272, 0.5377244, 0.38889918), (0.24748737, 0.5974873, 0.2678784), (0.26273116, 0.63428915, 0.13656323), (0.26787838, 0.64671564, 0), (0.26273116, 0.63428915, -0.13656323), (0.24748737, 0.5974873, -0.2678784), (0.22273272, 0.5377244, -0.38889918), (0.18941861, 0.457297, -0.49497473), (0.14882527, 0.35929596, -0.5820287), (0.10251263, 0.24748738, -0.64671564), (0.05226048, 0.12616795, -0.68654966), (0.075870454, 0.11354815, 0.68654966), (0.14882526, 0.22273275, 0.64671564), (0.2160608, 0.32335782, 0.5820287), (0.27499318, 0.4115564, 0.49497473), (0.3233578, 0.48393914, 0.38889918), (0.35929593, 0.5377243, 0.2678784), (0.38142654, 0.5708451, 0.13656323), (0.38889915, 0.5820287, 0), (0.38142654, 0.5708451, -0.13656323), (0.35929593, 0.5377243, -0.2678784), (0.3233578, 0.48393914, -0.38889918), (0.27499318, 0.4115564, -0.49497473), (0.2160608, 0.32335782, -0.5820287), (0.14882526, 0.22273275, -0.64671564), (0.075870454, 0.11354815, -0.68654966), (0.09656477, 0.09656476, 0.68654966), (0.18941863, 0.18941864, 0.64671564), (0.27499324, 0.2749932, 0.5820287), (0.34999993, 0.34999993, 0.49497473), (0.4115564, 0.4115564, 0.38889918), (0.45729697, 0.45729694, 0.2678784), (0.4854639, 0.48546386, 0.13656323), (0.4949747, 0.49497467, 0), (0.4854639, 0.48546386, -0.13656323), (0.45729697, 0.45729694, -0.2678784), (0.4115564, 0.4115564, -0.38889918), (0.34999993, 0.34999993, -0.49497473), (0.27499324, 0.2749932, -0.5820287), (0.18941863, 0.18941864, -0.64671564), (0.09656477, 0.09656476, -0.68654966), (0.11354815, 0.07587044, 0.68654966), (0.22273274, 0.14882526, 0.64671564), (0.32335782, 0.21606077, 0.5820287), (0.41155636, 0.27499318, 0.49497473), (0.4839391, 0.32335776, 0.38889918), (0.5377243, 0.35929587, 0.2678784), (0.5708451, 0.38142648, 0.13656323), (0.5820286, 0.3888991, 0), (0.5708451, 0.38142648, -0.13656323), (0.5377243, 0.35929587, -0.2678784), (0.4839391, 0.32335776, -0.38889918), (0.41155636, 0.27499318, -0.49497473), (0.32335782, 0.21606077, -0.5820287), (0.22273274, 0.14882526, -0.64671564), (0.11354815, 0.07587044, -0.68654966), (0.12616794, 0.05226046, 0.68654966), (0.24748735, 0.10251262, 0.64671564), (0.35929593, 0.14882523, 0.5820287), (0.4572969, 0.18941858, 0.49497473), (0.5377243, 0.22273268, 0.38889918), (0.5974872, 0.2474873, 0.2678784), (0.63428915, 0.2627311, 0.13656323), (0.6467155, 0.26787832, 0), (0.63428915, 0.2627311, -0.13656323), (0.5974872, 0.2474873, -0.2678784), (0.5377243, 0.22273268, -0.38889918), (0.4572969, 0.18941858, -0.49497473), (0.35929593, 0.14882523, -0.5820287), (0.24748735, 0.10251262, -0.64671564), (0.12616794, 0.05226046, -0.68654966), (0.13393916, 0.026642144, 0.68654966), (0.26273116, 0.052260477, 0.64671564), (0.3814265, 0.07587043, 0.5820287), (0.4854638, 0.09656476, 0.49497473), (0.57084507, 0.11354812, 0.38889918), (0.634289, 0.12616792, 0.2678784), (0.6733577, 0.13393912, 0.13656323), (0.6865495, 0.13656317, 0), (0.6733577, 0.13393912, -0.13656323), (0.634289, 0.12616792, -0.2678784), (0.57084507, 0.11354812, -0.38889918), (0.4854638, 0.09656476, -0.49497473), (0.3814265, 0.07587043, -0.5820287), (0.26273116, 0.052260477, -0.64671564), (0.13393916, 0.026642144, -0.68654966), (0.13656318, -1.3038516e-8, 0.68654966), (0.26787838, 0, 0.64671564), (0.3888991, -2.2351742e-8, 0.5820287), (0.49497458, 0, 0.49497473), (0.58202857, -2.2351742e-8, 0.38889918), (0.64671546, -1.4901161e-8, 0.2678784), (0.68654954, -7.4505806e-8, 0.13656323), (0.69999975, -1.4901161e-8, 0), (0.68654954, -7.4505806e-8, -0.13656323), (0.64671546, -1.4901161e-8, -0.2678784), (0.58202857, -2.2351742e-8, -0.38889918), (0.49497458, 0, -0.49497473), (0.3888991, -2.2351742e-8, -0.5820287), (0.26787838, 0, -0.64671564), (0.13656318, -1.3038516e-8, -0.68654966), (0.13393916, -0.026642168, 0.68654966), (0.26273116, -0.05226048, 0.64671564), (0.38142648, -0.07587047, 0.5820287), (0.48546377, -0.096564755, 0.49497473), (0.570845, -0.11354817, 0.38889918), (0.63428897, -0.12616794, 0.2678784), (0.67335767, -0.13393925, 0.13656323), (0.6865494, -0.1365632, 0), (0.67335767, -0.13393925, -0.13656323), (0.63428897, -0.12616794, -0.2678784), (0.570845, -0.11354817, -0.38889918), (0.48546377, -0.096564755, -0.49497473), (0.38142648, -0.07587047, -0.5820287), (0.26273116, -0.05226048, -0.64671564), (0.13393916, -0.026642168, -0.68654966), (0.12616792, -0.05226048, 0.68654966), (0.24748735, -0.10251261, 0.64671564), (0.35929587, -0.14882526, 0.5820287), (0.45729685, -0.18941857, 0.49497473), (0.53772426, -0.22273271, 0.38889918), (0.5974871, -0.24748729, 0.2678784), (0.634289, -0.2627312, 0.13656323), (0.6467154, -0.2678783, 0), (0.634289, -0.2627312, -0.13656323), (0.5974871, -0.24748729, -0.2678784), (0.53772426, -0.22273271, -0.38889918), (0.45729685, -0.18941857, -0.49497473), (0.35929587, -0.14882526, -0.5820287), (0.24748735, -0.10251261, -0.64671564), (0.12616792, -0.05226048, -0.68654966), (0.11354812, -0.075870454, 0.68654966), (0.22273272, -0.14882524, 0.64671564), (0.32335773, -0.21606077, 0.5820287), (0.41155627, -0.27499312, 0.49497473), (0.48393902, -0.32335776, 0.38889918), (0.53772414, -0.35929585, 0.2678784), (0.570845, -0.38142654, 0.13656323), (0.58202845, -0.388899, 0), (0.570845, -0.38142654, -0.13656323), (0.53772414, -0.35929585, -0.2678784), (0.48393902, -0.32335776, -0.38889918), (0.41155627, -0.27499312, -0.49497473), (0.32335773, -0.21606077, -0.5820287), (0.22273272, -0.14882524, -0.64671564), (0.11354812, -0.075870454, -0.68654966), (0.09656473, -0.09656476, 0.68654966), (0.18941861, -0.18941861, 0.64671564), (0.27499312, -0.27499318, 0.5820287), (0.34999982, -0.34999985, 0.49497473), (0.41155627, -0.41155633, 0.38889918), (0.45729676, -0.45729685, 0.2678784), (0.48546374, -0.48546386, 0.13656323), (0.49497446, -0.4949745, 0), (0.48546374, -0.48546386, -0.13656323), (0.45729676, -0.45729685, -0.2678784), (0.41155627, -0.41155633, -0.38889918), (0.34999982, -0.34999985, -0.49497473), (0.27499312, -0.27499318, -0.5820287), (0.18941861, -0.18941861, -0.64671564), (0.09656473, -0.09656476, -0.68654966), (0.07587041, -0.11354814, 0.68654966), (0.14882523, -0.22273272, 0.64671564), (0.2160607, -0.32335776, 0.5820287), (0.27499306, -0.41155624, 0.49497473), (0.32335764, -0.48393902, 0.38889918), (0.35929573, -0.53772414, 0.2678784), (0.38142636, -0.57084507, 0.13656323), (0.3888989, -0.5820284, 0), (0.38142636, -0.57084507, -0.13656323), (0.35929573, -0.53772414, -0.2678784), (0.32335764, -0.48393902, -0.38889918), (0.27499306, -0.41155624, -0.49497473), (0.2160607, -0.32335776, -0.5820287), (0.14882523, -0.22273272, -0.64671564), (0.07587041, -0.11354814, -0.68654966), (0.052260436, -0.12616792, 0.68654966), (0.10251259, -0.24748734, 0.64671564), (0.14882517, -0.35929587, 0.5820287), (0.1894185, -0.4572968, 0.49497473), (0.22273257, -0.5377242, 0.38889918), (0.24748719, -0.59748703, 0.2678784), (0.26273102, -0.634289, 0.13656323), (0.2678782, -0.6467153, 0), (0.26273102, -0.634289, -0.13656323), (0.24748719, -0.59748703, -0.2678784), (0.22273257, -0.5377242, -0.38889918), (0.1894185, -0.4572968, -0.49497473), (0.14882517, -0.35929587, -0.5820287), (0.10251259, -0.24748734, -0.64671564), (0.052260436, -0.12616792, -0.68654966), (0.026642125, -0.13393915, 0.68654966), (0.05226045, -0.26273113, 0.64671564), (0.07587038, -0.38142645, 0.5820287), (0.096564695, -0.48546365, 0.49497473), (0.11354804, -0.57084495, 0.38889918), (0.12616783, -0.6342888, 0.2678784), (0.13393906, -0.6733576, 0.13656323), (0.13656309, -0.68654925, 0), (0.13393906, -0.6733576, -0.13656323), (0.12616783, -0.6342888, -0.2678784), (0.11354804, -0.57084495, -0.38889918), (0.096564695, -0.48546365, -0.49497473), (0.07587038, -0.38142645, -0.5820287), (0.05226045, -0.26273113, -0.64671564), (0.026642125, -0.13393915, -0.68654966), (-2.7939677e-8, -0.13656315, 0.68654966), (-2.2351742e-8, -0.26787835, 0.64671564), (-5.9604645e-8, -0.38889903, 0.5820287), (-2.9802322e-8, -0.49497443, 0.49497473), (-8.195639e-8, -0.58202845, 0.38889918), (-5.9604645e-8, -0.64671516, 0.2678784), (-1.0430813e-7, -0.6865494, 0.13656323), (-4.4703484e-8, -0.6999995, 0), (-1.0430813e-7, -0.6865494, -0.13656323), (-5.9604645e-8, -0.64671516, -0.2678784), (-8.195639e-8, -0.58202845, -0.38889918), (-2.9802322e-8, -0.49497443, -0.49497473), (-5.9604645e-8, -0.38889903, -0.5820287), (-2.2351742e-8, -0.26787835, -0.64671564), (-2.7939677e-8, -0.13656315, -0.68654966), (-0.026642177, -0.13393913, 0.68654966), (-0.052260496, -0.26273113, 0.64671564), (-0.0758705, -0.38142642, 0.5820287), (-0.096564755, -0.48546362, 0.49497473), (-0.1135482, -0.5708449, 0.38889918), (-0.12616792, -0.63428867, 0.2678784), (-0.13393925, -0.67335755, 0.13656323), (-0.13656318, -0.6865492, 0), (-0.13393925, -0.67335755, -0.13656323), (-0.12616792, -0.63428867, -0.2678784), (-0.1135482, -0.5708449, -0.38889918), (-0.096564755, -0.48546362, -0.49497473), (-0.0758705, -0.38142642, -0.5820287), (-0.052260496, -0.26273113, -0.64671564), (-0.026642177, -0.13393913, -0.68654966), (-0.052260485, -0.1261679, 0.68654966), (-0.10251263, -0.2474873, 0.64671564), (-0.14882527, -0.35929582, 0.5820287), (-0.18941854, -0.4572967, 0.49497473), (-0.22273272, -0.53772414, 0.38889918), (-0.24748722, -0.5974868, 0.2678784), (-0.2627312, -0.6342889, 0.13656323), (-0.26787826, -0.64671516, 0), (-0.2627312, -0.6342889, -0.13656323), (-0.24748722, -0.5974868, -0.2678784), (-0.22273272, -0.53772414, -0.38889918), (-0.18941854, -0.4572967, -0.49497473), (-0.14882527, -0.35929582, -0.5820287), (-0.10251263, -0.2474873, -0.64671564), (-0.052260485, -0.1261679, -0.68654966), (-0.07587045, -0.11354809, 0.68654966), (-0.14882526, -0.22273268, 0.64671564), (-0.21606077, -0.32335767, 0.5820287), (-0.27499306, -0.41155615, 0.49497473), (-0.32335776, -0.4839389, 0.38889918), (-0.3592957, -0.53772384, 0.2678784), (-0.3814265, -0.5708449, 0.13656323), (-0.3888989, -0.5820282, 0), (-0.3814265, -0.5708449, -0.13656323), (-0.3592957, -0.53772384, -0.2678784), (-0.32335776, -0.4839389, -0.38889918), (-0.27499306, -0.41155615, -0.49497473), (-0.21606077, -0.32335767, -0.5820287), (-0.14882526, -0.22273268, -0.64671564), (-0.07587045, -0.11354809, -0.68654966), (-0.09656475, -0.0965647, 0.68654966), (-0.18941861, -0.18941857, 0.64671564), (-0.27499318, -0.27499306, 0.5820287), (-0.34999976, -0.34999973, 0.49497473), (-0.4115563, -0.41155615, 0.38889918), (-0.45729664, -0.4572965, 0.2678784), (-0.4854638, -0.48546365, 0.13656323), (-0.49497437, -0.4949743, 0), (-0.4854638, -0.48546365, -0.13656323), (-0.45729664, -0.4572965, -0.2678784), (-0.4115563, -0.41155615, -0.38889918), (-0.34999976, -0.34999973, -0.49497473), (-0.27499318, -0.27499306, -0.5820287), (-0.18941861, -0.18941857, -0.64671564), (-0.09656475, -0.0965647, -0.68654966), (-0.113548115, -0.07587039, 0.68654966), (-0.22273271, -0.1488252, 0.64671564), (-0.32335776, -0.21606064, 0.5820287), (-0.41155615, -0.274993, 0.49497473), (-0.48393896, -0.32335755, 0.38889918), (-0.53772396, -0.35929552, 0.2678784), (-0.570845, -0.38142627, 0.13656323), (-0.58202827, -0.38889876, 0), (-0.570845, -0.38142627, -0.13656323), (-0.53772396, -0.35929552, -0.2678784), (-0.48393896, -0.32335755, -0.38889918), (-0.41155615, -0.274993, -0.49497473), (-0.32335776, -0.21606064, -0.5820287), (-0.22273271, -0.1488252, -0.64671564), (-0.113548115, -0.07587039, -0.68654966), (-0.1261679, -0.052260414, 0.68654966), (-0.24748732, -0.10251257, 0.64671564), (-0.35929585, -0.14882511, 0.5820287), (-0.45729667, -0.18941846, 0.49497473), (-0.53772414, -0.2227325, 0.38889918), (-0.5974868, -0.24748701, 0.2678784), (-0.63428897, -0.26273093, 0.13656323), (-0.64671516, -0.26787806, 0), (-0.63428897, -0.26273093, -0.13656323), (-0.5974868, -0.24748701, -0.2678784), (-0.53772414, -0.2227325, -0.38889918), (-0.45729667, -0.18941846, -0.49497473), (-0.35929585, -0.14882511, -0.5820287), (-0.24748732, -0.10251257, -0.64671564), (-0.1261679, -0.052260414, -0.68654966), (-0.13393912, -0.026642108, 0.68654966), (-0.26273113, -0.052260432, 0.64671564), (-0.38142642, -0.07587033, 0.5820287), (-0.48546356, -0.09656469, 0.49497473), (-0.5708449, -0.11354797, 0.38889918), (-0.63428855, -0.12616771, 0.2678784), (-0.6733575, -0.13393898, 0.13656323), (-0.68654907, -0.13656297, 0), (-0.6733575, -0.13393898, -0.13656323), (-0.63428855, -0.12616771, -0.2678784), (-0.5708449, -0.11354797, -0.38889918), (-0.48546356, -0.09656469, -0.49497473), (-0.38142642, -0.07587033, -0.5820287), (-0.26273113, -0.052260432, -0.64671564), (-0.13393912, -0.026642108, -0.68654966), (-0.13656312, 3.9115548e-8, 0.68654966), (-0.26787832, 4.0978193e-8, 0.64671564), (-0.38889897, 1.1175871e-7, 0.5820287), (-0.49497432, 1.4901161e-8, 0.49497473), (-0.5820284, 1.4156103e-7, 0.38889918), (-0.6467149, 1.1920929e-7, 0.2678784), (-0.6865493, 1.4901161e-7, 0.13656323), (-0.69999933, 1.1920929e-7, 0), (-0.6865493, 1.4901161e-7, -0.13656323), (-0.6467149, 1.1920929e-7, -0.2678784), (-0.5820284, 1.4156103e-7, -0.38889918), (-0.49497432, 1.4901161e-8, -0.49497473), (-0.38889897, 1.1175871e-7, -0.5820287), (-0.26787832, 4.0978193e-8, -0.64671564), (-0.13656312, 3.9115548e-8, -0.68654966), (-0.13393909, 0.026642183, 0.68654966), (-0.2627311, 0.05226051, 0.64671564), (-0.38142633, 0.075870536, 0.5820287), (-0.4854635, 0.09656472, 0.49497473), (-0.5708449, 0.11354825, 0.38889918), (-0.6342885, 0.12616794, 0.2678784), (-0.6733574, 0.13393928, 0.13656323), (-0.686549, 0.13656321, 0), (-0.6733574, 0.13393928, -0.13656323), (-0.6342885, 0.12616794, -0.2678784), (-0.5708449, 0.11354825, -0.38889918), (-0.4854635, 0.09656472, -0.49497473), (-0.38142633, 0.075870536, -0.5820287), (-0.2627311, 0.05226051, -0.64671564), (-0.13393909, 0.026642183, -0.68654966), (-0.12616785, 0.05226048, 0.68654966), (-0.24748728, 0.10251263, 0.64671564), (-0.3592957, 0.14882529, 0.5820287), (-0.45729658, 0.18941848, 0.49497473), (-0.5377241, 0.22273277, 0.38889918), (-0.5974866, 0.2474872, 0.2678784), (-0.6342888, 0.2627312, 0.13656323), (-0.646715, 0.26787823, 0), (-0.6342888, 0.2627312, -0.13656323), (-0.5974866, 0.2474872, -0.2678784), (-0.5377241, 0.22273277, -0.38889918), (-0.45729658, 0.18941848, -0.49497473), (-0.3592957, 0.14882529, -0.5820287), (-0.24748728, 0.10251263, -0.64671564), (-0.12616785, 0.05226048, -0.68654966), (-0.11354805, 0.07587044, 0.68654966), (-0.22273265, 0.14882524, 0.64671564), (-0.32335755, 0.21606076, 0.5820287), (-0.41155604, 0.274993, 0.49497473), (-0.48393884, 0.3233578, 0.38889918), (-0.53772366, 0.35929567, 0.2678784), (-0.57084477, 0.3814265, 0.13656323), (-0.58202803, 0.38889885, 0), (-0.57084477, 0.3814265, -0.13656323), (-0.53772366, 0.35929567, -0.2678784), (-0.48393884, 0.3233578, -0.38889918), (-0.41155604, 0.274993, -0.49497473), (-0.32335755, 0.21606076, -0.5820287), (-0.22273265, 0.14882524, -0.64671564), (-0.11354805, 0.07587044, -0.68654966), (-0.09656466, 0.09656473, 0.68654966), (-0.18941854, 0.18941858, 0.64671564), (-0.27499294, 0.27499312, 0.5820287), (-0.3499996, 0.34999967, 0.49497473), (-0.4115561, 0.41155633, 0.38889918), (-0.4572963, 0.45729658, 0.2678784), (-0.48546353, 0.4854638, 0.13656323), (-0.49497414, 0.4949743, 0), (-0.48546353, 0.4854638, -0.13656323), (-0.4572963, 0.45729658, -0.2678784), (-0.4115561, 0.41155633, -0.38889918), (-0.3499996, 0.34999967, -0.49497473), (-0.27499294, 0.27499312, -0.5820287), (-0.18941854, 0.18941858, -0.64671564), (-0.09656466, 0.09656473, -0.68654966), (-0.07587035, 0.11354809, 0.68654966), (-0.14882518, 0.2227327, 0.64671564), (-0.21606052, 0.32335767, 0.5820287), (-0.27499288, 0.41155604, 0.49497473), (-0.32335746, 0.483939, 0.38889918), (-0.35929534, 0.53772384, 0.2678784), (-0.38142616, 0.57084495, 0.13656323), (-0.3888986, 0.58202815, 0), (-0.38142616, 0.57084495, -0.13656323), (-0.35929534, 0.53772384, -0.2678784), (-0.32335746, 0.483939, -0.38889918), (-0.27499288, 0.41155604, -0.49497473), (-0.21606052, 0.32335767, -0.5820287), (-0.14882518, 0.2227327, -0.64671564), (-0.07587035, 0.11354809, -0.68654966), (-0.052260384, 0.12616786, 0.68654966), (-0.10251255, 0.2474873, 0.64671564), (-0.14882502, 0.35929573, 0.5820287), (-0.18941836, 0.45729652, 0.49497473), (-0.22273242, 0.53772414, 0.38889918), (-0.24748686, 0.5974867, 0.2678784), (-0.2627308, 0.6342889, 0.13656323), (-0.26787797, 0.646715, 0), (-0.2627308, 0.6342889, -0.13656323), (-0.24748686, 0.5974867, -0.2678784), (-0.22273242, 0.53772414, -0.38889918), (-0.18941836, 0.45729652, -0.49497473), (-0.14882502, 0.35929573, -0.5820287), (-0.10251255, 0.2474873, -0.64671564), (-0.052260384, 0.12616786, -0.68654966), (-0.026642084, 0.13393907, 0.68654966), (-0.05226042, 0.2627311, 0.64671564), (-0.07587026, 0.38142627, 0.5820287), (-0.09656461, 0.48546338, 0.49497473), (-0.1135479, 0.5708448, 0.38889918), (-0.1261676, 0.6342884, 0.2678784), (-0.13393888, 0.6733574, 0.13656323), (-0.13656291, 0.6865489, 0), (-0.13393888, 0.6733574, -0.13656323), (-0.1261676, 0.6342884, -0.2678784), (-0.1135479, 0.5708448, -0.38889918), (-0.09656461, 0.48546338, -0.49497473), (-0.07587026, 0.38142627, -0.5820287), (-0.05226042, 0.2627311, -0.64671564), (-0.026642084, 0.13393907, -0.68654966), (5.2154064e-8, 0.13656308, 0.68654966), (4.4703484e-8, 0.2678783, 0.64671564), (5.9604645e-8, 0.49497414, 0.49497473), (2.0861626e-7, 0.64671475, 0.2678784), (2.0861626e-7, 0.64671475, -0.2678784), (5.9604645e-8, 0.49497414, -0.49497473), (4.4703484e-8, 0.2678783, -0.64671564), (5.2154064e-8, 0.13656308, -0.68654966)]
            texCoord2f[] primvars:st = [(0.73437494, 1), (0.703125, 1), (0.671875, 1), (0.640625, 1), (0.609375, 1), (0.578125, 1), (0.546875, 1), (0.515625, 1), (0.484375, 1), (0.453125, 1), (0.42187497, 1), (0.39062497, 1), (0.35937497, 1), (0.32812497, 1), (0.296875, 1), (0.26562497, 1), (0.23437497, 1), (0.20312497, 1), (0.171875, 1), (0.14062497, 1), (0.10937497, 1), (0.07812494, 1), (0.04687497, 1), (0.01562497, 1), (0.984375, 1), (0.95312494, 1), (0.92187494, 1), (0.890625, 1), (0.85937494, 1), (0.82812494, 1), (0.7968749, 1), (0.76562494, 1), (0.75, 0.8125), (0.75, 0.6875), (0.75, 0.5625), (0.75, 0.5), (0.75, 0.4375), (0.75, 0.31250006), (0.75, 0.1875), (0.73437494, 0), (0.703125, 0), (0.671875, 0), (0.640625, 0), (0.609375, 0), (0.578125, 0), (0.546875, 0), (0.515625, 0), (0.484375, 0), (0.453125, 0), (0.42187497, 0), (0.39062497, 0), (0.35937497, 0), (0.32812497, 0), (0.296875, 0), (0.26562497, 0), (0.23437497, 0), (0.20312497, 0), (0.171875, 0), (0.14062497, 0), (0.10937497, 0), (0.07812494, 0), (0.04687497, 0), (0.01562497, 0), (0.984375, 0), (0.95312494, 0), (0.92187494, 0), (0.890625, 0), (0.85937494, 0), (0.82812494, 0), (0.7968749, 0), (0.76562494, 0), (0.71875, 0.93749994), (0.71875, 0.875), (0.71875, 0.8125), (0.71875, 0.75), (0.71875, 0.6875), (0.71875, 0.625), (0.71875, 0.5625), (0.71875, 0.5), (0.71875, 0.4375), (0.71875, 0.375), (0.71875, 0.31250006), (0.71875, 0.25), (0.71875, 0.1875), (0.71875, 0.12500006), (0.71875, 0.06250012), (0.6875, 0.93749994), (0.6875, 0.875), (0.6875, 0.8125), (0.6875, 0.75), (0.6875, 0.6875), (0.6875, 0.625), (0.6875, 0.5625), (0.6875, 0.5), (0.6875, 0.4375), (0.6875, 0.375), (0.6875, 0.31250006), (0.6875, 0.25), (0.6875, 0.1875), (0.6875, 0.12500006), (0.6875, 0.06250012), (0.65625, 0.93749994), (0.65625, 0.875), (0.65625, 0.8125), (0.65625, 0.75), (0.65625, 0.6875), (0.65625, 0.625), (0.65625, 0.5625), (0.65625, 0.5), (0.65625, 0.4375), (0.65625, 0.375), (0.65625, 0.31250006), (0.65625, 0.25), (0.65625, 0.1875), (0.65625, 0.12500006), (0.65625, 0.06250012), (0.625, 0.93749994), (0.625, 0.875), (0.625, 0.8125), (0.625, 0.75), (0.625, 0.6875), (0.625, 0.62500006), (0.625, 0.5625), (0.625, 0.5), (0.625, 0.4375), (0.625, 0.375), (0.625, 0.31249994), (0.625, 0.25), (0.625, 0.1875), (0.625, 0.12500006), (0.625, 0.06250012), (0.59375, 0.93749994), (0.59375, 0.875), (0.59375, 0.8125), (0.59375, 0.75), (0.59375, 0.6875), (0.59375, 0.62500006), (0.59375, 0.5625), (0.59375, 0.5), (0.59375, 0.4375), (0.59375, 0.375), (0.59375, 0.31249994), (0.59375, 0.25), (0.59375, 0.1875), (0.59375, 0.12500006), (0.59375, 0.06250012), (0.5625, 0.93749994), (0.5625, 0.875), (0.5625, 0.8125), (0.5625, 0.75), (0.5625, 0.68750006), (0.5625, 0.62500006), (0.5625, 0.5625), (0.5625, 0.5), (0.5625, 0.4375), (0.5625, 0.375), (0.5625, 0.31249994), (0.5625, 0.25), (0.5625, 0.1875), (0.5625, 0.12500006), (0.5625, 0.06250012), (0.53125, 0.93749994), (0.53125, 0.875), (0.53125, 0.8125), (0.53125, 0.75000006), (0.53125, 0.68750006), (0.53125, 0.62500006), (0.53125, 0.5625), (0.53125, 0.5), (0.53125, 0.4375), (0.53125, 0.375), (0.53125, 0.31249994), (0.53125, 0.25), (0.53125, 0.1875), (0.53125, 0.12500006), (0.53125, 0.06250012), (0.49999997, 0.93750006), (0.5, 0.875), (0.5, 0.8125), (0.5, 0.75000006), (0.5, 0.68750006), (0.5, 0.62500006), (0.49999997, 0.5625), (0.5, 0.5), (0.49999997, 0.4375), (0.5, 0.375), (0.5, 0.31249994), (0.5, 0.25), (0.5, 0.1875), (0.5, 0.12500006), (0.49999997, 0.06249994), (0.46875, 0.93749994), (0.46875, 0.875), (0.46875, 0.8125), (0.46875, 0.75000006), (0.46875, 0.68750006), (0.46875, 0.62500006), (0.46875, 0.5625), (0.46875, 0.5), (0.46875, 0.4375), (0.46875, 0.375), (0.46875, 0.31249994), (0.46875, 0.25), (0.46875, 0.1875), (0.46875, 0.12500006), (0.46875, 0.06250012), (0.4375, 0.93750006), (0.4375, 0.875), (0.4375, 0.8125), (0.4375, 0.75000006), (0.4375, 0.68750006), (0.4375, 0.62500006), (0.4375, 0.5625), (0.4375, 0.5), (0.4375, 0.4375), (0.4375, 0.375), (0.4375, 0.31249994), (0.4375, 0.24999994), (0.4375, 0.1875), (0.4375, 0.12500006), (0.4375, 0.06249994), (0.40625, 0.93750006), (0.40625, 0.875), (0.40625, 0.8125), (0.40625, 0.75000006), (0.40625, 0.68750006), (0.40625, 0.6250001), (0.40625, 0.5625), (0.40625, 0.5), (0.40625, 0.4375), (0.40625, 0.37499994), (0.40625, 0.31249994), (0.40625, 0.24999994), (0.40625, 0.1875), (0.40625, 0.12500006), (0.40625, 0.06249994), (0.37499997, 0.93750006), (0.375, 0.875), (0.375, 0.8125), (0.375, 0.75000006), (0.375, 0.68750006), (0.375, 0.6250001), (0.375, 0.5625), (0.375, 0.5), (0.375, 0.4375), (0.375, 0.37499994), (0.375, 0.31249994), (0.375, 0.24999994), (0.375, 0.1875), (0.375, 0.12500006), (0.37499997, 0.06249994), (0.34375, 0.93750006), (0.34375, 0.875), (0.34375, 0.8125), (0.34375, 0.75000006), (0.34375, 0.68750006), (0.34375, 0.6250001), (0.34375, 0.5625), (0.34375, 0.5), (0.34375, 0.4375), (0.34375, 0.37499994), (0.34375, 0.31249994), (0.34375, 0.24999994), (0.34375, 0.1875), (0.34375, 0.125), (0.34375, 0.06249994), (0.31249997, 0.93750006), (0.3125, 0.875), (0.3125, 0.8125), (0.3125, 0.75000006), (0.3125, 0.68750006), (0.3125, 0.6250001), (0.3125, 0.5625), (0.3125, 0.5), (0.3125, 0.4375), (0.3125, 0.37499994), (0.3125, 0.31249994), (0.3125, 0.24999994), (0.3125, 0.1875), (0.3125, 0.125), (0.31249997, 0.06249994), (0.28124997, 0.93750006), (0.28125, 0.875), (0.28125, 0.8125), (0.28125, 0.7500001), (0.28125, 0.68750006), (0.28125, 0.6250001), (0.28125, 0.5625), (0.28125, 0.5), (0.28125, 0.4375), (0.28125, 0.37499994), (0.28125, 0.31249994), (0.28125, 0.24999994), (0.28125, 0.1875), (0.28125, 0.125), (0.28124997, 0.06249994), (0.24999997, 0.93750006), (0.25, 0.875), (0.24999997, 0.81250006), (0.25, 0.7500001), (0.24999997, 0.68750006), (0.25, 0.6250001), (0.24999997, 0.5625), (0.25, 0.5), (0.24999997, 0.4375), (0.25, 0.37499994), (0.24999997, 0.31249994), (0.25, 0.24999994), (0.24999997, 0.1875), (0.25, 0.125), (0.24999997, 0.06249994), (0.21875, 0.93750006), (0.21875, 0.875), (0.21875, 0.81250006), (0.21875, 0.7500001), (0.21875, 0.68750006), (0.21875, 0.6250001), (0.21875, 0.5625), (0.21875, 0.5), (0.21875, 0.4375), (0.21875, 0.37499994), (0.21875, 0.31249994), (0.21875, 0.24999994), (0.21875, 0.1875), (0.21875, 0.125), (0.21875, 0.06249994), (0.18749997, 0.93750006), (0.1875, 0.875), (0.1875, 0.81250006), (0.1875, 0.7500001), (0.1875, 0.68750006), (0.1875, 0.6250001), (0.1875, 0.56250006), (0.1875, 0.5), (0.1875, 0.4375), (0.1875, 0.37499994), (0.1875, 0.31249994), (0.1875, 0.24999994), (0.1875, 0.1875), (0.1875, 0.125), (0.18749997, 0.06249994), (0.15624997, 0.93750006), (0.15624997, 0.875), (0.15624997, 0.81250006), (0.15625003, 0.7500001), (0.15624997, 0.68750006), (0.15624997, 0.6250001), (0.15624997, 0.56250006), (0.15624997, 0.5), (0.15624997, 0.4375), (0.15624997, 0.37499994), (0.15624997, 0.31249994), (0.15625003, 0.24999994), (0.15624997, 0.1875), (0.15624997, 0.125), (0.15624997, 0.06249994), (0.12499997, 0.93750006), (0.125, 0.875), (0.12499997, 0.81250006), (0.125, 0.7500001), (0.12499997, 0.68750006), (0.12499997, 0.6250001), (0.12499997, 0.56250006), (0.125, 0.5), (0.12499997, 0.4375), (0.12499997, 0.37499994), (0.12499997, 0.31249994), (0.125, 0.24999994), (0.12499997, 0.1875), (0.125, 0.125), (0.12499997, 0.06249994), (0.09374997, 0.93750006), (0.09375, 0.875), (0.09374997, 0.81250006), (0.09375, 0.7500001), (0.09375, 0.6875001), (0.09375, 0.6250001), (0.09374997, 0.56250006), (0.09375, 0.5), (0.09374997, 0.4375), (0.09375, 0.37499994), (0.09375, 0.31249988), (0.09375, 0.24999988), (0.09374997, 0.1875), (0.09375, 0.125), (0.09374997, 0.06249994), (0.0625, 0.93750006), (0.0625, 0.875), (0.0625, 0.81250006), (0.06250003, 0.7500001), (0.0625, 0.6875001), (0.0625, 0.6250001), (0.0625, 0.56250006), (0.0625, 0.5), (0.0625, 0.4375), (0.0625, 0.37499994), (0.0625, 0.31249988), (0.06250003, 0.24999988), (0.0625, 0.1875), (0.0625, 0.125), (0.0625, 0.06249994), (0.03124997, 0.93750006), (0.03124997, 0.875), (0.03124997, 0.81250006), (0.03125, 0.7500001), (0.03124997, 0.6875001), (0.03124997, 0.6250001), (0.03124997, 0.56250006), (0.03124997, 0.5), (0.03124997, 0.4375), (0.03124997, 0.37499988), (0.03124997, 0.31249988), (0.03125, 0.24999988), (0.03124997, 0.1875), (0.03124997, 0.125), (0.03124997, 0.06249994), (0, 0.93750006), (1, 0.93750006), (0, 0.875), (1, 0.875), (0, 0.81250006), (1, 0.81250006), (0, 0.7500001), (1, 0.7500001), (0, 0.6875001), (1, 0.6875001), (0, 0.6250001), (1, 0.6250001), (0, 0.56250006), (1, 0.56250006), (0, 0.5), (1, 0.5), (0, 0.4375), (1, 0.4375), (0, 0.37499988), (1, 0.37499988), (0, 0.31249988), (1, 0.31249988), (0, 0.24999988), (1, 0.24999988), (0, 0.1875), (1, 0.1875), (0, 0.125), (1, 0.125), (0, 0.06249994), (1, 0.06249994), (0.96874994, 0.93750006), (0.96874994, 0.875), (0.96874994, 0.8125001), (0.96875, 0.7500001), (0.96874994, 0.68750006), (0.96874994, 0.6250001), (0.96874994, 0.56250006), (0.96874994, 0.5), (0.96874994, 0.4375), (0.96874994, 0.37499988), (0.96874994, 0.31249994), (0.96875, 0.24999988), (0.96874994, 0.18749994), (0.96874994, 0.125), (0.96874994, 0.06249994), (0.93749994, 0.93750006), (0.9375, 0.875), (0.93749994, 0.8125001), (0.9375, 0.7500001), (0.93749994, 0.68750006), (0.93749994, 0.6250001), (0.93749994, 0.56250006), (0.9375, 0.5), (0.93749994, 0.4375), (0.93749994, 0.37499988), (0.93749994, 0.31249994), (0.9375, 0.24999988), (0.93749994, 0.18749994), (0.9375, 0.125), (0.93749994, 0.06249994), (0.90624994, 0.93750006), (0.90625, 0.875), (0.90624994, 0.8125001), (0.90625, 0.7500001), (0.90625, 0.68750006), (0.90625, 0.6250001), (0.90625, 0.56250006), (0.90625, 0.5), (0.90625, 0.4375), (0.90625, 0.37499988), (0.90625, 0.31249994), (0.90625, 0.24999988), (0.90624994, 0.18749994), (0.90625, 0.125), (0.90624994, 0.06249994), (0.8749999, 0.93750006), (0.875, 0.875), (0.87499994, 0.8125001), (0.875, 0.7500002), (0.87499994, 0.6875001), (0.87499994, 0.6250001), (0.87499994, 0.56250006), (0.87499994, 0.5), (0.87499994, 0.4375), (0.87499994, 0.37499988), (0.87499994, 0.31249988), (0.875, 0.24999988), (0.87499994, 0.18749994), (0.875, 0.125), (0.8749999, 0.06249994), (0.84374994, 0.93750006), (0.84375, 0.875), (0.84374994, 0.8125001), (0.84375, 0.7500002), (0.84374994, 0.6875001), (0.84374994, 0.6250001), (0.84374994, 0.56250006), (0.84375, 0.5), (0.84374994, 0.4375), (0.84374994, 0.37499988), (0.84374994, 0.31249988), (0.84375, 0.24999988), (0.84374994, 0.18749994), (0.84375, 0.125), (0.84374994, 0.06249994), (0.81249994, 0.93750006), (0.8125, 0.875), (0.81249994, 0.8125001), (0.8125, 0.7500002), (0.81249994, 0.6875001), (0.81249994, 0.6250001), (0.81249994, 0.56250006), (0.81249994, 0.5), (0.81249994, 0.4375), (0.81249994, 0.37499988), (0.81249994, 0.31249988), (0.8125, 0.24999988), (0.81249994, 0.18749994), (0.8125, 0.125), (0.81249994, 0.06249994), (0.78124994, 0.93750006), (0.78124994, 0.875), (0.78124994, 0.8125001), (0.78125, 0.7500002), (0.78124994, 0.6875001), (0.78124994, 0.6250001), (0.78124994, 0.56250006), (0.78124994, 0.5), (0.78124994, 0.4375), (0.78124994, 0.37499982), (0.78124994, 0.31249988), (0.78125, 0.24999988), (0.78124994, 0.18749994), (0.78124994, 0.125), (0.78124994, 0.06249994), (0.74999994, 0.93750006), (0.74999994, 0.875), (0.75, 0.7500002), (0.74999994, 0.6250001), (0.74999994, 0.37499982), (0.75, 0.24999988), (0.74999994, 0.125), (0.74999994, 0.06249994)] (
                interpolation = "faceVarying"
            )
            int[] primvars:st:indices = [553, 32, 73, 74, 556, 37, 81, 82, 33, 553, 74, 75, 38, 556, 82, 83, 554, 33, 75, 76, 557, 38, 83, 84, 34, 554, 76, 77, 558, 557, 84, 85, 35, 34, 77, 78, 551, 0, 71, 39, 558, 85, 36, 35, 78, 79, 552, 551, 71, 72, 555, 36, 79, 80, 32, 552, 72, 73, 37, 555, 80, 81, 80, 79, 94, 95, 73, 72, 87, 88, 81, 80, 95, 96, 74, 73, 88, 89, 82, 81, 96, 97, 75, 74, 89, 90, 83, 82, 97, 98, 76, 75, 90, 91, 84, 83, 98, 99, 77, 76, 91, 92, 85, 84, 99, 100, 78, 77, 92, 93, 71, 1, 86, 40, 85, 100, 79, 78, 93, 94, 72, 71, 86, 87, 99, 98, 113, 114, 92, 91, 106, 107, 100, 99, 114, 115, 93, 92, 107, 108, 86, 2, 101, 41, 100, 115, 94, 93, 108, 109, 87, 86, 101, 102, 95, 94, 109, 110, 88, 87, 102, 103, 96, 95, 110, 111, 89, 88, 103, 104, 97, 96, 111, 112, 90, 89, 104, 105, 98, 97, 112, 113, 91, 90, 105, 106, 111, 110, 125, 126, 104, 103, 118, 119, 112, 111, 126, 127, 105, 104, 119, 120, 113, 112, 127, 128, 106, 105, 120, 121, 114, 113, 128, 129, 107, 106, 121, 122, 115, 114, 129, 130, 108, 107, 122, 123, 101, 3, 116, 42, 115, 130, 109, 108, 123, 124, 102, 101, 116, 117, 110, 109, 124, 125, 103, 102, 117, 118, 130, 129, 144, 145, 123, 122, 137, 138, 116, 4, 131, 43, 130, 145, 124, 123, 138, 139, 117, 116, 131, 132, 125, 124, 139, 140, 118, 117, 132, 133, 126, 125, 140, 141, 119, 118, 133, 134, 127, 126, 141, 142, 120, 119, 134, 135, 128, 127, 142, 143, 121, 120, 135, 136, 129, 128, 143, 144, 122, 121, 136, 137, 134, 133, 148, 149, 142, 141, 156, 157, 135, 134, 149, 150, 143, 142, 157, 158, 136, 135, 150, 151, 144, 143, 158, 159, 137, 136, 151, 152, 145, 144, 159, 160, 138, 137, 152, 153, 131, 5, 146, 44, 145, 160, 139, 138, 153, 154, 132, 131, 146, 147, 140, 139, 154, 155, 133, 132, 147, 148, 141, 140, 155, 156, 153, 152, 167, 168, 146, 6, 161, 45, 160, 175, 154, 153, 168, 169, 147, 146, 161, 162, 155, 154, 169, 170, 148, 147, 162, 163, 156, 155, 170, 171, 149, 148, 163, 164, 157, 156, 171, 172, 150, 149, 164, 165, 158, 157, 172, 173, 151, 150, 165, 166, 159, 158, 173, 174, 152, 151, 166, 167, 160, 159, 174, 175, 172, 171, 186, 187, 165, 164, 179, 180, 173, 172, 187, 188, 166, 165, 180, 181, 174, 173, 188, 189, 167, 166, 181, 182, 175, 174, 189, 190, 168, 167, 182, 183, 161, 7, 176, 46, 175, 190, 169, 168, 183, 184, 162, 161, 176, 177, 170, 169, 184, 185, 163, 162, 177, 178, 171, 170, 185, 186, 164, 163, 178, 179, 176, 8, 191, 47, 190, 205, 184, 183, 198, 199, 177, 176, 191, 192, 185, 184, 199, 200, 178, 177, 192, 193, 186, 185, 200, 201, 179, 178, 193, 194, 187, 186, 201, 202, 180, 179, 194, 195, 188, 187, 202, 203, 181, 180, 195, 196, 189, 188, 203, 204, 182, 181, 196, 197, 190, 189, 204, 205, 183, 182, 197, 198, 195, 194, 209, 210, 203, 202, 217, 218, 196, 195, 210, 211, 204, 203, 218, 219, 197, 196, 211, 212, 205, 204, 219, 220, 198, 197, 212, 213, 191, 9, 206, 48, 205, 220, 199, 198, 213, 214, 192, 191, 206, 207, 200, 199, 214, 215, 193, 192, 207, 208, 201, 200, 215, 216, 194, 193, 208, 209, 202, 201, 216, 217, 214, 213, 228, 229, 207, 206, 221, 222, 215, 214, 229, 230, 208, 207, 222, 223, 216, 215, 230, 231, 209, 208, 223, 224, 217, 216, 231, 232, 210, 209, 224, 225, 218, 217, 232, 233, 211, 210, 225, 226, 219, 218, 233, 234, 212, 211, 226, 227, 220, 219, 234, 235, 213, 212, 227, 228, 206, 10, 221, 49, 220, 235, 233, 232, 247, 248, 226, 225, 240, 241, 234, 233, 248, 249, 227, 226, 241, 242, 235, 234, 249, 250, 228, 227, 242, 243, 221, 11, 236, 50, 235, 250, 229, 228, 243, 244, 222, 221, 236, 237, 230, 229, 244, 245, 223, 222, 237, 238, 231, 230, 245, 246, 224, 223, 238, 239, 232, 231, 246, 247, 225, 224, 239, 240, 245, 244, 259, 260, 238, 237, 252, 253, 246, 245, 260, 261, 239, 238, 253, 254, 247, 246, 261, 262, 240, 239, 254, 255, 248, 247, 262, 263, 241, 240, 255, 256, 249, 248, 263, 264, 242, 241, 256, 257, 250, 249, 264, 265, 243, 242, 257, 258, 236, 12, 251, 51, 250, 265, 244, 243, 258, 259, 237, 236, 251, 252, 264, 263, 278, 279, 257, 256, 271, 272, 265, 264, 279, 280, 258, 257, 272, 273, 251, 13, 266, 52, 265, 280, 259, 258, 273, 274, 252, 251, 266, 267, 260, 259, 274, 275, 253, 252, 267, 268, 261, 260, 275, 276, 254, 253, 268, 269, 262, 261, 276, 277, 255, 254, 269, 270, 263, 262, 277, 278, 256, 255, 270, 271, 268, 267, 282, 283, 276, 275, 290, 291, 269, 268, 283, 284, 277, 276, 291, 292, 270, 269, 284, 285, 278, 277, 292, 293, 271, 270, 285, 286, 279, 278, 293, 294, 272, 271, 286, 287, 280, 279, 294, 295, 273, 272, 287, 288, 266, 14, 281, 53, 280, 295, 274, 273, 288, 289, 267, 266, 281, 282, 275, 274, 289, 290, 287, 286, 301, 302, 295, 294, 309, 310, 288, 287, 302, 303, 281, 15, 296, 54, 295, 310, 289, 288, 303, 304, 282, 281, 296, 297, 290, 289, 304, 305, 283, 282, 297, 298, 291, 290, 305, 306, 284, 283, 298, 299, 292, 291, 306, 307, 285, 284, 299, 300, 293, 292, 307, 308, 286, 285, 300, 301, 294, 293, 308, 309, 306, 305, 320, 321, 299, 298, 313, 314, 307, 306, 321, 322, 300, 299, 314, 315, 308, 307, 322, 323, 301, 300, 315, 316, 309, 308, 323, 324, 302, 301, 316, 317, 310, 309, 324, 325, 303, 302, 317, 318, 296, 16, 311, 55, 310, 325, 304, 303, 318, 319, 297, 296, 311, 312, 305, 304, 319, 320, 298, 297, 312, 313, 325, 324, 339, 340, 318, 317, 332, 333, 311, 17, 326, 56, 325, 340, 319, 318, 333, 334, 312, 311, 326, 327, 320, 319, 334, 335, 313, 312, 327, 328, 321, 320, 335, 336, 314, 313, 328, 329, 322, 321, 336, 337, 315, 314, 329, 330, 323, 322, 337, 338, 316, 315, 330, 331, 324, 323, 338, 339, 317, 316, 331, 332, 329, 328, 343, 344, 337, 336, 351, 352, 330, 329, 344, 345, 338, 337, 352, 353, 331, 330, 345, 346, 339, 338, 353, 354, 332, 331, 346, 347, 340, 339, 354, 355, 333, 332, 347, 348, 326, 18, 341, 57, 340, 355, 334, 333, 348, 349, 327, 326, 341, 342, 335, 334, 349, 350, 328, 327, 342, 343, 336, 335, 350, 351, 348, 347, 362, 363, 341, 19, 356, 58, 355, 370, 349, 348, 363, 364, 342, 341, 356, 357, 350, 349, 364, 365, 343, 342, 357, 358, 351, 350, 365, 366, 344, 343, 358, 359, 352, 351, 366, 367, 345, 344, 359, 360, 353, 352, 367, 368, 346, 345, 360, 361, 354, 353, 368, 369, 347, 346, 361, 362, 355, 354, 369, 370, 367, 366, 381, 382, 360, 359, 374, 375, 368, 367, 382, 383, 361, 360, 375, 376, 369, 368, 383, 384, 362, 361, 376, 377, 370, 369, 384, 385, 363, 362, 377, 378, 356, 20, 371, 59, 370, 385, 364, 363, 378, 379, 357, 356, 371, 372, 365, 364, 379, 380, 358, 357, 372, 373, 366, 365, 380, 381, 359, 358, 373, 374, 60, 385, 400, 379, 378, 393, 394, 372, 371, 386, 387, 380, 379, 394, 395, 373, 372, 387, 388, 381, 380, 395, 396, 374, 373, 388, 389, 382, 381, 396, 397, 375, 374, 389, 390, 383, 382, 397, 398, 376, 375, 390, 391, 384, 383, 398, 399, 377, 376, 391, 392, 385, 384, 399, 400, 378, 377, 392, 393, 371, 21, 386, 398, 397, 412, 413, 391, 390, 405, 406, 399, 398, 413, 414, 392, 391, 406, 407, 400, 399, 414, 415, 393, 392, 407, 408, 386, 22, 401, 61, 400, 415, 394, 393, 408, 409, 387, 386, 401, 402, 395, 394, 409, 410, 388, 387, 402, 403, 396, 395, 410, 411, 389, 388, 403, 404, 397, 396, 411, 412, 390, 389, 404, 405, 402, 401, 416, 418, 410, 409, 432, 434, 403, 402, 418, 420, 411, 410, 434, 436, 404, 403, 420, 422, 412, 411, 436, 438, 405, 404, 422, 424, 413, 412, 438, 440, 406, 405, 424, 426, 414, 413, 440, 442, 407, 406, 426, 428, 415, 414, 442, 444, 408, 407, 428, 430, 401, 23, 416, 62, 415, 444, 409, 408, 430, 432, 427, 425, 450, 451, 443, 441, 458, 459, 429, 427, 451, 452, 445, 443, 459, 460, 431, 429, 452, 453, 417, 24, 446, 63, 445, 460, 433, 431, 453, 454, 419, 417, 446, 447, 435, 433, 454, 455, 421, 419, 447, 448, 437, 435, 455, 456, 423, 421, 448, 449, 439, 437, 456, 457, 425, 423, 449, 450, 441, 439, 457, 458, 455, 454, 469, 470, 448, 447, 462, 463, 456, 455, 470, 471, 449, 448, 463, 464, 457, 456, 471, 472, 450, 449, 464, 465, 458, 457, 472, 473, 451, 450, 465, 466, 459, 458, 473, 474, 452, 451, 466, 467, 460, 459, 474, 475, 453, 452, 467, 468, 446, 25, 461, 64, 460, 475, 454, 453, 468, 469, 447, 446, 461, 462, 474, 473, 488, 489, 467, 466, 481, 482, 475, 474, 489, 490, 468, 467, 482, 483, 461, 26, 476, 65, 475, 490, 469, 468, 483, 484, 462, 461, 476, 477, 470, 469, 484, 485, 463, 462, 477, 478, 471, 470, 485, 486, 464, 463, 478, 479, 472, 471, 486, 487, 465, 464, 479, 480, 473, 472, 487, 488, 466, 465, 480, 481, 478, 477, 492, 493, 486, 485, 500, 501, 479, 478, 493, 494, 487, 486, 501, 502, 480, 479, 494, 495, 488, 487, 502, 503, 481, 480, 495, 496, 489, 488, 503, 504, 482, 481, 496, 497, 490, 489, 504, 505, 483, 482, 497, 498, 476, 27, 491, 66, 490, 505, 484, 483, 498, 499, 477, 476, 491, 492, 485, 484, 499, 500, 497, 496, 511, 512, 505, 504, 519, 520, 498, 497, 512, 513, 491, 28, 506, 67, 505, 520, 499, 498, 513, 514, 492, 491, 506, 507, 500, 499, 514, 515, 493, 492, 507, 508, 501, 500, 515, 516, 494, 493, 508, 509, 502, 501, 516, 517, 495, 494, 509, 510, 503, 502, 517, 518, 496, 495, 510, 511, 504, 503, 518, 519, 516, 515, 530, 531, 509, 508, 523, 524, 517, 516, 531, 532, 510, 509, 524, 525, 518, 517, 532, 533, 511, 510, 525, 526, 519, 518, 533, 534, 512, 511, 526, 527, 520, 519, 534, 535, 513, 512, 527, 528, 506, 29, 521, 68, 520, 535, 514, 513, 528, 529, 507, 506, 521, 522, 515, 514, 529, 530, 508, 507, 522, 523, 535, 534, 549, 550, 528, 527, 542, 543, 521, 30, 536, 69, 535, 550, 529, 528, 543, 544, 522, 521, 536, 537, 530, 529, 544, 545, 523, 522, 537, 538, 531, 530, 545, 546, 524, 523, 538, 539, 532, 531, 546, 547, 525, 524, 539, 540, 533, 532, 547, 548, 526, 525, 540, 541, 534, 533, 548, 549, 527, 526, 541, 542, 547, 546, 37, 556, 540, 539, 553, 33, 548, 547, 556, 38, 541, 540, 33, 554, 549, 548, 38, 557, 542, 541, 554, 34, 550, 549, 557, 558, 543, 542, 34, 35, 536, 31, 551, 70, 550, 558, 544, 543, 35, 36, 537, 536, 551, 552, 545, 544, 36, 555, 538, 537, 552, 32, 546, 545, 555, 37, 539, 538, 32, 553]
            uniform token subdivisionScheme = "none"
            custom string userProperties:blender:data_name = "Sphere.003"
        }
    }

    def Xform "HingeConstraint"
    {
        custom string userProperties:blender:object_name = "HingeConstraint"
        float3 xformOp:rotateXYZ = (0, -0, 0)
        float3 xformOp:scale = (1, 1, 1)
        double3 xformOp:translate = (5, 0, 6)
        uniform token[] xformOpOrder = ["xformOp:translate", "xformOp:rotateXYZ", "xformOp:scale"]
    }

    def Xform "Box_1" (
        prepend apiSchemas = ["PhysicsRigidBodyAPI", "PhysicsMassAPI", "PhysicsCollisionAPI", "PhysicsMaterialAPI"]
    )
    {
        custom int mjc:condim = 3
        custom double mjc:friction = 0.6000000238418579
        custom double mjc:margin = 0
        custom double mjc:solmix = 1
        float physics:dynamicFriction = 0.6
        float physics:mass = 2
        float physics:restitution = 0.2
        bool physics:rigidBodyEnabled = 1
        float physics:staticFriction = 0.6
        custom string userProperties:blender:object_name = "Box_1"
        float3 xformOp:rotateXYZ = (0, -0, 0)
        float3 xformOp:scale = (1, 1, 1)
        double3 xformOp:translate = (0, 0, 1.5499999523162842)
        uniform token[] xformOpOrder = ["xformOp:translate", "xformOp:rotateXYZ", "xformOp:scale"]

        def Mesh "Cube_008" (
            active = true
            prepend apiSchemas = ["MaterialBindingAPI"]
        )
        {
            uniform bool doubleSided = 1
            float3[] extent = [(-0.5, -0.5, -0.5), (0.5, 0.5, 0.5)]
            int[] faceVertexCounts = [4, 4, 4, 4, 4, 4]
            int[] faceVertexIndices = [0, 1, 3, 2, 2, 3, 7, 6, 6, 7, 5, 4, 4, 5, 1, 0, 2, 6, 4, 0, 7, 3, 1, 5]
            rel material:binding = </root/_materials/BoxMat_001>
            normal3f[] normals = [(-1, 0, 0), (-1, 0, 0), (-1, 0, 0), (-1, 0, 0), (0, 1, 0), (0, 1, 0), (0, 1, 0), (0, 1, 0), (1, 0, 0), (1, 0, 0), (1, 0, 0), (1, 0, 0), (0, -1, 0), (0, -1, 0), (0, -1, 0), (0, -1, 0), (0, 0, -1), (0, 0, -1), (0, 0, -1), (0, 0, -1), (0, 0, 1), (0, 0, 1), (0, 0, 1), (0, 0, 1)] (
                interpolation = "faceVarying"
            )
            point3f[] points = [(-0.5, -0.5, -0.5), (-0.5, -0.5, 0.5), (-0.5, 0.5, -0.5), (-0.5, 0.5, 0.5), (0.5, -0.5, -0.5), (0.5, -0.5, 0.5), (0.5, 0.5, -0.5), (0.5, 0.5, 0.5)]
            texCoord2f[] primvars:st = [(0.375, 0), (0.375, 1), (0.125, 0.75), (0.625, 0), (0.625, 1), (0.875, 0.75), (0.375, 0.25), (0.125, 0.5), (0.625, 0.25), (0.875, 0.5), (0.375, 0.75), (0.625, 0.75), (0.375, 0.5), (0.625, 0.5)] (
                interpolation = "faceVarying"
            )
            int[] primvars:st:indices = [0, 3, 8, 6, 6, 8, 13, 12, 12, 13, 11, 10, 10, 11, 4, 1, 7, 12, 10, 2, 13, 9, 5, 11]
            uniform token subdivisionScheme = "none"
            custom string userProperties:blender:data_name = "Cube.008"
        }
    }

    def Xform "Camera"
    {
        custom string userProperties:blender:object_name = "Camera"
        float3 xformOp:rotateXYZ = (65.00001, -0.0000025062018, 45.000008)
        float3 xformOp:scale = (0.99999994, 1, 1)
        double3 xformOp:translate = (10, -8, 6)
        uniform token[] xformOpOrder = ["xformOp:translate", "xformOp:rotateXYZ", "xformOp:scale"]

        def Camera "Camera"
        {
            float2 clippingRange = (0.1, 100)
            float focalLength = 0.5
            float horizontalAperture = 0.36
            token projection = "perspective"
            custom string userProperties:blender:data_name = "Camera"
            float verticalAperture = 0.2025
        }
    }

    def Xform "Anchor" (
        prepend apiSchemas = ["PhysicsRigidBodyAPI", "PhysicsMassAPI", "PhysicsCollisionAPI", "PhysicsMaterialAPI"]
    )
    {
        custom int mjc:condim = 3
        custom double mjc:friction = 0.5
        custom double mjc:margin = 0
        custom double mjc:solmix = 1
        float physics:dynamicFriction = 0.5
        bool physics:kinematicEnabled = 1
        float physics:mass = 1
        float physics:restitution = 0
        bool physics:rigidBodyEnabled = 0
        float physics:staticFriction = 0.5
        custom string userProperties:blender:object_name = "Anchor"
        float3 xformOp:rotateXYZ = (0, -0, 0)
        float3 xformOp:scale = (1, 1, 1)
        double3 xformOp:translate = (5, 0, 6)
        uniform token[] xformOpOrder = ["xformOp:translate", "xformOp:rotateXYZ", "xformOp:scale"]

        def Mesh "Cube_012" (
            active = true
        )
        {
            float3[] extent = [(-0.15, -0.15, -0.15), (0.15, 0.15, 0.15)]
            int[] faceVertexCounts = [4, 4, 4, 4, 4, 4]
            int[] faceVertexIndices = [0, 1, 3, 2, 2, 3, 7, 6, 6, 7, 5, 4, 4, 5, 1, 0, 2, 6, 4, 0, 7, 3, 1, 5]
            normal3f[] normals = [(-1, 0, 0), (-1, 0, 0), (-1, 0, 0), (-1, 0, 0), (0, 1, 0), (0, 1, 0), (0, 1, 0), (0, 1, 0), (1, 0, 0), (1, 0, 0), (1, 0, 0), (1, 0, 0), (0, -1, 0), (0, -1, 0), (0, -1, 0), (0, -1, 0), (0, 0, -1), (0, 0, -1), (0, 0, -1), (0, 0, -1), (0, 0, 1), (0, 0, 1), (0, 0, 1), (0, 0, 1)] (
                interpolation = "faceVarying"
            )
            point3f[] points = [(-0.15, -0.15, -0.15), (-0.15, -0.15, 0.15), (-0.15, 0.15, -0.15), (-0.15, 0.15, 0.15), (0.15, -0.15, -0.15), (0.15, -0.15, 0.15), (0.15, 0.15, -0.15), (0.15, 0.15, 0.15)]
            texCoord2f[] primvars:st = [(0.375, 0), (0.375, 1), (0.125, 0.75), (0.625, 0), (0.625, 1), (0.875, 0.75), (0.375, 0.25), (0.125, 0.5), (0.625, 0.25), (0.875, 0.5), (0.375, 0.75), (0.625, 0.75), (0.375, 0.5), (0.625, 0.5)] (
                interpolation = "faceVarying"
            )
            int[] primvars:st:indices = [0, 3, 8, 6, 6, 8, 13, 12, 12, 13, 11, 10, 10, 11, 4, 1, 7, 12, 10, 2, 13, 9, 5, 11]
            uniform token subdivisionScheme = "none"
            custom string userProperties:blender:data_name = "Cube.012"
        }
    }

    def Xform "Bob" (
        prepend apiSchemas = ["PhysicsRigidBodyAPI", "PhysicsMassAPI", "PhysicsCollisionAPI", "PhysicsMaterialAPI"]
    )
    {
        custom int mjc:condim = 3
        custom double mjc:friction = 0.5
        custom double mjc:margin = 0
        custom double mjc:solmix = 1
        float physics:dynamicFriction = 0.5
        float physics:mass = 3
        float physics:restitution = 0
        bool physics:rigidBodyEnabled = 1
        float physics:staticFriction = 0.5
        custom string userProperties:blender:object_name = "Bob"
        float3 xformOp:rotateXYZ = (0, -0, 0)
        float3 xformOp:scale = (1, 1, 1)
        double3 xformOp:translate = (6.928362846374512, 0, 3.701866626739502)
        uniform token[] xformOpOrder = ["xformOp:translate", "xformOp:rotateXYZ", "xformOp:scale"]

        def Mesh "Sphere_004" (
            active = true
            prepend apiSchemas = ["MaterialBindingAPI"]
        )
        {
            uniform bool doubleSided = 1
            float3[] extent = [(-0.39999962, -0.3999997, -0.4), (0.39999983, 0.4, 0.4)]
            int[] faceVertexCounts = [4, 4, 3, 3, 4, 4, 4, 4, 4, 4, 4, 4, 4, 4, 4, 4, 4, 4, 4, 4, 3, 3, 4, 4, 4, 4, 4, 4, 4, 4, 4, 4, 4, 4, 4, 4, 4, 4, 4, 4, 4, 4, 4, 3, 3, 4, 4, 4, 4, 4, 4, 3, 3, 4, 4, 4, 4, 4, 4, 4, 4, 4, 4, 4, 4, 4, 4, 4, 4, 4, 4, 4, 4, 4, 3, 3, 4, 4, 4, 4, 4, 4, 3, 3, 4, 4, 4, 4, 4, 4, 4, 4, 4, 4, 4, 4, 4, 4, 4, 4, 4, 4, 4, 4, 3, 3, 4, 4, 4, 4, 4, 4, 3, 3, 4, 4, 4, 4, 4, 4, 4, 4, 4, 4, 4, 4, 4, 4, 4, 4, 4, 4, 4, 4, 4, 3, 3, 4, 4, 4, 4, 4, 4, 4, 4, 4, 4, 4, 4, 4, 4, 4, 4, 4, 4, 4, 4, 4, 3, 3, 4, 4, 4, 4, 4, 4, 3, 3, 4, 4, 4, 4, 4, 4, 4, 4, 4, 4, 4, 4, 4, 4, 4, 4, 4, 4, 4, 4, 4, 3, 3, 4, 4, 4, 4, 4, 4, 3, 3, 4, 4, 4, 4, 4, 4, 4, 4, 4, 4, 4, 4, 4, 4, 4, 4, 4, 4, 4, 4, 4, 3, 3, 4, 4, 4, 4, 4, 4, 3, 3, 4, 4, 4, 4, 4, 4, 4, 4, 4, 4, 4, 4, 4, 4, 4, 4, 4, 4, 4, 4, 3, 3, 4, 4, 4, 4, 4, 4, 3, 3, 4, 4, 4, 4, 4, 4, 4, 4, 4, 4, 4, 4, 4, 4, 4, 4, 4, 4, 4, 4, 4, 3, 3, 4, 4, 4, 4, 4, 4, 3, 3, 4, 4, 4, 4, 4, 4, 4, 4, 4, 4, 4, 4, 4, 4, 4, 4, 4, 4, 4, 4, 4, 3, 3, 4, 4, 4, 4, 4, 4, 3, 3, 4, 4, 4, 4, 4, 4, 4, 4, 4, 4, 4, 4, 4, 4, 4, 4, 4, 4, 4, 4, 4, 3, 3, 4, 4, 4, 4, 4, 4, 4, 4, 4, 4, 4, 4, 4, 4, 4, 4, 4, 4, 4, 4, 4, 3, 3, 4, 4, 4, 4, 4, 4, 3, 3, 4, 4, 4, 4, 4, 4, 4, 4, 4, 4, 4, 4, 4, 4, 4, 4, 4, 4, 4, 4, 3, 3, 4, 4, 4, 4, 4, 4, 3, 3, 4, 4, 4, 4, 4, 4, 4, 4, 4, 4, 4, 4, 4, 4, 4, 4, 4, 4, 4, 4, 4, 3, 3, 4, 4, 4, 4, 4, 4, 3, 3, 4, 4, 4, 4, 4, 4, 4, 4, 4, 4, 4, 4, 4, 4, 4, 4, 4, 4, 4, 4, 4, 3, 3, 4, 4, 4, 4, 4, 4, 3, 3, 4, 4, 4, 4, 4, 4, 4, 4, 4, 4, 4, 4, 4, 4, 4, 4, 4, 4, 4, 4, 4, 3, 3, 4, 4, 4, 4, 4, 4, 3, 3, 4, 4, 4, 4, 4, 4, 4, 4, 4, 4, 4, 4, 4]
            int[] faceVertexIndices = [10, 481, 25, 26, 6, 5, 18, 19, 1, 0, 12, 11, 10, 26, 7, 6, 19, 20, 477, 1, 12, 13, 479, 7, 20, 21, 2, 477, 13, 14, 8, 479, 21, 22, 3, 2, 14, 15, 480, 8, 22, 23, 478, 3, 15, 16, 9, 480, 23, 24, 4, 478, 16, 17, 481, 9, 24, 25, 5, 4, 17, 18, 25, 24, 39, 40, 18, 17, 32, 33, 26, 25, 40, 41, 19, 18, 33, 34, 12, 0, 27, 11, 26, 41, 20, 19, 34, 35, 13, 12, 27, 28, 21, 20, 35, 36, 14, 13, 28, 29, 22, 21, 36, 37, 15, 14, 29, 30, 23, 22, 37, 38, 16, 15, 30, 31, 24, 23, 38, 39, 17, 16, 31, 32, 29, 28, 43, 44, 37, 36, 51, 52, 30, 29, 44, 45, 38, 37, 52, 53, 31, 30, 45, 46, 39, 38, 53, 54, 32, 31, 46, 47, 40, 39, 54, 55, 33, 32, 47, 48, 41, 40, 55, 56, 34, 33, 48, 49, 27, 0, 42, 11, 41, 56, 35, 34, 49, 50, 28, 27, 42, 43, 36, 35, 50, 51, 48, 47, 62, 63, 56, 55, 70, 71, 49, 48, 63, 64, 42, 0, 57, 11, 56, 71, 50, 49, 64, 65, 43, 42, 57, 58, 51, 50, 65, 66, 44, 43, 58, 59, 52, 51, 66, 67, 45, 44, 59, 60, 53, 52, 67, 68, 46, 45, 60, 61, 54, 53, 68, 69, 47, 46, 61, 62, 55, 54, 69, 70, 67, 66, 81, 82, 60, 59, 74, 75, 68, 67, 82, 83, 61, 60, 75, 76, 69, 68, 83, 84, 62, 61, 76, 77, 70, 69, 84, 85, 63, 62, 77, 78, 71, 70, 85, 86, 64, 63, 78, 79, 57, 0, 72, 11, 71, 86, 65, 64, 79, 80, 58, 57, 72, 73, 66, 65, 80, 81, 59, 58, 73, 74, 86, 85, 100, 101, 79, 78, 93, 94, 72, 0, 87, 11, 86, 101, 80, 79, 94, 95, 73, 72, 87, 88, 81, 80, 95, 96, 74, 73, 88, 89, 82, 81, 96, 97, 75, 74, 89, 90, 83, 82, 97, 98, 76, 75, 90, 91, 84, 83, 98, 99, 77, 76, 91, 92, 85, 84, 99, 100, 78, 77, 92, 93, 98, 97, 112, 113, 91, 90, 105, 106, 99, 98, 113, 114, 92, 91, 106, 107, 100, 99, 114, 115, 93, 92, 107, 108, 101, 100, 115, 116, 94, 93, 108, 109, 87, 0, 102, 11, 101, 116, 95, 94, 109, 110, 88, 87, 102, 103, 96, 95, 110, 111, 89, 88, 103, 104, 97, 96, 111, 112, 90, 89, 104, 105, 102, 0, 117, 11, 116, 131, 110, 109, 124, 125, 103, 102, 117, 118, 111, 110, 125, 126, 104, 103, 118, 119, 112, 111, 126, 127, 105, 104, 119, 120, 113, 112, 127, 128, 106, 105, 120, 121, 114, 113, 128, 129, 107, 106, 121, 122, 115, 114, 129, 130, 108, 107, 122, 123, 116, 115, 130, 131, 109, 108, 123, 124, 121, 120, 135, 136, 129, 128, 143, 144, 122, 121, 136, 137, 130, 129, 144, 145, 123, 122, 137, 138, 131, 130, 145, 146, 124, 123, 138, 139, 117, 0, 132, 11, 131, 146, 125, 124, 139, 140, 118, 117, 132, 133, 126, 125, 140, 141, 119, 118, 133, 134, 127, 126, 141, 142, 120, 119, 134, 135, 128, 127, 142, 143, 140, 139, 154, 155, 133, 132, 147, 148, 141, 140, 155, 156, 134, 133, 148, 149, 142, 141, 156, 157, 135, 134, 149, 150, 143, 142, 157, 158, 136, 135, 150, 151, 144, 143, 158, 159, 137, 136, 151, 152, 145, 144, 159, 160, 138, 137, 152, 153, 146, 145, 160, 161, 139, 138, 153, 154, 132, 0, 147, 11, 146, 161, 159, 158, 173, 174, 152, 151, 166, 167, 160, 159, 174, 175, 153, 152, 167, 168, 161, 160, 175, 176, 154, 153, 168, 169, 147, 0, 162, 11, 161, 176, 155, 154, 169, 170, 148, 147, 162, 163, 156, 155, 170, 171, 149, 148, 163, 164, 157, 156, 171, 172, 150, 149, 164, 165, 158, 157, 172, 173, 151, 150, 165, 166, 163, 162, 177, 178, 171, 170, 185, 186, 164, 163, 178, 179, 172, 171, 186, 187, 165, 164, 179, 180, 173, 172, 187, 188, 166, 165, 180, 181, 174, 173, 188, 189, 167, 166, 181, 182, 175, 174, 189, 190, 168, 167, 182, 183, 176, 175, 190, 191, 169, 168, 183, 184, 162, 0, 177, 11, 176, 191, 170, 169, 184, 185, 182, 181, 196, 197, 190, 189, 204, 205, 183, 182, 197, 198, 191, 190, 205, 206, 184, 183, 198, 199, 177, 0, 192, 11, 191, 206, 185, 184, 199, 200, 178, 177, 192, 193, 186, 185, 200, 201, 179, 178, 193, 194, 187, 186, 201, 202, 180, 179, 194, 195, 188, 187, 202, 203, 181, 180, 195, 196, 189, 188, 203, 204, 201, 200, 215, 216, 194, 193, 208, 209, 202, 201, 216, 217, 195, 194, 209, 210, 203, 202, 217, 218, 196, 195, 210, 211, 204, 203, 218, 219, 197, 196, 211, 212, 205, 204, 219, 220, 198, 197, 212, 213, 206, 205, 220, 221, 199, 198, 213, 214, 192, 0, 207, 11, 206, 221, 200, 199, 214, 215, 193, 192, 207, 208, 220, 219, 234, 235, 213, 212, 227, 228, 221, 220, 235, 236, 214, 213, 228, 229, 207, 0, 222, 11, 221, 236, 215, 214, 229, 230, 208, 207, 222, 223, 216, 215, 230, 231, 209, 208, 223, 224, 217, 216, 231, 232, 210, 209, 224, 225, 218, 217, 232, 233, 211, 210, 225, 226, 219, 218, 233, 234, 212, 211, 226, 227, 232, 231, 246, 247, 225, 224, 239, 240, 233, 232, 247, 248, 226, 225, 240, 241, 234, 233, 248, 249, 227, 226, 241, 242, 235, 234, 249, 250, 228, 227, 242, 243, 236, 235, 250, 251, 229, 228, 243, 244, 222, 0, 237, 11, 236, 251, 230, 229, 244, 245, 223, 222, 237, 238, 231, 230, 245, 246, 224, 223, 238, 239, 251, 250, 265, 266, 244, 243, 258, 259, 237, 0, 252, 11, 251, 266, 245, 244, 259, 260, 238, 237, 252, 253, 246, 245, 260, 261, 239, 238, 253, 254, 247, 246, 261, 262, 240, 239, 254, 255, 248, 247, 262, 263, 241, 240, 255, 256, 249, 248, 263, 264, 242, 241, 256, 257, 250, 249, 264, 265, 243, 242, 257, 258, 255, 254, 269, 270, 263, 262, 277, 278, 256, 255, 270, 271, 264, 263, 278, 279, 257, 256, 271, 272, 265, 264, 279, 280, 258, 257, 272, 273, 266, 265, 280, 281, 259, 258, 273, 274, 252, 0, 267, 11, 266, 281, 260, 259, 274, 275, 253, 252, 267, 268, 261, 260, 275, 276, 254, 253, 268, 269, 262, 261, 276, 277, 274, 273, 288, 289, 267, 0, 282, 11, 281, 296, 275, 274, 289, 290, 268, 267, 282, 283, 276, 275, 290, 291, 269, 268, 283, 284, 277, 276, 291, 292, 270, 269, 284, 285, 278, 277, 292, 293, 271, 270, 285, 286, 279, 278, 293, 294, 272, 271, 286, 287, 280, 279, 294, 295, 273, 272, 287, 288, 281, 280, 295, 296, 293, 292, 307, 308, 286, 285, 300, 301, 294, 293, 308, 309, 287, 286, 301, 302, 295, 294, 309, 310, 288, 287, 302, 303, 296, 295, 310, 311, 289, 288, 303, 304, 282, 0, 297, 11, 296, 311, 290, 289, 304, 305, 283, 282, 297, 298, 291, 290, 305, 306, 284, 283, 298, 299, 292, 291, 306, 307, 285, 284, 299, 300, 297, 0, 312, 11, 311, 326, 305, 304, 319, 320, 298, 297, 312, 313, 306, 305, 320, 321, 299, 298, 313, 314, 307, 306, 321, 322, 300, 299, 314, 315, 308, 307, 322, 323, 301, 300, 315, 316, 309, 308, 323, 324, 302, 301, 316, 317, 310, 309, 324, 325, 303, 302, 317, 318, 311, 310, 325, 326, 304, 303, 318, 319, 316, 315, 330, 331, 324, 323, 338, 339, 317, 316, 331, 332, 325, 324, 339, 340, 318, 317, 332, 333, 326, 325, 340, 341, 319, 318, 333, 334, 312, 0, 327, 11, 326, 341, 320, 319, 334, 335, 313, 312, 327, 328, 321, 320, 335, 336, 314, 313, 328, 329, 322, 321, 336, 337, 315, 314, 329, 330, 323, 322, 337, 338, 335, 334, 349, 350, 328, 327, 342, 343, 336, 335, 350, 351, 329, 328, 343, 344, 337, 336, 351, 352, 330, 329, 344, 345, 338, 337, 352, 353, 331, 330, 345, 346, 339, 338, 353, 354, 332, 331, 346, 347, 340, 339, 354, 355, 333, 332, 347, 348, 341, 340, 355, 356, 334, 333, 348, 349, 327, 0, 342, 11, 341, 356, 354, 353, 368, 369, 347, 346, 361, 362, 355, 354, 369, 370, 348, 347, 362, 363, 356, 355, 370, 371, 349, 348, 363, 364, 342, 0, 357, 11, 356, 371, 350, 349, 364, 365, 343, 342, 357, 358, 351, 350, 365, 366, 344, 343, 358, 359, 352, 351, 366, 367, 345, 344, 359, 360, 353, 352, 367, 368, 346, 345, 360, 361, 366, 365, 380, 381, 359, 358, 373, 374, 367, 366, 381, 382, 360, 359, 374, 375, 368, 367, 382, 383, 361, 360, 375, 376, 369, 368, 383, 384, 362, 361, 376, 377, 370, 369, 384, 385, 363, 362, 377, 378, 371, 370, 385, 386, 364, 363, 378, 379, 357, 0, 372, 11, 371, 386, 365, 364, 379, 380, 358, 357, 372, 373, 385, 384, 399, 400, 378, 377, 392, 393, 386, 385, 400, 401, 379, 378, 393, 394, 372, 0, 387, 11, 386, 401, 380, 379, 394, 395, 373, 372, 387, 388, 381, 380, 395, 396, 374, 373, 388, 389, 382, 381, 396, 397, 375, 374, 389, 390, 383, 382, 397, 398, 376, 375, 390, 391, 384, 383, 398, 399, 377, 376, 391, 392, 389, 388, 403, 404, 397, 396, 411, 412, 390, 389, 404, 405, 398, 397, 412, 413, 391, 390, 405, 406, 399, 398, 413, 414, 392, 391, 406, 407, 400, 399, 414, 415, 393, 392, 407, 408, 401, 400, 415, 416, 394, 393, 408, 409, 387, 0, 402, 11, 401, 416, 395, 394, 409, 410, 388, 387, 402, 403, 396, 395, 410, 411, 408, 407, 422, 423, 416, 415, 430, 431, 409, 408, 423, 424, 402, 0, 417, 11, 416, 431, 410, 409, 424, 425, 403, 402, 417, 418, 411, 410, 425, 426, 404, 403, 418, 419, 412, 411, 426, 427, 405, 404, 419, 420, 413, 412, 427, 428, 406, 405, 420, 421, 414, 413, 428, 429, 407, 406, 421, 422, 415, 414, 429, 430, 427, 426, 441, 442, 420, 419, 434, 435, 428, 427, 442, 443, 421, 420, 435, 436, 429, 428, 443, 444, 422, 421, 436, 437, 430, 429, 444, 445, 423, 422, 437, 438, 431, 430, 445, 446, 424, 423, 438, 439, 417, 0, 432, 11, 431, 446, 425, 424, 439, 440, 418, 417, 432, 433, 426, 425, 440, 441, 419, 418, 433, 434, 446, 445, 460, 461, 439, 438, 453, 454, 432, 0, 447, 11, 446, 461, 440, 439, 454, 455, 433, 432, 447, 448, 441, 440, 455, 456, 434, 433, 448, 449, 442, 441, 456, 457, 435, 434, 449, 450, 443, 442, 457, 458, 436, 435, 450, 451, 444, 443, 458, 459, 437, 436, 451, 452, 445, 444, 459, 460, 438, 437, 452, 453, 450, 449, 464, 465, 458, 457, 472, 473, 451, 450, 465, 466, 459, 458, 473, 474, 452, 451, 466, 467, 460, 459, 474, 475, 453, 452, 467, 468, 461, 460, 475, 476, 454, 453, 468, 469, 447, 0, 462, 11, 461, 476, 455, 454, 469, 470, 448, 447, 462, 463, 456, 455, 470, 471, 449, 448, 463, 464, 457, 456, 471, 472, 469, 468, 5, 6, 462, 0, 1, 11, 476, 10, 470, 469, 6, 7, 463, 462, 1, 477, 471, 470, 7, 479, 464, 463, 477, 2, 472, 471, 479, 8, 465, 464, 2, 3, 473, 472, 8, 480, 466, 465, 3, 478, 474, 473, 480, 9, 467, 466, 478, 4, 475, 474, 9, 481, 468, 467, 4, 5, 476, 475, 481, 10]
            rel material:binding = </root/_materials/PendMat>
            normal3f[] normals = [(0.028578248, 0.29016638, -0.9565494), (0.028578248, 0.29016638, -0.9565494), (0.028578248, 0.29016638, -0.9565494), (0.028578248, 0.29016638, -0.9565494), (0.09754988, 0.9904383, 0.09755026), (0.09754988, 0.9904383, 0.09755026), (0.09754988, 0.9904383, 0.09755026), (0.09754988, 0.9904383, 0.09755026), (0.009654654, 0.09801272, 0.9951383), (0.009654654, 0.09801272, 0.9951383), (0.009654654, 0.09801272, 0.9951383), (0.009654654, 0.09801272, -0.9951383), (0.009654654, 0.09801272, -0.9951383), (0.009654654, 0.09801272, -0.9951383), (0.09754988, 0.9904383, -0.09755026), (0.09754988, 0.9904383, -0.09755026), (0.09754988, 0.9904383, -0.09755026), (0.09754988, 0.9904383, -0.09755026), (0.028578252, 0.2901664, 0.95654935), (0.028578252, 0.2901664, 0.95654935), (0.028578252, 0.2901664, 0.95654935), (0.028578252, 0.2901664, 0.95654935), (0.09383169, 0.9527176, -0.2890066), (0.09383169, 0.9527176, -0.2890066), (0.09383169, 0.9527176, -0.2890066), (0.09383169, 0.9527176, -0.2890066), (0.046377376, 0.4708892, 0.8809725), (0.046377376, 0.4708892, 0.8809725), (0.046377376, 0.4708892, 0.8809725), (0.046377376, 0.4708892, 0.8809725), (0.0865332, 0.8786146, -0.46962574), (0.0865332, 0.8786146, -0.46962574), (0.0865332, 0.8786146, -0.46962574), (0.0865332, 0.8786146, -0.46962574), (0.06236088, 0.6331584, 0.771506), (0.06236088, 0.6331584, 0.771506), (0.06236088, 0.6331584, 0.771506), (0.06236088, 0.6331584, 0.771506), (0.07591328, 0.77077913, -0.63256353), (0.07591328, 0.77077913, -0.63256353), (0.07591328, 0.77077913, -0.63256353), (0.07591328, 0.77077913, -0.63256353), (0.07591424, 0.7707807, 0.6325616), (0.07591424, 0.7707807, 0.6325616), (0.07591424, 0.7707807, 0.6325616), (0.07591424, 0.7707807, 0.6325616), (0.06235863, 0.6331596, -0.7715053), (0.06235863, 0.6331596, -0.7715053), (0.06235863, 0.6331596, -0.7715053), (0.06235863, 0.6331596, -0.7715053), (0.086534746, 0.87861264, 0.46962923), (0.086534746, 0.87861264, 0.46962923), (0.086534746, 0.87861264, 0.46962923), (0.086534746, 0.87861264, 0.46962923), (0.04637738, 0.47088924, -0.88097245), (0.04637738, 0.47088924, -0.88097245), (0.04637738, 0.47088924, -0.88097245), (0.04637738, 0.47088924, -0.88097245), (0.093834795, 0.9527182, 0.28900376), (0.093834795, 0.9527182, 0.28900376), (0.093834795, 0.9527182, 0.28900376), (0.093834795, 0.9527182, 0.28900376), (0.13735363, 0.4527935, -0.88097215), (0.13735363, 0.4527935, -0.88097215), (0.13735363, 0.4527935, -0.88097215), (0.13735363, 0.4527935, -0.88097215), (0.27789783, 0.9161056, 0.28900382), (0.27789783, 0.9161056, 0.28900382), (0.27789783, 0.9161056, 0.28900382), (0.27789783, 0.9161056, 0.28900382), (0.084639184, 0.27901506, -0.95654935), (0.084639184, 0.27901506, -0.95654935), (0.084639184, 0.27901506, -0.95654935), (0.084639184, 0.27901506, -0.95654935), (0.28890035, 0.95237637, 0.09754978), (0.28890035, 0.95237637, 0.09754978), (0.28890035, 0.95237637, 0.09754978), (0.28890035, 0.95237637, 0.09754978), (0.028589504, 0.094246134, 0.99513835), (0.028589504, 0.094246134, 0.99513835), (0.028589504, 0.094246134, 0.99513835), (0.028588334, 0.094246134, -0.99513835), (0.028588334, 0.094246134, -0.99513835), (0.028588334, 0.094246134, -0.99513835), (0.28890035, 0.95237637, -0.09754978), (0.28890035, 0.95237637, -0.09754978), (0.28890035, 0.95237637, -0.09754978), (0.28890035, 0.95237637, -0.09754978), (0.084639184, 0.27901506, 0.95654935), (0.084639184, 0.27901506, 0.95654935), (0.084639184, 0.27901506, 0.95654935), (0.084639184, 0.27901506, 0.95654935), (0.27789783, 0.9161056, -0.28900382), (0.27789783, 0.9161056, -0.28900382), (0.27789783, 0.9161056, -0.28900382), (0.27789783, 0.9161056, -0.28900382), (0.13735363, 0.4527935, 0.88097215), (0.13735363, 0.4527935, 0.88097215), (0.13735363, 0.4527935, 0.88097215), (0.13735363, 0.4527935, 0.88097215), (0.25628194, 0.8448483, -0.46962854), (0.25628194, 0.8448483, -0.46962854), (0.25628194, 0.8448483, -0.46962854), (0.25628194, 0.8448483, -0.46962854), (0.18468562, 0.60882604, 0.7715063), (0.18468562, 0.60882604, 0.7715063), (0.18468562, 0.60882604, 0.7715063), (0.18468562, 0.60882604, 0.7715063), (0.2248283, 0.74115956, -0.6325621), (0.2248283, 0.74115956, -0.6325621), (0.2248283, 0.74115956, -0.6325621), (0.2248283, 0.74115956, -0.6325621), (0.22482811, 0.74115956, 0.63256216), (0.22482811, 0.74115956, 0.63256216), (0.22482811, 0.74115956, 0.63256216), (0.22482811, 0.74115956, 0.63256216), (0.18468566, 0.60882616, -0.77150625), (0.18468566, 0.60882616, -0.77150625), (0.18468566, 0.60882616, -0.77150625), (0.18468566, 0.60882616, -0.77150625), (0.25628194, 0.8448483, 0.46962854), (0.25628194, 0.8448483, 0.46962854), (0.25628194, 0.8448483, 0.46962854), (0.25628194, 0.8448483, 0.46962854), (0.22304995, 0.4172969, 0.88097215), (0.22304995, 0.4172969, 0.88097215), (0.22304995, 0.4172969, 0.88097215), (0.22304995, 0.4172969, 0.88097215), (0.41617957, 0.7786167, -0.46962824), (0.41617957, 0.7786167, -0.46962824), (0.41617957, 0.7786167, -0.46962824), (0.41617957, 0.7786167, -0.46962824), (0.29991314, 0.5610973, 0.77150613), (0.29991314, 0.5610973, 0.77150613), (0.29991314, 0.5610973, 0.77150613), (0.29991314, 0.5610973, 0.77150613), (0.36510137, 0.6830563, -0.63256234), (0.36510137, 0.6830563, -0.63256234), (0.36510137, 0.6830563, -0.63256234), (0.36510137, 0.6830563, -0.63256234), (0.36510137, 0.6830563, 0.63256234), (0.36510137, 0.6830563, 0.63256234), (0.36510137, 0.6830563, 0.63256234), (0.36510137, 0.6830563, 0.63256234), (0.29991314, 0.5610973, -0.77150613), (0.29991314, 0.5610973, -0.77150613), (0.29991314, 0.5610973, -0.77150613), (0.29991314, 0.5610973, -0.77150613), (0.41617936, 0.77861667, 0.4696284), (0.41617936, 0.77861667, 0.4696284), (0.41617936, 0.77861667, 0.4696284), (0.41617936, 0.77861667, 0.4696284), (0.22304995, 0.4172969, -0.88097215), (0.22304995, 0.4172969, -0.88097215), (0.22304995, 0.4172969, -0.88097215), (0.22304995, 0.4172969, -0.88097215), (0.45128164, 0.84428763, 0.28900394), (0.45128164, 0.84428763, 0.28900394), (0.45128164, 0.84428763, 0.28900394), (0.45128164, 0.84428763, 0.28900394), (0.13744462, 0.2571418, -0.9565495), (0.13744462, 0.2571418, -0.9565495), (0.13744462, 0.2571418, -0.9565495), (0.13744462, 0.2571418, -0.9565495), (0.46914887, 0.87771493, 0.09754946), (0.46914887, 0.87771493, 0.09754946), (0.46914887, 0.87771493, 0.09754946), (0.46914887, 0.87771493, 0.09754946), (0.04642598, 0.08685776, 0.99513835), (0.04642598, 0.08685776, 0.99513835), (0.04642598, 0.08685776, 0.99513835), (0.046426363, 0.08685774, -0.99513835), (0.046426363, 0.08685774, -0.99513835), (0.046426363, 0.08685774, -0.99513835), (0.46914887, 0.87771493, -0.09754946), (0.46914887, 0.87771493, -0.09754946), (0.46914887, 0.87771493, -0.09754946), (0.46914887, 0.87771493, -0.09754946), (0.13744462, 0.2571418, 0.9565495), (0.13744462, 0.2571418, 0.9565495), (0.13744462, 0.2571418, 0.9565495), (0.13744462, 0.2571418, 0.9565495), (0.45128164, 0.84428763, -0.28900394), (0.45128164, 0.84428763, -0.28900394), (0.45128164, 0.84428763, -0.28900394), (0.45128164, 0.84428763, -0.28900394), (0.60732234, 0.7400245, 0.28900412), (0.60732234, 0.7400245, 0.28900412), (0.60732234, 0.7400245, 0.28900412), (0.60732234, 0.7400245, 0.28900412), (0.184971, 0.22538677, -0.9565493), (0.184971, 0.22538677, -0.9565493), (0.184971, 0.22538677, -0.9565493), (0.184971, 0.22538677, -0.9565493), (0.63136786, 0.76932365, 0.09754907), (0.63136786, 0.76932365, 0.09754907), (0.63136786, 0.76932365, 0.09754907), (0.63136786, 0.76932365, 0.09754907), (0.06247755, 0.07613145, 0.99513847), (0.06247755, 0.07613145, 0.99513847), (0.06247755, 0.07613145, 0.99513847), (0.06247873, 0.076131456, -0.9951384), (0.06247873, 0.076131456, -0.9951384), (0.06247873, 0.076131456, -0.9951384), (0.63136786, 0.76932365, -0.09754907), (0.63136786, 0.76932365, -0.09754907), (0.63136786, 0.76932365, -0.09754907), (0.63136786, 0.76932365, -0.09754907), (0.18497096, 0.22538672, 0.95654935), (0.18497096, 0.22538672, 0.95654935), (0.18497096, 0.22538672, 0.95654935), (0.18497096, 0.22538672, 0.95654935), (0.60732234, 0.7400245, -0.28900412), (0.60732234, 0.7400245, -0.28900412), (0.60732234, 0.7400245, -0.28900412), (0.60732234, 0.7400245, -0.28900412), (0.30017498, 0.3657637, 0.8809721), (0.30017498, 0.3657637, 0.8809721), (0.30017498, 0.3657637, 0.8809721), (0.30017498, 0.3657637, 0.8809721), (0.56008345, 0.6824633, -0.46962792), (0.56008345, 0.6824633, -0.46962792), (0.56008345, 0.6824633, -0.46962792), (0.56008345, 0.6824633, -0.46962792), (0.4036149, 0.49180597, 0.77150625), (0.4036149, 0.49180597, 0.77150625), (0.4036149, 0.49180597, 0.77150625), (0.4036149, 0.49180597, 0.77150625), (0.4913435, 0.598704, -0.6325624), (0.4913435, 0.598704, -0.6325624), (0.4913435, 0.598704, -0.6325624), (0.4913435, 0.598704, -0.6325624), (0.49134353, 0.59870404, 0.6325622), (0.49134353, 0.59870404, 0.6325622), (0.49134353, 0.59870404, 0.6325622), (0.49134353, 0.59870404, 0.6325622), (0.40361515, 0.49180597, -0.771506), (0.40361515, 0.49180597, -0.771506), (0.40361515, 0.49180597, -0.771506), (0.40361515, 0.49180597, -0.771506), (0.56008357, 0.6824632, 0.4696279), (0.56008357, 0.6824632, 0.4696279), (0.56008357, 0.6824632, 0.4696279), (0.56008357, 0.6824632, 0.4696279), (0.30017498, 0.3657637, -0.8809721), (0.30017498, 0.3657637, -0.8809721), (0.30017498, 0.3657637, -0.8809721), (0.30017498, 0.3657637, -0.8809721), (0.68246347, 0.5600834, -0.4696278), (0.68246347, 0.5600834, -0.4696278), (0.68246347, 0.5600834, -0.4696278), (0.68246347, 0.5600834, -0.4696278), (0.49180615, 0.4036147, 0.77150613), (0.49180615, 0.4036147, 0.77150613), (0.49180615, 0.4036147, 0.77150613), (0.49180615, 0.4036147, 0.77150613), (0.59870404, 0.49134335, -0.63256234), (0.59870404, 0.49134335, -0.63256234), (0.59870404, 0.49134335, -0.63256234), (0.59870404, 0.49134335, -0.63256234), (0.59870434, 0.49134344, 0.6325621), (0.59870434, 0.49134344, 0.6325621), (0.59870434, 0.49134344, 0.6325621), (0.59870434, 0.49134344, 0.6325621), (0.4918061, 0.40361467, -0.77150625), (0.4918061, 0.40361467, -0.77150625), (0.4918061, 0.40361467, -0.77150625), (0.4918061, 0.40361467, -0.77150625), (0.68246347, 0.5600833, 0.46962777), (0.68246347, 0.5600833, 0.46962777), (0.68246347, 0.5600833, 0.46962777), (0.68246347, 0.5600833, 0.46962777), (0.365764, 0.30017468, -0.88097215), (0.365764, 0.30017468, -0.88097215), (0.365764, 0.30017468, -0.88097215), (0.365764, 0.30017468, -0.88097215), (0.7400246, 0.60732216, 0.2890043), (0.7400246, 0.60732216, 0.2890043), (0.7400246, 0.60732216, 0.2890043), (0.7400246, 0.60732216, 0.2890043), (0.22538571, 0.18496996, -0.95654976), (0.22538571, 0.18496996, -0.95654976), (0.22538571, 0.18496996, -0.95654976), (0.22538571, 0.18496996, -0.95654976), (0.7693239, 0.6313675, 0.0975494), (0.7693239, 0.6313675, 0.0975494), (0.7693239, 0.6313675, 0.0975494), (0.7693239, 0.6313675, 0.0975494), (0.07613262, 0.062479455, 0.9951382), (0.07613262, 0.062479455, 0.9951382), (0.07613262, 0.062479455, 0.9951382), (0.07613183, 0.06247944, -0.9951382), (0.07613183, 0.06247944, -0.9951382), (0.07613183, 0.06247944, -0.9951382), (0.7693239, 0.6313675, -0.0975494), (0.7693239, 0.6313675, -0.0975494), (0.7693239, 0.6313675, -0.0975494), (0.7693239, 0.6313675, -0.0975494), (0.22538677, 0.18496996, 0.9565495), (0.22538677, 0.18496996, 0.9565495), (0.22538677, 0.18496996, 0.9565495), (0.22538677, 0.18496996, 0.9565495), (0.7400246, 0.6073221, -0.28900427), (0.7400246, 0.6073221, -0.28900427), (0.7400246, 0.6073221, -0.28900427), (0.7400246, 0.6073221, -0.28900427), (0.3657637, 0.30017468, 0.8809722), (0.3657637, 0.30017468, 0.8809722), (0.3657637, 0.30017468, 0.8809722), (0.3657637, 0.30017468, 0.8809722), (0.25714174, 0.13744502, -0.9565495), (0.25714174, 0.13744502, -0.9565495), (0.25714174, 0.13744502, -0.9565495), (0.25714174, 0.13744502, -0.9565495), (0.87771523, 0.46914816, 0.0975494), (0.87771523, 0.46914816, 0.0975494), (0.87771523, 0.46914816, 0.0975494), (0.87771523, 0.46914816, 0.0975494), (0.086859174, 0.046426434, 0.9951383), (0.086859174, 0.046426434, 0.9951383), (0.086859174, 0.046426434, 0.9951383), (0.0868584, 0.046426434, -0.9951382), (0.0868584, 0.046426434, -0.9951382), (0.0868584, 0.046426434, -0.9951382), (0.87771523, 0.46914816, -0.09754932), (0.87771523, 0.46914816, -0.09754932), (0.87771523, 0.46914816, -0.09754932), (0.87771523, 0.46914816, -0.09754932), (0.25714174, 0.13744502, 0.9565495), (0.25714174, 0.13744502, 0.9565495), (0.25714174, 0.13744502, 0.9565495), (0.25714174, 0.13744502, 0.9565495), (0.8442879, 0.45128086, -0.28900442), (0.8442879, 0.45128086, -0.28900442), (0.8442879, 0.45128086, -0.28900442), (0.8442879, 0.45128086, -0.28900442), (0.41729724, 0.22304969, 0.8809721), (0.41729724, 0.22304969, 0.8809721), (0.41729724, 0.22304969, 0.8809721), (0.41729724, 0.22304969, 0.8809721), (0.7786172, 0.416179, -0.4696278), (0.7786172, 0.416179, -0.4696278), (0.7786172, 0.416179, -0.4696278), (0.7786172, 0.416179, -0.4696278), (0.56109756, 0.29991248, 0.77150637), (0.56109756, 0.29991248, 0.77150637), (0.56109756, 0.29991248, 0.77150637), (0.56109756, 0.29991248, 0.77150637), (0.68305653, 0.365101, -0.6325623), (0.68305653, 0.365101, -0.6325623), (0.68305653, 0.365101, -0.6325623), (0.68305653, 0.365101, -0.6325623), (0.6830564, 0.36510092, 0.63256234), (0.6830564, 0.36510092, 0.63256234), (0.6830564, 0.36510092, 0.63256234), (0.6830564, 0.36510092, 0.63256234), (0.56109756, 0.29991248, -0.77150637), (0.56109756, 0.29991248, -0.77150637), (0.56109756, 0.29991248, -0.77150637), (0.56109756, 0.29991248, -0.77150637), (0.7786172, 0.416179, 0.4696278), (0.7786172, 0.416179, 0.4696278), (0.7786172, 0.416179, 0.4696278), (0.7786172, 0.416179, 0.4696278), (0.41729695, 0.22304972, -0.88097215), (0.41729695, 0.22304972, -0.88097215), (0.41729695, 0.22304972, -0.88097215), (0.41729695, 0.22304972, -0.88097215), (0.8442879, 0.45128086, 0.2890045), (0.8442879, 0.45128086, 0.2890045), (0.8442879, 0.45128086, 0.2890045), (0.8442879, 0.45128086, 0.2890045), (0.7411594, 0.22482805, -0.6325624), (0.7411594, 0.22482805, -0.6325624), (0.7411594, 0.22482805, -0.6325624), (0.7411594, 0.22482805, -0.6325624), (0.7411592, 0.22482806, 0.63256246), (0.7411592, 0.22482806, 0.63256246), (0.7411592, 0.22482806, 0.63256246), (0.7411592, 0.22482806, 0.63256246), (0.6088266, 0.18468527, -0.77150613), (0.6088266, 0.18468527, -0.77150613), (0.6088266, 0.18468527, -0.77150613), (0.6088266, 0.18468527, -0.77150613), (0.8448489, 0.25628173, 0.4696275), (0.8448489, 0.25628173, 0.4696275), (0.8448489, 0.25628173, 0.4696275), (0.8448489, 0.25628173, 0.4696275), (0.45279405, 0.13735339, -0.88097197), (0.45279405, 0.13735339, -0.88097197), (0.45279405, 0.13735339, -0.88097197), (0.45279405, 0.13735339, -0.88097197), (0.9161056, 0.27789703, 0.2890046), (0.9161056, 0.27789703, 0.2890046), (0.9161056, 0.27789703, 0.2890046), (0.9161056, 0.27789703, 0.2890046), (0.2790154, 0.08463818, -0.95654935), (0.2790154, 0.08463818, -0.95654935), (0.2790154, 0.08463818, -0.95654935), (0.2790154, 0.08463818, -0.95654935), (0.95237637, 0.28890023, 0.09754908), (0.95237637, 0.28890023, 0.09754908), (0.95237637, 0.28890023, 0.09754908), (0.95237637, 0.28890023, 0.09754908), (0.09424681, 0.028589228, 0.9951382), (0.09424681, 0.028589228, 0.9951382), (0.09424681, 0.028589228, 0.9951382), (0.09424681, 0.028589228, -0.9951382), (0.09424681, 0.028589228, -0.9951382), (0.09424681, 0.028589228, -0.9951382), (0.95237637, 0.28890023, -0.09754908), (0.95237637, 0.28890023, -0.09754908), (0.95237637, 0.28890023, -0.09754908), (0.95237637, 0.28890023, -0.09754908), (0.27901515, 0.084638186, 0.95654947), (0.27901515, 0.084638186, 0.95654947), (0.27901515, 0.084638186, 0.95654947), (0.27901515, 0.084638186, 0.95654947), (0.9161056, 0.27789703, -0.28900462), (0.9161056, 0.27789703, -0.28900462), (0.9161056, 0.27789703, -0.28900462), (0.9161056, 0.27789703, -0.28900462), (0.4527938, 0.13735342, 0.88097215), (0.4527938, 0.13735342, 0.88097215), (0.4527938, 0.13735342, 0.88097215), (0.4527938, 0.13735342, 0.88097215), (0.8448489, 0.25628173, -0.4696276), (0.8448489, 0.25628173, -0.4696276), (0.8448489, 0.25628173, -0.4696276), (0.8448489, 0.25628173, -0.4696276), (0.6088266, 0.18468527, 0.77150613), (0.6088266, 0.18468527, 0.77150613), (0.6088266, 0.18468527, 0.77150613), (0.6088266, 0.18468527, 0.77150613), (0.0980127, 0.009653345, 0.9951383), (0.0980127, 0.009653345, 0.9951383), (0.0980127, 0.009653345, 0.9951383), (0.098012455, 0.009653346, -0.99513847), (0.098012455, 0.009653346, -0.99513847), (0.098012455, 0.009653346, -0.99513847), (0.9904386, 0.097549036, -0.09754894), (0.9904386, 0.097549036, -0.09754894), (0.9904386, 0.097549036, -0.09754894), (0.9904386, 0.097549036, -0.09754894), (0.2901658, 0.028579002, 0.9565495), (0.2901658, 0.028579002, 0.9565495), (0.2901658, 0.028579002, 0.9565495), (0.2901658, 0.028579002, 0.9565495), (0.9527179, 0.09383417, -0.2890047), (0.9527179, 0.09383417, -0.2890047), (0.9527179, 0.09383417, -0.2890047), (0.9527179, 0.09383417, -0.2890047), (0.47088987, 0.046378557, 0.8809721), (0.47088987, 0.046378557, 0.8809721), (0.47088987, 0.046378557, 0.8809721), (0.47088987, 0.046378557, 0.8809721), (0.8786136, 0.08653556, -0.4696273), (0.8786136, 0.08653556, -0.4696273), (0.8786136, 0.08653556, -0.4696273), (0.8786136, 0.08653556, -0.4696273), (0.63315845, 0.06236066, 0.7715061), (0.63315845, 0.06236066, 0.7715061), (0.63315845, 0.06236066, 0.7715061), (0.63315845, 0.06236066, 0.7715061), (0.7707797, 0.075915106, -0.63256264), (0.7707797, 0.075915106, -0.63256264), (0.7707797, 0.075915106, -0.63256264), (0.7707797, 0.075915106, -0.63256264), (0.7707797, 0.075915106, 0.63256264), (0.7707797, 0.075915106, 0.63256264), (0.7707797, 0.075915106, 0.63256264), (0.7707797, 0.075915106, 0.63256264), (0.63315845, 0.06236066, -0.7715061), (0.63315845, 0.06236066, -0.7715061), (0.63315845, 0.06236066, -0.7715061), (0.63315845, 0.06236066, -0.7715061), (0.8786135, 0.086535566, 0.46962735), (0.8786135, 0.086535566, 0.46962735), (0.8786135, 0.086535566, 0.46962735), (0.8786135, 0.086535566, 0.46962735), (0.47088963, 0.046378568, -0.8809722), (0.47088963, 0.046378568, -0.8809722), (0.47088963, 0.046378568, -0.8809722), (0.47088963, 0.046378568, -0.8809722), (0.9527179, 0.09383417, 0.2890047), (0.9527179, 0.09383417, 0.2890047), (0.9527179, 0.09383417, 0.2890047), (0.9527179, 0.09383417, 0.2890047), (0.2901658, 0.028579002, -0.9565495), (0.2901658, 0.028579002, -0.9565495), (0.2901658, 0.028579002, -0.9565495), (0.2901658, 0.028579002, -0.9565495), (0.9904386, 0.097549036, 0.09754895), (0.9904386, 0.097549036, 0.09754895), (0.9904386, 0.097549036, 0.09754895), (0.9904386, 0.097549036, 0.09754895), (0.7707797, -0.075915895, 0.6325626), (0.7707797, -0.075915895, 0.6325626), (0.7707797, -0.075915895, 0.6325626), (0.7707797, -0.075915895, 0.6325626), (0.63315845, -0.0623609, -0.771506), (0.63315845, -0.0623609, -0.771506), (0.63315845, -0.0623609, -0.771506), (0.63315845, -0.0623609, -0.771506), (0.8786134, -0.08653593, 0.46962738), (0.8786134, -0.08653593, 0.46962738), (0.8786134, -0.08653593, 0.46962738), (0.8786134, -0.08653593, 0.46962738), (0.47088996, -0.04637872, -0.88097197), (0.47088996, -0.04637872, -0.88097197), (0.47088996, -0.04637872, -0.88097197), (0.47088996, -0.04637872, -0.88097197), (0.9527178, -0.09383449, 0.28900483), (0.9527178, -0.09383449, 0.28900483), (0.9527178, -0.09383449, 0.28900483), (0.9527178, -0.09383449, 0.28900483), (0.29016578, -0.028578999, -0.9565495), (0.29016578, -0.028578999, -0.9565495), (0.29016578, -0.028578999, -0.9565495), (0.29016578, -0.028578999, -0.9565495), (0.9904384, -0.09754995, 0.09754877), (0.9904384, -0.09754995, 0.09754877), (0.9904384, -0.09754995, 0.09754877), (0.9904384, -0.09754995, 0.09754877), (0.09801323, -0.009653395, 0.99513835), (0.09801323, -0.009653395, 0.99513835), (0.09801323, -0.009653395, 0.99513835), (0.09801323, -0.009653395, -0.99513835), (0.09801323, -0.009653395, -0.99513835), (0.09801323, -0.009653395, -0.99513835), (0.9904384, -0.09754995, -0.09754877), (0.9904384, -0.09754995, -0.09754877), (0.9904384, -0.09754995, -0.09754877), (0.9904384, -0.09754995, -0.09754877), (0.29016578, -0.028578999, 0.9565495), (0.29016578, -0.028578999, 0.9565495), (0.29016578, -0.028578999, 0.9565495), (0.29016578, -0.028578999, 0.9565495), (0.9527178, -0.09383448, -0.2890048), (0.9527178, -0.09383448, -0.2890048), (0.9527178, -0.09383448, -0.2890048), (0.9527178, -0.09383448, -0.2890048), (0.47088996, -0.04637872, 0.88097197), (0.47088996, -0.04637872, 0.88097197), (0.47088996, -0.04637872, 0.88097197), (0.47088996, -0.04637872, 0.88097197), (0.8786134, -0.08653593, -0.46962738), (0.8786134, -0.08653593, -0.46962738), (0.8786134, -0.08653593, -0.46962738), (0.8786134, -0.08653593, -0.46962738), (0.63315845, -0.0623609, 0.771506), (0.63315845, -0.0623609, 0.771506), (0.63315845, -0.0623609, 0.771506), (0.63315845, -0.0623609, 0.771506), (0.7707797, -0.075915895, -0.6325626), (0.7707797, -0.075915895, -0.6325626), (0.7707797, -0.075915895, -0.6325626), (0.7707797, -0.075915895, -0.6325626), (0.9523764, -0.28890035, -0.09754875), (0.9523764, -0.28890035, -0.09754875), (0.9523764, -0.28890035, -0.09754875), (0.9523764, -0.28890035, -0.09754875), (0.27901536, -0.0846383, 0.95654947), (0.27901536, -0.0846383, 0.95654947), (0.27901536, -0.0846383, 0.95654947), (0.27901536, -0.0846383, 0.95654947), (0.9161052, -0.27789795, -0.2890049), (0.9161052, -0.27789795, -0.2890049), (0.9161052, -0.27789795, -0.2890049), (0.9161052, -0.27789795, -0.2890049), (0.45279405, -0.13735339, 0.8809719), (0.45279405, -0.13735339, 0.8809719), (0.45279405, -0.13735339, 0.8809719), (0.45279405, -0.13735339, 0.8809719), (0.84484893, -0.25628257, -0.46962708), (0.84484893, -0.25628257, -0.46962708), (0.84484893, -0.25628257, -0.46962708), (0.84484893, -0.25628257, -0.46962708), (0.60882634, -0.18468583, 0.7715061), (0.60882634, -0.18468583, 0.7715061), (0.60882634, -0.18468583, 0.7715061), (0.60882634, -0.18468583, 0.7715061), (0.741159, -0.22482803, -0.63256276), (0.741159, -0.22482803, -0.63256276), (0.741159, -0.22482803, -0.63256276), (0.741159, -0.22482803, -0.63256276), (0.7411589, -0.22482806, 0.6325628), (0.7411589, -0.22482806, 0.6325628), (0.7411589, -0.22482806, 0.6325628), (0.7411589, -0.22482806, 0.6325628), (0.6088265, -0.1846858, -0.771506), (0.6088265, -0.1846858, -0.771506), (0.6088265, -0.1846858, -0.771506), (0.6088265, -0.1846858, -0.771506), (0.8448489, -0.25628254, 0.4696271), (0.8448489, -0.25628254, 0.4696271), (0.8448489, -0.25628254, 0.4696271), (0.8448489, -0.25628254, 0.4696271), (0.45279405, -0.13735339, -0.8809719), (0.45279405, -0.13735339, -0.8809719), (0.45279405, -0.13735339, -0.8809719), (0.45279405, -0.13735339, -0.8809719), (0.9161053, -0.27789795, 0.28900492), (0.9161053, -0.27789795, 0.28900492), (0.9161053, -0.27789795, 0.28900492), (0.9161053, -0.27789795, 0.28900492), (0.27901536, -0.0846383, -0.95654947), (0.27901536, -0.0846383, -0.95654947), (0.27901536, -0.0846383, -0.95654947), (0.27901536, -0.0846383, -0.95654947), (0.9523764, -0.28890035, 0.09754875), (0.9523764, -0.28890035, 0.09754875), (0.9523764, -0.28890035, 0.09754875), (0.9523764, -0.28890035, 0.09754875), (0.09424528, -0.028589334, 0.9951384), (0.09424528, -0.028589334, 0.9951384), (0.09424528, -0.028589334, 0.9951384), (0.09424605, -0.028589332, -0.99513835), (0.09424605, -0.028589332, -0.99513835), (0.09424605, -0.028589332, -0.99513835), (0.5610979, -0.2999132, -0.7715058), (0.5610979, -0.2999132, -0.7715058), (0.5610979, -0.2999132, -0.7715058), (0.5610979, -0.2999132, -0.7715058), (0.77861726, -0.41617998, 0.46962696), (0.77861726, -0.41617998, 0.46962696), (0.77861726, -0.41617998, 0.46962696), (0.77861726, -0.41617998, 0.46962696), (0.417297, -0.22305006, -0.88097215), (0.417297, -0.22305006, -0.88097215), (0.417297, -0.22305006, -0.88097215), (0.417297, -0.22305006, -0.88097215), (0.8442874, -0.4512812, 0.2890052), (0.8442874, -0.4512812, 0.2890052), (0.8442874, -0.4512812, 0.2890052), (0.8442874, -0.4512812, 0.2890052), (0.25714225, -0.13744526, -0.9565494), (0.25714225, -0.13744526, -0.9565494), (0.25714225, -0.13744526, -0.9565494), (0.25714225, -0.13744526, -0.9565494), (0.8777152, -0.4691486, 0.09754864), (0.8777152, -0.4691486, 0.09754864), (0.8777152, -0.4691486, 0.09754864), (0.8777152, -0.4691486, 0.09754864), (0.086854555, -0.046426516, 0.9951386), (0.086854555, -0.046426516, 0.9951386), (0.086854555, -0.046426516, 0.9951386), (0.086856104, -0.04642651, -0.99513847), (0.086856104, -0.04642651, -0.99513847), (0.086856104, -0.04642651, -0.99513847), (0.8777152, -0.4691486, -0.09754864), (0.8777152, -0.4691486, -0.09754864), (0.8777152, -0.4691486, -0.09754864), (0.8777152, -0.4691486, -0.09754864), (0.2571427, -0.13744523, 0.95654917), (0.2571427, -0.13744523, 0.95654917), (0.2571427, -0.13744523, 0.95654917), (0.2571427, -0.13744523, 0.95654917), (0.8442874, -0.45128128, -0.28900516), (0.8442874, -0.45128128, -0.28900516), (0.8442874, -0.45128128, -0.28900516), (0.8442874, -0.45128128, -0.28900516), (0.41729704, -0.22305007, 0.88097215), (0.41729704, -0.22305007, 0.88097215), (0.41729704, -0.22305007, 0.88097215), (0.41729704, -0.22305007, 0.88097215), (0.77861714, -0.41618, -0.46962702), (0.77861714, -0.41618, -0.46962702), (0.77861714, -0.41618, -0.46962702), (0.77861714, -0.41618, -0.46962702), (0.56109786, -0.29991317, 0.77150583), (0.56109786, -0.29991317, 0.77150583), (0.56109786, -0.29991317, 0.77150583), (0.56109786, -0.29991317, 0.77150583), (0.68305606, -0.3651011, -0.6325628), (0.68305606, -0.3651011, -0.6325628), (0.68305606, -0.3651011, -0.6325628), (0.68305606, -0.3651011, -0.6325628), (0.68305594, -0.36510113, 0.6325628), (0.68305594, -0.36510113, 0.6325628), (0.68305594, -0.36510113, 0.6325628), (0.68305594, -0.36510113, 0.6325628), (0.22538686, -0.1849701, 0.9565494), (0.22538686, -0.1849701, 0.9565494), (0.22538686, -0.1849701, 0.9565494), (0.22538686, -0.1849701, 0.9565494), (0.7400242, -0.60732216, -0.2890051), (0.7400242, -0.60732216, -0.2890051), (0.7400242, -0.60732216, -0.2890051), (0.7400242, -0.60732216, -0.2890051), (0.36576363, -0.30017492, 0.8809722), (0.36576363, -0.30017492, 0.8809722), (0.36576363, -0.30017492, 0.8809722), (0.36576363, -0.30017492, 0.8809722), (0.6824639, -0.5600837, -0.4696268), (0.6824639, -0.5600837, -0.4696268), (0.6824639, -0.5600837, -0.4696268), (0.6824639, -0.5600837, -0.4696268), (0.49180645, -0.40361515, 0.7715059), (0.49180645, -0.40361515, 0.7715059), (0.49180645, -0.40361515, 0.7715059), (0.49180645, -0.40361515, 0.7715059), (0.5987034, -0.49134335, -0.6325631), (0.5987034, -0.49134335, -0.6325631), (0.5987034, -0.49134335, -0.6325631), (0.5987034, -0.49134335, -0.6325631), (0.5987035, -0.4913433, 0.6325629), (0.5987035, -0.4913433, 0.6325629), (0.5987035, -0.4913433, 0.6325629), (0.5987035, -0.4913433, 0.6325629), (0.49180627, -0.40361518, -0.77150595), (0.49180627, -0.40361518, -0.77150595), (0.49180627, -0.40361518, -0.77150595), (0.49180627, -0.40361518, -0.77150595), (0.6824638, -0.5600837, 0.46962687), (0.6824638, -0.5600837, 0.46962687), (0.6824638, -0.5600837, 0.46962687), (0.6824638, -0.5600837, 0.46962687), (0.36576363, -0.30017492, -0.8809722), (0.36576363, -0.30017492, -0.8809722), (0.36576363, -0.30017492, -0.8809722), (0.36576363, -0.30017492, -0.8809722), (0.7400242, -0.60732216, 0.2890051), (0.7400242, -0.60732216, 0.2890051), (0.7400242, -0.60732216, 0.2890051), (0.7400242, -0.60732216, 0.2890051), (0.22538686, -0.1849701, -0.9565494), (0.22538686, -0.1849701, -0.9565494), (0.22538686, -0.1849701, -0.9565494), (0.22538686, -0.1849701, -0.9565494), (0.76932365, -0.6313679, 0.097548366), (0.76932365, -0.6313679, 0.097548366), (0.76932365, -0.6313679, 0.097548366), (0.76932365, -0.6313679, 0.097548366), (0.07613266, -0.06247951, 0.9951383), (0.07613266, -0.06247951, 0.9951383), (0.07613266, -0.06247951, 0.9951383), (0.07613343, -0.062479503, -0.9951381), (0.07613343, -0.062479503, -0.9951381), (0.07613343, -0.062479503, -0.9951381), (0.76932365, -0.6313679, -0.097548366), (0.76932365, -0.6313679, -0.097548366), (0.76932365, -0.6313679, -0.097548366), (0.76932365, -0.6313679, -0.097548366), (0.56008357, -0.6824639, 0.46962696), (0.56008357, -0.6824639, 0.46962696), (0.56008357, -0.6824639, 0.46962696), (0.56008357, -0.6824639, 0.46962696), (0.30017462, -0.36576423, -0.88097215), (0.30017462, -0.36576423, -0.88097215), (0.30017462, -0.36576423, -0.88097215), (0.30017462, -0.36576423, -0.88097215), (0.607322, -0.7400243, 0.2890052), (0.607322, -0.7400243, 0.2890052), (0.607322, -0.7400243, 0.2890052), (0.607322, -0.7400243, 0.2890052), (0.18497005, -0.22538683, -0.9565494), (0.18497005, -0.22538683, -0.9565494), (0.18497005, -0.22538683, -0.9565494), (0.18497005, -0.22538683, -0.9565494), (0.63136744, -0.7693242, 0.097548045), (0.63136744, -0.7693242, 0.097548045), (0.63136744, -0.7693242, 0.097548045), (0.63136744, -0.7693242, 0.097548045), (0.06248071, -0.07613149, 0.9951382), (0.06248071, -0.07613149, 0.9951382), (0.06248071, -0.07613149, 0.9951382), (0.062479936, -0.0761315, -0.9951383), (0.062479936, -0.0761315, -0.9951383), (0.062479936, -0.0761315, -0.9951383), (0.63136744, -0.7693242, -0.097548045), (0.63136744, -0.7693242, -0.097548045), (0.63136744, -0.7693242, -0.097548045), (0.63136744, -0.7693242, -0.097548045), (0.18497007, -0.22538684, 0.9565494), (0.18497007, -0.22538684, 0.9565494), (0.18497007, -0.22538684, 0.9565494), (0.18497007, -0.22538684, 0.9565494), (0.607322, -0.7400244, -0.28900522), (0.607322, -0.7400244, -0.28900522), (0.607322, -0.7400244, -0.28900522), (0.607322, -0.7400244, -0.28900522), (0.30017462, -0.36576423, 0.880972), (0.30017462, -0.36576423, 0.880972), (0.30017462, -0.36576423, 0.880972), (0.30017462, -0.36576423, 0.880972), (0.56008357, -0.68246394, -0.469627), (0.56008357, -0.68246394, -0.469627), (0.56008357, -0.68246394, -0.469627), (0.56008357, -0.68246394, -0.469627), (0.4036148, -0.49180663, 0.7715059), (0.4036148, -0.49180663, 0.7715059), (0.4036148, -0.49180663, 0.7715059), (0.4036148, -0.49180663, 0.7715059), (0.4913429, -0.59870374, -0.632563), (0.4913429, -0.59870374, -0.632563), (0.4913429, -0.59870374, -0.632563), (0.4913429, -0.59870374, -0.632563), (0.49134308, -0.59870374, 0.6325629), (0.49134308, -0.59870374, 0.6325629), (0.49134308, -0.59870374, 0.6325629), (0.49134308, -0.59870374, 0.6325629), (0.40361485, -0.4918067, -0.7715059), (0.40361485, -0.4918067, -0.7715059), (0.40361485, -0.4918067, -0.7715059), (0.40361485, -0.4918067, -0.7715059), (0.45128083, -0.84428763, -0.28900534), (0.45128083, -0.84428763, -0.28900534), (0.45128083, -0.84428763, -0.28900534), (0.45128083, -0.84428763, -0.28900534), (0.22305013, -0.41729715, 0.880972), (0.22305013, -0.41729715, 0.880972), (0.22305013, -0.41729715, 0.880972), (0.22305013, -0.41729715, 0.880972), (0.41617948, -0.7786176, -0.4696269), (0.41617948, -0.7786176, -0.4696269), (0.41617948, -0.7786176, -0.4696269), (0.41617948, -0.7786176, -0.4696269), (0.29991344, -0.5610979, 0.77150565), (0.29991344, -0.5610979, 0.77150565), (0.29991344, -0.5610979, 0.77150565), (0.29991344, -0.5610979, 0.77150565), (0.3651008, -0.683056, -0.63256294), (0.3651008, -0.683056, -0.63256294), (0.3651008, -0.683056, -0.63256294), (0.3651008, -0.683056, -0.63256294), (0.3651008, -0.683056, 0.63256294), (0.3651008, -0.683056, 0.63256294), (0.3651008, -0.683056, 0.63256294), (0.3651008, -0.683056, 0.63256294), (0.29991344, -0.5610979, -0.77150565), (0.29991344, -0.5610979, -0.77150565), (0.29991344, -0.5610979, -0.77150565), (0.29991344, -0.5610979, -0.77150565), (0.41617948, -0.7786176, 0.4696269), (0.41617948, -0.7786176, 0.4696269), (0.41617948, -0.7786176, 0.4696269), (0.41617948, -0.7786176, 0.4696269), (0.22305013, -0.41729715, -0.880972), (0.22305013, -0.41729715, -0.880972), (0.22305013, -0.41729715, -0.880972), (0.22305013, -0.41729715, -0.880972), (0.45128083, -0.84428763, 0.28900534), (0.45128083, -0.84428763, 0.28900534), (0.45128083, -0.84428763, 0.28900534), (0.45128083, -0.84428763, 0.28900534), (0.13744466, -0.2571419, -0.9565495), (0.13744466, -0.2571419, -0.9565495), (0.13744466, -0.2571419, -0.9565495), (0.13744466, -0.2571419, -0.9565495), (0.46914825, -0.8777153, 0.09754827), (0.46914825, -0.8777153, 0.09754827), (0.46914825, -0.8777153, 0.09754827), (0.46914825, -0.8777153, 0.09754827), (0.04642602, -0.08685781, 0.99513835), (0.04642602, -0.08685781, 0.99513835), (0.04642602, -0.08685781, 0.99513835), (0.046426795, -0.086857796, -0.9951382), (0.046426795, -0.086857796, -0.9951382), (0.046426795, -0.086857796, -0.9951382), (0.46914825, -0.8777153, -0.09754827), (0.46914825, -0.8777153, -0.09754827), (0.46914825, -0.8777153, -0.09754827), (0.46914825, -0.8777153, -0.09754827), (0.13744466, -0.2571419, 0.9565495), (0.13744466, -0.2571419, 0.9565495), (0.13744466, -0.2571419, 0.9565495), (0.13744466, -0.2571419, 0.9565495), (0.13735314, -0.45279393, -0.88097215), (0.13735314, -0.45279393, -0.88097215), (0.13735314, -0.45279393, -0.88097215), (0.13735314, -0.45279393, -0.88097215), (0.27789724, -0.9161053, 0.28900537), (0.27789724, -0.9161053, 0.28900537), (0.27789724, -0.9161053, 0.28900537), (0.27789724, -0.9161053, 0.28900537), (0.08463822, -0.27901527, -0.9565494), (0.08463822, -0.27901527, -0.9565494), (0.08463822, -0.27901527, -0.9565494), (0.08463822, -0.27901527, -0.9565494), (0.28889996, -0.9523766, 0.09754814), (0.28889996, -0.9523766, 0.09754814), (0.28889996, -0.9523766, 0.09754814), (0.28889996, -0.9523766, 0.09754814), (0.028589545, -0.09424622, 0.9951383), (0.028589545, -0.09424622, 0.9951383), (0.028589545, -0.09424622, 0.9951383), (0.02858896, -0.09424622, -0.9951383), (0.02858896, -0.09424622, -0.9951383), (0.02858896, -0.09424622, -0.9951383), (0.28889996, -0.9523766, -0.09754814), (0.28889996, -0.9523766, -0.09754814), (0.28889996, -0.9523766, -0.09754814), (0.28889996, -0.9523766, -0.09754814), (0.084638216, -0.27901524, 0.95654947), (0.084638216, -0.27901524, 0.95654947), (0.084638216, -0.27901524, 0.95654947), (0.084638216, -0.27901524, 0.95654947), (0.2778972, -0.9161053, -0.28900537), (0.2778972, -0.9161053, -0.28900537), (0.2778972, -0.9161053, -0.28900537), (0.2778972, -0.9161053, -0.28900537), (0.1373525, -0.45279396, 0.8809722), (0.1373525, -0.45279396, 0.8809722), (0.1373525, -0.45279396, 0.8809722), (0.1373525, -0.45279396, 0.8809722), (0.256282, -0.8448493, -0.46962675), (0.256282, -0.8448493, -0.46962675), (0.256282, -0.8448493, -0.46962675), (0.256282, -0.8448493, -0.46962675), (0.1846855, -0.6088269, 0.7715058), (0.1846855, -0.6088269, 0.7715058), (0.1846855, -0.6088269, 0.7715058), (0.1846855, -0.6088269, 0.7715058), (0.22482799, -0.74115896, -0.6325629), (0.22482799, -0.74115896, -0.6325629), (0.22482799, -0.74115896, -0.6325629), (0.22482799, -0.74115896, -0.6325629), (0.22482818, -0.74115896, 0.6325629), (0.22482818, -0.74115896, 0.6325629), (0.22482818, -0.74115896, 0.6325629), (0.22482818, -0.74115896, 0.6325629), (0.1846855, -0.6088269, -0.7715058), (0.1846855, -0.6088269, -0.7715058), (0.1846855, -0.6088269, -0.7715058), (0.1846855, -0.6088269, -0.7715058), (0.25628206, -0.8448493, 0.46962675), (0.25628206, -0.8448493, 0.46962675), (0.25628206, -0.8448493, 0.46962675), (0.25628206, -0.8448493, 0.46962675), (0.08653579, -0.8786137, -0.46962708), (0.08653579, -0.8786137, -0.46962708), (0.08653579, -0.8786137, -0.46962708), (0.08653579, -0.8786137, -0.46962708), (0.062360495, -0.6331589, 0.7715056), (0.062360495, -0.6331589, 0.7715056), (0.062360495, -0.6331589, 0.7715056), (0.062360495, -0.6331589, 0.7715056), (0.0759149, -0.7707795, -0.63256305), (0.0759149, -0.7707795, -0.63256305), (0.0759149, -0.7707795, -0.63256305), (0.0759149, -0.7707795, -0.63256305), (0.0759149, -0.7707795, 0.63256305), (0.0759149, -0.7707795, 0.63256305), (0.0759149, -0.7707795, 0.63256305), (0.0759149, -0.7707795, 0.63256305), (0.062360488, -0.63315886, -0.7715057), (0.062360488, -0.63315886, -0.7715057), (0.062360488, -0.63315886, -0.7715057), (0.062360488, -0.63315886, -0.7715057), (0.08653579, -0.8786137, 0.46962708), (0.08653579, -0.8786137, 0.46962708), (0.08653579, -0.8786137, 0.46962708), (0.08653579, -0.8786137, 0.46962708), (0.04637873, -0.47088978, -0.880972), (0.04637873, -0.47088978, -0.880972), (0.04637873, -0.47088978, -0.880972), (0.04637873, -0.47088978, -0.880972), (0.09383444, -0.95271766, 0.28900525), (0.09383444, -0.95271766, 0.28900525), (0.09383444, -0.95271766, 0.28900525), (0.09383444, -0.95271766, 0.28900525), (0.02857927, -0.2901661, -0.9565494), (0.02857927, -0.2901661, -0.9565494), (0.02857927, -0.2901661, -0.9565494), (0.02857927, -0.2901661, -0.9565494), (0.09754958, -0.9904386, 0.09754802), (0.09754958, -0.9904386, 0.09754802), (0.09754958, -0.9904386, 0.09754802), (0.09754958, -0.9904386, 0.09754802), (0.009654665, -0.09801278, 0.99513835), (0.009654665, -0.09801278, 0.99513835), (0.009654665, -0.09801278, 0.99513835), (0.009653301, -0.09801278, -0.99513835), (0.009653301, -0.09801278, -0.99513835), (0.009653301, -0.09801278, -0.99513835), (0.09754958, -0.9904386, -0.09754802), (0.09754958, -0.9904386, -0.09754802), (0.09754958, -0.9904386, -0.09754802), (0.09754958, -0.9904386, -0.09754802), (0.028579274, -0.29016614, 0.9565494), (0.028579274, -0.29016614, 0.9565494), (0.028579274, -0.29016614, 0.9565494), (0.028579274, -0.29016614, 0.9565494), (0.09383444, -0.95271766, -0.28900525), (0.09383444, -0.95271766, -0.28900525), (0.09383444, -0.95271766, -0.28900525), (0.09383444, -0.95271766, -0.28900525), (0.04637874, -0.47088987, 0.880972), (0.04637874, -0.47088987, 0.880972), (0.04637874, -0.47088987, 0.880972), (0.04637874, -0.47088987, 0.880972), (-0.028579274, -0.29016614, -0.95654947), (-0.028579274, -0.29016614, -0.95654947), (-0.028579274, -0.29016614, -0.95654947), (-0.028579274, -0.29016614, -0.95654947), (-0.09754996, -0.99043846, 0.097547874), (-0.09754996, -0.99043846, 0.097547874), (-0.09754996, -0.99043846, 0.097547874), (-0.09754996, -0.99043846, 0.097547874), (-0.009654666, -0.09801278, 0.9951383), (-0.009654666, -0.09801278, 0.9951383), (-0.009654666, -0.09801278, 0.9951383), (-0.009654665, -0.098012775, -0.99513835), (-0.009654665, -0.098012775, -0.99513835), (-0.009654665, -0.098012775, -0.99513835), (-0.09754996, -0.99043846, -0.097547874), (-0.09754996, -0.99043846, -0.097547874), (-0.09754996, -0.99043846, -0.097547874), (-0.09754996, -0.99043846, -0.097547874), (-0.028579269, -0.29016605, 0.9565495), (-0.028579269, -0.29016605, 0.9565495), (-0.028579269, -0.29016605, 0.9565495), (-0.028579269, -0.29016605, 0.9565495), (-0.09383482, -0.9527178, -0.28900507), (-0.09383482, -0.9527178, -0.28900507), (-0.09383482, -0.9527178, -0.28900507), (-0.09383482, -0.9527178, -0.28900507), (-0.04637938, -0.4708897, 0.880972), (-0.04637938, -0.4708897, 0.880972), (-0.04637938, -0.4708897, 0.880972), (-0.04637938, -0.4708897, 0.880972), (-0.08653613, -0.8786136, -0.46962723), (-0.08653613, -0.8786136, -0.46962723), (-0.08653613, -0.8786136, -0.46962723), (-0.08653613, -0.8786136, -0.46962723), (-0.062360983, -0.633159, 0.7715056), (-0.062360983, -0.633159, 0.7715056), (-0.062360983, -0.633159, 0.7715056), (-0.062360983, -0.633159, 0.7715056), (-0.07591528, -0.77077925, -0.6325632), (-0.07591528, -0.77077925, -0.6325632), (-0.07591528, -0.77077925, -0.6325632), (-0.07591528, -0.77077925, -0.6325632), (-0.07591528, -0.77077925, 0.6325632), (-0.07591528, -0.77077925, 0.6325632), (-0.07591528, -0.77077925, 0.6325632), (-0.07591528, -0.77077925, 0.6325632), (-0.062360983, -0.633159, -0.7715056), (-0.062360983, -0.633159, -0.7715056), (-0.062360983, -0.633159, -0.7715056), (-0.062360983, -0.633159, -0.7715056), (-0.08653613, -0.8786136, 0.46962723), (-0.08653613, -0.8786136, 0.46962723), (-0.08653613, -0.8786136, 0.46962723), (-0.08653613, -0.8786136, 0.46962723), (-0.04637938, -0.4708897, -0.880972), (-0.04637938, -0.4708897, -0.880972), (-0.04637938, -0.4708897, -0.880972), (-0.04637938, -0.4708897, -0.880972), (-0.09383482, -0.9527178, 0.28900507), (-0.09383482, -0.9527178, 0.28900507), (-0.09383482, -0.9527178, 0.28900507), (-0.09383482, -0.9527178, 0.28900507), (-0.18468556, -0.60882705, 0.77150565), (-0.18468556, -0.60882705, 0.77150565), (-0.18468556, -0.60882705, 0.77150565), (-0.18468556, -0.60882705, 0.77150565), (-0.22482818, -0.7411587, -0.6325631), (-0.22482818, -0.7411587, -0.6325631), (-0.22482818, -0.7411587, -0.6325631), (-0.22482818, -0.7411587, -0.6325631), (-0.2248282, -0.7411588, 0.63256294), (-0.2248282, -0.7411588, 0.63256294), (-0.2248282, -0.7411588, 0.63256294), (-0.2248282, -0.7411588, 0.63256294), (-0.18468556, -0.60882705, -0.77150565), (-0.18468556, -0.60882705, -0.77150565), (-0.18468556, -0.60882705, -0.77150565), (-0.18468556, -0.60882705, -0.77150565), (-0.2562822, -0.8448492, 0.46962678), (-0.2562822, -0.8448492, 0.46962678), (-0.2562822, -0.8448492, 0.46962678), (-0.2562822, -0.8448492, 0.46962678), (-0.13735315, -0.4527939, -0.88097215), (-0.13735315, -0.4527939, -0.88097215), (-0.13735315, -0.4527939, -0.88097215), (-0.13735315, -0.4527939, -0.88097215), (-0.2778976, -0.91610515, 0.28900558), (-0.2778976, -0.91610515, 0.28900558), (-0.2778976, -0.91610515, 0.28900558), (-0.2778976, -0.91610515, 0.28900558), (-0.08463821, -0.27901515, -0.9565495), (-0.08463821, -0.27901515, -0.9565495), (-0.08463821, -0.27901515, -0.9565495), (-0.08463821, -0.27901515, -0.9565495), (-0.28890043, -0.9523765, 0.09754805), (-0.28890043, -0.9523765, 0.09754805), (-0.28890043, -0.9523765, 0.09754805), (-0.28890043, -0.9523765, 0.09754805), (-0.028589537, -0.09424618, 0.9951383), (-0.028589537, -0.09424618, 0.9951383), (-0.028589537, -0.09424618, 0.9951383), (-0.028588371, -0.094246194, -0.99513835), (-0.028588371, -0.094246194, -0.99513835), (-0.028588371, -0.094246194, -0.99513835), (-0.28890043, -0.9523765, -0.09754805), (-0.28890043, -0.9523765, -0.09754805), (-0.28890043, -0.9523765, -0.09754805), (-0.28890043, -0.9523765, -0.09754805), (-0.08463821, -0.27901515, 0.9565495), (-0.08463821, -0.27901515, 0.9565495), (-0.08463821, -0.27901515, 0.9565495), (-0.08463821, -0.27901515, 0.9565495), (-0.2778977, -0.91610515, -0.28900558), (-0.2778977, -0.91610515, -0.28900558), (-0.2778977, -0.91610515, -0.28900558), (-0.2778977, -0.91610515, -0.28900558), (-0.13735315, -0.45279393, 0.880972), (-0.13735315, -0.45279393, 0.880972), (-0.13735315, -0.45279393, 0.880972), (-0.13735315, -0.45279393, 0.880972), (-0.2562822, -0.8448492, -0.46962678), (-0.2562822, -0.8448492, -0.46962678), (-0.2562822, -0.8448492, -0.46962678), (-0.2562822, -0.8448492, -0.46962678), (-0.4691487, -0.8777152, 0.09754784), (-0.4691487, -0.8777152, 0.09754784), (-0.4691487, -0.8777152, 0.09754784), (-0.4691487, -0.8777152, 0.09754784), (-0.046429146, -0.086857796, 0.9951382), (-0.046429146, -0.086857796, 0.9951382), (-0.046429146, -0.086857796, 0.9951382), (-0.046427976, -0.086857796, -0.9951382), (-0.046427976, -0.086857796, -0.9951382), (-0.046427976, -0.086857796, -0.9951382), (-0.4691487, -0.8777152, -0.09754784), (-0.4691487, -0.8777152, -0.09754784), (-0.4691487, -0.8777152, -0.09754784), (-0.4691487, -0.8777152, -0.09754784), (-0.13744466, -0.25714183, 0.9565495), (-0.13744466, -0.25714183, 0.9565495), (-0.13744466, -0.25714183, 0.9565495), (-0.13744466, -0.25714183, 0.9565495), (-0.45128122, -0.84428746, -0.2890049), (-0.45128122, -0.84428746, -0.2890049), (-0.45128122, -0.84428746, -0.2890049), (-0.45128122, -0.84428746, -0.2890049), (-0.22305068, -0.4172969, 0.88097197), (-0.22305068, -0.4172969, 0.88097197), (-0.22305068, -0.4172969, 0.88097197), (-0.22305068, -0.4172969, 0.88097197), (-0.41617996, -0.7786172, -0.46962696), (-0.41617996, -0.7786172, -0.46962696), (-0.41617996, -0.7786172, -0.46962696), (-0.41617996, -0.7786172, -0.46962696), (-0.29991347, -0.56109804, 0.7715057), (-0.29991347, -0.56109804, 0.7715057), (-0.29991347, -0.56109804, 0.7715057), (-0.29991347, -0.56109804, 0.7715057), (-0.36510104, -0.6830557, -0.6325632), (-0.36510104, -0.6830557, -0.6325632), (-0.36510104, -0.6830557, -0.6325632), (-0.36510104, -0.6830557, -0.6325632), (-0.36510104, -0.6830557, 0.6325632), (-0.36510104, -0.6830557, 0.6325632), (-0.36510104, -0.6830557, 0.6325632), (-0.36510104, -0.6830557, 0.6325632), (-0.29991347, -0.56109804, -0.7715057), (-0.29991347, -0.56109804, -0.7715057), (-0.29991347, -0.56109804, -0.7715057), (-0.29991347, -0.56109804, -0.7715057), (-0.41617996, -0.7786172, 0.46962696), (-0.41617996, -0.7786172, 0.46962696), (-0.41617996, -0.7786172, 0.46962696), (-0.41617996, -0.7786172, 0.46962696), (-0.22305076, -0.41729704, -0.88097197), (-0.22305076, -0.41729704, -0.88097197), (-0.22305076, -0.41729704, -0.88097197), (-0.22305076, -0.41729704, -0.88097197), (-0.45128122, -0.84428746, 0.2890049), (-0.45128122, -0.84428746, 0.2890049), (-0.45128122, -0.84428746, 0.2890049), (-0.45128122, -0.84428746, 0.2890049), (-0.13744466, -0.25714183, -0.9565495), (-0.13744466, -0.25714183, -0.9565495), (-0.13744466, -0.25714183, -0.9565495), (-0.13744466, -0.25714183, -0.9565495), (-0.4913435, -0.5987034, -0.6325629), (-0.4913435, -0.5987034, -0.6325629), (-0.4913435, -0.5987034, -0.6325629), (-0.4913435, -0.5987034, -0.6325629), (-0.49134347, -0.5987033, 0.63256305), (-0.49134347, -0.5987033, 0.63256305), (-0.49134347, -0.5987033, 0.63256305), (-0.49134347, -0.5987033, 0.63256305), (-0.40361565, -0.49180657, -0.7715056), (-0.40361565, -0.49180657, -0.7715056), (-0.40361565, -0.49180657, -0.7715056), (-0.40361565, -0.49180657, -0.7715056), (-0.56008387, -0.68246365, 0.46962684), (-0.56008387, -0.68246365, 0.46962684), (-0.56008387, -0.68246365, 0.46962684), (-0.56008387, -0.68246365, 0.46962684), (-0.30017403, -0.36576414, -0.8809722), (-0.30017403, -0.36576414, -0.8809722), (-0.30017403, -0.36576414, -0.8809722), (-0.30017403, -0.36576414, -0.8809722), (-0.60732245, -0.7400238, 0.28900558), (-0.60732245, -0.7400238, 0.28900558), (-0.60732245, -0.7400238, 0.28900558), (-0.60732245, -0.7400238, 0.28900558), (-0.18497106, -0.22538665, -0.95654935), (-0.18497106, -0.22538665, -0.95654935), (-0.18497106, -0.22538665, -0.95654935), (-0.18497106, -0.22538665, -0.95654935), (-0.6313679, -0.76932365, 0.09754787), (-0.6313679, -0.76932365, 0.09754787), (-0.6313679, -0.76932365, 0.09754787), (-0.6313679, -0.76932365, 0.09754787), (-0.06247761, -0.07613148, 0.9951384), (-0.06247761, -0.07613148, 0.9951384), (-0.06247761, -0.07613148, 0.9951384), (-0.0624784, -0.076131485, -0.99513847), (-0.0624784, -0.076131485, -0.99513847), (-0.0624784, -0.076131485, -0.99513847), (-0.6313679, -0.76932365, -0.09754787), (-0.6313679, -0.76932365, -0.09754787), (-0.6313679, -0.76932365, -0.09754787), (-0.6313679, -0.76932365, -0.09754787), (-0.18497106, -0.22538665, 0.95654935), (-0.18497106, -0.22538665, 0.95654935), (-0.18497106, -0.22538665, 0.95654935), (-0.18497106, -0.22538665, 0.95654935), (-0.60732245, -0.7400238, -0.28900558), (-0.60732245, -0.7400238, -0.28900558), (-0.60732245, -0.7400238, -0.28900558), (-0.60732245, -0.7400238, -0.28900558), (-0.30017462, -0.36576408, 0.880972), (-0.30017462, -0.36576408, 0.880972), (-0.30017462, -0.36576408, 0.880972), (-0.30017462, -0.36576408, 0.880972), (-0.56008375, -0.68246377, -0.46962693), (-0.56008375, -0.68246377, -0.46962693), (-0.56008375, -0.68246377, -0.46962693), (-0.56008375, -0.68246377, -0.46962693), (-0.40361565, -0.49180657, 0.7715056), (-0.40361565, -0.49180657, 0.7715056), (-0.40361565, -0.49180657, 0.7715056), (-0.40361565, -0.49180657, 0.7715056), (-0.07612959, -0.062479485, 0.9951385), (-0.07612959, -0.062479485, 0.9951385), (-0.07612959, -0.062479485, 0.9951385), (-0.076130375, -0.062479485, -0.9951384), (-0.076130375, -0.062479485, -0.9951384), (-0.076130375, -0.062479485, -0.9951384), (-0.7693239, -0.63136774, -0.097547926), (-0.7693239, -0.63136774, -0.097547926), (-0.7693239, -0.63136774, -0.097547926), (-0.7693239, -0.63136774, -0.097547926), (-0.22538598, -0.18497004, 0.9565496), (-0.22538598, -0.18497004, 0.9565496), (-0.22538598, -0.18497004, 0.9565496), (-0.22538598, -0.18497004, 0.9565496), (-0.7400243, -0.6073218, -0.2890057), (-0.7400243, -0.6073218, -0.2890057), (-0.7400243, -0.6073218, -0.2890057), (-0.7400243, -0.6073218, -0.2890057), (-0.36576417, -0.3001746, 0.8809721), (-0.36576417, -0.3001746, 0.8809721), (-0.36576417, -0.3001746, 0.8809721), (-0.36576417, -0.3001746, 0.8809721), (-0.6824642, -0.5600835, -0.46962658), (-0.6824642, -0.5600835, -0.46962658), (-0.6824642, -0.5600835, -0.46962658), (-0.6824642, -0.5600835, -0.46962658), (-0.4918066, -0.403615, 0.7715059), (-0.4918066, -0.403615, 0.7715059), (-0.4918066, -0.403615, 0.7715059), (-0.4918066, -0.403615, 0.7715059), (-0.5987035, -0.49134326, -0.63256294), (-0.5987035, -0.49134326, -0.63256294), (-0.5987035, -0.49134326, -0.63256294), (-0.5987035, -0.49134326, -0.63256294), (-0.5987035, -0.49134326, 0.63256294), (-0.5987035, -0.49134326, 0.63256294), (-0.5987035, -0.49134326, 0.63256294), (-0.5987035, -0.49134326, 0.63256294), (-0.49180636, -0.403615, -0.7715059), (-0.49180636, -0.403615, -0.7715059), (-0.49180636, -0.403615, -0.7715059), (-0.49180636, -0.403615, -0.7715059), (-0.68246424, -0.5600835, 0.46962658), (-0.68246424, -0.5600835, 0.46962658), (-0.68246424, -0.5600835, 0.46962658), (-0.68246424, -0.5600835, 0.46962658), (-0.36576396, -0.3001747, -0.8809721), (-0.36576396, -0.3001747, -0.8809721), (-0.36576396, -0.3001747, -0.8809721), (-0.36576396, -0.3001747, -0.8809721), (-0.7400243, -0.6073218, 0.2890058), (-0.7400243, -0.6073218, 0.2890058), (-0.7400243, -0.6073218, 0.2890058), (-0.7400243, -0.6073218, 0.2890058), (-0.22538598, -0.18497004, -0.9565496), (-0.22538598, -0.18497004, -0.9565496), (-0.22538598, -0.18497004, -0.9565496), (-0.22538598, -0.18497004, -0.9565496), (-0.7693239, -0.63136774, 0.097547926), (-0.7693239, -0.63136774, 0.097547926), (-0.7693239, -0.63136774, 0.097547926), (-0.7693239, -0.63136774, 0.097547926), (-0.68305594, -0.36510074, 0.6325631), (-0.68305594, -0.36510074, 0.6325631), (-0.68305594, -0.36510074, 0.6325631), (-0.68305594, -0.36510074, 0.6325631), (-0.56109834, -0.2999131, -0.77150553), (-0.56109834, -0.2999131, -0.77150553), (-0.56109834, -0.2999131, -0.77150553), (-0.56109834, -0.2999131, -0.77150553), (-0.7786178, -0.41617963, 0.46962625), (-0.7786178, -0.41617963, 0.46962625), (-0.7786178, -0.41617963, 0.46962625), (-0.7786178, -0.41617963, 0.46962625), (-0.41729698, -0.22305004, -0.880972), (-0.41729698, -0.22305004, -0.880972), (-0.41729698, -0.22305004, -0.880972), (-0.41729698, -0.22305004, -0.880972), (-0.8442874, -0.45128056, 0.2890062), (-0.8442874, -0.45128056, 0.2890062), (-0.8442874, -0.45128056, 0.2890062), (-0.8442874, -0.45128056, 0.2890062), (-0.25714192, -0.13744512, -0.9565494), (-0.25714192, -0.13744512, -0.9565494), (-0.25714192, -0.13744512, -0.9565494), (-0.25714192, -0.13744512, -0.9565494), (-0.87771535, -0.46914837, 0.097547725), (-0.87771535, -0.46914837, 0.097547725), (-0.87771535, -0.46914837, 0.097547725), (-0.87771535, -0.46914837, 0.097547725), (-0.08686081, -0.046426427, 0.99513805), (-0.08686081, -0.046426427, 0.99513805), (-0.08686081, -0.046426427, 0.99513805), (-0.08686004, -0.04642643, -0.9951381), (-0.08686004, -0.04642643, -0.9951381), (-0.08686004, -0.04642643, -0.9951381), (-0.87771535, -0.46914837, -0.097547725), (-0.87771535, -0.46914837, -0.097547725), (-0.87771535, -0.46914837, -0.097547725), (-0.87771535, -0.46914837, -0.097547725), (-0.25714242, -0.1374451, 0.95654935), (-0.25714242, -0.1374451, 0.95654935), (-0.25714242, -0.1374451, 0.95654935), (-0.25714242, -0.1374451, 0.95654935), (-0.8442874, -0.45128056, -0.28900614), (-0.8442874, -0.45128056, -0.28900614), (-0.8442874, -0.45128056, -0.28900614), (-0.8442874, -0.45128056, -0.28900614), (-0.41729733, -0.22305007, 0.88097197), (-0.41729733, -0.22305007, 0.88097197), (-0.41729733, -0.22305007, 0.88097197), (-0.41729733, -0.22305007, 0.88097197), (-0.77861774, -0.4161797, -0.4696263), (-0.77861774, -0.4161797, -0.4696263), (-0.77861774, -0.4161797, -0.4696263), (-0.77861774, -0.4161797, -0.4696263), (-0.5610982, -0.29991317, 0.7715057), (-0.5610982, -0.29991317, 0.7715057), (-0.5610982, -0.29991317, 0.7715057), (-0.5610982, -0.29991317, 0.7715057), (-0.68305594, -0.36510074, -0.6325631), (-0.68305594, -0.36510074, -0.6325631), (-0.68305594, -0.36510074, -0.6325631), (-0.68305594, -0.36510074, -0.6325631), (-0.9523768, -0.28889954, -0.09754751), (-0.9523768, -0.28889954, -0.09754751), (-0.9523768, -0.28889954, -0.09754751), (-0.9523768, -0.28889954, -0.09754751), (-0.27901533, -0.084638245, 0.95654935), (-0.27901533, -0.084638245, 0.95654935), (-0.27901533, -0.084638245, 0.95654935), (-0.27901533, -0.084638245, 0.95654935), (-0.91610503, -0.27789733, -0.2890062), (-0.91610503, -0.27789733, -0.2890062), (-0.91610503, -0.27789733, -0.2890062), (-0.91610503, -0.27789733, -0.2890062), (-0.45279413, -0.1373532, 0.88097197), (-0.45279413, -0.1373532, 0.88097197), (-0.45279413, -0.1373532, 0.88097197), (-0.45279413, -0.1373532, 0.88097197), (-0.8448495, -0.25628236, -0.469626), (-0.8448495, -0.25628236, -0.469626), (-0.8448495, -0.25628236, -0.469626), (-0.8448495, -0.25628236, -0.469626), (-0.60882694, -0.18468532, 0.7715057), (-0.60882694, -0.18468532, 0.7715057), (-0.60882694, -0.18468532, 0.7715057), (-0.60882694, -0.18468532, 0.7715057), (-0.7411588, -0.22482799, -0.6325631), (-0.7411588, -0.22482799, -0.6325631), (-0.7411588, -0.22482799, -0.6325631), (-0.7411588, -0.22482799, -0.6325631), (-0.74115866, -0.22482796, 0.6325632), (-0.74115866, -0.22482796, 0.6325632), (-0.74115866, -0.22482796, 0.6325632), (-0.74115866, -0.22482796, 0.6325632), (-0.6088268, -0.18468536, -0.7715059), (-0.6088268, -0.18468536, -0.7715059), (-0.6088268, -0.18468536, -0.7715059), (-0.6088268, -0.18468536, -0.7715059), (-0.8448496, -0.25628236, 0.4696259), (-0.8448496, -0.25628236, 0.4696259), (-0.8448496, -0.25628236, 0.4696259), (-0.8448496, -0.25628236, 0.4696259), (-0.4527939, -0.13735321, -0.8809721), (-0.4527939, -0.13735321, -0.8809721), (-0.4527939, -0.13735321, -0.8809721), (-0.4527939, -0.13735321, -0.8809721), (-0.91610515, -0.27789733, 0.28900614), (-0.91610515, -0.27789733, 0.28900614), (-0.91610515, -0.27789733, 0.28900614), (-0.91610515, -0.27789733, 0.28900614), (-0.2790156, -0.084638245, -0.95654935), (-0.2790156, -0.084638245, -0.95654935), (-0.2790156, -0.084638245, -0.95654935), (-0.2790156, -0.084638245, -0.95654935), (-0.9523768, -0.28889954, 0.09754751), (-0.9523768, -0.28889954, 0.09754751), (-0.9523768, -0.28889954, 0.09754751), (-0.9523768, -0.28889954, 0.09754751), (-0.09424616, -0.028589217, 0.99513835), (-0.09424616, -0.028589217, 0.99513835), (-0.09424616, -0.028589217, 0.99513835), (-0.094246164, -0.028589219, -0.99513835), (-0.094246164, -0.028589219, -0.99513835), (-0.094246164, -0.028589219, -0.99513835), (-0.633159, -0.062360246, -0.7715056), (-0.633159, -0.062360246, -0.7715056), (-0.633159, -0.062360246, -0.7715056), (-0.633159, -0.062360246, -0.7715056), (-0.8786142, -0.086535685, 0.46962613), (-0.8786142, -0.086535685, 0.46962613), (-0.8786142, -0.086535685, 0.46962613), (-0.8786142, -0.086535685, 0.46962613), (-0.47088954, -0.046378456, -0.88097227), (-0.47088954, -0.046378456, -0.88097227), (-0.47088954, -0.046378456, -0.88097227), (-0.47088954, -0.046378456, -0.88097227), (-0.9527175, -0.09383416, 0.28900602), (-0.9527175, -0.09383416, 0.28900602), (-0.9527175, -0.09383416, 0.28900602), (-0.9527175, -0.09383416, 0.28900602), (-0.2901664, -0.028578755, -0.9565494), (-0.2901664, -0.028578755, -0.9565494), (-0.2901664, -0.028578755, -0.9565494), (-0.2901664, -0.028578755, -0.9565494), (-0.9904386, -0.09754939, 0.097547464), (-0.9904386, -0.09754939, 0.097547464), (-0.9904386, -0.09754939, 0.097547464), (-0.9904386, -0.09754939, 0.097547464), (-0.09801272, -0.009653355, 0.99513835), (-0.09801272, -0.009653355, 0.99513835), (-0.09801272, -0.009653355, 0.99513835), (-0.098012544, -0.009653355, -0.99513835), (-0.098012544, -0.009653355, -0.99513835), (-0.098012544, -0.009653355, -0.99513835), (-0.9904386, -0.09754939, -0.09754746), (-0.9904386, -0.09754939, -0.09754746), (-0.9904386, -0.09754939, -0.09754746), (-0.9904386, -0.09754939, -0.09754746), (-0.2901662, -0.028578756, 0.9565495), (-0.2901662, -0.028578756, 0.9565495), (-0.2901662, -0.028578756, 0.9565495), (-0.2901662, -0.028578756, 0.9565495), (-0.9527175, -0.09383417, -0.28900605), (-0.9527175, -0.09383417, -0.28900605), (-0.9527175, -0.09383417, -0.28900605), (-0.9527175, -0.09383417, -0.28900605), (-0.47088978, -0.04637845, 0.8809721), (-0.47088978, -0.04637845, 0.8809721), (-0.47088978, -0.04637845, 0.8809721), (-0.47088978, -0.04637845, 0.8809721), (-0.8786142, -0.08653568, -0.46962607), (-0.8786142, -0.08653568, -0.46962607), (-0.8786142, -0.08653568, -0.46962607), (-0.8786142, -0.08653568, -0.46962607), (-0.6331588, -0.062360253, 0.7715057), (-0.6331588, -0.062360253, 0.7715057), (-0.6331588, -0.062360253, 0.7715057), (-0.6331588, -0.062360253, 0.7715057), (-0.7707792, -0.075914696, -0.6325634), (-0.7707792, -0.075914696, -0.6325634), (-0.7707792, -0.075914696, -0.6325634), (-0.7707792, -0.075914696, -0.6325634), (-0.77077925, -0.07591468, 0.63256323), (-0.77077925, -0.07591468, 0.63256323), (-0.77077925, -0.07591468, 0.63256323), (-0.77077925, -0.07591468, 0.63256323), (-0.9527175, 0.0938348, -0.28900594), (-0.9527175, 0.0938348, -0.28900594), (-0.9527175, 0.0938348, -0.28900594), (-0.9527175, 0.0938348, -0.28900594), (-0.4708902, 0.04637876, 0.8809718), (-0.4708902, 0.04637876, 0.8809718), (-0.4708902, 0.04637876, 0.8809718), (-0.4708902, 0.04637876, 0.8809718), (-0.8786141, 0.08653638, -0.4696262), (-0.8786141, 0.08653638, -0.4696262), (-0.8786141, 0.08653638, -0.4696262), (-0.8786141, 0.08653638, -0.4696262), (-0.63315874, 0.06236074, 0.77150583), (-0.63315874, 0.06236074, 0.77150583), (-0.63315874, 0.06236074, 0.77150583), (-0.63315874, 0.06236074, 0.77150583), (-0.77077925, 0.075915076, -0.63256323), (-0.77077925, 0.075915076, -0.63256323), (-0.77077925, 0.075915076, -0.63256323), (-0.77077925, 0.075915076, -0.63256323), (-0.77077925, 0.075915076, 0.63256323), (-0.77077925, 0.075915076, 0.63256323), (-0.77077925, 0.075915076, 0.63256323), (-0.77077925, 0.075915076, 0.63256323), (-0.63315874, 0.06236074, -0.77150583), (-0.63315874, 0.06236074, -0.77150583), (-0.63315874, 0.06236074, -0.77150583), (-0.63315874, 0.06236074, -0.77150583), (-0.8786141, 0.08653638, 0.4696262), (-0.8786141, 0.08653638, 0.4696262), (-0.8786141, 0.08653638, 0.4696262), (-0.8786141, 0.08653638, 0.4696262), (-0.4708902, 0.04637876, -0.8809718), (-0.4708902, 0.04637876, -0.8809718), (-0.4708902, 0.04637876, -0.8809718), (-0.4708902, 0.04637876, -0.8809718), (-0.9527175, 0.093834795, 0.2890059), (-0.9527175, 0.093834795, 0.2890059), (-0.9527175, 0.093834795, 0.2890059), (-0.9527175, 0.093834795, 0.2890059), (-0.29016578, 0.028578894, -0.9565496), (-0.29016578, 0.028578894, -0.9565496), (-0.29016578, 0.028578894, -0.9565496), (-0.29016578, 0.028578894, -0.9565496), (-0.9904385, 0.09755, 0.09754759), (-0.9904385, 0.09755, 0.09754759), (-0.9904385, 0.09755, 0.09754759), (-0.9904385, 0.09755, 0.09754759), (-0.098013334, 0.009653453, 0.9951383), (-0.098013334, 0.009653453, 0.9951383), (-0.098013334, 0.009653453, 0.9951383), (-0.09801332, 0.009653452, -0.9951382), (-0.09801332, 0.009653452, -0.9951382), (-0.09801332, 0.009653452, -0.9951382), (-0.9904385, 0.09755, -0.09754759), (-0.9904385, 0.09755, -0.09754759), (-0.9904385, 0.09755, -0.09754759), (-0.9904385, 0.09755, -0.09754759), (-0.29016578, 0.028578894, 0.9565496), (-0.29016578, 0.028578894, 0.9565496), (-0.29016578, 0.028578894, 0.9565496), (-0.29016578, 0.028578894, 0.9565496), (-0.45279428, 0.13735373, -0.88097185), (-0.45279428, 0.13735373, -0.88097185), (-0.45279428, 0.13735373, -0.88097185), (-0.45279428, 0.13735373, -0.88097185), (-0.91610503, 0.2778977, 0.2890059), (-0.91610503, 0.2778977, 0.2890059), (-0.91610503, 0.2778977, 0.2890059), (-0.91610503, 0.2778977, 0.2890059), (-0.2790151, 0.08463851, -0.95654947), (-0.2790151, 0.08463851, -0.95654947), (-0.2790151, 0.08463851, -0.95654947), (-0.2790151, 0.08463851, -0.95654947), (-0.9523765, 0.28890046, 0.097547695), (-0.9523765, 0.28890046, 0.097547695), (-0.9523765, 0.28890046, 0.097547695), (-0.9523765, 0.28890046, 0.097547695), (-0.09424697, 0.028589373, 0.9951382), (-0.09424697, 0.028589373, 0.9951382), (-0.09424697, 0.028589373, 0.9951382), (-0.09424696, 0.028589372, -0.9951382), (-0.09424696, 0.028589372, -0.9951382), (-0.09424696, 0.028589372, -0.9951382), (-0.9523765, 0.28890046, -0.097547695), (-0.9523765, 0.28890046, -0.097547695), (-0.9523765, 0.28890046, -0.097547695), (-0.9523765, 0.28890046, -0.097547695), (-0.2790156, 0.084638506, 0.95654935), (-0.2790156, 0.084638506, 0.95654935), (-0.2790156, 0.084638506, 0.95654935), (-0.2790156, 0.084638506, 0.95654935), (-0.91610503, 0.2778977, -0.2890059), (-0.91610503, 0.2778977, -0.2890059), (-0.91610503, 0.2778977, -0.2890059), (-0.91610503, 0.2778977, -0.2890059), (-0.45279428, 0.13735373, 0.88097185), (-0.45279428, 0.13735373, 0.88097185), (-0.45279428, 0.13735373, 0.88097185), (-0.45279428, 0.13735373, 0.88097185), (-0.84484947, 0.25628245, -0.46962613), (-0.84484947, 0.25628245, -0.46962613), (-0.84484947, 0.25628245, -0.46962613), (-0.84484947, 0.25628245, -0.46962613), (-0.6088271, 0.18468554, 0.7715056), (-0.6088271, 0.18468554, 0.7715056), (-0.6088271, 0.18468554, 0.7715056), (-0.6088271, 0.18468554, 0.7715056), (-0.7411586, 0.22482839, -0.6325631), (-0.7411586, 0.22482839, -0.6325631), (-0.7411586, 0.22482839, -0.6325631), (-0.7411586, 0.22482839, -0.6325631), (-0.74115866, 0.22482835, 0.6325631), (-0.74115866, 0.22482835, 0.6325631), (-0.74115866, 0.22482835, 0.6325631), (-0.74115866, 0.22482835, 0.6325631), (-0.60882694, 0.18468556, -0.77150565), (-0.60882694, 0.18468556, -0.77150565), (-0.60882694, 0.18468556, -0.77150565), (-0.60882694, 0.18468556, -0.77150565), (-0.84484947, 0.25628245, 0.46962613), (-0.84484947, 0.25628245, 0.46962613), (-0.84484947, 0.25628245, 0.46962613), (-0.84484947, 0.25628245, 0.46962613), (-0.41729736, 0.22305009, 0.88097197), (-0.41729736, 0.22305009, 0.88097197), (-0.41729736, 0.22305009, 0.88097197), (-0.41729736, 0.22305009, 0.88097197), (-0.7786177, 0.41617993, -0.4696261), (-0.7786177, 0.41617993, -0.4696261), (-0.7786177, 0.41617993, -0.4696261), (-0.7786177, 0.41617993, -0.4696261), (-0.561098, 0.2999135, 0.77150565), (-0.561098, 0.2999135, 0.77150565), (-0.561098, 0.2999135, 0.77150565), (-0.561098, 0.2999135, 0.77150565), (-0.6830556, 0.36510104, -0.6325632), (-0.6830556, 0.36510104, -0.6325632), (-0.6830556, 0.36510104, -0.6325632), (-0.6830556, 0.36510104, -0.6325632), (-0.6830555, 0.36510113, 0.63256335), (-0.6830555, 0.36510113, 0.63256335), (-0.6830555, 0.36510113, 0.63256335), (-0.6830555, 0.36510113, 0.63256335), (-0.5610978, 0.29991353, -0.7715058), (-0.5610978, 0.29991353, -0.7715058), (-0.5610978, 0.29991353, -0.7715058), (-0.5610978, 0.29991353, -0.7715058), (-0.7786177, 0.41618004, 0.46962613), (-0.7786177, 0.41618004, 0.46962613), (-0.7786177, 0.41618004, 0.46962613), (-0.7786177, 0.41618004, 0.46962613), (-0.41729707, 0.2230501, -0.880972), (-0.41729707, 0.2230501, -0.880972), (-0.41729707, 0.2230501, -0.880972), (-0.41729707, 0.2230501, -0.880972), (-0.84428716, 0.45128128, 0.28900594), (-0.84428716, 0.45128128, 0.28900594), (-0.84428716, 0.45128128, 0.28900594), (-0.84428716, 0.45128128, 0.28900594), (-0.25714144, 0.13744526, -0.9565495), (-0.25714144, 0.13744526, -0.9565495), (-0.25714144, 0.13744526, -0.9565495), (-0.25714144, 0.13744526, -0.9565495), (-0.8777153, 0.46914855, 0.09754747), (-0.8777153, 0.46914855, 0.09754747), (-0.8777153, 0.46914855, 0.09754747), (-0.8777153, 0.46914855, 0.09754747), (-0.086857766, 0.046426468, 0.99513835), (-0.086857766, 0.046426468, 0.99513835), (-0.086857766, 0.046426468, 0.99513835), (-0.08685622, 0.04642648, -0.9951385), (-0.08685622, 0.04642648, -0.9951385), (-0.08685622, 0.04642648, -0.9951385), (-0.8777153, 0.46914855, -0.09754747), (-0.8777153, 0.46914855, -0.09754747), (-0.8777153, 0.46914855, -0.09754747), (-0.8777153, 0.46914855, -0.09754747), (-0.25714192, 0.13744524, 0.9565494), (-0.25714192, 0.13744524, 0.9565494), (-0.25714192, 0.13744524, 0.9565494), (-0.25714192, 0.13744524, 0.9565494), (-0.84428716, 0.4512813, -0.2890059), (-0.84428716, 0.4512813, -0.2890059), (-0.84428716, 0.4512813, -0.2890059), (-0.84428716, 0.4512813, -0.2890059), (-0.74002385, 0.60732216, 0.2890062), (-0.74002385, 0.60732216, 0.2890062), (-0.74002385, 0.60732216, 0.2890062), (-0.74002385, 0.60732216, 0.2890062), (-0.22538702, 0.1849703, -0.95654935), (-0.22538702, 0.1849703, -0.95654935), (-0.22538702, 0.1849703, -0.95654935), (-0.22538702, 0.1849703, -0.95654935), (-0.76932365, 0.63136804, 0.09754758), (-0.76932365, 0.63136804, 0.09754758), (-0.76932365, 0.63136804, 0.09754758), (-0.76932365, 0.63136804, 0.09754758), (-0.07613273, 0.06247957, 0.9951382), (-0.07613273, 0.06247957, 0.9951382), (-0.07613273, 0.06247957, 0.9951382), (-0.076131955, 0.062479574, -0.9951383), (-0.076131955, 0.062479574, -0.9951383), (-0.076131955, 0.062479574, -0.9951383), (-0.76932365, 0.63136804, -0.09754758), (-0.76932365, 0.63136804, -0.09754758), (-0.76932365, 0.63136804, -0.09754758), (-0.76932365, 0.63136804, -0.09754758), (-0.22538607, 0.18497038, 0.9565496), (-0.22538607, 0.18497038, 0.9565496), (-0.22538607, 0.18497038, 0.9565496), (-0.22538607, 0.18497038, 0.9565496), (-0.74002385, 0.60732216, -0.2890062), (-0.74002385, 0.60732216, -0.2890062), (-0.74002385, 0.60732216, -0.2890062), (-0.74002385, 0.60732216, -0.2890062), (-0.36576378, 0.3001749, 0.8809721), (-0.36576378, 0.3001749, 0.8809721), (-0.36576378, 0.3001749, 0.8809721), (-0.36576378, 0.3001749, 0.8809721), (-0.6824639, 0.56008434, -0.469626), (-0.6824639, 0.56008434, -0.469626), (-0.6824639, 0.56008434, -0.469626), (-0.6824639, 0.56008434, -0.469626), (-0.49180624, 0.40361556, 0.7715057), (-0.49180624, 0.40361556, 0.7715057), (-0.49180624, 0.40361556, 0.7715057), (-0.49180624, 0.40361556, 0.7715057), (-0.59870327, 0.4913434, -0.6325631), (-0.59870327, 0.4913434, -0.6325631), (-0.59870327, 0.4913434, -0.6325631), (-0.59870327, 0.4913434, -0.6325631), (-0.5987032, 0.49134335, 0.6325632), (-0.5987032, 0.49134335, 0.6325632), (-0.5987032, 0.49134335, 0.6325632), (-0.5987032, 0.49134335, 0.6325632), (-0.49180642, 0.4036155, -0.77150565), (-0.49180642, 0.4036155, -0.77150565), (-0.49180642, 0.4036155, -0.77150565), (-0.49180642, 0.4036155, -0.77150565), (-0.6824639, 0.56008434, 0.469626), (-0.6824639, 0.56008434, 0.469626), (-0.6824639, 0.56008434, 0.469626), (-0.6824639, 0.56008434, 0.469626), (-0.36576378, 0.3001749, -0.8809721), (-0.36576378, 0.3001749, -0.8809721), (-0.36576378, 0.3001749, -0.8809721), (-0.36576378, 0.3001749, -0.8809721), (-0.5600837, 0.68246436, -0.46962607), (-0.5600837, 0.68246436, -0.46962607), (-0.5600837, 0.68246436, -0.46962607), (-0.5600837, 0.68246436, -0.46962607), (-0.40361547, 0.49180672, 0.77150553), (-0.40361547, 0.49180672, 0.77150553), (-0.40361547, 0.49180672, 0.77150553), (-0.40361547, 0.49180672, 0.77150553), (-0.49134296, 0.5987034, -0.6325634), (-0.49134296, 0.5987034, -0.6325634), (-0.49134296, 0.5987034, -0.6325634), (-0.49134296, 0.5987034, -0.6325634), (-0.49134308, 0.5987033, 0.6325632), (-0.49134308, 0.5987033, 0.6325632), (-0.49134308, 0.5987033, 0.6325632), (-0.49134308, 0.5987033, 0.6325632), (-0.40361524, 0.49180672, -0.77150565), (-0.40361524, 0.49180672, -0.77150565), (-0.40361524, 0.49180672, -0.77150565), (-0.40361524, 0.49180672, -0.77150565), (-0.5600838, 0.6824644, 0.46962595), (-0.5600838, 0.6824644, 0.46962595), (-0.5600838, 0.6824644, 0.46962595), (-0.5600838, 0.6824644, 0.46962595), (-0.30017486, 0.36576447, -0.8809719), (-0.30017486, 0.36576447, -0.8809719), (-0.30017486, 0.36576447, -0.8809719), (-0.30017486, 0.36576447, -0.8809719), (-0.60732174, 0.7400241, 0.28900638), (-0.60732174, 0.7400241, 0.28900638), (-0.60732174, 0.7400241, 0.28900638), (-0.60732174, 0.7400241, 0.28900638), (-0.18497123, 0.22538677, -0.9565492), (-0.18497123, 0.22538677, -0.9565492), (-0.18497123, 0.22538677, -0.9565492), (-0.18497123, 0.22538677, -0.9565492), (-0.6313674, 0.7693243, 0.09754702), (-0.6313674, 0.7693243, 0.09754702), (-0.6313674, 0.7693243, 0.09754702), (-0.6313674, 0.7693243, 0.09754702), (-0.06247768, 0.07613158, 0.9951384), (-0.06247768, 0.07613158, 0.9951384), (-0.06247768, 0.07613158, 0.9951384), (-0.062478848, 0.076131575, -0.99513835), (-0.062478848, 0.076131575, -0.99513835), (-0.062478848, 0.076131575, -0.99513835), (-0.6313674, 0.7693243, -0.09754702), (-0.6313674, 0.7693243, -0.09754702), (-0.6313674, 0.7693243, -0.09754702), (-0.6313674, 0.7693243, -0.09754702), (-0.1849712, 0.22538675, 0.9565493), (-0.1849712, 0.22538675, 0.9565493), (-0.1849712, 0.22538675, 0.9565493), (-0.1849712, 0.22538675, 0.9565493), (-0.6073217, 0.7400241, -0.28900638), (-0.6073217, 0.7400241, -0.28900638), (-0.6073217, 0.7400241, -0.28900638), (-0.6073217, 0.7400241, -0.28900638), (-0.30017486, 0.36576444, 0.8809719), (-0.30017486, 0.36576444, 0.8809719), (-0.30017486, 0.36576444, 0.8809719), (-0.30017486, 0.36576444, 0.8809719), (-0.1374448, 0.257142, -0.9565494), (-0.1374448, 0.257142, -0.9565494), (-0.1374448, 0.257142, -0.9565494), (-0.1374448, 0.257142, -0.9565494), (-0.46914828, 0.87771535, 0.09754795), (-0.46914828, 0.87771535, 0.09754795), (-0.46914828, 0.87771535, 0.09754795), (-0.46914828, 0.87771535, 0.09754795), (-0.046429183, 0.086857855, 0.9951382), (-0.046429183, 0.086857855, 0.9951382), (-0.046429183, 0.086857855, 0.9951382), (-0.046428796, 0.086857855, -0.9951382), (-0.046428796, 0.086857855, -0.9951382), (-0.046428796, 0.086857855, -0.9951382), (-0.46914828, 0.87771535, -0.09754795), (-0.46914828, 0.87771535, -0.09754795), (-0.46914828, 0.87771535, -0.09754795), (-0.46914828, 0.87771535, -0.09754795), (-0.1374448, 0.257142, 0.9565494), (-0.1374448, 0.257142, 0.9565494), (-0.1374448, 0.257142, 0.9565494), (-0.1374448, 0.257142, 0.9565494), (-0.45128047, 0.8442874, -0.28900617), (-0.45128047, 0.8442874, -0.28900617), (-0.45128047, 0.8442874, -0.28900617), (-0.45128047, 0.8442874, -0.28900617), (-0.22304966, 0.4172974, 0.880972), (-0.22304966, 0.4172974, 0.880972), (-0.22304966, 0.4172974, 0.880972), (-0.22304966, 0.4172974, 0.880972), (-0.41617957, 0.778618, -0.469626), (-0.41617957, 0.778618, -0.469626), (-0.41617957, 0.778618, -0.469626), (-0.41617957, 0.778618, -0.469626), (-0.2999133, 0.56109816, 0.77150565), (-0.2999133, 0.56109816, 0.77150565), (-0.2999133, 0.56109816, 0.77150565), (-0.2999133, 0.56109816, 0.77150565), (-0.36510065, 0.6830561, -0.6325628), (-0.36510065, 0.6830561, -0.6325628), (-0.36510065, 0.6830561, -0.6325628), (-0.36510065, 0.6830561, -0.6325628), (-0.3651005, 0.68305624, 0.63256294), (-0.3651005, 0.68305624, 0.63256294), (-0.3651005, 0.68305624, 0.63256294), (-0.3651005, 0.68305624, 0.63256294), (-0.2999133, 0.56109816, -0.77150565), (-0.2999133, 0.56109816, -0.77150565), (-0.2999133, 0.56109816, -0.77150565), (-0.2999133, 0.56109816, -0.77150565), (-0.41617957, 0.778618, 0.469626), (-0.41617957, 0.778618, 0.469626), (-0.41617957, 0.778618, 0.469626), (-0.41617957, 0.778618, 0.469626), (-0.2230497, 0.41729745, -0.8809721), (-0.2230497, 0.41729745, -0.8809721), (-0.2230497, 0.41729745, -0.8809721), (-0.2230497, 0.41729745, -0.8809721), (-0.45128044, 0.8442874, 0.28900617), (-0.45128044, 0.8442874, 0.28900617), (-0.45128044, 0.8442874, 0.28900617), (-0.45128044, 0.8442874, 0.28900617), (-0.18468513, 0.60882694, 0.77150583), (-0.18468513, 0.60882694, 0.77150583), (-0.18468513, 0.60882694, 0.77150583), (-0.18468513, 0.60882694, 0.77150583), (-0.22482774, 0.7411585, -0.6325635), (-0.22482774, 0.7411585, -0.6325635), (-0.22482774, 0.7411585, -0.6325635), (-0.22482774, 0.7411585, -0.6325635), (-0.22482774, 0.7411585, 0.6325635), (-0.22482774, 0.7411585, 0.6325635), (-0.22482774, 0.7411585, 0.6325635), (-0.22482774, 0.7411585, 0.6325635), (-0.18468514, 0.608827, -0.7715057), (-0.18468514, 0.608827, -0.7715057), (-0.18468514, 0.608827, -0.7715057), (-0.18468514, 0.608827, -0.7715057), (-0.25628182, 0.8448497, 0.46962592), (-0.25628182, 0.8448497, 0.46962592), (-0.25628182, 0.8448497, 0.46962592), (-0.25628182, 0.8448497, 0.46962592), (-0.13735391, 0.45279408, -0.8809719), (-0.13735391, 0.45279408, -0.8809719), (-0.13735391, 0.45279408, -0.8809719), (-0.13735391, 0.45279408, -0.8809719), (-0.27789685, 0.91610533, 0.28900596), (-0.27789685, 0.91610533, 0.28900596), (-0.27789685, 0.91610533, 0.28900596), (-0.27789685, 0.91610533, 0.28900596), (-0.08463826, 0.2790153, -0.95654935), (-0.08463826, 0.2790153, -0.95654935), (-0.08463826, 0.2790153, -0.95654935), (-0.08463826, 0.2790153, -0.95654935), (-0.2888997, 0.9523767, 0.09754754), (-0.2888997, 0.9523767, 0.09754754), (-0.2888997, 0.9523767, 0.09754754), (-0.2888997, 0.9523767, 0.09754754), (-0.028589575, 0.094246276, 0.99513835), (-0.028589575, 0.094246276, 0.99513835), (-0.028589575, 0.094246276, 0.99513835), (-0.02858899, 0.094246276, -0.99513835), (-0.02858899, 0.094246276, -0.99513835), (-0.02858899, 0.094246276, -0.99513835), (-0.2888997, 0.9523767, -0.09754754), (-0.2888997, 0.9523767, -0.09754754), (-0.2888997, 0.9523767, -0.09754754), (-0.2888997, 0.9523767, -0.09754754), (-0.08463826, 0.2790153, 0.95654947), (-0.08463826, 0.2790153, 0.95654947), (-0.08463826, 0.2790153, 0.95654947), (-0.08463826, 0.2790153, 0.95654947), (-0.27789688, 0.91610533, -0.28900596), (-0.27789688, 0.91610533, -0.28900596), (-0.27789688, 0.91610533, -0.28900596), (-0.27789688, 0.91610533, -0.28900596), (-0.13735327, 0.45279408, 0.8809719), (-0.13735327, 0.45279408, 0.8809719), (-0.13735327, 0.45279408, 0.8809719), (-0.13735327, 0.45279408, 0.8809719), (-0.2562819, 0.8448497, -0.46962592), (-0.2562819, 0.8448497, -0.46962592), (-0.2562819, 0.8448497, -0.46962592), (-0.2562819, 0.8448497, -0.46962592), (-0.09755427, 0.99043804, 0.097548865), (-0.09755427, 0.99043804, 0.097548865), (-0.09755427, 0.99043804, 0.097548865), (-0.09755427, 0.99043804, 0.097548865), (-0.009654684, 0.09801274, 0.99513835), (-0.009654684, 0.09801274, 0.99513835), (-0.009654684, 0.09801274, 0.99513835), (-0.009653904, 0.09801274, -0.99513835), (-0.009653904, 0.09801274, -0.99513835), (-0.009653904, 0.09801274, -0.99513835), (-0.09755427, 0.99043804, -0.097548865), (-0.09755427, 0.99043804, -0.097548865), (-0.09755427, 0.99043804, -0.097548865), (-0.09755427, 0.99043804, -0.097548865), (-0.028579324, 0.29016632, 0.9565494), (-0.028579324, 0.29016632, 0.9565494), (-0.028579324, 0.29016632, 0.9565494), (-0.028579324, 0.29016632, 0.9565494), (-0.09383618, 0.9527169, -0.28900766), (-0.09383618, 0.9527169, -0.28900766), (-0.09383618, 0.9527169, -0.28900766), (-0.09383618, 0.9527169, -0.28900766), (-0.046379395, 0.4708893, 0.8809724), (-0.046379395, 0.4708893, 0.8809724), (-0.046379395, 0.4708893, 0.8809724), (-0.046379395, 0.4708893, 0.8809724), (-0.08653735, 0.87861466, -0.46962485), (-0.08653735, 0.87861466, -0.46962485), (-0.08653735, 0.87861466, -0.46962485), (-0.08653735, 0.87861466, -0.46962485), (-0.06236438, 0.63315827, 0.7715058), (-0.06236438, 0.63315827, 0.7715058), (-0.06236438, 0.63315827, 0.7715058), (-0.06236438, 0.63315827, 0.7715058), (-0.075916044, 0.7707783, -0.63256425), (-0.075916044, 0.7707783, -0.63256425), (-0.075916044, 0.7707783, -0.63256425), (-0.075916044, 0.7707783, -0.63256425), (-0.07591719, 0.7707802, 0.6325618), (-0.07591719, 0.7707802, 0.6325618), (-0.07591719, 0.7707802, 0.6325618), (-0.07591719, 0.7707802, 0.6325618), (-0.062361587, 0.63315964, -0.771505), (-0.062361587, 0.63315964, -0.771505), (-0.062361587, 0.63315964, -0.771505), (-0.062361587, 0.63315964, -0.771505), (-0.08653887, 0.8786126, 0.46962848), (-0.08653887, 0.8786126, 0.46962848), (-0.08653887, 0.8786126, 0.46962848), (-0.08653887, 0.8786126, 0.46962848), (-0.046379395, 0.4708893, -0.8809724), (-0.046379395, 0.4708893, -0.8809724), (-0.046379395, 0.4708893, -0.8809724), (-0.046379395, 0.4708893, -0.8809724), (-0.09383939, 0.9527175, 0.28900474), (-0.09383939, 0.9527175, 0.28900474), (-0.09383939, 0.9527175, 0.28900474), (-0.09383939, 0.9527175, 0.28900474), (-0.028579324, 0.29016632, -0.95654935), (-0.028579324, 0.29016632, -0.95654935), (-0.028579324, 0.29016632, -0.95654935), (-0.028579324, 0.29016632, -0.95654935)] (
                interpolation = "faceVarying"
            )
            point3f[] points = [(0, 0, 0.4), (0, 0.07803613, 0.3923141), (0, 0.2222281, 0.33258784), (0, 0.28284273, 0.28284273), (0, 0.3695518, 0.15307339), (0, 0.3923141, 0.07803613), (0, 0.4, 0), (0, 0.3923141, -0.07803613), (0, 0.33258784, -0.2222281), (0, 0.2222281, -0.33258784), (0, 0.07803613, -0.3923141), (0, 0, -0.4), (0.015224094, 0.076536685, 0.3923141), (0.029863136, 0.15013212, 0.3695518), (0.043354552, 0.21795803, 0.33258784), (0.05517988, 0.27740797, 0.28284273), (0.06488467, 0.32619724, 0.2222281), (0.07209598, 0.36245096, 0.15307339), (0.076536685, 0.38477588, 0.07803613), (0.07803613, 0.3923141, 0), (0.076536685, 0.38477588, -0.07803613), (0.07209598, 0.36245096, -0.15307339), (0.06488467, 0.32619724, -0.2222281), (0.05517988, 0.27740797, -0.28284273), (0.043354552, 0.21795803, -0.33258784), (0.029863136, 0.15013212, -0.3695518), (0.015224094, 0.076536685, -0.3923141), (0.029863134, 0.072095975, 0.3923141), (0.058578648, 0.14142136, 0.3695518), (0.08504301, 0.20531197, 0.33258784), (0.108239226, 0.2613126, 0.28284273), (0.12727585, 0.3072711, 0.2222281), (0.14142135, 0.3414213, 0.15307339), (0.1501321, 0.36245096, 0.07803613), (0.15307337, 0.36955178, 0), (0.1501321, 0.36245096, -0.07803613), (0.14142135, 0.3414213, -0.15307339), (0.12727585, 0.3072711, -0.2222281), (0.108239226, 0.2613126, -0.28284273), (0.08504301, 0.20531197, -0.33258784), (0.058578648, 0.14142136, -0.3695518), (0.029863134, 0.072095975, -0.3923141), (0.04335455, 0.064884655, 0.3923141), (0.08504301, 0.12727585, 0.3695518), (0.1234633, 0.18477587, 0.33258784), (0.157139, 0.23517512, 0.28284273), (0.1847759, 0.27653667, 0.2222281), (0.20531197, 0.30727103, 0.15307339), (0.21795803, 0.3261972, 0.07803613), (0.22222808, 0.33258778, 0), (0.21795803, 0.3261972, -0.07803613), (0.20531197, 0.30727103, -0.15307339), (0.1847759, 0.27653667, -0.2222281), (0.157139, 0.23517512, -0.28284273), (0.1234633, 0.18477587, -0.33258784), (0.08504301, 0.12727585, -0.3695518), (0.04335455, 0.064884655, -0.3923141), (0.05517987, 0.05517986, 0.3923141), (0.10823922, 0.10823922, 0.3695518), (0.15713897, 0.15713896, 0.33258784), (0.2, 0.19999999, 0.28284273), (0.2351751, 0.2351751, 0.2222281), (0.26131254, 0.2613125, 0.15307339), (0.27740794, 0.2774079, 0.07803613), (0.28284267, 0.28284264, 0), (0.27740794, 0.2774079, -0.07803613), (0.26131254, 0.2613125, -0.15307339), (0.2351751, 0.2351751, -0.2222281), (0.2, 0.19999999, -0.28284273), (0.15713897, 0.15713896, -0.33258784), (0.10823922, 0.10823922, -0.3695518), (0.05517987, 0.05517986, -0.3923141), (0.06488466, 0.043354534, 0.3923141), (0.12727585, 0.085043, 0.3695518), (0.18477587, 0.12346327, 0.33258784), (0.23517512, 0.15713897, 0.28284273), (0.27653664, 0.18477587, 0.2222281), (0.30727103, 0.2053119, 0.15307339), (0.3261972, 0.21795799, 0.07803613), (0.33258778, 0.22222802, 0), (0.3261972, 0.21795799, -0.07803613), (0.30727103, 0.2053119, -0.15307339), (0.27653664, 0.18477587, -0.2222281), (0.23517512, 0.15713897, -0.28284273), (0.18477587, 0.12346327, -0.33258784), (0.12727585, 0.085043, -0.3695518), (0.06488466, 0.043354534, -0.3923141), (0.07209597, 0.02986312, 0.3923141), (0.14142135, 0.058578633, 0.3695518), (0.20531194, 0.08504297, 0.33258784), (0.26131257, 0.10823919, 0.28284273), (0.30727106, 0.12727582, 0.2222281), (0.34142125, 0.14142126, 0.15307339), (0.36245093, 0.15013206, 0.07803613), (0.36955172, 0.15307331, 0), (0.36245093, 0.15013206, -0.07803613), (0.34142125, 0.14142126, -0.15307339), (0.30727106, 0.12727582, -0.2222281), (0.26131257, 0.10823919, -0.28284273), (0.20531194, 0.08504297, -0.33258784), (0.14142135, 0.058578633, -0.3695518), (0.07209597, 0.02986312, -0.3923141), (0.07653666, 0.015224081, 0.3923141), (0.15013209, 0.029863123, 0.3695518), (0.21795797, 0.04335452, 0.33258784), (0.2774079, 0.05517984, 0.28284273), (0.3261972, 0.06488465, 0.2222281), (0.36245084, 0.0720959, 0.15307339), (0.38477582, 0.07653665, 0.07803613), (0.392314, 0.07803608, 0), (0.38477582, 0.07653665, -0.07803613), (0.36245084, 0.0720959, -0.15307339), (0.3261972, 0.06488465, -0.2222281), (0.2774079, 0.05517984, -0.28284273), (0.21795797, 0.04335452, -0.33258784), (0.15013209, 0.029863123, -0.3695518), (0.07653666, 0.015224081, -0.3923141), (0.0780361, -7.450581e-9, 0.3923141), (0.15307336, -7.450581e-9, 0.3695518), (0.22222802, -1.8626451e-8, 0.33258784), (0.28284264, -2.2351742e-8, 0.28284273), (0.33258778, -1.4901161e-8, 0.2222281), (0.36955163, -5.2154064e-8, 0.15307339), (0.39231402, -2.2351742e-8, 0.07803613), (0.39999983, -2.9802322e-8, 0), (0.39231402, -2.2351742e-8, -0.07803613), (0.36955163, -5.2154064e-8, -0.15307339), (0.33258778, -1.4901161e-8, -0.2222281), (0.28284264, -2.2351742e-8, -0.28284273), (0.22222802, -1.8626451e-8, -0.33258784), (0.15307336, -7.450581e-9, -0.3695518), (0.0780361, -7.450581e-9, -0.3923141), (0.076536655, -0.015224095, 0.3923141), (0.15013209, -0.029863138, 0.3695518), (0.21795796, -0.043354556, 0.33258784), (0.27740788, -0.055179883, 0.28284273), (0.32619718, -0.06488467, 0.2222281), (0.36245078, -0.072096, 0.15307339), (0.3847758, -0.07653669, 0.07803613), (0.39231393, -0.07803612, 0), (0.3847758, -0.07653669, -0.07803613), (0.36245078, -0.072096, -0.15307339), (0.32619718, -0.06488467, -0.2222281), (0.27740788, -0.055179883, -0.28284273), (0.21795796, -0.043354556, -0.33258784), (0.15013209, -0.029863138, -0.3695518), (0.076536655, -0.015224095, -0.3923141), (0.072095945, -0.029863128, 0.3923141), (0.14142133, -0.058578644, 0.3695518), (0.20531191, -0.085043, 0.33258784), (0.26131248, -0.10823921, 0.28284273), (0.30727103, -0.12727584, 0.2222281), (0.34142113, -0.14142132, 0.15307339), (0.36245087, -0.15013209, 0.07803613), (0.36955163, -0.15307333, 0), (0.36245087, -0.15013209, -0.07803613), (0.34142113, -0.14142132, -0.15307339), (0.30727103, -0.12727584, -0.2222281), (0.26131248, -0.10823921, -0.28284273), (0.20531191, -0.085043, -0.33258784), (0.14142133, -0.058578644, -0.3695518), (0.072095945, -0.029863128, -0.3923141), (0.06488463, -0.043354537, 0.3923141), (0.12727582, -0.085043006, 0.3695518), (0.18477581, -0.12346329, 0.33258784), (0.235175, -0.15713896, 0.28284273), (0.2765366, -0.18477587, 0.2222281), (0.30727088, -0.2053119, 0.15307339), (0.32619715, -0.217958, 0.07803613), (0.33258766, -0.222228, 0), (0.32619715, -0.217958, -0.07803613), (0.30727088, -0.2053119, -0.15307339), (0.2765366, -0.18477587, -0.2222281), (0.235175, -0.15713896, -0.28284273), (0.18477581, -0.12346329, -0.33258784), (0.12727582, -0.085043006, -0.3695518), (0.06488463, -0.043354537, -0.3923141), (0.055179838, -0.055179857, 0.3923141), (0.10823919, -0.1082392, 0.3695518), (0.1571389, -0.15713894, 0.33258784), (0.19999988, -0.19999993, 0.28284273), (0.23517506, -0.23517507, 0.2222281), (0.2613124, -0.26131245, 0.15307339), (0.27740785, -0.2774079, 0.07803613), (0.28284252, -0.28284258, 0), (0.27740785, -0.2774079, -0.07803613), (0.2613124, -0.26131245, -0.15307339), (0.23517506, -0.23517507, -0.2222281), (0.19999988, -0.19999993, -0.28284273), (0.1571389, -0.15713894, -0.33258784), (0.10823919, -0.1082392, -0.3695518), (0.055179838, -0.055179857, -0.3923141), (0.043354515, -0.06488464, 0.3923141), (0.085042976, -0.12727582, 0.3695518), (0.123463236, -0.18477583, 0.33258784), (0.15713888, -0.23517501, 0.28284273), (0.18477584, -0.2765366, 0.2222281), (0.2053118, -0.3072709, 0.15307339), (0.21795793, -0.32619718, 0.07803613), (0.22222792, -0.33258766, 0), (0.21795793, -0.32619718, -0.07803613), (0.2053118, -0.3072709, -0.15307339), (0.18477584, -0.2765366, -0.2222281), (0.15713888, -0.23517501, -0.28284273), (0.123463236, -0.18477583, -0.33258784), (0.085042976, -0.12727582, -0.3695518), (0.043354515, -0.06488464, -0.3923141), (0.029863104, -0.072095945, 0.3923141), (0.058578618, -0.14142132, 0.3695518), (0.08504294, -0.2053119, 0.33258784), (0.10823914, -0.26131245, 0.28284273), (0.1272758, -0.307271, 0.2222281), (0.14142121, -0.34142113, 0.15307339), (0.15013202, -0.36245087, 0.07803613), (0.15307324, -0.36955157, 0), (0.15013202, -0.36245087, -0.07803613), (0.14142121, -0.34142113, -0.15307339), (0.1272758, -0.307271, -0.2222281), (0.10823914, -0.26131245, -0.28284273), (0.08504294, -0.2053119, -0.33258784), (0.058578618, -0.14142132, -0.3695518), (0.029863104, -0.072095945, -0.3923141), (0.015224071, -0.07653664, 0.3923141), (0.029863114, -0.15013206, 0.3695518), (0.0433545, -0.21795793, 0.33258784), (0.05517982, -0.2774078, 0.28284273), (0.064884625, -0.32619715, 0.2222281), (0.07209588, -0.36245072, 0.15307339), (0.07653661, -0.38477576, 0.07803613), (0.07803603, -0.39231384, 0), (0.07653661, -0.38477576, -0.07803613), (0.07209588, -0.36245072, -0.15307339), (0.064884625, -0.32619715, -0.2222281), (0.05517982, -0.2774078, -0.28284273), (0.0433545, -0.21795793, -0.33258784), (0.029863114, -0.15013206, -0.3695518), (0.015224071, -0.07653664, -0.3923141), (-1.3038516e-8, -0.07803608, 0.3923141), (-1.1175871e-8, -0.15307333, 0.3695518), (-2.9802322e-8, -0.22222798, 0.33258784), (-2.2351742e-8, -0.28284252, 0.28284273), (-2.2351742e-8, -0.33258772, 0.2222281), (-5.2154064e-8, -0.36955154, 0.15307339), (-5.2154064e-8, -0.39231396, 0.07803613), (-4.4703484e-8, -0.3999997, 0), (-5.2154064e-8, -0.39231396, -0.07803613), (-5.2154064e-8, -0.36955154, -0.15307339), (-2.2351742e-8, -0.33258772, -0.2222281), (-2.2351742e-8, -0.28284252, -0.28284273), (-2.9802322e-8, -0.22222798, -0.33258784), (-1.1175871e-8, -0.15307333, -0.3695518), (-1.3038516e-8, -0.07803608, -0.3923141), (-0.015224096, -0.07653663, 0.3923141), (-0.029863136, -0.15013206, 0.3695518), (-0.043354556, -0.21795791, 0.33258784), (-0.05517986, -0.27740777, 0.28284273), (-0.06488467, -0.32619712, 0.2222281), (-0.07209598, -0.3624507, 0.15307339), (-0.07653671, -0.38477573, 0.07803613), (-0.078036115, -0.3923138, 0), (-0.07653671, -0.38477573, -0.07803613), (-0.07209598, -0.3624507, -0.15307339), (-0.06488467, -0.32619712, -0.2222281), (-0.05517986, -0.27740777, -0.28284273), (-0.043354556, -0.21795791, -0.33258784), (-0.029863136, -0.15013206, -0.3695518), (-0.015224096, -0.07653663, -0.3923141), (-0.029863127, -0.07209592, 0.3923141), (-0.058578636, -0.1414213, 0.3695518), (-0.08504299, -0.20531186, 0.33258784), (-0.10823917, -0.2613124, 0.28284273), (-0.12727582, -0.30727097, 0.2222281), (-0.14142129, -0.34142107, 0.15307339), (-0.15013209, -0.3624508, 0.07803613), (-0.1530733, -0.3695515, 0), (-0.15013209, -0.3624508, -0.07803613), (-0.14142129, -0.34142107, -0.15307339), (-0.12727582, -0.30727097, -0.2222281), (-0.10823917, -0.2613124, -0.28284273), (-0.08504299, -0.20531186, -0.33258784), (-0.058578636, -0.1414213, -0.3695518), (-0.029863127, -0.07209592, -0.3923141), (-0.043354534, -0.06488461, 0.3923141), (-0.08504299, -0.1272758, 0.3695518), (-0.12346327, -0.18477577, 0.33258784), (-0.1571389, -0.23517492, 0.28284273), (-0.18477584, -0.27653655, 0.2222281), (-0.20531186, -0.30727082, 0.15307339), (-0.21795799, -0.3261971, 0.07803613), (-0.22222796, -0.33258754, 0), (-0.21795799, -0.3261971, -0.07803613), (-0.20531186, -0.30727082, -0.15307339), (-0.18477584, -0.27653655, -0.2222281), (-0.1571389, -0.23517492, -0.28284273), (-0.12346327, -0.18477577, -0.33258784), (-0.08504299, -0.1272758, -0.3695518), (-0.043354534, -0.06488461, -0.3923141), (-0.05517985, -0.05517982, 0.3923141), (-0.10823919, -0.10823916, 0.3695518), (-0.15713891, -0.15713885, 0.33258784), (-0.19999987, -0.19999982, 0.28284273), (-0.23517503, -0.235175, 0.2222281), (-0.2613124, -0.26131234, 0.15307339), (-0.27740788, -0.2774078, 0.07803613), (-0.28284252, -0.28284246, 0), (-0.27740788, -0.2774078, -0.07803613), (-0.2613124, -0.26131234, -0.15307339), (-0.23517503, -0.235175, -0.2222281), (-0.19999987, -0.19999982, -0.28284273), (-0.15713891, -0.15713885, -0.33258784), (-0.10823919, -0.10823916, -0.3695518), (-0.05517985, -0.05517982, -0.3923141), (-0.06488463, -0.0433545, 0.3923141), (-0.12727581, -0.08504295, 0.3695518), (-0.1847758, -0.1234632, 0.33258784), (-0.23517495, -0.15713884, 0.28284273), (-0.27653658, -0.1847758, 0.2222281), (-0.30727082, -0.20531175, 0.15307339), (-0.32619715, -0.21795788, 0.07803613), (-0.3325876, -0.22222787, 0), (-0.32619715, -0.21795788, -0.07803613), (-0.30727082, -0.20531175, -0.15307339), (-0.27653658, -0.1847758, -0.2222281), (-0.23517495, -0.15713884, -0.28284273), (-0.1847758, -0.1234632, -0.33258784), (-0.12727581, -0.08504295, -0.3695518), (-0.06488463, -0.0433545, -0.3923141), (-0.07209593, -0.02986309, 0.3923141), (-0.14142129, -0.0585786, 0.3695518), (-0.20531185, -0.08504291, 0.33258784), (-0.2613124, -0.1082391, 0.28284273), (-0.30727097, -0.12727576, 0.2222281), (-0.341421, -0.14142117, 0.15307339), (-0.36245084, -0.15013197, 0.07803613), (-0.3695515, -0.15307319, 0), (-0.36245084, -0.15013197, -0.07803613), (-0.341421, -0.14142117, -0.15307339), (-0.30727097, -0.12727576, -0.2222281), (-0.2613124, -0.1082391, -0.28284273), (-0.20531185, -0.08504291, -0.33258784), (-0.14142129, -0.0585786, -0.3695518), (-0.07209593, -0.02986309, -0.3923141), (-0.07653662, -0.015224059, 0.3923141), (-0.15013203, -0.0298631, 0.3695518), (-0.21795787, -0.043354478, 0.33258784), (-0.27740774, -0.055179793, 0.28284273), (-0.32619712, -0.0648846, 0.2222281), (-0.3624506, -0.072095856, 0.15307339), (-0.38477573, -0.07653657, 0.07803613), (-0.39231375, -0.078036, 0), (-0.38477573, -0.07653657, -0.07803613), (-0.3624506, -0.072095856, -0.15307339), (-0.32619712, -0.0648846, -0.2222281), (-0.27740774, -0.055179793, -0.28284273), (-0.21795787, -0.043354478, -0.33258784), (-0.15013203, -0.0298631, -0.3695518), (-0.07653662, -0.015224059, -0.3923141), (-0.078036055, 2.142042e-8, 0.3923141), (-0.15307328, 1.8626451e-8, 0.3695518), (-0.2222279, 4.0978193e-8, 0.33258784), (-0.28284246, 3.7252903e-8, 0.28284273), (-0.3325877, 4.4703484e-8, 0.2222281), (-0.36955142, 5.2154064e-8, 0.15307339), (-0.3923139, 8.195639e-8, 0.07803613), (-0.39999962, 5.9604645e-8, 0), (-0.3923139, 8.195639e-8, -0.07803613), (-0.36955142, 5.2154064e-8, -0.15307339), (-0.3325877, 4.4703484e-8, -0.2222281), (-0.28284246, 3.7252903e-8, -0.28284273), (-0.2222279, 4.0978193e-8, -0.33258784), (-0.15307328, 1.8626451e-8, -0.3695518), (-0.078036055, 2.142042e-8, -0.3923141), (-0.0765366, 0.015224101, 0.3923141), (-0.15013202, 0.029863134, 0.3695518), (-0.21795784, 0.043354556, 0.33258784), (-0.2774077, 0.055179864, 0.28284273), (-0.3261971, 0.064884685, 0.2222281), (-0.36245057, 0.07209596, 0.15307339), (-0.38477567, 0.07653673, 0.07803613), (-0.39231372, 0.078036115, 0), (-0.38477567, 0.07653673, -0.07803613), (-0.36245057, 0.07209596, -0.15307339), (-0.3261971, 0.064884685, -0.2222281), (-0.2774077, 0.055179864, -0.28284273), (-0.21795784, 0.043354556, -0.33258784), (-0.15013202, 0.029863134, -0.3695518), (-0.0765366, 0.015224101, -0.3923141), (-0.07209589, 0.029863123, 0.3923141), (-0.14142126, 0.058578625, 0.3695518), (-0.20531179, 0.085042976, 0.33258784), (-0.26131234, 0.10823916, 0.28284273), (-0.3072709, 0.12727584, 0.2222281), (-0.34142095, 0.14142126, 0.15307339), (-0.36245072, 0.1501321, 0.07803613), (-0.36955142, 0.15307328, 0), (-0.36245072, 0.1501321, -0.07803613), (-0.34142095, 0.14142126, -0.15307339), (-0.3072709, 0.12727584, -0.2222281), (-0.26131234, 0.10823916, -0.28284273), (-0.20531179, 0.085042976, -0.33258784), (-0.14142126, 0.058578625, -0.3695518), (-0.07209589, 0.029863123, -0.3923141), (-0.06488459, 0.043354522, 0.3923141), (-0.12727576, 0.08504297, 0.3695518), (-0.18477573, 0.12346324, 0.33258784), (-0.23517486, 0.15713888, 0.28284273), (-0.2765365, 0.18477586, 0.2222281), (-0.3072707, 0.2053118, 0.15307339), (-0.32619703, 0.21795799, 0.07803613), (-0.33258745, 0.22222793, 0), (-0.32619703, 0.21795799, -0.07803613), (-0.3072707, 0.2053118, -0.15307339), (-0.2765365, 0.18477586, -0.2222281), (-0.23517486, 0.15713888, -0.28284273), (-0.18477573, 0.12346324, -0.33258784), (-0.12727576, 0.08504297, -0.3695518), (-0.06488459, 0.043354522, -0.3923141), (-0.055179797, 0.055179834, 0.3923141), (-0.10823913, 0.10823916, 0.3695518), (-0.15713881, 0.15713888, 0.33258784), (-0.19999976, 0.19999984, 0.28284273), (-0.23517494, 0.23517503, 0.2222281), (-0.26131222, 0.26131234, 0.15307339), (-0.27740774, 0.27740788, 0.07803613), (-0.28284237, 0.2828425, 0), (-0.27740774, 0.27740788, -0.07803613), (-0.26131222, 0.26131234, -0.15307339), (-0.23517494, 0.23517503, -0.2222281), (-0.19999976, 0.19999984, -0.28284273), (-0.15713881, 0.15713888, -0.33258784), (-0.10823913, 0.10823916, -0.3695518), (-0.055179797, 0.055179834, -0.3923141), (-0.04335448, 0.06488461, 0.3923141), (-0.08504293, 0.12727578, 0.3695518), (-0.123463154, 0.18477577, 0.33258784), (-0.15713878, 0.23517491, 0.28284273), (-0.18477574, 0.27653655, 0.2222281), (-0.20531167, 0.30727077, 0.15307339), (-0.21795782, 0.32619712, 0.07803613), (-0.22222778, 0.33258754, 0), (-0.21795782, 0.32619712, -0.07803613), (-0.20531167, 0.30727077, -0.15307339), (-0.18477574, 0.27653655, -0.2222281), (-0.15713878, 0.23517491, -0.28284273), (-0.123463154, 0.18477577, -0.33258784), (-0.08504293, 0.12727578, -0.3695518), (-0.04335448, 0.06488461, -0.3923141), (-0.029863076, 0.07209591, 0.3923141), (-0.05857858, 0.14142126, 0.3695518), (-0.08504287, 0.2053118, 0.33258784), (-0.108239055, 0.26131234, 0.28284273), (-0.1272757, 0.30727094, 0.2222281), (-0.14142111, 0.34142095, 0.15307339), (-0.15013191, 0.36245078, 0.07803613), (-0.15307313, 0.36955145, 0), (-0.15013191, 0.36245078, -0.07803613), (-0.14142111, 0.34142095, -0.15307339), (-0.1272757, 0.30727094, -0.2222281), (-0.108239055, 0.26131234, -0.28284273), (-0.08504287, 0.2053118, -0.33258784), (-0.05857858, 0.14142126, -0.3695518), (-0.029863076, 0.07209591, -0.3923141), (-0.01522405, 0.0765366, 0.3923141), (-0.029863087, 0.150132, 0.3695518), (-0.043354448, 0.21795784, 0.33258784), (-0.05517976, 0.27740768, 0.28284273), (-0.06488454, 0.32619706, 0.2222281), (-0.07209581, 0.3624505, 0.15307339), (-0.07653653, 0.38477564, 0.07803613), (-0.07803595, 0.3923137, 0), (-0.07653653, 0.38477564, -0.07803613), (-0.07209581, 0.3624505, -0.15307339), (-0.06488454, 0.32619706, -0.2222281), (-0.05517976, 0.27740768, -0.28284273), (-0.043354448, 0.21795784, -0.33258784), (-0.029863087, 0.150132, -0.3695518), (-0.01522405, 0.0765366, -0.3923141), (2.6077032e-8, 0.15307325, 0.3695518), (8.940697e-8, 0.33258763, 0.2222281), (7.4505806e-8, 0.36955133, -0.15307339), (5.9604645e-8, 0.2828424, -0.28284273), (2.6077032e-8, 0.15307325, -0.3695518)]
            texCoord2f[] primvars:st = [(0.734375, 1), (0.703125, 1), (0.671875, 1), (0.640625, 1), (0.609375, 1), (0.578125, 1), (0.546875, 1), (0.515625, 1), (0.484375, 1), (0.45312497, 1), (0.421875, 1), (0.39062497, 1), (0.359375, 1), (0.32812497, 1), (0.296875, 1), (0.265625, 1), (0.234375, 1), (0.20312497, 1), (0.171875, 1), (0.14062497, 1), (0.10937497, 1), (0.07812494, 1), (0.04687497, 1), (0.01562497, 1), (0.984375, 1), (0.95312494, 1), (0.92187494, 1), (0.890625, 1), (0.85937494, 1), (0.82812494, 1), (0.79687494, 1), (0.76562494, 1), (0.75, 0.93749994), (0.75, 0.8125), (0.75, 0.75), (0.75, 0.625), (0.75, 0.5625), (0.75, 0.5), (0.75, 0.4375), (0.75, 0.31250006), (0.75, 0.1875), (0.75, 0.06250012), (0.734375, 0), (0.703125, 0), (0.671875, 0), (0.640625, 0), (0.609375, 0), (0.578125, 0), (0.546875, 0), (0.515625, 0), (0.484375, 0), (0.45312497, 0), (0.421875, 0), (0.39062497, 0), (0.359375, 0), (0.32812497, 0), (0.296875, 0), (0.265625, 0), (0.234375, 0), (0.20312497, 0), (0.171875, 0), (0.14062497, 0), (0.10937497, 0), (0.07812494, 0), (0.04687497, 0), (0.01562497, 0), (0.984375, 0), (0.95312494, 0), (0.92187494, 0), (0.890625, 0), (0.85937494, 0), (0.82812494, 0), (0.79687494, 0), (0.76562494, 0), (0.71875, 0.93749994), (0.71875, 0.875), (0.71875, 0.8125), (0.71875, 0.75), (0.71875, 0.6875), (0.71875, 0.625), (0.71875, 0.5625), (0.71875, 0.5), (0.71875, 0.4375), (0.71875, 0.375), (0.71875, 0.31250006), (0.71875, 0.25), (0.71875, 0.1875), (0.71875, 0.12500006), (0.71875, 0.06250012), (0.6875, 0.93749994), (0.6875, 0.875), (0.6875, 0.8125), (0.6875, 0.75), (0.6875, 0.6875), (0.6875, 0.62500006), (0.6875, 0.5625), (0.6875, 0.5), (0.6875, 0.4375), (0.6875, 0.375), (0.6875, 0.31250006), (0.6875, 0.25), (0.6875, 0.1875), (0.6875, 0.12500006), (0.6875, 0.06250012), (0.65625, 0.93749994), (0.65625, 0.875), (0.65625, 0.8125), (0.65625, 0.75), (0.65625, 0.6875), (0.65625, 0.62500006), (0.65625, 0.5625), (0.65625, 0.5), (0.65625, 0.4375), (0.65625, 0.375), (0.65625, 0.31250006), (0.65625, 0.25), (0.65625, 0.1875), (0.65625, 0.12500006), (0.65625, 0.06250012), (0.625, 0.93749994), (0.625, 0.875), (0.625, 0.8125), (0.625, 0.75), (0.625, 0.6875), (0.625, 0.62500006), (0.625, 0.5625), (0.625, 0.5), (0.625, 0.4375), (0.625, 0.375), (0.625, 0.31250006), (0.625, 0.25), (0.625, 0.1875), (0.625, 0.12500006), (0.625, 0.06250012), (0.59375, 0.93749994), (0.59375, 0.875), (0.59375, 0.8125), (0.59375, 0.75), (0.59375, 0.6875), (0.59375, 0.62500006), (0.59375, 0.5625), (0.59375, 0.5), (0.59375, 0.4375), (0.59375, 0.375), (0.59375, 0.31249994), (0.59375, 0.25), (0.59375, 0.1875), (0.59375, 0.125), (0.59375, 0.06250012), (0.5625, 0.93750006), (0.5625, 0.875), (0.5625, 0.81250006), (0.5625, 0.75), (0.5625, 0.6875), (0.5625, 0.62500006), (0.5625, 0.5625), (0.5625, 0.5), (0.5625, 0.4375), (0.5625, 0.375), (0.5625, 0.31249994), (0.5625, 0.25), (0.5625, 0.1875), (0.5625, 0.125), (0.5625, 0.06249994), (0.53125, 0.93750006), (0.53125, 0.875), (0.53125, 0.81250006), (0.53125, 0.75000006), (0.53125, 0.6875), (0.53125, 0.6250001), (0.53125, 0.5625), (0.53125, 0.5), (0.53125, 0.4375), (0.53125, 0.37499994), (0.53125, 0.31249994), (0.53125, 0.25), (0.53125, 0.1875), (0.53125, 0.125), (0.53125, 0.06249994), (0.49999997, 0.93750006), (0.5, 0.875), (0.5, 0.81250006), (0.5, 0.75000006), (0.5, 0.6875), (0.49999997, 0.6250001), (0.5, 0.5625), (0.5, 0.5), (0.5, 0.4375), (0.49999997, 0.37499994), (0.5, 0.31249994), (0.5, 0.25), (0.5, 0.1875), (0.5, 0.125), (0.49999997, 0.06249994), (0.46875, 0.93750006), (0.46875, 0.875), (0.46875, 0.81250006), (0.46875, 0.75000006), (0.46875, 0.68750006), (0.46874997, 0.6250001), (0.46875, 0.5625), (0.46875, 0.5), (0.46875, 0.4375), (0.46874997, 0.37499994), (0.46875, 0.31249994), (0.46875, 0.25), (0.46875, 0.1875), (0.46875, 0.125), (0.46875, 0.06249994), (0.4375, 0.93750006), (0.4375, 0.875), (0.4375, 0.81250006), (0.4375, 0.75000006), (0.4375, 0.6875), (0.43749997, 0.6250001), (0.4375, 0.5625), (0.4375, 0.5), (0.4375, 0.4375), (0.43749997, 0.37499994), (0.4375, 0.31249994), (0.4375, 0.24999994), (0.4375, 0.1875), (0.4375, 0.125), (0.4375, 0.06249994), (0.40625, 0.93750006), (0.40625, 0.875), (0.40625, 0.81250006), (0.40625, 0.75000006), (0.40625, 0.6875), (0.40625, 0.6250001), (0.40625, 0.5625), (0.40625, 0.5), (0.40625, 0.4375), (0.40625, 0.37499994), (0.40625, 0.31249994), (0.40625, 0.24999994), (0.40625, 0.1875), (0.40625, 0.125), (0.40625, 0.06249994), (0.37499997, 0.93750006), (0.375, 0.875), (0.375, 0.81250006), (0.375, 0.75000006), (0.375, 0.6875), (0.375, 0.6250001), (0.375, 0.5625), (0.375, 0.5), (0.375, 0.4375), (0.375, 0.37499994), (0.375, 0.31249994), (0.375, 0.24999994), (0.375, 0.1875), (0.375, 0.125), (0.37499997, 0.06249994), (0.34375, 0.93750006), (0.34375, 0.875), (0.34375, 0.81250006), (0.34375, 0.75000006), (0.34375, 0.68750006), (0.34375, 0.6250001), (0.34375, 0.5625), (0.34375, 0.5), (0.34375, 0.4375), (0.34375, 0.37499994), (0.34375, 0.31249994), (0.34375, 0.24999994), (0.34375, 0.1875), (0.34375, 0.125), (0.34375, 0.06249994), (0.3125, 0.93750006), (0.3125, 0.87500006), (0.3125, 0.81250006), (0.3125, 0.7500001), (0.3125, 0.68750006), (0.3125, 0.6250001), (0.3125, 0.5625), (0.3125, 0.5), (0.3125, 0.4375), (0.3125, 0.37499994), (0.3125, 0.31249994), (0.3125, 0.24999994), (0.3125, 0.1875), (0.3125, 0.125), (0.3125, 0.06249994), (0.28124997, 0.93750006), (0.28125, 0.87500006), (0.28125, 0.8125001), (0.28125, 0.7500001), (0.28125, 0.68750006), (0.28125, 0.6250001), (0.28125, 0.5625), (0.28125, 0.5), (0.28125, 0.4375), (0.28125, 0.37499994), (0.28125, 0.31249994), (0.28125, 0.24999994), (0.28125, 0.18749994), (0.28125, 0.125), (0.28124997, 0.06249994), (0.24999997, 0.93750006), (0.25, 0.87500006), (0.25, 0.8125001), (0.25, 0.7500001), (0.25, 0.68750006), (0.24999997, 0.6250001), (0.25, 0.5625), (0.25, 0.5), (0.25, 0.4375), (0.24999997, 0.37499994), (0.25, 0.31249994), (0.25, 0.24999988), (0.25, 0.18749994), (0.25, 0.125), (0.24999997, 0.06249994), (0.21875, 0.93750006), (0.21875, 0.87500006), (0.21875, 0.8125001), (0.21875, 0.7500001), (0.21875, 0.68750006), (0.21875, 0.6250001), (0.21875, 0.5625), (0.21875, 0.5), (0.21875, 0.4375), (0.21875, 0.37499994), (0.21875, 0.31249994), (0.21875, 0.24999988), (0.21875, 0.18749994), (0.21875, 0.125), (0.21875, 0.06249994), (0.18749997, 0.93750006), (0.1875, 0.87500006), (0.1875, 0.8125001), (0.1875, 0.7500001), (0.1875, 0.68750006), (0.1875, 0.6250001), (0.1875, 0.5625), (0.1875, 0.5), (0.1875, 0.4375), (0.1875, 0.37499994), (0.1875, 0.31249994), (0.1875, 0.24999988), (0.1875, 0.18749994), (0.1875, 0.125), (0.18749997, 0.06249994), (0.15624994, 0.93750006), (0.15624997, 0.87500006), (0.15624997, 0.8125001), (0.15624997, 0.7500001), (0.15624997, 0.68750006), (0.15624997, 0.6250001), (0.15624997, 0.56250006), (0.15624997, 0.5), (0.15624997, 0.4375), (0.15624997, 0.37499994), (0.15624997, 0.31249994), (0.15624997, 0.24999988), (0.15624997, 0.18749994), (0.15624997, 0.125), (0.15624994, 0.06249994), (0.12499997, 0.93750006), (0.12499997, 0.87500006), (0.12499997, 0.8125001), (0.125, 0.7500001), (0.125, 0.68750006), (0.125, 0.6250001), (0.12499997, 0.56250006), (0.125, 0.5), (0.12499997, 0.4375), (0.125, 0.37499994), (0.125, 0.31249994), (0.125, 0.24999988), (0.12499997, 0.18749994), (0.12499997, 0.125), (0.12499997, 0.06249994), (0.09374997, 0.93750006), (0.09375, 0.87500006), (0.09375, 0.8125001), (0.09375, 0.7500001), (0.09375, 0.68750006), (0.09375, 0.6250001), (0.09375, 0.56250006), (0.09375, 0.5), (0.09375, 0.4375), (0.09375, 0.37499994), (0.09375, 0.31249994), (0.09375, 0.24999988), (0.09375, 0.18749994), (0.09375, 0.125), (0.09374997, 0.06249994), (0.0625, 0.93750006), (0.0625, 0.87500006), (0.0625, 0.8125001), (0.0625, 0.7500001), (0.0625, 0.68750006), (0.0625, 0.6250001), (0.0625, 0.56250006), (0.0625, 0.5), (0.0625, 0.4375), (0.0625, 0.37499988), (0.0625, 0.31249994), (0.0625, 0.24999988), (0.0625, 0.18749994), (0.0625, 0.125), (0.0625, 0.06249994), (0.03124997, 0.93750006), (0.03125, 0.87500006), (0.03124997, 0.8125001), (0.03124997, 0.7500002), (0.03125, 0.68750006), (0.03124997, 0.6250001), (0.03124997, 0.56250006), (0.03124997, 0.5), (0.03124997, 0.4375), (0.03124997, 0.37499988), (0.03125, 0.31249994), (0.03124997, 0.24999988), (0.03124997, 0.18749994), (0.03125, 0.125), (0.03124997, 0.06249994), (0, 0.93750006), (1, 0.93750006), (0, 0.87500006), (1, 0.87500006), (0, 0.8125001), (1, 0.8125001), (0, 0.7500002), (1, 0.7500002), (0, 0.68750006), (1, 0.68750006), (0, 0.6250001), (1, 0.6250001), (0, 0.56250006), (1, 0.56250006), (0, 0.5), (1, 0.5), (0, 0.4375), (1, 0.4375), (0, 0.37499988), (1, 0.37499988), (0, 0.31249994), (1, 0.31249994), (0, 0.24999988), (1, 0.24999988), (0, 0.18749994), (1, 0.18749994), (0, 0.125), (1, 0.125), (0, 0.06249994), (1, 0.06249994), (0.96874994, 0.93750006), (0.96874994, 0.87500006), (0.96874994, 0.8125001), (0.96874994, 0.7500002), (0.96874994, 0.68750006), (0.96874994, 0.6250001), (0.96874994, 0.56250006), (0.96874994, 0.5), (0.96874994, 0.4375), (0.96874994, 0.37499988), (0.96874994, 0.31249994), (0.96874994, 0.24999988), (0.96874994, 0.18749994), (0.96874994, 0.125), (0.96874994, 0.06249994), (0.93749994, 0.93750006), (0.9375, 0.87500006), (0.93749994, 0.8125001), (0.9375, 0.7500002), (0.9375, 0.68750006), (0.93749994, 0.6250001), (0.93749994, 0.56250006), (0.9375, 0.5), (0.93749994, 0.4375), (0.93749994, 0.37499988), (0.9375, 0.31249994), (0.9375, 0.24999988), (0.93749994, 0.18749994), (0.9375, 0.125), (0.93749994, 0.06249994), (0.90625, 0.93750006), (0.90625, 0.87500006), (0.90625, 0.8125001), (0.90625, 0.7500002), (0.90625, 0.68750006), (0.90625, 0.6250001), (0.90625, 0.56250006), (0.90625, 0.5), (0.90625, 0.4375), (0.90625, 0.37499988), (0.90625, 0.31249994), (0.90625, 0.24999988), (0.90625, 0.18749994), (0.90625, 0.125), (0.90625, 0.06249994), (0.8749999, 0.93750006), (0.875, 0.87500006), (0.87499994, 0.8125001), (0.87499994, 0.7500002), (0.87499994, 0.68750006), (0.87499994, 0.6250001), (0.87499994, 0.56250006), (0.87499994, 0.5), (0.87499994, 0.4375), (0.87499994, 0.37499988), (0.87499994, 0.31249994), (0.87499994, 0.24999988), (0.87499994, 0.18749994), (0.875, 0.125), (0.8749999, 0.06249994), (0.84374994, 0.93750006), (0.84375, 0.87500006), (0.84374994, 0.8125001), (0.84375, 0.7500002), (0.84375, 0.6875001), (0.84375, 0.6250001), (0.84374994, 0.56250006), (0.84375, 0.5), (0.84374994, 0.4375), (0.84375, 0.37499988), (0.84375, 0.31249988), (0.84375, 0.24999988), (0.84374994, 0.18749994), (0.84375, 0.125), (0.84374994, 0.06249994), (0.81249994, 0.93750006), (0.8125, 0.87500006), (0.81249994, 0.8125001), (0.81249994, 0.7500002), (0.81249994, 0.6875001), (0.81249994, 0.6250001), (0.81249994, 0.56250006), (0.81249994, 0.5), (0.81249994, 0.4375), (0.81249994, 0.37499988), (0.81249994, 0.31249988), (0.81249994, 0.24999988), (0.81249994, 0.18749994), (0.8125, 0.125), (0.81249994, 0.06249994), (0.78124994, 0.93750006), (0.78124994, 0.87500006), (0.78124994, 0.8125001), (0.78124994, 0.7500002), (0.78124994, 0.6875001), (0.78124994, 0.6250001), (0.78124994, 0.56250006), (0.78124994, 0.5), (0.78124994, 0.4375), (0.78124994, 0.37499988), (0.78124994, 0.31249988), (0.78124994, 0.24999988), (0.78124994, 0.18749994), (0.78124994, 0.125), (0.78124994, 0.06249994), (0.74999994, 0.87500006), (0.74999994, 0.6875001), (0.74999994, 0.37499988), (0.74999994, 0.24999976), (0.74999994, 0.125)] (
                interpolation = "faceVarying"
            )
            int[] primvars:st:indices = [41, 558, 87, 88, 37, 36, 80, 81, 32, 0, 74, 42, 41, 88, 38, 37, 81, 82, 554, 32, 74, 75, 556, 38, 82, 83, 33, 554, 75, 76, 39, 556, 83, 84, 34, 33, 76, 77, 557, 39, 84, 85, 555, 34, 77, 78, 40, 557, 85, 86, 35, 555, 78, 79, 558, 40, 86, 87, 36, 35, 79, 80, 87, 86, 101, 102, 80, 79, 94, 95, 88, 87, 102, 103, 81, 80, 95, 96, 74, 1, 89, 43, 88, 103, 82, 81, 96, 97, 75, 74, 89, 90, 83, 82, 97, 98, 76, 75, 90, 91, 84, 83, 98, 99, 77, 76, 91, 92, 85, 84, 99, 100, 78, 77, 92, 93, 86, 85, 100, 101, 79, 78, 93, 94, 91, 90, 105, 106, 99, 98, 113, 114, 92, 91, 106, 107, 100, 99, 114, 115, 93, 92, 107, 108, 101, 100, 115, 116, 94, 93, 108, 109, 102, 101, 116, 117, 95, 94, 109, 110, 103, 102, 117, 118, 96, 95, 110, 111, 89, 2, 104, 44, 103, 118, 97, 96, 111, 112, 90, 89, 104, 105, 98, 97, 112, 113, 110, 109, 124, 125, 118, 117, 132, 133, 111, 110, 125, 126, 104, 3, 119, 45, 118, 133, 112, 111, 126, 127, 105, 104, 119, 120, 113, 112, 127, 128, 106, 105, 120, 121, 114, 113, 128, 129, 107, 106, 121, 122, 115, 114, 129, 130, 108, 107, 122, 123, 116, 115, 130, 131, 109, 108, 123, 124, 117, 116, 131, 132, 129, 128, 143, 144, 122, 121, 136, 137, 130, 129, 144, 145, 123, 122, 137, 138, 131, 130, 145, 146, 124, 123, 138, 139, 132, 131, 146, 147, 125, 124, 139, 140, 133, 132, 147, 148, 126, 125, 140, 141, 119, 4, 134, 46, 133, 148, 127, 126, 141, 142, 120, 119, 134, 135, 128, 127, 142, 143, 121, 120, 135, 136, 148, 147, 162, 163, 141, 140, 155, 156, 134, 5, 149, 47, 148, 163, 142, 141, 156, 157, 135, 134, 149, 150, 143, 142, 157, 158, 136, 135, 150, 151, 144, 143, 158, 159, 137, 136, 151, 152, 145, 144, 159, 160, 138, 137, 152, 153, 146, 145, 160, 161, 139, 138, 153, 154, 147, 146, 161, 162, 140, 139, 154, 155, 160, 159, 174, 175, 153, 152, 167, 168, 161, 160, 175, 176, 154, 153, 168, 169, 162, 161, 176, 177, 155, 154, 169, 170, 163, 162, 177, 178, 156, 155, 170, 171, 149, 6, 164, 48, 163, 178, 157, 156, 171, 172, 150, 149, 164, 165, 158, 157, 172, 173, 151, 150, 165, 166, 159, 158, 173, 174, 152, 151, 166, 167, 164, 7, 179, 49, 178, 193, 172, 171, 186, 187, 165, 164, 179, 180, 173, 172, 187, 188, 166, 165, 180, 181, 174, 173, 188, 189, 167, 166, 181, 182, 175, 174, 189, 190, 168, 167, 182, 183, 176, 175, 190, 191, 169, 168, 183, 184, 177, 176, 191, 192, 170, 169, 184, 185, 178, 177, 192, 193, 171, 170, 185, 186, 183, 182, 197, 198, 191, 190, 205, 206, 184, 183, 198, 199, 192, 191, 206, 207, 185, 184, 199, 200, 193, 192, 207, 208, 186, 185, 200, 201, 179, 8, 194, 50, 193, 208, 187, 186, 201, 202, 180, 179, 194, 195, 188, 187, 202, 203, 181, 180, 195, 196, 189, 188, 203, 204, 182, 181, 196, 197, 190, 189, 204, 205, 202, 201, 216, 217, 195, 194, 209, 210, 203, 202, 217, 218, 196, 195, 210, 211, 204, 203, 218, 219, 197, 196, 211, 212, 205, 204, 219, 220, 198, 197, 212, 213, 206, 205, 220, 221, 199, 198, 213, 214, 207, 206, 221, 222, 200, 199, 214, 215, 208, 207, 222, 223, 201, 200, 215, 216, 194, 9, 209, 51, 208, 223, 221, 220, 235, 236, 214, 213, 228, 229, 222, 221, 236, 237, 215, 214, 229, 230, 223, 222, 237, 238, 216, 215, 230, 231, 209, 10, 224, 52, 223, 238, 217, 216, 231, 232, 210, 209, 224, 225, 218, 217, 232, 233, 211, 210, 225, 226, 219, 218, 233, 234, 212, 211, 226, 227, 220, 219, 234, 235, 213, 212, 227, 228, 225, 224, 239, 240, 233, 232, 247, 248, 226, 225, 240, 241, 234, 233, 248, 249, 227, 226, 241, 242, 235, 234, 249, 250, 228, 227, 242, 243, 236, 235, 250, 251, 229, 228, 243, 244, 237, 236, 251, 252, 230, 229, 244, 245, 238, 237, 252, 253, 231, 230, 245, 246, 224, 11, 239, 53, 238, 253, 232, 231, 246, 247, 244, 243, 258, 259, 252, 251, 266, 267, 245, 244, 259, 260, 253, 252, 267, 268, 246, 245, 260, 261, 239, 12, 254, 54, 253, 268, 247, 246, 261, 262, 240, 239, 254, 255, 248, 247, 262, 263, 241, 240, 255, 256, 249, 248, 263, 264, 242, 241, 256, 257, 250, 249, 264, 265, 243, 242, 257, 258, 251, 250, 265, 266, 263, 262, 277, 278, 256, 255, 270, 271, 264, 263, 278, 279, 257, 256, 271, 272, 265, 264, 279, 280, 258, 257, 272, 273, 266, 265, 280, 281, 259, 258, 273, 274, 267, 266, 281, 282, 260, 259, 274, 275, 268, 267, 282, 283, 261, 260, 275, 276, 254, 13, 269, 55, 268, 283, 262, 261, 276, 277, 255, 254, 269, 270, 282, 281, 296, 297, 275, 274, 289, 290, 283, 282, 297, 298, 276, 275, 290, 291, 269, 14, 284, 56, 283, 298, 277, 276, 291, 292, 270, 269, 284, 285, 278, 277, 292, 293, 271, 270, 285, 286, 279, 278, 293, 294, 272, 271, 286, 287, 280, 279, 294, 295, 273, 272, 287, 288, 281, 280, 295, 296, 274, 273, 288, 289, 294, 293, 308, 309, 287, 286, 301, 302, 295, 294, 309, 310, 288, 287, 302, 303, 296, 295, 310, 311, 289, 288, 303, 304, 297, 296, 311, 312, 290, 289, 304, 305, 298, 297, 312, 313, 291, 290, 305, 306, 284, 15, 299, 57, 298, 313, 292, 291, 306, 307, 285, 284, 299, 300, 293, 292, 307, 308, 286, 285, 300, 301, 313, 312, 327, 328, 306, 305, 320, 321, 299, 16, 314, 58, 313, 328, 307, 306, 321, 322, 300, 299, 314, 315, 308, 307, 322, 323, 301, 300, 315, 316, 309, 308, 323, 324, 302, 301, 316, 317, 310, 309, 324, 325, 303, 302, 317, 318, 311, 310, 325, 326, 304, 303, 318, 319, 312, 311, 326, 327, 305, 304, 319, 320, 317, 316, 331, 332, 325, 324, 339, 340, 318, 317, 332, 333, 326, 325, 340, 341, 319, 318, 333, 334, 327, 326, 341, 342, 320, 319, 334, 335, 328, 327, 342, 343, 321, 320, 335, 336, 314, 17, 329, 59, 328, 343, 322, 321, 336, 337, 315, 314, 329, 330, 323, 322, 337, 338, 316, 315, 330, 331, 324, 323, 338, 339, 336, 335, 350, 351, 329, 18, 344, 60, 343, 358, 337, 336, 351, 352, 330, 329, 344, 345, 338, 337, 352, 353, 331, 330, 345, 346, 339, 338, 353, 354, 332, 331, 346, 347, 340, 339, 354, 355, 333, 332, 347, 348, 341, 340, 355, 356, 334, 333, 348, 349, 342, 341, 356, 357, 335, 334, 349, 350, 343, 342, 357, 358, 355, 354, 369, 370, 348, 347, 362, 363, 356, 355, 370, 371, 349, 348, 363, 364, 357, 356, 371, 372, 350, 349, 364, 365, 358, 357, 372, 373, 351, 350, 365, 366, 344, 19, 359, 61, 358, 373, 352, 351, 366, 367, 345, 344, 359, 360, 353, 352, 367, 368, 346, 345, 360, 361, 354, 353, 368, 369, 347, 346, 361, 362, 359, 20, 374, 62, 373, 388, 367, 366, 381, 382, 360, 359, 374, 375, 368, 367, 382, 383, 361, 360, 375, 376, 369, 368, 383, 384, 362, 361, 376, 377, 370, 369, 384, 385, 363, 362, 377, 378, 371, 370, 385, 386, 364, 363, 378, 379, 372, 371, 386, 387, 365, 364, 379, 380, 373, 372, 387, 388, 366, 365, 380, 381, 378, 377, 392, 393, 386, 385, 400, 401, 379, 378, 393, 394, 387, 386, 401, 402, 380, 379, 394, 395, 388, 387, 402, 403, 381, 380, 395, 396, 374, 21, 389, 63, 388, 403, 382, 381, 396, 397, 375, 374, 389, 390, 383, 382, 397, 398, 376, 375, 390, 391, 384, 383, 398, 399, 377, 376, 391, 392, 385, 384, 399, 400, 397, 396, 411, 412, 390, 389, 404, 405, 398, 397, 412, 413, 391, 390, 405, 406, 399, 398, 413, 414, 392, 391, 406, 407, 400, 399, 414, 415, 393, 392, 407, 408, 401, 400, 415, 416, 394, 393, 408, 409, 402, 401, 416, 417, 395, 394, 409, 410, 403, 402, 417, 418, 396, 395, 410, 411, 389, 22, 404, 64, 403, 418, 416, 415, 441, 443, 409, 408, 427, 429, 417, 416, 443, 445, 410, 409, 429, 431, 418, 417, 445, 447, 411, 410, 431, 433, 404, 23, 419, 65, 418, 447, 412, 411, 433, 435, 405, 404, 419, 421, 413, 412, 435, 437, 406, 405, 421, 423, 414, 413, 437, 439, 407, 406, 423, 425, 415, 414, 439, 441, 408, 407, 425, 427, 438, 436, 457, 458, 424, 422, 450, 451, 440, 438, 458, 459, 426, 424, 451, 452, 442, 440, 459, 460, 428, 426, 452, 453, 444, 442, 460, 461, 430, 428, 453, 454, 446, 444, 461, 462, 432, 430, 454, 455, 448, 446, 462, 463, 434, 432, 455, 456, 420, 24, 449, 66, 448, 463, 436, 434, 456, 457, 422, 420, 449, 450, 462, 461, 476, 477, 455, 454, 469, 470, 463, 462, 477, 478, 456, 455, 470, 471, 449, 25, 464, 67, 463, 478, 457, 456, 471, 472, 450, 449, 464, 465, 458, 457, 472, 473, 451, 450, 465, 466, 459, 458, 473, 474, 452, 451, 466, 467, 460, 459, 474, 475, 453, 452, 467, 468, 461, 460, 475, 476, 454, 453, 468, 469, 466, 465, 480, 481, 474, 473, 488, 489, 467, 466, 481, 482, 475, 474, 489, 490, 468, 467, 482, 483, 476, 475, 490, 491, 469, 468, 483, 484, 477, 476, 491, 492, 470, 469, 484, 485, 478, 477, 492, 493, 471, 470, 485, 486, 464, 26, 479, 68, 478, 493, 472, 471, 486, 487, 465, 464, 479, 480, 473, 472, 487, 488, 485, 484, 499, 500, 493, 492, 507, 508, 486, 485, 500, 501, 479, 27, 494, 69, 493, 508, 487, 486, 501, 502, 480, 479, 494, 495, 488, 487, 502, 503, 481, 480, 495, 496, 489, 488, 503, 504, 482, 481, 496, 497, 490, 489, 504, 505, 483, 482, 497, 498, 491, 490, 505, 506, 484, 483, 498, 499, 492, 491, 506, 507, 504, 503, 518, 519, 497, 496, 511, 512, 505, 504, 519, 520, 498, 497, 512, 513, 506, 505, 520, 521, 499, 498, 513, 514, 507, 506, 521, 522, 500, 499, 514, 515, 508, 507, 522, 523, 501, 500, 515, 516, 494, 28, 509, 70, 508, 523, 502, 501, 516, 517, 495, 494, 509, 510, 503, 502, 517, 518, 496, 495, 510, 511, 523, 522, 537, 538, 516, 515, 530, 531, 509, 29, 524, 71, 523, 538, 517, 516, 531, 532, 510, 509, 524, 525, 518, 517, 532, 533, 511, 510, 525, 526, 519, 518, 533, 534, 512, 511, 526, 527, 520, 519, 534, 535, 513, 512, 527, 528, 521, 520, 535, 536, 514, 513, 528, 529, 522, 521, 536, 537, 515, 514, 529, 530, 527, 526, 541, 542, 535, 534, 549, 550, 528, 527, 542, 543, 536, 535, 550, 551, 529, 528, 543, 544, 537, 536, 551, 552, 530, 529, 544, 545, 538, 537, 552, 553, 531, 530, 545, 546, 524, 30, 539, 72, 538, 553, 532, 531, 546, 547, 525, 524, 539, 540, 533, 532, 547, 548, 526, 525, 540, 541, 534, 533, 548, 549, 546, 545, 36, 37, 539, 31, 32, 73, 553, 41, 547, 546, 37, 38, 540, 539, 32, 554, 548, 547, 38, 556, 541, 540, 554, 33, 549, 548, 556, 39, 542, 541, 33, 34, 550, 549, 39, 557, 543, 542, 34, 555, 551, 550, 557, 40, 544, 543, 555, 35, 552, 551, 40, 558, 545, 544, 35, 36, 553, 552, 558, 41]
            uniform token subdivisionScheme = "none"
            custom string userProperties:blender:data_name = "Sphere.004"
        }
    }

    def Xform "FillLight"
    {
        custom string userProperties:blender:object_name = "FillLight"
        float3 xformOp:rotateXYZ = (0, -0, 0)
        float3 xformOp:scale = (1, 1, 1)
        double3 xformOp:translate = (-3, 5, 6)
        uniform token[] xformOpOrder = ["xformOp:translate", "xformOp:rotateXYZ", "xformOp:scale"]

        def RectLight "Area"
        {
            float3[] extent = [(-2.5, -2.5, -0), (2.5, 2.5, 0)]
            bool inputs:enableColorTemperature = 1
            float inputs:height = 5
            float inputs:intensity = 63.661976
            bool inputs:normalize = 1
            float inputs:width = 5
            custom string userProperties:blender:data_name = "Area"
        }
    }

    def Xform "FixedConstraint"
    {
        custom string userProperties:blender:object_name = "FixedConstraint"
        float3 xformOp:rotateXYZ = (0, -0, 0)
        float3 xformOp:scale = (1, 1, 1)
        double3 xformOp:translate = (5.964181423187256, 0, 4.85093355178833)
        uniform token[] xformOpOrder = ["xformOp:translate", "xformOp:rotateXYZ", "xformOp:scale"]
    }

    def Xform "Box_4" (
        prepend apiSchemas = ["PhysicsRigidBodyAPI", "PhysicsMassAPI", "PhysicsCollisionAPI", "PhysicsMaterialAPI"]
    )
    {
        custom int mjc:condim = 3
        custom double mjc:friction = 0.6000000238418579
        custom double mjc:margin = 0
        custom double mjc:solmix = 1
        float physics:dynamicFriction = 0.6
        float physics:mass = 2
        float physics:restitution = 0.2
        bool physics:rigidBodyEnabled = 1
        float physics:staticFriction = 0.6
        custom string userProperties:blender:object_name = "Box_4"
        float3 xformOp:rotateXYZ = (0, -0, 0)
        float3 xformOp:scale = (1, 1, 1)
        double3 xformOp:translate = (0, 0, 4.699999809265137)
        uniform token[] xformOpOrder = ["xformOp:translate", "xformOp:rotateXYZ", "xformOp:scale"]

        def Mesh "Cube_011" (
            active = true
            prepend apiSchemas = ["MaterialBindingAPI"]
        )
        {
            uniform bool doubleSided = 1
            float3[] extent = [(-0.5, -0.5, -0.5), (0.5, 0.5, 0.5)]
            int[] faceVertexCounts = [4, 4, 4, 4, 4, 4]
            int[] faceVertexIndices = [0, 1, 3, 2, 2, 3, 7, 6, 6, 7, 5, 4, 4, 5, 1, 0, 2, 6, 4, 0, 7, 3, 1, 5]
            rel material:binding = </root/_materials/BoxMat_001>
            normal3f[] normals = [(-1, 0, 0), (-1, 0, 0), (-1, 0, 0), (-1, 0, 0), (0, 1, 0), (0, 1, 0), (0, 1, 0), (0, 1, 0), (1, 0, 0), (1, 0, 0), (1, 0, 0), (1, 0, 0), (0, -1, 0), (0, -1, 0), (0, -1, 0), (0, -1, 0), (0, 0, -1), (0, 0, -1), (0, 0, -1), (0, 0, -1), (0, 0, 1), (0, 0, 1), (0, 0, 1), (0, 0, 1)] (
                interpolation = "faceVarying"
            )
            point3f[] points = [(-0.5, -0.5, -0.5), (-0.5, -0.5, 0.5), (-0.5, 0.5, -0.5), (-0.5, 0.5, 0.5), (0.5, -0.5, -0.5), (0.5, -0.5, 0.5), (0.5, 0.5, -0.5), (0.5, 0.5, 0.5)]
            texCoord2f[] primvars:st = [(0.375, 0), (0.375, 1), (0.125, 0.75), (0.625, 0), (0.625, 1), (0.875, 0.75), (0.375, 0.25), (0.125, 0.5), (0.625, 0.25), (0.875, 0.5), (0.375, 0.75), (0.625, 0.75), (0.375, 0.5), (0.625, 0.5)] (
                interpolation = "faceVarying"
            )
            int[] primvars:st:indices = [0, 3, 8, 6, 6, 8, 13, 12, 12, 13, 11, 10, 10, 11, 4, 1, 7, 12, 10, 2, 13, 9, 5, 11]
            uniform token subdivisionScheme = "none"
            custom string userProperties:blender:data_name = "Cube.011"
        }
    }

    def Xform "Light"
    {
        custom string userProperties:blender:object_name = "Light"
        float3 xformOp:rotateXYZ = (37.26105, 3.1637094, 106.93632)
        float3 xformOp:scale = (1, 0.99999994, 1)
        double3 xformOp:translate = (5, -3, 8)
        uniform token[] xformOpOrder = ["xformOp:translate", "xformOp:rotateXYZ", "xformOp:scale"]

        def DistantLight "Light"
        {
            float inputs:angle = 5.710593
            bool inputs:enableColorTemperature = 1
            float inputs:intensity = 200
            bool inputs:normalize = 1
            custom string userProperties:blender:data_name = "Light"
        }
    }

    def DomeLight "env_light"
    {
        float inputs:intensity = 1
        asset inputs:texture:file = @./textures/color_0C0C0C.exr@
    }
}

def PhysicsScene "PhysicsScene"
{
    custom bool mjc:flag:gravity = 1
    custom int mjc:option:iterations = 10
    custom double mjc:option:timestep = 0.041666666666666664
    vector3f physics:gravityDirection = (0, 0, -1)
    float physics:gravityMagnitude = 9.81
}

def "Joints"
{
    def PhysicsFixedJoint "FixedConstraint"
    {
        custom double mjc:damping = 0.5
        custom int mjc:group = 0
        custom double mjc:stiffness = 10
        rel physics:body0 = </root/Arm>
        rel physics:body1 = </root/Bob>
        bool physics:jointEnabled = 1
        point3f physics:localPos0 = (0, 0, 0)
        point3f physics:localPos1 = (-0.9641814, 0, 1.1490669)
    }

    def PhysicsRevoluteJoint "HingeConstraint"
    {
        custom double mjc:damping = 0.5
        custom int mjc:group = 0
        custom double mjc:stiffness = 10
        uniform token physics:axis = "Z"
        rel physics:body0 = </root/Anchor>
        rel physics:body1 = </root/Arm>
        bool physics:jointEnabled = 1
        point3f physics:localPos0 = (0, 0, 0)
        point3f physics:localPos1 = (-0.9641814, 0, 1.1490664)
        float physics:lowerLimit = -90
        float physics:upperLimit = 90
    }
}

