#usda 1.0
(
    defaultPrim = "root"
    doc = "Blender v4.5.4 LTS"
    metersPerUnit = 1
    upAxis = "Z"
)

def Xform "root" (
    customData = {
        dictionary Blender = {
            bool generated = 1
        }
    }
)
{
    def Xform "Suzanne"
    {
        custom string userProperties:blender:object_name = "Suzanne"

        def Mesh "Suzanne_001" (
            active = true
            prepend apiSchemas = ["MaterialBindingAPI"]
        )
        {
            uniform bool doubleSided = 1
            float3[] extent = [(-1.3671875, -0.8515625, -0.984375), (1.3671875, 0.8515625, 0.984375)]
            int[] faceVertexCounts = [4, 4, 4, 4, 4, 4, 4, 4, 4, 4, 4, 4, 4, 4, 4, 4, 4, 4, 4, 4, 4, 4, 4, 4, 4, 4, 4, 4, 4, 4, 4, 4, 4, 4, 4, 4, 4, 4, 4, 4, 4, 4, 4, 4, 4, 4, 4, 4, 3, 3, 3, 3, 3, 3, 3, 3, 3, 3, 3, 3, 3, 3, 3, 3, 4, 4, 4, 4, 4, 4, 4, 4, 4, 4, 4, 4, 4, 4, 4, 4, 4, 4, 4, 4, 4, 4, 4, 4, 4, 4, 4, 4, 4, 4, 4, 4, 4, 4, 4, 4, 4, 4, 4, 4, 4, 4, 4, 4, 4, 4, 4, 4, 4, 4, 4, 4, 4, 4, 4, 4, 4, 4, 4, 4, 4, 4, 4, 4, 4, 4, 4, 4, 4, 4, 4, 4, 4, 4, 4, 4, 4, 4, 4, 4, 4, 4, 4, 4, 4, 4, 4, 4, 4, 4, 4, 4, 4, 4, 4, 4, 4, 4, 4, 4, 4, 4, 4, 4, 4, 4, 4, 4, 4, 4, 4, 4, 4, 4, 4, 4, 4, 4, 4, 4, 4, 4, 4, 4, 4, 4, 4, 4, 3, 3, 4, 4, 4, 4, 4, 4, 4, 4, 4, 4, 4, 4, 4, 4, 4, 4, 4, 4, 4, 4, 4, 4, 4, 4, 4, 4, 4, 4, 4, 4, 4, 4, 4, 4, 4, 4, 4, 4, 4, 4, 4, 4, 4, 4, 4, 4, 4, 4, 4, 4, 4, 4, 4, 4, 4, 4, 4, 4, 4, 4, 4, 4, 4, 4, 4, 4, 4, 4, 4, 4, 4, 4, 4, 4, 4, 4, 4, 4, 4, 4, 4, 4, 4, 4, 4, 4, 4, 4, 4, 4, 4, 4, 4, 4, 4, 4, 4, 4, 4, 4, 4, 4, 4, 4, 4, 4, 4, 4, 4, 4, 4, 4, 4, 4, 4, 4, 4, 4, 4, 4, 4, 4, 4, 4, 4, 4, 4, 4, 4, 4, 4, 4, 4, 4, 4, 4, 4, 4, 4, 4, 4, 4, 4, 4, 4, 4, 3, 3, 4, 4, 4, 4, 4, 4, 4, 4, 4, 4, 4, 4, 4, 4, 4, 4, 3, 3, 3, 3, 4, 4, 4, 4, 4, 4, 4, 4, 3, 3, 4, 4, 4, 4, 4, 4, 4, 4, 4, 4, 4, 4, 4, 4, 4, 4, 4, 4, 4, 4, 4, 4, 4, 4, 4, 4, 4, 4, 4, 4, 4, 4, 4, 4, 4, 4, 4, 4, 4, 4, 4, 4, 4, 4, 4, 4, 4, 4, 3, 3, 4, 4, 4, 4, 4, 4, 4, 4, 4, 4, 4, 4, 4, 4, 4, 4, 4, 4, 4, 4, 4, 4, 4, 4, 4, 4, 4, 4, 4, 4, 4, 4, 4, 4, 4, 4, 4, 4, 4, 4, 4, 4, 4, 4, 4, 4, 4, 4, 4, 4, 4, 4, 3, 3, 4, 4, 4, 4, 4, 4, 4, 4, 4, 4, 4, 4, 4, 4, 4, 4, 3, 3, 4, 4, 4, 4, 4, 4]
            int[] faceVertexIndices = [46, 0, 2, 44, 3, 1, 47, 45, 44, 2, 4, 42, 5, 3, 45, 43, 2, 8, 6, 4, 7, 9, 3, 5, 0, 10, 8, 2, 9, 11, 1, 3, 10, 12, 14, 8, 15, 13, 11, 9, 8, 14, 16, 6, 17, 15, 9, 7, 14, 20, 18, 16, 19, 21, 15, 17, 12, 22, 20, 14, 21, 23, 13, 15, 22, 24, 26, 20, 27, 25, 23, 21, 20, 26, 28, 18, 29, 27, 21, 19, 26, 32, 30, 28, 31, 33, 27, 29, 24, 34, 32, 26, 33, 35, 25, 27, 34, 36, 38, 32, 39, 37, 35, 33, 32, 38, 40, 30, 41, 39, 33, 31, 38, 44, 42, 40, 43, 45, 39, 41, 36, 46, 44, 38, 45, 47, 37, 39, 46, 36, 50, 48, 51, 37, 47, 49, 36, 34, 52, 50, 53, 35, 37, 51, 34, 24, 54, 52, 55, 25, 35, 53, 24, 22, 56, 54, 57, 23, 25, 55, 22, 12, 58, 56, 59, 13, 23, 57, 12, 10, 62, 58, 63, 11, 13, 59, 10, 0, 64, 62, 65, 1, 11, 63, 0, 46, 48, 64, 49, 47, 1, 65, 60, 64, 48, 49, 65, 61, 62, 64, 60, 61, 65, 63, 60, 58, 62, 63, 59, 61, 60, 56, 58, 59, 57, 61, 60, 54, 56, 57, 55, 61, 60, 52, 54, 55, 53, 61, 60, 50, 52, 53, 51, 61, 60, 48, 50, 51, 49, 61, 88, 173, 175, 90, 175, 174, 89, 90, 86, 171, 173, 88, 174, 172, 87, 89, 84, 169, 171, 86, 172, 170, 85, 87, 82, 167, 169, 84, 170, 168, 83, 85, 80, 165, 167, 82, 168, 166, 81, 83, 78, 91, 145, 163, 146, 92, 79, 164, 91, 93, 147, 145, 148, 94, 92, 146, 93, 95, 149, 147, 150, 96, 94, 148, 95, 97, 151, 149, 152, 98, 96, 150, 97, 99, 153, 151, 154, 100, 98, 152, 99, 101, 155, 153, 156, 102, 100, 154, 101, 103, 157, 155, 158, 104, 102, 156, 103, 105, 159, 157, 160, 106, 104, 158, 105, 107, 161, 159, 162, 108, 106, 160, 107, 66, 67, 161, 67, 66, 108, 162, 109, 127, 159, 161, 160, 128, 110, 162, 127, 178, 157, 159, 158, 179, 128, 160, 125, 155, 157, 178, 158, 156, 126, 179, 123, 153, 155, 125, 156, 154, 124, 126, 121, 151, 153, 123, 154, 152, 122, 124, 119, 149, 151, 121, 152, 150, 120, 122, 117, 147, 149, 119, 150, 148, 118, 120, 115, 145, 147, 117, 148, 146, 116, 118, 113, 163, 145, 115, 146, 164, 114, 116, 113, 180, 176, 163, 176, 181, 114, 164, 109, 161, 67, 111, 67, 162, 110, 112, 111, 67, 177, 182, 177, 67, 112, 183, 176, 180, 182, 177, 183, 181, 176, 177, 134, 136, 175, 173, 175, 136, 135, 174, 132, 134, 173, 171, 174, 135, 133, 172, 130, 132, 171, 169, 172, 133, 131, 170, 165, 186, 184, 167, 185, 187, 166, 168, 130, 169, 167, 184, 168, 170, 131, 185, 143, 189, 188, 186, 188, 189, 144, 187, 184, 186, 188, 68, 188, 187, 185, 68, 129, 130, 184, 68, 185, 131, 129, 68, 141, 192, 190, 143, 191, 193, 142, 144, 139, 194, 192, 141, 193, 195, 140, 142, 138, 196, 194, 139, 195, 197, 138, 140, 137, 70, 196, 138, 197, 70, 137, 138, 189, 143, 190, 69, 191, 144, 189, 69, 69, 190, 205, 207, 206, 191, 69, 207, 70, 198, 199, 196, 200, 198, 70, 197, 196, 199, 201, 194, 202, 200, 197, 195, 194, 201, 203, 192, 204, 202, 195, 193, 192, 203, 205, 190, 206, 204, 193, 191, 198, 203, 201, 199, 202, 204, 198, 200, 198, 207, 205, 203, 206, 207, 198, 204, 138, 139, 163, 176, 164, 140, 138, 176, 139, 141, 210, 163, 211, 142, 140, 164, 141, 143, 212, 210, 213, 144, 142, 211, 143, 186, 165, 212, 166, 187, 144, 213, 80, 208, 212, 165, 213, 209, 81, 166, 208, 214, 210, 212, 211, 215, 209, 213, 78, 163, 210, 214, 211, 164, 79, 215, 130, 129, 71, 221, 71, 129, 131, 222, 132, 130, 221, 219, 222, 131, 133, 220, 134, 132, 219, 217, 220, 133, 135, 218, 136, 134, 217, 216, 218, 135, 136, 216, 216, 217, 228, 230, 229, 218, 216, 230, 217, 219, 226, 228, 227, 220, 218, 229, 219, 221, 224, 226, 225, 222, 220, 227, 221, 71, 223, 224, 223, 71, 222, 225, 223, 230, 228, 224, 229, 230, 223, 225, 224, 228, 226, 227, 229, 225, 182, 180, 233, 231, 234, 181, 183, 232, 111, 182, 231, 253, 232, 183, 112, 254, 109, 111, 253, 255, 254, 112, 110, 256, 180, 113, 251, 233, 252, 114, 181, 234, 113, 115, 249, 251, 250, 116, 114, 252, 115, 117, 247, 249, 248, 118, 116, 250, 117, 119, 245, 247, 246, 120, 118, 248, 119, 121, 243, 245, 244, 122, 120, 246, 121, 123, 241, 243, 242, 124, 122, 244, 123, 125, 239, 241, 240, 126, 124, 242, 125, 178, 235, 239, 236, 179, 126, 240, 178, 127, 237, 235, 238, 128, 179, 236, 127, 109, 255, 237, 256, 110, 128, 238, 237, 255, 257, 275, 258, 256, 238, 276, 235, 237, 275, 277, 276, 238, 236, 278, 239, 235, 277, 273, 278, 236, 240, 274, 241, 239, 273, 271, 274, 240, 242, 272, 243, 241, 271, 269, 272, 242, 244, 270, 245, 243, 269, 267, 270, 244, 246, 268, 247, 245, 267, 265, 268, 246, 248, 266, 249, 247, 265, 263, 266, 248, 250, 264, 251, 249, 263, 261, 264, 250, 252, 262, 233, 251, 261, 279, 262, 252, 234, 280, 255, 253, 259, 257, 260, 254, 256, 258, 253, 231, 281, 259, 282, 232, 254, 260, 231, 233, 279, 281, 280, 234, 232, 282, 66, 107, 283, 72, 284, 108, 66, 72, 107, 105, 285, 283, 286, 106, 108, 284, 105, 103, 287, 285, 288, 104, 106, 286, 103, 101, 289, 287, 290, 102, 104, 288, 101, 99, 291, 289, 292, 100, 102, 290, 99, 97, 293, 291, 294, 98, 100, 292, 97, 95, 295, 293, 296, 96, 98, 294, 95, 93, 297, 295, 298, 94, 96, 296, 93, 91, 299, 297, 300, 92, 94, 298, 307, 308, 327, 337, 328, 308, 307, 338, 306, 307, 337, 335, 338, 307, 306, 336, 305, 306, 335, 339, 336, 306, 305, 340, 88, 90, 305, 339, 305, 90, 89, 340, 86, 88, 339, 333, 340, 89, 87, 334, 84, 86, 333, 329, 334, 87, 85, 330, 82, 84, 329, 331, 330, 85, 83, 332, 329, 335, 337, 331, 338, 336, 330, 332, 329, 333, 339, 335, 340, 334, 330, 336, 325, 331, 337, 327, 338, 332, 326, 328, 80, 82, 331, 325, 332, 83, 81, 326, 208, 341, 343, 214, 344, 342, 209, 215, 80, 325, 341, 208, 342, 326, 81, 209, 78, 214, 343, 345, 344, 215, 79, 346, 78, 345, 299, 91, 300, 346, 79, 92, 76, 323, 351, 303, 352, 324, 76, 303, 303, 351, 349, 77, 350, 352, 303, 77, 77, 349, 347, 304, 348, 350, 77, 304, 304, 347, 327, 308, 328, 348, 304, 308, 325, 327, 347, 341, 348, 328, 326, 342, 295, 297, 317, 309, 318, 298, 296, 310, 75, 315, 323, 76, 324, 316, 75, 76, 301, 357, 355, 302, 356, 358, 301, 302, 302, 355, 353, 74, 354, 356, 302, 74, 74, 353, 315, 75, 316, 354, 74, 75, 291, 293, 361, 363, 362, 294, 292, 364, 363, 361, 367, 365, 368, 362, 364, 366, 365, 367, 369, 371, 370, 368, 366, 372, 371, 369, 375, 373, 376, 370, 372, 374, 313, 377, 373, 375, 374, 378, 314, 376, 315, 353, 373, 377, 374, 354, 316, 378, 353, 355, 371, 373, 372, 356, 354, 374, 355, 357, 365, 371, 366, 358, 356, 372, 357, 359, 363, 365, 364, 360, 358, 366, 289, 291, 363, 359, 364, 292, 290, 360, 73, 359, 357, 301, 358, 360, 73, 301, 283, 285, 287, 289, 288, 286, 284, 290, 283, 289, 359, 73, 360, 290, 284, 73, 72, 283, 73, 73, 284, 72, 293, 295, 309, 361, 310, 296, 294, 362, 309, 311, 367, 361, 368, 312, 310, 362, 311, 381, 369, 367, 370, 382, 312, 368, 313, 375, 369, 381, 370, 376, 314, 382, 347, 349, 385, 383, 386, 350, 348, 384, 317, 383, 385, 319, 386, 384, 318, 320, 297, 299, 383, 317, 384, 300, 298, 318, 299, 343, 341, 383, 342, 344, 300, 384, 341, 347, 383, 384, 348, 342, 299, 345, 343, 344, 346, 300, 313, 321, 379, 377, 380, 322, 314, 378, 315, 377, 379, 323, 380, 378, 316, 324, 319, 385, 379, 321, 380, 386, 320, 322, 349, 351, 379, 385, 380, 352, 350, 386, 323, 379, 351, 352, 380, 324, 399, 387, 413, 401, 414, 388, 400, 402, 399, 401, 403, 397, 404, 402, 400, 398, 397, 403, 405, 395, 406, 404, 398, 396, 395, 405, 407, 393, 408, 406, 396, 394, 393, 407, 409, 391, 410, 408, 394, 392, 391, 409, 411, 389, 412, 410, 392, 390, 409, 419, 417, 411, 418, 420, 410, 412, 407, 421, 419, 409, 420, 422, 408, 410, 405, 423, 421, 407, 422, 424, 406, 408, 403, 425, 423, 405, 424, 426, 404, 406, 401, 427, 425, 403, 426, 428, 402, 404, 401, 413, 415, 427, 416, 414, 402, 428, 317, 319, 443, 441, 444, 320, 318, 442, 319, 389, 411, 443, 412, 390, 320, 444, 309, 317, 441, 311, 442, 318, 310, 312, 381, 429, 413, 387, 414, 430, 382, 388, 411, 417, 439, 443, 440, 418, 412, 444, 437, 445, 443, 439, 444, 446, 438, 440, 433, 445, 437, 435, 438, 446, 434, 436, 431, 447, 445, 433, 446, 448, 432, 434, 429, 447, 431, 449, 432, 448, 430, 450, 413, 429, 449, 415, 450, 430, 414, 416, 311, 447, 429, 381, 430, 448, 312, 382, 311, 441, 445, 447, 446, 442, 312, 448, 441, 443, 445, 446, 444, 442, 415, 449, 451, 475, 452, 450, 416, 476, 449, 431, 461, 451, 462, 432, 450, 452, 431, 433, 459, 461, 460, 434, 432, 462, 433, 435, 457, 459, 458, 436, 434, 460, 435, 437, 455, 457, 456, 438, 436, 458, 437, 439, 453, 455, 454, 440, 438, 456, 439, 417, 473, 453, 474, 418, 440, 454, 427, 415, 475, 463, 476, 416, 428, 464, 425, 427, 463, 465, 464, 428, 426, 466, 423, 425, 465, 467, 466, 426, 424, 468, 421, 423, 467, 469, 468, 424, 422, 470, 419, 421, 469, 471, 470, 422, 420, 472, 417, 419, 471, 473, 472, 420, 418, 474, 457, 455, 479, 477, 480, 456, 458, 478, 477, 479, 481, 483, 482, 480, 478, 484, 483, 481, 487, 485, 488, 482, 484, 486, 485, 487, 489, 491, 490, 488, 486, 492, 463, 475, 485, 491, 486, 476, 464, 492, 451, 483, 485, 475, 486, 484, 452, 476, 451, 461, 477, 483, 478, 462, 452, 484, 457, 477, 461, 459, 462, 478, 458, 460, 453, 473, 479, 455, 480, 474, 454, 456, 471, 481, 479, 473, 480, 482, 472, 474, 469, 487, 481, 471, 482, 488, 470, 472, 467, 489, 487, 469, 488, 490, 468, 470, 465, 491, 489, 467, 490, 492, 466, 468, 463, 491, 465, 466, 492, 464, 391, 389, 503, 501, 504, 390, 392, 502, 393, 391, 501, 499, 502, 392, 394, 500, 395, 393, 499, 497, 500, 394, 396, 498, 397, 395, 497, 495, 498, 396, 398, 496, 399, 397, 495, 493, 496, 398, 400, 494, 387, 399, 493, 505, 494, 400, 388, 506, 493, 501, 503, 505, 504, 502, 494, 506, 493, 495, 499, 501, 500, 496, 494, 502, 495, 497, 499, 500, 498, 496, 313, 381, 387, 505, 388, 382, 314, 506, 313, 505, 503, 321, 504, 506, 314, 322, 319, 321, 503, 389, 504, 322, 320, 390]
            rel material:binding = </root/_materials/Material_002>
            normal3f[] normals = [(0.9776884, -0.20977123, -0.011020685), (0.72771186, -0.20511442, -0.6544948), (0.6040451, -0.6121917, -0.5102458), (0.80208474, -0.5972005, -0.003398268), (-0.6040451, -0.6121917, -0.5102458), (-0.72771186, -0.20511442, -0.6544948), (-0.9776884, -0.20977123, -0.011020685), (-0.80208474, -0.5972005, -0.003398268), (0.80208474, -0.5972005, -0.003398268), (0.6040451, -0.6121917, -0.5102458), (0.6829622, -0.4835523, -0.547485), (0.8684324, -0.49579656, -0.0032842157), (-0.6829622, -0.4835523, -0.547485), (-0.6040451, -0.6121917, -0.5102458), (-0.80208474, -0.5972005, -0.003398268), (-0.8684324, -0.49579656, -0.0032842157), (0.6040451, -0.6121917, -0.5102458), (0.09822191, -0.65297955, -0.7509794), (0.11589914, -0.48467106, -0.86698407), (0.6829622, -0.4835523, -0.547485), (-0.11589914, -0.48467106, -0.86698407), (-0.09822191, -0.65297955, -0.7509794), (-0.6040451, -0.6121917, -0.5102458), (-0.6829622, -0.4835523, -0.547485), (0.72771186, -0.20511442, -0.6544948), (0.037521314, -0.25925, -0.96508116), (0.09822191, -0.65297955, -0.7509794), (0.6040451, -0.6121917, -0.5102458), (-0.09822191, -0.65297955, -0.7509794), (-0.037521314, -0.25925, -0.96508116), (-0.72771186, -0.20511442, -0.6544948), (-0.6040451, -0.6121917, -0.5102458), (0.037521314, -0.25925, -0.96508116), (-0.6553558, -0.30083227, -0.6928266), (-0.45139918, -0.7108878, -0.53933036), (0.09822191, -0.65297955, -0.7509794), (0.45139918, -0.7108878, -0.53933036), (0.6553558, -0.30083227, -0.6928266), (-0.037521314, -0.25925, -0.96508116), (-0.09822191, -0.65297955, -0.7509794), (0.09822191, -0.65297955, -0.7509794), (-0.45139918, -0.7108878, -0.53933036), (-0.55124706, -0.54023814, -0.6358218), (0.11589914, -0.48467106, -0.86698407), (0.55124706, -0.54023814, -0.6358218), (0.45139918, -0.7108878, -0.53933036), (-0.09822191, -0.65297955, -0.7509794), (-0.11589914, -0.48467106, -0.86698407), (-0.45139918, -0.7108878, -0.53933036), (-0.6940105, -0.7199562, -0.003526362), (-0.81481177, -0.5797133, -0.0037945472), (-0.55124706, -0.54023814, -0.6358218), (0.81481177, -0.5797133, -0.0037945472), (0.6940105, -0.7199562, -0.003526362), (0.45139918, -0.7108878, -0.53933036), (0.55124706, -0.54023814, -0.6358218), (-0.6553558, -0.30083227, -0.6928266), (-0.9460671, -0.32371452, -0.01287656), (-0.6940105, -0.7199562, -0.003526362), (-0.45139918, -0.7108878, -0.53933036), (0.6940105, -0.7199562, -0.003526362), (0.9460671, -0.32371452, -0.01287656), (0.6553558, -0.30083227, -0.6928266), (0.45139918, -0.7108878, -0.53933036), (-0.9460671, -0.32371452, -0.01287656), (-0.6621806, -0.2889372, 0.6913987), (-0.4551313, -0.7191337, 0.52507365), (-0.6940105, -0.7199562, -0.003526362), (0.4551313, -0.7191337, 0.52507365), (0.6621806, -0.2889372, 0.6913987), (0.9460671, -0.32371452, -0.01287656), (0.6940105, -0.7199562, -0.003526362), (-0.6940105, -0.7199562, -0.003526362), (-0.4551313, -0.7191337, 0.52507365), (-0.52978957, -0.5715856, 0.6265884), (-0.81481177, -0.5797133, -0.0037945472), (0.52978957, -0.5715856, 0.6265884), (0.4551313, -0.7191337, 0.52507365), (0.6940105, -0.7199562, -0.003526362), (0.81481177, -0.5797133, -0.0037945472), (-0.4551313, -0.7191337, 0.52507365), (0.101871714, -0.66466635, 0.74016273), (0.12242981, -0.53284204, 0.8373114), (-0.52978957, -0.5715856, 0.6265884), (-0.12242981, -0.53284204, 0.8373114), (-0.101871714, -0.66466635, 0.74016273), (0.4551313, -0.7191337, 0.52507365), (0.52978957, -0.5715856, 0.6265884), (-0.6621806, -0.2889372, 0.6913987), (0.03209917, -0.23686768, 0.97101146), (0.101871714, -0.66466635, 0.74016273), (-0.4551313, -0.7191337, 0.52507365), (-0.101871714, -0.66466635, 0.74016273), (-0.03209917, -0.23686768, 0.97101146), (0.6621806, -0.2889372, 0.6913987), (0.4551313, -0.7191337, 0.52507365), (0.03209917, -0.23686768, 0.97101146), (0.7320609, -0.19494385, 0.65275097), (0.60846967, -0.62031776, 0.49494487), (0.101871714, -0.66466635, 0.74016273), (-0.60846967, -0.62031776, 0.49494487), (-0.7320609, -0.19494385, 0.65275097), (-0.03209917, -0.23686768, 0.97101146), (-0.101871714, -0.66466635, 0.74016273), (0.101871714, -0.66466635, 0.74016273), (0.60846967, -0.62031776, 0.49494487), (0.6722176, -0.5084487, 0.5381482), (0.12242981, -0.53284204, 0.8373114), (-0.6722176, -0.5084487, 0.5381482), (-0.60846967, -0.62031776, 0.49494487), (-0.101871714, -0.66466635, 0.74016273), (-0.12242981, -0.53284204, 0.8373114), (0.60846967, -0.62031776, 0.49494487), (0.80208474, -0.5972005, -0.003398268), (0.8684324, -0.49579656, -0.0032842157), (0.6722176, -0.5084487, 0.5381482), (-0.8684324, -0.49579656, -0.0032842157), (-0.80208474, -0.5972005, -0.003398268), (-0.60846967, -0.62031776, 0.49494487), (-0.6722176, -0.5084487, 0.5381482), (0.7320609, -0.19494385, 0.65275097), (0.9776884, -0.20977123, -0.011020685), (0.80208474, -0.5972005, -0.003398268), (0.60846967, -0.62031776, 0.49494487), (-0.80208474, -0.5972005, -0.003398268), (-0.9776884, -0.20977123, -0.011020685), (-0.7320609, -0.19494385, 0.65275097), (-0.60846967, -0.62031776, 0.49494487), (0.9776884, -0.20977123, -0.011020685), (0.7320609, -0.19494385, 0.65275097), (0.72198576, -0.23742309, 0.6498975), (0.97375786, -0.22725876, -0.0122081395), (-0.72198576, -0.23742309, 0.6498975), (-0.7320609, -0.19494385, 0.65275097), (-0.9776884, -0.20977123, -0.011020685), (-0.97375786, -0.22725876, -0.0122081395), (0.7320609, -0.19494385, 0.65275097), (0.03209917, -0.23686768, 0.97101146), (0.037448786, -0.3563984, 0.9335833), (0.72198576, -0.23742309, 0.6498975), (-0.037448786, -0.3563984, 0.9335833), (-0.03209917, -0.23686768, 0.97101146), (-0.7320609, -0.19494385, 0.65275097), (-0.72198576, -0.23742309, 0.6498975), (0.03209917, -0.23686768, 0.97101146), (-0.6621806, -0.2889372, 0.6913987), (-0.626359, -0.43475947, 0.6470383), (0.037448786, -0.3563984, 0.9335833), (0.626359, -0.43475947, 0.6470383), (0.6621806, -0.2889372, 0.6913987), (-0.03209917, -0.23686768, 0.97101146), (-0.037448786, -0.3563984, 0.9335833), (-0.6621806, -0.2889372, 0.6913987), (-0.9460671, -0.32371452, -0.01287656), (-0.9112848, -0.41159314, -0.01229146), (-0.626359, -0.43475947, 0.6470383), (0.9112848, -0.41159314, -0.01229146), (0.9460671, -0.32371452, -0.01287656), (0.6621806, -0.2889372, 0.6913987), (0.626359, -0.43475947, 0.6470383), (-0.9460671, -0.32371452, -0.01287656), (-0.6553558, -0.30083227, -0.6928266), (-0.6181608, -0.4363976, -0.65378463), (-0.9112848, -0.41159314, -0.01229146), (0.6181608, -0.4363976, -0.65378463), (0.6553558, -0.30083227, -0.6928266), (0.9460671, -0.32371452, -0.01287656), (0.9112848, -0.41159314, -0.01229146), (-0.6553558, -0.30083227, -0.6928266), (0.037521314, -0.25925, -0.96508116), (0.036918823, -0.3524037, -0.9351196), (-0.6181608, -0.4363976, -0.65378463), (-0.036918823, -0.3524037, -0.9351196), (-0.037521314, -0.25925, -0.96508116), (0.6553558, -0.30083227, -0.6928266), (0.6181608, -0.4363976, -0.65378463), (0.037521314, -0.25925, -0.96508116), (0.72771186, -0.20511442, -0.6544948), (0.7150687, -0.23906207, -0.65690637), (0.036918823, -0.3524037, -0.9351196), (-0.7150687, -0.23906207, -0.65690637), (-0.72771186, -0.20511442, -0.6544948), (-0.037521314, -0.25925, -0.96508116), (-0.036918823, -0.3524037, -0.9351196), (0.72771186, -0.20511442, -0.6544948), (0.9776884, -0.20977123, -0.011020685), (0.97375786, -0.22725876, -0.0122081395), (0.7150687, -0.23906207, -0.65690637), (-0.97375786, -0.22725876, -0.0122081395), (-0.9776884, -0.20977123, -0.011020685), (-0.72771186, -0.20511442, -0.6544948), (-0.7150687, -0.23906207, -0.65690637), (0.18362968, -0.982981, -0.005329394), (0.7150687, -0.23906207, -0.65690637), (0.97375786, -0.22725876, -0.0122081395), (-0.97375786, -0.22725876, -0.0122081395), (-0.7150687, -0.23906207, -0.65690637), (-0.18362968, -0.982981, -0.005329394), (0.036918823, -0.3524037, -0.9351196), (0.7150687, -0.23906207, -0.65690637), (0.18362968, -0.982981, -0.005329394), (-0.18362968, -0.982981, -0.005329394), (-0.7150687, -0.23906207, -0.65690637), (-0.036918823, -0.3524037, -0.9351196), (0.18362968, -0.982981, -0.005329394), (-0.6181608, -0.4363976, -0.65378463), (0.036918823, -0.3524037, -0.9351196), (-0.036918823, -0.3524037, -0.9351196), (0.6181608, -0.4363976, -0.65378463), (-0.18362968, -0.982981, -0.005329394), (0.18362968, -0.982981, -0.005329394), (-0.9112848, -0.41159314, -0.01229146), (-0.6181608, -0.4363976, -0.65378463), (0.6181608, -0.4363976, -0.65378463), (0.9112848, -0.41159314, -0.01229146), (-0.18362968, -0.982981, -0.005329394), (0.18362968, -0.982981, -0.005329394), (-0.626359, -0.43475947, 0.6470383), (-0.9112848, -0.41159314, -0.01229146), (0.9112848, -0.41159314, -0.01229146), (0.626359, -0.43475947, 0.6470383), (-0.18362968, -0.982981, -0.005329394), (0.18362968, -0.982981, -0.005329394), (0.037448786, -0.3563984, 0.9335833), (-0.626359, -0.43475947, 0.6470383), (0.626359, -0.43475947, 0.6470383), (-0.037448786, -0.3563984, 0.9335833), (-0.18362968, -0.982981, -0.005329394), (0.18362968, -0.982981, -0.005329394), (0.72198576, -0.23742309, 0.6498975), (0.037448786, -0.3563984, 0.9335833), (-0.037448786, -0.3563984, 0.9335833), (-0.72198576, -0.23742309, 0.6498975), (-0.18362968, -0.982981, -0.005329394), (0.18362968, -0.982981, -0.005329394), (0.97375786, -0.22725876, -0.0122081395), (0.72198576, -0.23742309, 0.6498975), (-0.72198576, -0.23742309, 0.6498975), (-0.97375786, -0.22725876, -0.0122081395), (-0.18362968, -0.982981, -0.005329394), (0.15763621, -0.15958813, -0.9745165), (0.1678632, -0.63565993, -0.75349736), (0, -0.6102733, -0.79219097), (0, -0.20983686, -0.9777364), (0, -0.6102733, -0.79219097), (-0.1678632, -0.63565993, -0.75349736), (-0.15763621, -0.15958813, -0.9745165), (0, -0.20983686, -0.9777364), (0.6541208, -0.14799333, -0.7417709), (0.36301738, -0.6969733, -0.61842275), (0.1678632, -0.63565993, -0.75349736), (0.15763621, -0.15958813, -0.9745165), (-0.1678632, -0.63565993, -0.75349736), (-0.36301738, -0.6969733, -0.61842275), (-0.6541208, -0.14799333, -0.7417709), (-0.15763621, -0.15958813, -0.9745165), (0.96960306, -0.19537918, -0.14729865), (0.55591, -0.80269116, -0.21598846), (0.36301738, -0.6969733, -0.61842275), (0.6541208, -0.14799333, -0.7417709), (-0.36301738, -0.6969733, -0.61842275), (-0.55591, -0.80269116, -0.21598846), (-0.96960306, -0.19537918, -0.14729865), (-0.6541208, -0.14799333, -0.7417709), (0.9757927, -0.19704612, 0.09487535), (0.56785643, -0.8224672, -0.032967683), (0.55591, -0.80269116, -0.21598846), (0.96960306, -0.19537918, -0.14729865), (-0.55591, -0.80269116, -0.21598846), (-0.56785643, -0.8224672, -0.032967683), (-0.9757927, -0.19704612, 0.09487535), (-0.96960306, -0.19537918, -0.14729865), (0.96512085, -0.14350997, 0.21896727), (0.5872141, -0.80165225, 0.11195235), (0.56785643, -0.8224672, -0.032967683), (0.9757927, -0.19704612, 0.09487535), (-0.56785643, -0.8224672, -0.032967683), (-0.5872141, -0.80165225, 0.11195235), (-0.96512085, -0.14350997, 0.21896727), (-0.9757927, -0.19704612, 0.09487535), (0.90530646, -0.17029196, -0.3891284), (0.3605694, -0.045464434, -0.9316237), (0.3808888, -0.76618874, -0.5175699), (0.06633448, -0.97896886, -0.192924), (-0.3808888, -0.76618874, -0.5175699), (-0.3605694, -0.045464434, -0.9316237), (-0.90530646, -0.17029196, -0.3891284), (-0.06633448, -0.97896886, -0.192924), (0.3605694, -0.045464434, -0.9316237), (0.58889234, -0.16678827, -0.79081446), (0.4987575, -0.76831377, -0.401167), (0.3808888, -0.76618874, -0.5175699), (-0.4987575, -0.76831377, -0.401167), (-0.58889234, -0.16678827, -0.79081446), (-0.3605694, -0.045464434, -0.9316237), (-0.3808888, -0.76618874, -0.5175699), (0.58889234, -0.16678827, -0.79081446), (0.9126438, 0.069829345, -0.40274692), (0.54893047, -0.7694264, -0.32658574), (0.4987575, -0.76831377, -0.401167), (-0.54893047, -0.7694264, -0.32658574), (-0.9126438, 0.069829345, -0.40274692), (-0.58889234, -0.16678827, -0.79081446), (-0.4987575, -0.76831377, -0.401167), (0.9126438, 0.069829345, -0.40274692), (0.88013434, -0.21380517, 0.4238524), (0.48755226, -0.86061794, -0.1470701), (0.54893047, -0.7694264, -0.32658574), (-0.48755226, -0.86061794, -0.1470701), (-0.88013434, -0.21380517, 0.4238524), (-0.9126438, 0.069829345, -0.40274692), (-0.54893047, -0.7694264, -0.32658574), (0.88013434, -0.21380517, 0.4238524), (0.5099885, -0.21441391, 0.8330296), (0.34168494, -0.9392508, -0.03254718), (0.48755226, -0.86061794, -0.1470701), (-0.34168494, -0.9392508, -0.03254718), (-0.5099885, -0.21441391, 0.8330296), (-0.88013434, -0.21380517, 0.4238524), (-0.48755226, -0.86061794, -0.1470701), (0.5099885, -0.21441391, 0.8330296), (0.5977786, -0.16833524, 0.7837883), (0.31414738, -0.94888806, -0.030379746), (0.34168494, -0.9392508, -0.03254718), (-0.31414738, -0.94888806, -0.030379746), (-0.5977786, -0.16833524, 0.7837883), (-0.5099885, -0.21441391, 0.8330296), (-0.34168494, -0.9392508, -0.03254718), (0.5977786, -0.16833524, 0.7837883), (0.2282844, -0.16894299, 0.9588245), (0.27115056, -0.93866915, 0.21302034), (0.31414738, -0.94888806, -0.030379746), (-0.27115056, -0.93866915, 0.21302034), (-0.2282844, -0.16894299, 0.9588245), (-0.5977786, -0.16833524, 0.7837883), (-0.31414738, -0.94888806, -0.030379746), (0.2282844, -0.16894299, 0.9588245), (-0.5987047, -0.19301711, 0.77736545), (-0.1642566, -0.9735103, 0.15905172), (0.27115056, -0.93866915, 0.21302034), (0.1642566, -0.9735103, 0.15905172), (0.5987047, -0.19301711, 0.77736545), (-0.2282844, -0.16894299, 0.9588245), (-0.27115056, -0.93866915, 0.21302034), (-0.5987047, -0.19301711, 0.77736545), (-0.79176223, -0.18259521, 0.5828992), (-0.07294737, -0.99692243, -0.028711822), (-0.1642566, -0.9735103, 0.15905172), (0.07294737, -0.99692243, -0.028711822), (0.79176223, -0.18259521, 0.5828992), (0.5987047, -0.19301711, 0.77736545), (0.1642566, -0.9735103, 0.15905172), (-0.79176223, -0.18259521, 0.5828992), (0, -0.28159973, 0.95953196), (0, -0.99970984, -0.024086002), (-0.07294737, -0.99692243, -0.028711822), (0, -0.99970984, -0.024086002), (0, -0.28159973, 0.95953196), (0.79176223, -0.18259521, 0.5828992), (0.07294737, -0.99692243, -0.028711822), (0.26540294, -0.94231516, -0.20396906), (0.26605314, -0.9557259, -0.1257129), (-0.1642566, -0.9735103, 0.15905172), (-0.07294737, -0.99692243, -0.028711822), (0.1642566, -0.9735103, 0.15905172), (-0.26605314, -0.9557259, -0.1257129), (-0.26540294, -0.94231516, -0.20396906), (0.07294737, -0.99692243, -0.028711822), (0.26605314, -0.9557259, -0.1257129), (0.13342743, -0.98625, -0.09750942), (0.27115056, -0.93866915, 0.21302034), (-0.1642566, -0.9735103, 0.15905172), (-0.27115056, -0.93866915, 0.21302034), (-0.13342743, -0.98625, -0.09750942), (-0.26605314, -0.9557259, -0.1257129), (0.1642566, -0.9735103, 0.15905172), (0.19784114, -0.98017836, -0.010450286), (0.31414738, -0.94888806, -0.030379746), (0.27115056, -0.93866915, 0.21302034), (0.13342743, -0.98625, -0.09750942), (-0.27115056, -0.93866915, 0.21302034), (-0.31414738, -0.94888806, -0.030379746), (-0.19784114, -0.98017836, -0.010450286), (-0.13342743, -0.98625, -0.09750942), (0.24136032, -0.9206904, -0.30671528), (0.34168494, -0.9392508, -0.03254718), (0.31414738, -0.94888806, -0.030379746), (0.19784114, -0.98017836, -0.010450286), (-0.31414738, -0.94888806, -0.030379746), (-0.34168494, -0.9392508, -0.03254718), (-0.24136032, -0.9206904, -0.30671528), (-0.19784114, -0.98017836, -0.010450286), (0.36297274, -0.90729713, -0.21227987), (0.48755226, -0.86061794, -0.1470701), (0.34168494, -0.9392508, -0.03254718), (0.24136032, -0.9206904, -0.30671528), (-0.34168494, -0.9392508, -0.03254718), (-0.48755226, -0.86061794, -0.1470701), (-0.36297274, -0.90729713, -0.21227987), (-0.24136032, -0.9206904, -0.30671528), (0.4414638, -0.87334424, -0.2058631), (0.54893047, -0.7694264, -0.32658574), (0.48755226, -0.86061794, -0.1470701), (0.36297274, -0.90729713, -0.21227987), (-0.48755226, -0.86061794, -0.1470701), (-0.54893047, -0.7694264, -0.32658574), (-0.4414638, -0.87334424, -0.2058631), (-0.36297274, -0.90729713, -0.21227987), (0.41944975, -0.82453144, -0.37974977), (0.4987575, -0.76831377, -0.401167), (0.54893047, -0.7694264, -0.32658574), (0.4414638, -0.87334424, -0.2058631), (-0.54893047, -0.7694264, -0.32658574), (-0.4987575, -0.76831377, -0.401167), (-0.41944975, -0.82453144, -0.37974977), (-0.4414638, -0.87334424, -0.2058631), (0.31063822, -0.8875061, -0.34034806), (0.3808888, -0.76618874, -0.5175699), (0.4987575, -0.76831377, -0.401167), (0.41944975, -0.82453144, -0.37974977), (-0.4987575, -0.76831377, -0.401167), (-0.3808888, -0.76618874, -0.5175699), (-0.31063822, -0.8875061, -0.34034806), (-0.41944975, -0.82453144, -0.37974977), (-0.1349535, -0.9673367, -0.21458627), (0.06633448, -0.97896886, -0.192924), (0.3808888, -0.76618874, -0.5175699), (0.31063822, -0.8875061, -0.34034806), (-0.3808888, -0.76618874, -0.5175699), (-0.06633448, -0.97896886, -0.192924), (0.1349535, -0.9673367, -0.21458627), (-0.31063822, -0.8875061, -0.34034806), (-0.1349535, -0.9673367, -0.21458627), (-0.31041738, -0.93531865, -0.16976444), (0, -0.9999093, 0.013467399), (0.06633448, -0.97896886, -0.192924), (0, -0.9999093, 0.013467399), (0.31041738, -0.93531865, -0.16976444), (0.1349535, -0.9673367, -0.21458627), (-0.06633448, -0.97896886, -0.192924), (0.26540294, -0.94231516, -0.20396906), (-0.07294737, -0.99692243, -0.028711822), (0, -0.99970984, -0.024086002), (0.028402109, -0.9796728, -0.19858147), (0, -0.99970984, -0.024086002), (0.07294737, -0.99692243, -0.028711822), (-0.26540294, -0.94231516, -0.20396906), (-0.028402109, -0.9796728, -0.19858147), (0.028402109, -0.9796728, -0.19858147), (0, -0.99970984, -0.024086002), (0, -0.97470963, -0.2234752), (-0.16241215, -0.96629184, -0.19975588), (0, -0.97470963, -0.2234752), (0, -0.99970984, -0.024086002), (-0.028402109, -0.9796728, -0.19858147), (0.16241215, -0.96629184, -0.19975588), (0, -0.9999093, 0.013467399), (-0.31041738, -0.93531865, -0.16976444), (-0.16241215, -0.96629184, -0.19975588), (0, -0.97470963, -0.2234752), (0.16241215, -0.96629184, -0.19975588), (0.31041738, -0.93531865, -0.16976444), (0, -0.9999093, 0.013467399), (0, -0.97470963, -0.2234752), (-0.02523306, -0.91092056, -0.41180944), (0, -0.94353884, -0.33126175), (0, -0.6102733, -0.79219097), (0.1678632, -0.63565993, -0.75349736), (0, -0.6102733, -0.79219097), (0, -0.94353884, -0.33126175), (0.02523306, -0.91092056, -0.41180944), (-0.1678632, -0.63565993, -0.75349736), (0.089057714, -0.94223505, -0.32289574), (-0.02523306, -0.91092056, -0.41180944), (0.1678632, -0.63565993, -0.75349736), (0.36301738, -0.6969733, -0.61842275), (-0.1678632, -0.63565993, -0.75349736), (0.02523306, -0.91092056, -0.41180944), (-0.089057714, -0.94223505, -0.32289574), (-0.36301738, -0.6969733, -0.61842275), (0.1559182, -0.97291714, -0.17065065), (0.089057714, -0.94223505, -0.32289574), (0.36301738, -0.6969733, -0.61842275), (0.55591, -0.80269116, -0.21598846), (-0.36301738, -0.6969733, -0.61842275), (-0.089057714, -0.94223505, -0.32289574), (-0.1559182, -0.97291714, -0.17065065), (-0.55591, -0.80269116, -0.21598846), (0.5872141, -0.80165225, 0.11195235), (0.1386363, -0.9903391, 0.0029251839), (0.18027109, -0.9819141, -0.057853132), (0.56785643, -0.8224672, -0.032967683), (-0.18027109, -0.9819141, -0.057853132), (-0.1386363, -0.9903391, 0.0029251839), (-0.5872141, -0.80165225, 0.11195235), (-0.56785643, -0.8224672, -0.032967683), (0.1559182, -0.97291714, -0.17065065), (0.55591, -0.80269116, -0.21598846), (0.56785643, -0.8224672, -0.032967683), (0.18027109, -0.9819141, -0.057853132), (-0.56785643, -0.8224672, -0.032967683), (-0.55591, -0.80269116, -0.21598846), (-0.1559182, -0.97291714, -0.17065065), (-0.18027109, -0.9819141, -0.057853132), (0.49687994, -0.75056523, -0.43561703), (0, -0.8891668, -0.45758328), (0, -0.99999154, -0.0041147214), (0.1386363, -0.9903391, 0.0029251839), (0, -0.99999154, -0.0041147214), (0, -0.8891668, -0.45758328), (-0.49687994, -0.75056523, -0.43561703), (-0.1386363, -0.9903391, 0.0029251839), (0.18027109, -0.9819141, -0.057853132), (0.1386363, -0.9903391, 0.0029251839), (0, -0.99999154, -0.0041147214), (0, -0.9994139, -0.034230787), (0, -0.99999154, -0.0041147214), (-0.1386363, -0.9903391, 0.0029251839), (-0.18027109, -0.9819141, -0.057853132), (0, -0.9994139, -0.034230787), (0, -0.90484244, -0.4257466), (0.1559182, -0.97291714, -0.17065065), (0.18027109, -0.9819141, -0.057853132), (0, -0.9994139, -0.034230787), (-0.18027109, -0.9819141, -0.057853132), (-0.1559182, -0.97291714, -0.17065065), (0, -0.90484244, -0.4257466), (0, -0.9994139, -0.034230787), (0.72156036, -0.58856267, -0.36461574), (0.92458993, -0.3158931, -0.21294388), (0.5803224, -0.35966548, -0.7306618), (0.49687994, -0.75056523, -0.43561703), (-0.5803224, -0.35966548, -0.7306618), (-0.92458993, -0.3158931, -0.21294388), (-0.72156036, -0.58856267, -0.36461574), (-0.49687994, -0.75056523, -0.43561703), (0.25278914, -0.90279675, 0.34793052), (0.6218086, -0.11676587, 0.7744158), (0.92458993, -0.3158931, -0.21294388), (0.72156036, -0.58856267, -0.36461574), (-0.92458993, -0.3158931, -0.21294388), (-0.6218086, -0.11676587, 0.7744158), (-0.25278914, -0.90279675, 0.34793052), (-0.72156036, -0.58856267, -0.36461574), (0, -0.82214403, 0.56927943), (-0.30179927, -0.14918536, 0.9416267), (0.6218086, -0.11676587, 0.7744158), (0.25278914, -0.90279675, 0.34793052), (-0.6218086, -0.11676587, 0.7744158), (0.30179927, -0.14918536, 0.9416267), (0, -0.82214403, 0.56927943), (-0.25278914, -0.90279675, 0.34793052), (0, -0.6507914, 0.7592566), (0, -0.6193652, 0.785103), (-0.30179927, -0.14918536, 0.9416267), (0, -0.82214403, 0.56927943), (0.30179927, -0.14918536, 0.9416267), (0, -0.6193652, 0.785103), (0, -0.6507914, 0.7592566), (0, -0.82214403, 0.56927943), (0, -0.8891668, -0.45758328), (0.49687994, -0.75056523, -0.43561703), (0.5803224, -0.35966548, -0.7306618), (0, -0.51458836, -0.85743743), (-0.5803224, -0.35966548, -0.7306618), (-0.49687994, -0.75056523, -0.43561703), (0, -0.8891668, -0.45758328), (0, -0.51458836, -0.85743743), (0, -0.51458836, -0.85743743), (0.5803224, -0.35966548, -0.7306618), (0.22056882, -0.7957878, -0.56397796), (0, -0.84889317, -0.5285645), (-0.22056882, -0.7957878, -0.56397796), (-0.5803224, -0.35966548, -0.7306618), (0, -0.51458836, -0.85743743), (0, -0.84889317, -0.5285645), (0, -0.6193652, 0.785103), (0, -0.99353004, 0.11356966), (-0.19917463, -0.77344126, 0.6017625), (-0.30179927, -0.14918536, 0.9416267), (0.19917463, -0.77344126, 0.6017625), (0, -0.99353004, 0.11356966), (0, -0.6193652, 0.785103), (0.30179927, -0.14918536, 0.9416267), (-0.30179927, -0.14918536, 0.9416267), (-0.19917463, -0.77344126, 0.6017625), (0.36638463, -0.7999909, 0.47515973), (0.6218086, -0.11676587, 0.7744158), (-0.36638463, -0.7999909, 0.47515973), (0.19917463, -0.77344126, 0.6017625), (0.30179927, -0.14918536, 0.9416267), (-0.6218086, -0.11676587, 0.7744158), (0.6218086, -0.11676587, 0.7744158), (0.36638463, -0.7999909, 0.47515973), (0.42967445, -0.88383764, -0.18496186), (0.92458993, -0.3158931, -0.21294388), (-0.42967445, -0.88383764, -0.18496186), (-0.36638463, -0.7999909, 0.47515973), (-0.6218086, -0.11676587, 0.7744158), (-0.92458993, -0.3158931, -0.21294388), (0.92458993, -0.3158931, -0.21294388), (0.42967445, -0.88383764, -0.18496186), (0.22056882, -0.7957878, -0.56397796), (0.5803224, -0.35966548, -0.7306618), (-0.22056882, -0.7957878, -0.56397796), (-0.42967445, -0.88383764, -0.18496186), (-0.92458993, -0.3158931, -0.21294388), (-0.5803224, -0.35966548, -0.7306618), (0, -0.99353004, 0.11356966), (0.42967445, -0.88383764, -0.18496186), (0.36638463, -0.7999909, 0.47515973), (-0.19917463, -0.77344126, 0.6017625), (-0.36638463, -0.7999909, 0.47515973), (-0.42967445, -0.88383764, -0.18496186), (0, -0.99353004, 0.11356966), (0.19917463, -0.77344126, 0.6017625), (0, -0.99353004, 0.11356966), (0, -0.84889317, -0.5285645), (0.22056882, -0.7957878, -0.56397796), (0.42967445, -0.88383764, -0.18496186), (-0.22056882, -0.7957878, -0.56397796), (0, -0.84889317, -0.5285645), (0, -0.99353004, 0.11356966), (-0.42967445, -0.88383764, -0.18496186), (0, -0.82214403, 0.56927943), (0.25278914, -0.90279675, 0.34793052), (0.06633448, -0.97896886, -0.192924), (0, -0.9999093, 0.013467399), (-0.06633448, -0.97896886, -0.192924), (-0.25278914, -0.90279675, 0.34793052), (0, -0.82214403, 0.56927943), (0, -0.9999093, 0.013467399), (0.25278914, -0.90279675, 0.34793052), (0.72156036, -0.58856267, -0.36461574), (0.74305135, -0.66858196, 0.029544102), (0.06633448, -0.97896886, -0.192924), (-0.74305135, -0.66858196, 0.029544102), (-0.72156036, -0.58856267, -0.36461574), (-0.25278914, -0.90279675, 0.34793052), (-0.06633448, -0.97896886, -0.192924), (0.72156036, -0.58856267, -0.36461574), (0.49687994, -0.75056523, -0.43561703), (0.646403, -0.7495811, 0.14244741), (0.74305135, -0.66858196, 0.029544102), (-0.646403, -0.7495811, 0.14244741), (-0.49687994, -0.75056523, -0.43561703), (-0.72156036, -0.58856267, -0.36461574), (-0.74305135, -0.66858196, 0.029544102), (0.49687994, -0.75056523, -0.43561703), (0.1386363, -0.9903391, 0.0029251839), (0.5872141, -0.80165225, 0.11195235), (0.646403, -0.7495811, 0.14244741), (-0.5872141, -0.80165225, 0.11195235), (-0.1386363, -0.9903391, 0.0029251839), (-0.49687994, -0.75056523, -0.43561703), (-0.646403, -0.7495811, 0.14244741), (0.96512085, -0.14350997, 0.21896727), (0.9385336, -0.1160533, 0.32509443), (0.646403, -0.7495811, 0.14244741), (0.5872141, -0.80165225, 0.11195235), (-0.646403, -0.7495811, 0.14244741), (-0.9385336, -0.1160533, 0.32509443), (-0.96512085, -0.14350997, 0.21896727), (-0.5872141, -0.80165225, 0.11195235), (0.9385336, -0.1160533, 0.32509443), (0.9534427, -0.107907064, 0.28160772), (0.74305135, -0.66858196, 0.029544102), (0.646403, -0.7495811, 0.14244741), (-0.74305135, -0.66858196, 0.029544102), (-0.9534427, -0.107907064, 0.28160772), (-0.9385336, -0.1160533, 0.32509443), (-0.646403, -0.7495811, 0.14244741), (0.90530646, -0.17029196, -0.3891284), (0.06633448, -0.97896886, -0.192924), (0.74305135, -0.66858196, 0.029544102), (0.9534427, -0.107907064, 0.28160772), (-0.74305135, -0.66858196, 0.029544102), (-0.06633448, -0.97896886, -0.192924), (-0.90530646, -0.17029196, -0.3891284), (-0.9534427, -0.107907064, 0.28160772), (0.1559182, -0.97291714, -0.17065065), (0, -0.90484244, -0.4257466), (0, -0.42940497, -0.903112), (-0.11403859, -0.7801632, -0.6150938), (0, -0.42940497, -0.903112), (0, -0.90484244, -0.4257466), (-0.1559182, -0.97291714, -0.17065065), (0.11403859, -0.7801632, -0.6150938), (0.089057714, -0.94223505, -0.32289574), (0.1559182, -0.97291714, -0.17065065), (-0.11403859, -0.7801632, -0.6150938), (-0.65026283, -0.7572157, 0.06150333), (0.11403859, -0.7801632, -0.6150938), (-0.1559182, -0.97291714, -0.17065065), (-0.089057714, -0.94223505, -0.32289574), (0.65026283, -0.7572157, 0.06150333), (-0.02523306, -0.91092056, -0.41180944), (0.089057714, -0.94223505, -0.32289574), (-0.65026283, -0.7572157, 0.06150333), (-0.370493, -0.75213945, 0.54499656), (0.65026283, -0.7572157, 0.06150333), (-0.089057714, -0.94223505, -0.32289574), (0.02523306, -0.91092056, -0.41180944), (0.370493, -0.75213945, 0.54499656), (0, -0.94353884, -0.33126175), (-0.02523306, -0.91092056, -0.41180944), (-0.370493, -0.75213945, 0.54499656), (0, -0.76273465, 0.6467116), (0.370493, -0.75213945, 0.54499656), (0.02523306, -0.91092056, -0.41180944), (0, -0.94353884, -0.33126175), (0, -0.76273465, 0.6467116), (0, -0.76273465, 0.6467116), (-0.370493, -0.75213945, 0.54499656), (-0.32724467, -0.81715816, 0.47451392), (0, -0.8487083, 0.5288612), (0.32724467, -0.81715816, 0.47451392), (0.370493, -0.75213945, 0.54499656), (0, -0.76273465, 0.6467116), (0, -0.8487083, 0.5288612), (-0.370493, -0.75213945, 0.54499656), (-0.65026283, -0.7572157, 0.06150333), (-0.6748441, -0.7289944, 0.11468499), (-0.32724467, -0.81715816, 0.47451392), (0.6748441, -0.7289944, 0.11468499), (0.65026283, -0.7572157, 0.06150333), (0.370493, -0.75213945, 0.54499656), (0.32724467, -0.81715816, 0.47451392), (-0.65026283, -0.7572157, 0.06150333), (-0.11403859, -0.7801632, -0.6150938), (-0.5163691, -0.48742732, -0.7041147), (-0.6748441, -0.7289944, 0.11468499), (0.5163691, -0.48742732, -0.7041147), (0.11403859, -0.7801632, -0.6150938), (0.65026283, -0.7572157, 0.06150333), (0.6748441, -0.7289944, 0.11468499), (-0.11403859, -0.7801632, -0.6150938), (0, -0.42940497, -0.903112), (0, -0.71526486, -0.69885343), (-0.5163691, -0.48742732, -0.7041147), (0, -0.71526486, -0.69885343), (0, -0.42940497, -0.903112), (0.11403859, -0.7801632, -0.6150938), (0.5163691, -0.48742732, -0.7041147), (0, -0.71526486, -0.69885343), (0, -0.8487083, 0.5288612), (-0.32724467, -0.81715816, 0.47451392), (-0.5163691, -0.48742732, -0.7041147), (0.32724467, -0.81715816, 0.47451392), (0, -0.8487083, 0.5288612), (0, -0.71526486, -0.69885343), (0.5163691, -0.48742732, -0.7041147), (-0.5163691, -0.48742732, -0.7041147), (-0.32724467, -0.81715816, 0.47451392), (-0.6748441, -0.7289944, 0.11468499), (0.6748441, -0.7289944, 0.11468499), (0.32724467, -0.81715816, 0.47451392), (0.5163691, -0.48742732, -0.7041147), (-0.16241215, -0.96629184, -0.19975588), (-0.31041738, -0.93531865, -0.16976444), (-0.017039185, -0.99799097, -0.06102266), (0.164914, -0.9822229, -0.089675136), (0.017039185, -0.99799097, -0.06102266), (0.31041738, -0.93531865, -0.16976444), (0.16241215, -0.96629184, -0.19975588), (-0.164914, -0.9822229, -0.089675136), (0.028402109, -0.9796728, -0.19858147), (-0.16241215, -0.96629184, -0.19975588), (0.164914, -0.9822229, -0.089675136), (0.23587045, -0.96566266, -0.1089071), (-0.164914, -0.9822229, -0.089675136), (0.16241215, -0.96629184, -0.19975588), (-0.028402109, -0.9796728, -0.19858147), (-0.23587045, -0.96566266, -0.1089071), (0.26540294, -0.94231516, -0.20396906), (0.028402109, -0.9796728, -0.19858147), (0.23587045, -0.96566266, -0.1089071), (0.16335005, -0.98301685, -0.08363343), (-0.23587045, -0.96566266, -0.1089071), (-0.028402109, -0.9796728, -0.19858147), (-0.26540294, -0.94231516, -0.20396906), (-0.16335005, -0.98301685, -0.08363343), (-0.31041738, -0.93531865, -0.16976444), (-0.1349535, -0.9673367, -0.21458627), (0.012882129, -0.9876689, -0.15602653), (-0.017039185, -0.99799097, -0.06102266), (-0.012882129, -0.9876689, -0.15602653), (0.1349535, -0.9673367, -0.21458627), (0.31041738, -0.93531865, -0.16976444), (0.017039185, -0.99799097, -0.06102266), (-0.1349535, -0.9673367, -0.21458627), (0.31063822, -0.8875061, -0.34034806), (0.19979118, -0.95768005, -0.2072015), (0.012882129, -0.9876689, -0.15602653), (-0.19979118, -0.95768005, -0.2072015), (-0.31063822, -0.8875061, -0.34034806), (0.1349535, -0.9673367, -0.21458627), (-0.012882129, -0.9876689, -0.15602653), (0.31063822, -0.8875061, -0.34034806), (0.41944975, -0.82453144, -0.37974977), (0.28580034, -0.9573466, -0.04249262), (0.19979118, -0.95768005, -0.2072015), (-0.28580034, -0.9573466, -0.04249262), (-0.41944975, -0.82453144, -0.37974977), (-0.31063822, -0.8875061, -0.34034806), (-0.19979118, -0.95768005, -0.2072015), (0.41944975, -0.82453144, -0.37974977), (0.4414638, -0.87334424, -0.2058631), (0.29899484, -0.9496766, -0.09336249), (0.28580034, -0.9573466, -0.04249262), (-0.29899484, -0.9496766, -0.09336249), (-0.4414638, -0.87334424, -0.2058631), (-0.41944975, -0.82453144, -0.37974977), (-0.28580034, -0.9573466, -0.04249262), (0.4414638, -0.87334424, -0.2058631), (0.36297274, -0.90729713, -0.21227987), (0.18695909, -0.9801807, -0.065513365), (0.29899484, -0.9496766, -0.09336249), (-0.18695909, -0.9801807, -0.065513365), (-0.36297274, -0.90729713, -0.21227987), (-0.4414638, -0.87334424, -0.2058631), (-0.29899484, -0.9496766, -0.09336249), (0.36297274, -0.90729713, -0.21227987), (0.24136032, -0.9206904, -0.30671528), (0.30626097, -0.9513334, 0.034188647), (0.18695909, -0.9801807, -0.065513365), (-0.30626097, -0.9513334, 0.034188647), (-0.24136032, -0.9206904, -0.30671528), (-0.36297274, -0.90729713, -0.21227987), (-0.18695909, -0.9801807, -0.065513365), (0.24136032, -0.9206904, -0.30671528), (0.19784114, -0.98017836, -0.010450286), (0.17306297, -0.9786429, -0.11093822), (0.30626097, -0.9513334, 0.034188647), (-0.17306297, -0.9786429, -0.11093822), (-0.19784114, -0.98017836, -0.010450286), (-0.24136032, -0.9206904, -0.30671528), (-0.30626097, -0.9513334, 0.034188647), (0.19784114, -0.98017836, -0.010450286), (0.13342743, -0.98625, -0.09750942), (0.16568942, -0.9796928, 0.11291109), (0.17306297, -0.9786429, -0.11093822), (-0.16568942, -0.9796928, 0.11291109), (-0.13342743, -0.98625, -0.09750942), (-0.19784114, -0.98017836, -0.010450286), (-0.17306297, -0.9786429, -0.11093822), (0.13342743, -0.98625, -0.09750942), (0.26605314, -0.9557259, -0.1257129), (0.18286182, -0.98245305, 0.03670947), (0.16568942, -0.9796928, 0.11291109), (-0.18286182, -0.98245305, 0.03670947), (-0.26605314, -0.9557259, -0.1257129), (-0.13342743, -0.98625, -0.09750942), (-0.16568942, -0.9796928, 0.11291109), (0.26605314, -0.9557259, -0.1257129), (0.26540294, -0.94231516, -0.20396906), (0.16335005, -0.98301685, -0.08363343), (0.18286182, -0.98245305, 0.03670947), (-0.16335005, -0.98301685, -0.08363343), (-0.26540294, -0.94231516, -0.20396906), (-0.26605314, -0.9557259, -0.1257129), (-0.18286182, -0.98245305, 0.03670947), (0.18286182, -0.98245305, 0.03670947), (0.16335005, -0.98301685, -0.08363343), (0.5009738, -0.7756564, -0.38390416), (0.30631414, -0.8879319, -0.3431452), (-0.5009738, -0.7756564, -0.38390416), (-0.16335005, -0.98301685, -0.08363343), (-0.18286182, -0.98245305, 0.03670947), (-0.30631414, -0.8879319, -0.3431452), (0.16568942, -0.9796928, 0.11291109), (0.18286182, -0.98245305, 0.03670947), (0.30631414, -0.8879319, -0.3431452), (0.0021314505, -0.86872387, -0.49529213), (-0.30631414, -0.8879319, -0.3431452), (-0.18286182, -0.98245305, 0.03670947), (-0.16568942, -0.9796928, 0.11291109), (-0.0021314505, -0.86872387, -0.49529213), (0.17306297, -0.9786429, -0.11093822), (0.16568942, -0.9796928, 0.11291109), (0.0021314505, -0.86872387, -0.49529213), (-0.14009935, -0.63216287, -0.76206446), (-0.0021314505, -0.86872387, -0.49529213), (-0.16568942, -0.9796928, 0.11291109), (-0.17306297, -0.9786429, -0.11093822), (0.14009935, -0.63216287, -0.76206446), (0.30626097, -0.9513334, 0.034188647), (0.17306297, -0.9786429, -0.11093822), (-0.14009935, -0.63216287, -0.76206446), (-0.1943127, -0.7633433, -0.616076), (0.14009935, -0.63216287, -0.76206446), (-0.17306297, -0.9786429, -0.11093822), (-0.30626097, -0.9513334, 0.034188647), (0.1943127, -0.7633433, -0.616076), (0.18695909, -0.9801807, -0.065513365), (0.30626097, -0.9513334, 0.034188647), (-0.1943127, -0.7633433, -0.616076), (-0.35489726, -0.9260166, -0.12861222), (0.1943127, -0.7633433, -0.616076), (-0.30626097, -0.9513334, 0.034188647), (-0.18695909, -0.9801807, -0.065513365), (0.35489726, -0.9260166, -0.12861222), (0.29899484, -0.9496766, -0.09336249), (0.18695909, -0.9801807, -0.065513365), (-0.35489726, -0.9260166, -0.12861222), (-0.25488636, -0.9406362, 0.2241348), (0.35489726, -0.9260166, -0.12861222), (-0.18695909, -0.9801807, -0.065513365), (-0.29899484, -0.9496766, -0.09336249), (0.25488636, -0.9406362, 0.2241348), (0.28580034, -0.9573466, -0.04249262), (0.29899484, -0.9496766, -0.09336249), (-0.25488636, -0.9406362, 0.2241348), (-0.08310429, -0.8364992, 0.54162973), (0.25488636, -0.9406362, 0.2241348), (-0.29899484, -0.9496766, -0.09336249), (-0.28580034, -0.9573466, -0.04249262), (0.08310429, -0.8364992, 0.54162973), (0.19979118, -0.95768005, -0.2072015), (0.28580034, -0.9573466, -0.04249262), (-0.08310429, -0.8364992, 0.54162973), (0.14889105, -0.77552843, 0.61350393), (0.08310429, -0.8364992, 0.54162973), (-0.28580034, -0.9573466, -0.04249262), (-0.19979118, -0.95768005, -0.2072015), (-0.14889105, -0.77552843, 0.61350393), (0.012882129, -0.9876689, -0.15602653), (0.19979118, -0.95768005, -0.2072015), (0.14889105, -0.77552843, 0.61350393), (0.42445347, -0.71079475, 0.5609011), (-0.14889105, -0.77552843, 0.61350393), (-0.19979118, -0.95768005, -0.2072015), (-0.012882129, -0.9876689, -0.15602653), (-0.42445347, -0.71079475, 0.5609011), (-0.017039185, -0.99799097, -0.06102266), (0.012882129, -0.9876689, -0.15602653), (0.42445347, -0.71079475, 0.5609011), (0.6875107, -0.6624708, 0.2974248), (-0.42445347, -0.71079475, 0.5609011), (-0.012882129, -0.9876689, -0.15602653), (0.017039185, -0.99799097, -0.06102266), (-0.6875107, -0.6624708, 0.2974248), (0.16335005, -0.98301685, -0.08363343), (0.23587045, -0.96566266, -0.1089071), (0.74644893, -0.63027036, -0.2134789), (0.5009738, -0.7756564, -0.38390416), (-0.74644893, -0.63027036, -0.2134789), (-0.23587045, -0.96566266, -0.1089071), (-0.16335005, -0.98301685, -0.08363343), (-0.5009738, -0.7756564, -0.38390416), (0.23587045, -0.96566266, -0.1089071), (0.164914, -0.9822229, -0.089675136), (0.80521315, -0.5927965, 0.01496783), (0.74644893, -0.63027036, -0.2134789), (-0.80521315, -0.5927965, 0.01496783), (-0.164914, -0.9822229, -0.089675136), (-0.23587045, -0.96566266, -0.1089071), (-0.74644893, -0.63027036, -0.2134789), (0.164914, -0.9822229, -0.089675136), (-0.017039185, -0.99799097, -0.06102266), (0.6875107, -0.6624708, 0.2974248), (0.80521315, -0.5927965, 0.01496783), (-0.6875107, -0.6624708, 0.2974248), (0.017039185, -0.99799097, -0.06102266), (-0.164914, -0.9822229, -0.089675136), (-0.80521315, -0.5927965, 0.01496783), (0, -0.28159973, 0.95953196), (-0.79176223, -0.18259521, 0.5828992), (-0.50460863, -0.044807956, 0.86218464), (0, -0.47602865, 0.87942976), (0.50460863, -0.044807956, 0.86218464), (0.79176223, -0.18259521, 0.5828992), (0, -0.28159973, 0.95953196), (0, -0.47602865, 0.87942976), (-0.79176223, -0.18259521, 0.5828992), (-0.5987047, -0.19301711, 0.77736545), (-0.4770284, 0.7158015, 0.5099728), (-0.50460863, -0.044807956, 0.86218464), (0.4770284, 0.7158015, 0.5099728), (0.5987047, -0.19301711, 0.77736545), (0.79176223, -0.18259521, 0.5828992), (0.50460863, -0.044807956, 0.86218464), (-0.5987047, -0.19301711, 0.77736545), (0.2282844, -0.16894299, 0.9588245), (0.11461135, 0.746431, 0.6555189), (-0.4770284, 0.7158015, 0.5099728), (-0.11461135, 0.746431, 0.6555189), (-0.2282844, -0.16894299, 0.9588245), (0.5987047, -0.19301711, 0.77736545), (0.4770284, 0.7158015, 0.5099728), (0.2282844, -0.16894299, 0.9588245), (0.5977786, -0.16833524, 0.7837883), (0.3084021, 0.2642007, 0.91383046), (0.11461135, 0.746431, 0.6555189), (-0.3084021, 0.2642007, 0.91383046), (-0.5977786, -0.16833524, 0.7837883), (-0.2282844, -0.16894299, 0.9588245), (-0.11461135, 0.746431, 0.6555189), (0.5977786, -0.16833524, 0.7837883), (0.5099885, -0.21441391, 0.8330296), (0.35146722, 0.22492869, 0.9087782), (0.3084021, 0.2642007, 0.91383046), (-0.35146722, 0.22492869, 0.9087782), (-0.5099885, -0.21441391, 0.8330296), (-0.5977786, -0.16833524, 0.7837883), (-0.3084021, 0.2642007, 0.91383046), (0.5099885, -0.21441391, 0.8330296), (0.88013434, -0.21380517, 0.4238524), (0.7392375, 0.3048654, 0.60048735), (0.35146722, 0.22492869, 0.9087782), (-0.7392375, 0.3048654, 0.60048735), (-0.88013434, -0.21380517, 0.4238524), (-0.5099885, -0.21441391, 0.8330296), (-0.35146722, 0.22492869, 0.9087782), (0.88013434, -0.21380517, 0.4238524), (0.9126438, 0.069829345, -0.40274692), (0.93933284, 0.15331857, -0.30683422), (0.7392375, 0.3048654, 0.60048735), (-0.93933284, 0.15331857, -0.30683422), (-0.9126438, 0.069829345, -0.40274692), (-0.88013434, -0.21380517, 0.4238524), (-0.7392375, 0.3048654, 0.60048735), (0.9126438, 0.069829345, -0.40274692), (0.58889234, -0.16678827, -0.79081446), (0.57684517, 0.097183235, -0.8110518), (0.93933284, 0.15331857, -0.30683422), (-0.57684517, 0.097183235, -0.8110518), (-0.58889234, -0.16678827, -0.79081446), (-0.9126438, 0.069829345, -0.40274692), (-0.93933284, 0.15331857, -0.30683422), (0.58889234, -0.16678827, -0.79081446), (0.3605694, -0.045464434, -0.9316237), (0.4393905, 0.10160511, -0.8925314), (0.57684517, 0.097183235, -0.8110518), (-0.4393905, 0.10160511, -0.8925314), (-0.3605694, -0.045464434, -0.9316237), (-0.58889234, -0.16678827, -0.79081446), (-0.57684517, 0.097183235, -0.8110518), (0, 0.9481569, -0.31780255), (0, 0.59312934, -0.8051072), (0.72599256, 0.35908714, -0.58650774), (0.33748338, 0.90656143, -0.2534783), (-0.72599256, 0.35908714, -0.58650774), (0, 0.59312934, -0.8051072), (0, 0.9481569, -0.31780255), (-0.33748338, 0.90656143, -0.2534783), (0, 0.954625, -0.2978103), (0, 0.9481569, -0.31780255), (0.33748338, 0.90656143, -0.2534783), (0.12932318, 0.9753298, -0.17890592), (-0.33748338, 0.90656143, -0.2534783), (0, 0.9481569, -0.31780255), (0, 0.954625, -0.2978103), (-0.12932318, 0.9753298, -0.17890592), (0, 0.5254721, -0.85081077), (0, 0.954625, -0.2978103), (0.12932318, 0.9753298, -0.17890592), (0.099281356, 0.63276625, -0.76795185), (-0.12932318, 0.9753298, -0.17890592), (0, 0.954625, -0.2978103), (0, 0.5254721, -0.85081077), (-0.099281356, 0.63276625, -0.76795185), (0.15763621, -0.15958813, -0.9745165), (0, -0.20983686, -0.9777364), (0, 0.5254721, -0.85081077), (0.099281356, 0.63276625, -0.76795185), (0, 0.5254721, -0.85081077), (0, -0.20983686, -0.9777364), (-0.15763621, -0.15958813, -0.9745165), (-0.099281356, 0.63276625, -0.76795185), (0.6541208, -0.14799333, -0.7417709), (0.15763621, -0.15958813, -0.9745165), (0.099281356, 0.63276625, -0.76795185), (0.5586715, 0.68479717, -0.4679093), (-0.099281356, 0.63276625, -0.76795185), (-0.15763621, -0.15958813, -0.9745165), (-0.6541208, -0.14799333, -0.7417709), (-0.5586715, 0.68479717, -0.4679093), (0.96960306, -0.19537918, -0.14729865), (0.6541208, -0.14799333, -0.7417709), (0.5586715, 0.68479717, -0.4679093), (0.6058076, 0.7953384, 0.020832645), (-0.5586715, 0.68479717, -0.4679093), (-0.6541208, -0.14799333, -0.7417709), (-0.96960306, -0.19537918, -0.14729865), (-0.6058076, 0.7953384, 0.020832645), (0.9757927, -0.19704612, 0.09487535), (0.96960306, -0.19537918, -0.14729865), (0.6058076, 0.7953384, 0.020832645), (0.77661717, 0.62990344, -0.009349293), (-0.6058076, 0.7953384, 0.020832645), (-0.96960306, -0.19537918, -0.14729865), (-0.9757927, -0.19704612, 0.09487535), (-0.77661717, 0.62990344, -0.009349293), (0.6058076, 0.7953384, 0.020832645), (0.12932318, 0.9753298, -0.17890592), (0.33748338, 0.90656143, -0.2534783), (0.77661717, 0.62990344, -0.009349293), (-0.33748338, 0.90656143, -0.2534783), (-0.12932318, 0.9753298, -0.17890592), (-0.6058076, 0.7953384, 0.020832645), (-0.77661717, 0.62990344, -0.009349293), (0.6058076, 0.7953384, 0.020832645), (0.5586715, 0.68479717, -0.4679093), (0.099281356, 0.63276625, -0.76795185), (0.12932318, 0.9753298, -0.17890592), (-0.099281356, 0.63276625, -0.76795185), (-0.5586715, 0.68479717, -0.4679093), (-0.6058076, 0.7953384, 0.020832645), (-0.12932318, 0.9753298, -0.17890592), (0.9601594, 0.27944797, -0.0016656744), (0.77661717, 0.62990344, -0.009349293), (0.33748338, 0.90656143, -0.2534783), (0.72599256, 0.35908714, -0.58650774), (-0.33748338, 0.90656143, -0.2534783), (-0.77661717, 0.62990344, -0.009349293), (-0.9601594, 0.27944797, -0.0016656744), (-0.72599256, 0.35908714, -0.58650774), (0.96512085, -0.14350997, 0.21896727), (0.9757927, -0.19704612, 0.09487535), (0.77661717, 0.62990344, -0.009349293), (0.9601594, 0.27944797, -0.0016656744), (-0.77661717, 0.62990344, -0.009349293), (-0.9757927, -0.19704612, 0.09487535), (-0.96512085, -0.14350997, 0.21896727), (-0.9601594, 0.27944797, -0.0016656744), (0.9385336, -0.1160533, 0.32509443), (0.973135, -0.00017669942, -0.23023517), (0.9537177, -0.224663, -0.19987261), (0.9534427, -0.107907064, 0.28160772), (-0.9537177, -0.224663, -0.19987261), (-0.973135, -0.00017669942, -0.23023517), (-0.9385336, -0.1160533, 0.32509443), (-0.9534427, -0.107907064, 0.28160772), (0.96512085, -0.14350997, 0.21896727), (0.9601594, 0.27944797, -0.0016656744), (0.973135, -0.00017669942, -0.23023517), (0.9385336, -0.1160533, 0.32509443), (-0.973135, -0.00017669942, -0.23023517), (-0.9601594, 0.27944797, -0.0016656744), (-0.96512085, -0.14350997, 0.21896727), (-0.9385336, -0.1160533, 0.32509443), (0.90530646, -0.17029196, -0.3891284), (0.9534427, -0.107907064, 0.28160772), (0.9537177, -0.224663, -0.19987261), (0.81404305, -0.1731758, -0.55438626), (-0.9537177, -0.224663, -0.19987261), (-0.9534427, -0.107907064, 0.28160772), (-0.90530646, -0.17029196, -0.3891284), (-0.81404305, -0.1731758, -0.55438626), (0.90530646, -0.17029196, -0.3891284), (0.81404305, -0.1731758, -0.55438626), (0.4393905, 0.10160511, -0.8925314), (0.3605694, -0.045464434, -0.9316237), (-0.4393905, 0.10160511, -0.8925314), (-0.81404305, -0.1731758, -0.55438626), (-0.90530646, -0.17029196, -0.3891284), (-0.3605694, -0.045464434, -0.9316237), (0, 0.9537965, -0.30045328), (0.42368194, 0.84586567, -0.32404456), (0.5191129, 0.5483179, -0.65564424), (0, 0.7173891, -0.6966727), (-0.5191129, 0.5483179, -0.65564424), (-0.42368194, 0.84586567, -0.32404456), (0, 0.9537965, -0.30045328), (0, 0.7173891, -0.6966727), (0, 0.7173891, -0.6966727), (0.5191129, 0.5483179, -0.65564424), (0.5213695, 0.21623553, -0.8254792), (0, 0.338456, -0.9409823), (-0.5213695, 0.21623553, -0.8254792), (-0.5191129, 0.5483179, -0.65564424), (0, 0.7173891, -0.6966727), (0, 0.338456, -0.9409823), (0, 0.338456, -0.9409823), (0.5213695, 0.21623553, -0.8254792), (0.58876365, 0.01854356, -0.8080925), (0, 0.16500501, -0.9862927), (-0.58876365, 0.01854356, -0.8080925), (-0.5213695, 0.21623553, -0.8254792), (0, 0.338456, -0.9409823), (0, 0.16500501, -0.9862927), (0, 0.16500501, -0.9862927), (0.58876365, 0.01854356, -0.8080925), (0.72599256, 0.35908714, -0.58650774), (0, 0.59312934, -0.8051072), (-0.72599256, 0.35908714, -0.58650774), (-0.58876365, 0.01854356, -0.8080925), (0, 0.16500501, -0.9862927), (0, 0.59312934, -0.8051072), (0.9601594, 0.27944797, -0.0016656744), (0.72599256, 0.35908714, -0.58650774), (0.58876365, 0.01854356, -0.8080925), (0.973135, -0.00017669942, -0.23023517), (-0.58876365, 0.01854356, -0.8080925), (-0.72599256, 0.35908714, -0.58650774), (-0.9601594, 0.27944797, -0.0016656744), (-0.973135, -0.00017669942, -0.23023517), (0.93933284, 0.15331857, -0.30683422), (0.57684517, 0.097183235, -0.8110518), (0.7152277, -0.07361573, -0.69500357), (0.9762248, -0.07872795, -0.20195784), (-0.7152277, -0.07361573, -0.69500357), (-0.57684517, 0.097183235, -0.8110518), (-0.93933284, 0.15331857, -0.30683422), (-0.9762248, -0.07872795, -0.20195784), (0, 0.94939405, 0.3140874), (0.45342115, 0.8692759, 0.19689748), (0.42368194, 0.84586567, -0.32404456), (0, 0.9537965, -0.30045328), (-0.42368194, 0.84586567, -0.32404456), (-0.45342115, 0.8692759, 0.19689748), (0, 0.94939405, 0.3140874), (0, 0.9537965, -0.30045328), (0, -0.5626732, 0.82667935), (0.46105587, -0.49897495, 0.7337926), (0.41978395, -0.034874555, 0.90695375), (0, -0.023217479, 0.99973047), (-0.41978395, -0.034874555, 0.90695375), (-0.46105587, -0.49897495, 0.7337926), (0, -0.5626732, 0.82667935), (0, -0.023217479, 0.99973047), (0, -0.023217479, 0.99973047), (0.41978395, -0.034874555, 0.90695375), (0.425839, 0.41657308, 0.8031986), (0, 0.55394727, 0.83255184), (-0.425839, 0.41657308, 0.8031986), (-0.41978395, -0.034874555, 0.90695375), (0, -0.023217479, 0.99973047), (0, 0.55394727, 0.83255184), (0, 0.55394727, 0.83255184), (0.425839, 0.41657308, 0.8031986), (0.45342115, 0.8692759, 0.19689748), (0, 0.94939405, 0.3140874), (-0.45342115, 0.8692759, 0.19689748), (-0.425839, 0.41657308, 0.8031986), (0, 0.55394727, 0.83255184), (0, 0.94939405, 0.3140874), (0.35146722, 0.22492869, 0.9087782), (0.7392375, 0.3048654, 0.60048735), (0.7652346, -0.15654403, 0.6244278), (0.4720676, -0.41495746, 0.7777934), (-0.7652346, -0.15654403, 0.6244278), (-0.7392375, 0.3048654, 0.60048735), (-0.35146722, 0.22492869, 0.9087782), (-0.4720676, -0.41495746, 0.7777934), (0.4720676, -0.41495746, 0.7777934), (0.7652346, -0.15654403, 0.6244278), (0.7475184, -0.3968944, 0.5326267), (0.6514093, -0.33356717, 0.68146825), (-0.7475184, -0.3968944, 0.5326267), (-0.7652346, -0.15654403, 0.6244278), (-0.4720676, -0.41495746, 0.7777934), (-0.6514093, -0.33356717, 0.68146825), (0.6514093, -0.33356717, 0.68146825), (0.7475184, -0.3968944, 0.5326267), (0.85481316, 0.030122714, 0.518061), (0.6787949, 0.061194517, 0.7317737), (-0.85481316, 0.030122714, 0.518061), (-0.7475184, -0.3968944, 0.5326267), (-0.6514093, -0.33356717, 0.68146825), (-0.6787949, 0.061194517, 0.7317737), (0.6787949, 0.061194517, 0.7317737), (0.85481316, 0.030122714, 0.518061), (0.87388265, 0.37690243, 0.30704015), (0.6440611, 0.5438412, 0.53797954), (-0.87388265, 0.37690243, 0.30704015), (-0.85481316, 0.030122714, 0.518061), (-0.6787949, 0.061194517, 0.7317737), (-0.6440611, 0.5438412, 0.53797954), (0.62599325, 0.7793965, -0.025953729), (0.5860275, 0.81014293, -0.015501106), (0.6440611, 0.5438412, 0.53797954), (0.87388265, 0.37690243, 0.30704015), (-0.6440611, 0.5438412, 0.53797954), (-0.5860275, 0.81014293, -0.015501106), (-0.62599325, 0.7793965, -0.025953729), (-0.87388265, 0.37690243, 0.30704015), (0.45342115, 0.8692759, 0.19689748), (0.425839, 0.41657308, 0.8031986), (0.6440611, 0.5438412, 0.53797954), (0.5860275, 0.81014293, -0.015501106), (-0.6440611, 0.5438412, 0.53797954), (-0.425839, 0.41657308, 0.8031986), (-0.45342115, 0.8692759, 0.19689748), (-0.5860275, 0.81014293, -0.015501106), (0.425839, 0.41657308, 0.8031986), (0.41978395, -0.034874555, 0.90695375), (0.6787949, 0.061194517, 0.7317737), (0.6440611, 0.5438412, 0.53797954), (-0.6787949, 0.061194517, 0.7317737), (-0.41978395, -0.034874555, 0.90695375), (-0.425839, 0.41657308, 0.8031986), (-0.6440611, 0.5438412, 0.53797954), (0.41978395, -0.034874555, 0.90695375), (0.46105587, -0.49897495, 0.7337926), (0.6514093, -0.33356717, 0.68146825), (0.6787949, 0.061194517, 0.7317737), (-0.6514093, -0.33356717, 0.68146825), (-0.46105587, -0.49897495, 0.7337926), (-0.41978395, -0.034874555, 0.90695375), (-0.6787949, 0.061194517, 0.7317737), (0.46105587, -0.49897495, 0.7337926), (0.39162475, -0.40120706, 0.8280477), (0.4720676, -0.41495746, 0.7777934), (0.6514093, -0.33356717, 0.68146825), (-0.4720676, -0.41495746, 0.7777934), (-0.39162475, -0.40120706, 0.8280477), (-0.46105587, -0.49897495, 0.7337926), (-0.6514093, -0.33356717, 0.68146825), (0.3084021, 0.2642007, 0.91383046), (0.35146722, 0.22492869, 0.9087782), (0.4720676, -0.41495746, 0.7777934), (0.39162475, -0.40120706, 0.8280477), (-0.4720676, -0.41495746, 0.7777934), (-0.35146722, 0.22492869, 0.9087782), (-0.3084021, 0.2642007, 0.91383046), (-0.39162475, -0.40120706, 0.8280477), (0, -0.78429526, 0.6203876), (0.39162475, -0.40120706, 0.8280477), (0.46105587, -0.49897495, 0.7337926), (0, -0.5626732, 0.82667935), (-0.46105587, -0.49897495, 0.7337926), (-0.39162475, -0.40120706, 0.8280477), (0, -0.78429526, 0.6203876), (0, -0.5626732, 0.82667935), (-0.50460863, -0.044807956, 0.86218464), (-0.4770284, 0.7158015, 0.5099728), (0.11461135, 0.746431, 0.6555189), (0.3084021, 0.2642007, 0.91383046), (-0.11461135, 0.746431, 0.6555189), (0.4770284, 0.7158015, 0.5099728), (0.50460863, -0.044807956, 0.86218464), (-0.3084021, 0.2642007, 0.91383046), (-0.50460863, -0.044807956, 0.86218464), (0.3084021, 0.2642007, 0.91383046), (0.39162475, -0.40120706, 0.8280477), (0, -0.78429526, 0.6203876), (-0.39162475, -0.40120706, 0.8280477), (-0.3084021, 0.2642007, 0.91383046), (0.50460863, -0.044807956, 0.86218464), (0, -0.78429526, 0.6203876), (0, -0.47602865, 0.87942976), (-0.50460863, -0.044807956, 0.86218464), (0, -0.78429526, 0.6203876), (0, -0.78429526, 0.6203876), (0.50460863, -0.044807956, 0.86218464), (0, -0.47602865, 0.87942976), (0.7392375, 0.3048654, 0.60048735), (0.93933284, 0.15331857, -0.30683422), (0.9762248, -0.07872795, -0.20195784), (0.7652346, -0.15654403, 0.6244278), (-0.9762248, -0.07872795, -0.20195784), (-0.93933284, 0.15331857, -0.30683422), (-0.7392375, 0.3048654, 0.60048735), (-0.7652346, -0.15654403, 0.6244278), (0.9762248, -0.07872795, -0.20195784), (0.99894476, -0.0061720335, -0.045511797), (0.7475184, -0.3968944, 0.5326267), (0.7652346, -0.15654403, 0.6244278), (-0.7475184, -0.3968944, 0.5326267), (-0.99894476, -0.0061720335, -0.045511797), (-0.9762248, -0.07872795, -0.20195784), (-0.7652346, -0.15654403, 0.6244278), (0.99894476, -0.0061720335, -0.045511797), (0.89647776, -0.3220163, 0.304357), (0.85481316, 0.030122714, 0.518061), (0.7475184, -0.3968944, 0.5326267), (-0.85481316, 0.030122714, 0.518061), (-0.89647776, -0.3220163, 0.304357), (-0.99894476, -0.0061720335, -0.045511797), (-0.7475184, -0.3968944, 0.5326267), (0.62599325, 0.7793965, -0.025953729), (0.87388265, 0.37690243, 0.30704015), (0.85481316, 0.030122714, 0.518061), (0.89647776, -0.3220163, 0.304357), (-0.85481316, 0.030122714, 0.518061), (-0.87388265, 0.37690243, 0.30704015), (-0.62599325, 0.7793965, -0.025953729), (-0.89647776, -0.3220163, 0.304357), (0.58876365, 0.01854356, -0.8080925), (0.5213695, 0.21623553, -0.8254792), (0.5809043, 0.14634992, -0.8007071), (0.5730546, -0.1600275, -0.803741), (-0.5809043, 0.14634992, -0.8007071), (-0.5213695, 0.21623553, -0.8254792), (-0.58876365, 0.01854356, -0.8080925), (-0.5730546, -0.1600275, -0.803741), (0.7152277, -0.07361573, -0.69500357), (0.5730546, -0.1600275, -0.803741), (0.5809043, 0.14634992, -0.8007071), (0.27443948, 0.055205088, -0.96001846), (-0.5809043, 0.14634992, -0.8007071), (-0.5730546, -0.1600275, -0.803741), (-0.7152277, -0.07361573, -0.69500357), (-0.27443948, 0.055205088, -0.96001846), (0.57684517, 0.097183235, -0.8110518), (0.4393905, 0.10160511, -0.8925314), (0.5730546, -0.1600275, -0.803741), (0.7152277, -0.07361573, -0.69500357), (-0.5730546, -0.1600275, -0.803741), (-0.4393905, 0.10160511, -0.8925314), (-0.57684517, 0.097183235, -0.8110518), (-0.7152277, -0.07361573, -0.69500357), (0.4393905, 0.10160511, -0.8925314), (0.9537177, -0.224663, -0.19987261), (0.973135, -0.00017669942, -0.23023517), (0.5730546, -0.1600275, -0.803741), (-0.973135, -0.00017669942, -0.23023517), (-0.9537177, -0.224663, -0.19987261), (-0.4393905, 0.10160511, -0.8925314), (-0.5730546, -0.1600275, -0.803741), (0.973135, -0.00017669942, -0.23023517), (0.58876365, 0.01854356, -0.8080925), (0.5730546, -0.1600275, -0.803741), (-0.5730546, -0.1600275, -0.803741), (-0.58876365, 0.01854356, -0.8080925), (-0.973135, -0.00017669942, -0.23023517), (0.4393905, 0.10160511, -0.8925314), (0.81404305, -0.1731758, -0.55438626), (0.9537177, -0.224663, -0.19987261), (-0.9537177, -0.224663, -0.19987261), (-0.81404305, -0.1731758, -0.55438626), (-0.4393905, 0.10160511, -0.8925314), (0.62599325, 0.7793965, -0.025953729), (0.4020338, 0.67676824, -0.61672807), (0.5443059, 0.6766301, -0.4958858), (0.5860275, 0.81014293, -0.015501106), (-0.5443059, 0.6766301, -0.4958858), (-0.4020338, 0.67676824, -0.61672807), (-0.62599325, 0.7793965, -0.025953729), (-0.5860275, 0.81014293, -0.015501106), (0.45342115, 0.8692759, 0.19689748), (0.5860275, 0.81014293, -0.015501106), (0.5443059, 0.6766301, -0.4958858), (0.42368194, 0.84586567, -0.32404456), (-0.5443059, 0.6766301, -0.4958858), (-0.5860275, 0.81014293, -0.015501106), (-0.45342115, 0.8692759, 0.19689748), (-0.42368194, 0.84586567, -0.32404456), (0.27443948, 0.055205088, -0.96001846), (0.5809043, 0.14634992, -0.8007071), (0.5443059, 0.6766301, -0.4958858), (0.4020338, 0.67676824, -0.61672807), (-0.5443059, 0.6766301, -0.4958858), (-0.5809043, 0.14634992, -0.8007071), (-0.27443948, 0.055205088, -0.96001846), (-0.4020338, 0.67676824, -0.61672807), (0.5213695, 0.21623553, -0.8254792), (0.5191129, 0.5483179, -0.65564424), (0.5443059, 0.6766301, -0.4958858), (0.5809043, 0.14634992, -0.8007071), (-0.5443059, 0.6766301, -0.4958858), (-0.5191129, 0.5483179, -0.65564424), (-0.5213695, 0.21623553, -0.8254792), (-0.5809043, 0.14634992, -0.8007071), (0.42368194, 0.84586567, -0.32404456), (0.5443059, 0.6766301, -0.4958858), (0.5191129, 0.5483179, -0.65564424), (-0.5191129, 0.5483179, -0.65564424), (-0.5443059, 0.6766301, -0.4958858), (-0.42368194, 0.84586567, -0.32404456), (0.016273947, -0.4863065, 0.8736367), (-0.28777018, -0.6093996, 0.7387967), (0.45899025, -0.8861959, -0.063125074), (0.54205626, -0.83763283, -0.06742655), (-0.45899025, -0.8861959, -0.063125074), (0.28777018, -0.6093996, 0.7387967), (-0.016273947, -0.4863065, 0.8736367), (-0.54205626, -0.83763283, -0.06742655), (0.016273947, -0.4863065, 0.8736367), (0.54205626, -0.83763283, -0.06742655), (0.31738412, -0.9437279, -0.09297808), (0.36038542, -0.3599974, 0.86053723), (-0.31738412, -0.9437279, -0.09297808), (-0.54205626, -0.83763283, -0.06742655), (-0.016273947, -0.4863065, 0.8736367), (-0.36038542, -0.3599974, 0.86053723), (0.36038542, -0.3599974, 0.86053723), (0.31738412, -0.9437279, -0.09297808), (-0.12009392, -0.9886991, -0.089730375), (0.7895859, -0.58695316, 0.17899732), (0.12009392, -0.9886991, -0.089730375), (-0.31738412, -0.9437279, -0.09297808), (-0.36038542, -0.3599974, 0.86053723), (-0.7895859, -0.58695316, 0.17899732), (0.7895859, -0.58695316, 0.17899732), (-0.12009392, -0.9886991, -0.089730375), (-0.02401615, -0.96144134, 0.27395964), (0.67314273, -0.5450222, -0.49982965), (0.02401615, -0.96144134, 0.27395964), (0.12009392, -0.9886991, -0.089730375), (-0.7895859, -0.58695316, 0.17899732), (-0.67314273, -0.5450222, -0.49982965), (0.67314273, -0.5450222, -0.49982965), (-0.02401615, -0.96144134, 0.27395964), (0.49216938, -0.8263294, 0.27376822), (0.4718892, -0.41166666, -0.7796481), (-0.49216938, -0.8263294, 0.27376822), (0.02401615, -0.96144134, 0.27395964), (-0.67314273, -0.5450222, -0.49982965), (-0.4718892, -0.41166666, -0.7796481), (0.4718892, -0.41166666, -0.7796481), (0.49216938, -0.8263294, 0.27376822), (0.3413285, -0.8712691, 0.35268253), (-0.043889236, -0.7602396, -0.64815843), (-0.3413285, -0.8712691, 0.35268253), (-0.49216938, -0.8263294, 0.27376822), (-0.4718892, -0.41166666, -0.7796481), (0.043889236, -0.7602396, -0.64815843), (0.49216938, -0.8263294, 0.27376822), (-0.16653745, -0.24970505, 0.95389336), (0.23300457, -0.41638872, 0.8788227), (0.3413285, -0.8712691, 0.35268253), (-0.23300457, -0.41638872, 0.8788227), (0.16653745, -0.24970505, 0.95389336), (-0.49216938, -0.8263294, 0.27376822), (-0.3413285, -0.8712691, 0.35268253), (-0.02401615, -0.96144134, 0.27395964), (-0.7613466, -0.039931368, 0.6471143), (-0.16653745, -0.24970505, 0.95389336), (0.49216938, -0.8263294, 0.27376822), (0.16653745, -0.24970505, 0.95389336), (0.7613466, -0.039931368, 0.6471143), (0.02401615, -0.96144134, 0.27395964), (-0.49216938, -0.8263294, 0.27376822), (-0.12009392, -0.9886991, -0.089730375), (-0.98103833, -0.16981587, -0.093415186), (-0.7613466, -0.039931368, 0.6471143), (-0.02401615, -0.96144134, 0.27395964), (0.7613466, -0.039931368, 0.6471143), (0.98103833, -0.16981587, -0.093415186), (0.12009392, -0.9886991, -0.089730375), (0.02401615, -0.96144134, 0.27395964), (0.31738412, -0.9437279, -0.09297808), (-0.14096223, -0.61881036, -0.77278936), (-0.98103833, -0.16981587, -0.093415186), (-0.12009392, -0.9886991, -0.089730375), (0.98103833, -0.16981587, -0.093415186), (0.14096223, -0.61881036, -0.77278936), (-0.31738412, -0.9437279, -0.09297808), (0.12009392, -0.9886991, -0.089730375), (0.54205626, -0.83763283, -0.06742655), (0.55873996, -0.504417, -0.65831083), (-0.14096223, -0.61881036, -0.77278936), (0.31738412, -0.9437279, -0.09297808), (0.14096223, -0.61881036, -0.77278936), (-0.55873996, -0.504417, -0.65831083), (-0.54205626, -0.83763283, -0.06742655), (-0.31738412, -0.9437279, -0.09297808), (0.54205626, -0.83763283, -0.06742655), (0.45899025, -0.8861959, -0.063125074), (0.6878244, -0.46980968, -0.5533321), (0.55873996, -0.504417, -0.65831083), (-0.6878244, -0.46980968, -0.5533321), (-0.45899025, -0.8861959, -0.063125074), (-0.54205626, -0.83763283, -0.06742655), (-0.55873996, -0.504417, -0.65831083), (0.7152277, -0.07361573, -0.69500357), (0.27443948, 0.055205088, -0.96001846), (0.7450626, -0.6614969, 0.085460305), (0.8615345, 0.13998576, -0.48801878), (-0.7450626, -0.6614969, 0.085460305), (-0.27443948, 0.055205088, -0.96001846), (-0.7152277, -0.07361573, -0.69500357), (-0.8615345, 0.13998576, -0.48801878), (0.27443948, 0.055205088, -0.96001846), (-0.043889236, -0.7602396, -0.64815843), (0.3413285, -0.8712691, 0.35268253), (0.7450626, -0.6614969, 0.085460305), (-0.3413285, -0.8712691, 0.35268253), (0.043889236, -0.7602396, -0.64815843), (-0.27443948, 0.055205088, -0.96001846), (-0.7450626, -0.6614969, 0.085460305), (0.9762248, -0.07872795, -0.20195784), (0.7152277, -0.07361573, -0.69500357), (0.8615345, 0.13998576, -0.48801878), (0.99894476, -0.0061720335, -0.045511797), (-0.8615345, 0.13998576, -0.48801878), (-0.7152277, -0.07361573, -0.69500357), (-0.9762248, -0.07872795, -0.20195784), (-0.99894476, -0.0061720335, -0.045511797), (0.89647776, -0.3220163, 0.304357), (0.74270403, -0.6166071, -0.26112524), (0.45899025, -0.8861959, -0.063125074), (-0.28777018, -0.6093996, 0.7387967), (-0.45899025, -0.8861959, -0.063125074), (-0.74270403, -0.6166071, -0.26112524), (-0.89647776, -0.3220163, 0.304357), (0.28777018, -0.6093996, 0.7387967), (0.3413285, -0.8712691, 0.35268253), (0.23300457, -0.41638872, 0.8788227), (0.5933262, -0.5720315, 0.5663425), (0.7450626, -0.6614969, 0.085460305), (-0.5933262, -0.5720315, 0.5663425), (-0.23300457, -0.41638872, 0.8788227), (-0.3413285, -0.8712691, 0.35268253), (-0.7450626, -0.6614969, 0.085460305), (0.88367367, -0.46391854, -0.062453482), (0.921015, -0.34804466, -0.1749179), (0.7450626, -0.6614969, 0.085460305), (0.5933262, -0.5720315, 0.5663425), (-0.7450626, -0.6614969, 0.085460305), (-0.921015, -0.34804466, -0.1749179), (-0.88367367, -0.46391854, -0.062453482), (-0.5933262, -0.5720315, 0.5663425), (0.8588687, -0.51084685, 0.037148383), (0.921015, -0.34804466, -0.1749179), (0.88367367, -0.46391854, -0.062453482), (0.57311165, -0.37956223, 0.726275), (-0.88367367, -0.46391854, -0.062453482), (-0.921015, -0.34804466, -0.1749179), (-0.8588687, -0.51084685, 0.037148383), (-0.57311165, -0.37956223, 0.726275), (0.7481491, -0.3224026, -0.5799392), (0.8719843, -0.24461429, -0.42403683), (0.921015, -0.34804466, -0.1749179), (0.8588687, -0.51084685, 0.037148383), (-0.921015, -0.34804466, -0.1749179), (-0.8719843, -0.24461429, -0.42403683), (-0.7481491, -0.3224026, -0.5799392), (-0.8588687, -0.51084685, 0.037148383), (0.74270403, -0.6166071, -0.26112524), (0.8719843, -0.24461429, -0.42403683), (0.7481491, -0.3224026, -0.5799392), (0.6963245, -0.47143054, -0.5411888), (-0.7481491, -0.3224026, -0.5799392), (-0.8719843, -0.24461429, -0.42403683), (-0.74270403, -0.6166071, -0.26112524), (-0.6963245, -0.47143054, -0.5411888), (0.45899025, -0.8861959, -0.063125074), (0.74270403, -0.6166071, -0.26112524), (0.6963245, -0.47143054, -0.5411888), (0.6878244, -0.46980968, -0.5533321), (-0.6963245, -0.47143054, -0.5411888), (-0.74270403, -0.6166071, -0.26112524), (-0.45899025, -0.8861959, -0.063125074), (-0.6878244, -0.46980968, -0.5533321), (0.99894476, -0.0061720335, -0.045511797), (0.8719843, -0.24461429, -0.42403683), (0.74270403, -0.6166071, -0.26112524), (0.89647776, -0.3220163, 0.304357), (-0.74270403, -0.6166071, -0.26112524), (-0.8719843, -0.24461429, -0.42403683), (-0.99894476, -0.0061720335, -0.045511797), (-0.89647776, -0.3220163, 0.304357), (0.99894476, -0.0061720335, -0.045511797), (0.8615345, 0.13998576, -0.48801878), (0.921015, -0.34804466, -0.1749179), (0.8719843, -0.24461429, -0.42403683), (-0.921015, -0.34804466, -0.1749179), (-0.8615345, 0.13998576, -0.48801878), (-0.99894476, -0.0061720335, -0.045511797), (-0.8719843, -0.24461429, -0.42403683), (0.8615345, 0.13998576, -0.48801878), (0.7450626, -0.6614969, 0.085460305), (0.921015, -0.34804466, -0.1749179), (-0.921015, -0.34804466, -0.1749179), (-0.7450626, -0.6614969, 0.085460305), (-0.8615345, 0.13998576, -0.48801878), (0.6878244, -0.46980968, -0.5533321), (0.6963245, -0.47143054, -0.5411888), (0.6668673, -0.6051988, -0.43476695), (0.63582236, -0.6544538, -0.4091699), (-0.6668673, -0.6051988, -0.43476695), (-0.6963245, -0.47143054, -0.5411888), (-0.6878244, -0.46980968, -0.5533321), (-0.63582236, -0.6544538, -0.4091699), (0.6963245, -0.47143054, -0.5411888), (0.7481491, -0.3224026, -0.5799392), (0.5714123, -0.70152, -0.42586118), (0.6668673, -0.6051988, -0.43476695), (-0.5714123, -0.70152, -0.42586118), (-0.7481491, -0.3224026, -0.5799392), (-0.6963245, -0.47143054, -0.5411888), (-0.6668673, -0.6051988, -0.43476695), (0.7481491, -0.3224026, -0.5799392), (0.8588687, -0.51084685, 0.037148383), (0.78370833, -0.5679951, 0.2513617), (0.5714123, -0.70152, -0.42586118), (-0.78370833, -0.5679951, 0.2513617), (-0.8588687, -0.51084685, 0.037148383), (-0.7481491, -0.3224026, -0.5799392), (-0.5714123, -0.70152, -0.42586118), (0.8588687, -0.51084685, 0.037148383), (0.57311165, -0.37956223, 0.726275), (0.44474024, -0.8138219, 0.37403193), (0.78370833, -0.5679951, 0.2513617), (-0.44474024, -0.8138219, 0.37403193), (-0.57311165, -0.37956223, 0.726275), (-0.8588687, -0.51084685, 0.037148383), (-0.78370833, -0.5679951, 0.2513617), (0.57311165, -0.37956223, 0.726275), (0.88367367, -0.46391854, -0.062453482), (0.3739002, -0.85101897, 0.36873457), (0.44474024, -0.8138219, 0.37403193), (-0.3739002, -0.85101897, 0.36873457), (-0.88367367, -0.46391854, -0.062453482), (-0.57311165, -0.37956223, 0.726275), (-0.44474024, -0.8138219, 0.37403193), (0.88367367, -0.46391854, -0.062453482), (0.5933262, -0.5720315, 0.5663425), (0.6600232, -0.66497374, 0.3495416), (0.3739002, -0.85101897, 0.36873457), (-0.6600232, -0.66497374, 0.3495416), (-0.5933262, -0.5720315, 0.5663425), (-0.88367367, -0.46391854, -0.062453482), (-0.3739002, -0.85101897, 0.36873457), (0.5933262, -0.5720315, 0.5663425), (0.23300457, -0.41638872, 0.8788227), (-0.050712332, -0.3023353, 0.95185167), (0.6600232, -0.66497374, 0.3495416), (0.050712332, -0.3023353, 0.95185167), (-0.23300457, -0.41638872, 0.8788227), (-0.5933262, -0.5720315, 0.5663425), (-0.6600232, -0.66497374, 0.3495416), (0.55873996, -0.504417, -0.65831083), (0.6878244, -0.46980968, -0.5533321), (0.63582236, -0.6544538, -0.4091699), (0.48442885, -0.8071734, -0.33734235), (-0.63582236, -0.6544538, -0.4091699), (-0.6878244, -0.46980968, -0.5533321), (-0.55873996, -0.504417, -0.65831083), (-0.48442885, -0.8071734, -0.33734235), (-0.14096223, -0.61881036, -0.77278936), (0.55873996, -0.504417, -0.65831083), (0.48442885, -0.8071734, -0.33734235), (-0.24848224, -0.7738095, -0.5826452), (-0.48442885, -0.8071734, -0.33734235), (-0.55873996, -0.504417, -0.65831083), (0.14096223, -0.61881036, -0.77278936), (0.24848224, -0.7738095, -0.5826452), (-0.98103833, -0.16981587, -0.093415186), (-0.14096223, -0.61881036, -0.77278936), (-0.24848224, -0.7738095, -0.5826452), (-0.7433496, -0.6617841, -0.09733001), (0.24848224, -0.7738095, -0.5826452), (0.14096223, -0.61881036, -0.77278936), (0.98103833, -0.16981587, -0.093415186), (0.7433496, -0.6617841, -0.09733001), (-0.7613466, -0.039931368, 0.6471143), (-0.98103833, -0.16981587, -0.093415186), (-0.7433496, -0.6617841, -0.09733001), (-0.5391838, -0.71147543, 0.45064783), (0.7433496, -0.6617841, -0.09733001), (0.98103833, -0.16981587, -0.093415186), (0.7613466, -0.039931368, 0.6471143), (0.5391838, -0.71147543, 0.45064783), (-0.16653745, -0.24970505, 0.95389336), (-0.7613466, -0.039931368, 0.6471143), (-0.5391838, -0.71147543, 0.45064783), (0.08727333, -0.66683435, 0.740078), (0.5391838, -0.71147543, 0.45064783), (0.7613466, -0.039931368, 0.6471143), (0.16653745, -0.24970505, 0.95389336), (-0.08727333, -0.66683435, 0.740078), (0.23300457, -0.41638872, 0.8788227), (-0.16653745, -0.24970505, 0.95389336), (0.08727333, -0.66683435, 0.740078), (-0.050712332, -0.3023353, 0.95185167), (-0.08727333, -0.66683435, 0.740078), (0.16653745, -0.24970505, 0.95389336), (-0.23300457, -0.41638872, 0.8788227), (0.050712332, -0.3023353, 0.95185167), (0.44474024, -0.8138219, 0.37403193), (0.3739002, -0.85101897, 0.36873457), (0.38547793, -0.9153673, 0.1162304), (0.19835617, -0.9801164, 0.005146106), (-0.38547793, -0.9153673, 0.1162304), (-0.3739002, -0.85101897, 0.36873457), (-0.44474024, -0.8138219, 0.37403193), (-0.19835617, -0.9801164, 0.005146106), (0.19835617, -0.9801164, 0.005146106), (0.38547793, -0.9153673, 0.1162304), (0.43155408, -0.9014785, -0.033129033), (0.32812288, -0.94463503, 0.0002065266), (-0.43155408, -0.9014785, -0.033129033), (-0.38547793, -0.9153673, 0.1162304), (-0.19835617, -0.9801164, 0.005146106), (-0.32812288, -0.94463503, 0.0002065266), (0.32812288, -0.94463503, 0.0002065266), (0.43155408, -0.9014785, -0.033129033), (0.3447384, -0.9355599, -0.07670165), (0.31782395, -0.94351125, 0.093672305), (-0.3447384, -0.9355599, -0.07670165), (-0.43155408, -0.9014785, -0.033129033), (-0.32812288, -0.94463503, 0.0002065266), (-0.31782395, -0.94351125, 0.093672305), (0.31782395, -0.94351125, 0.093672305), (0.3447384, -0.9355599, -0.07670165), (0.436505, -0.8995992, -0.01358448), (0.3573385, -0.88514656, 0.29803494), (-0.436505, -0.8995992, -0.01358448), (-0.3447384, -0.9355599, -0.07670165), (-0.31782395, -0.94351125, 0.093672305), (-0.3573385, -0.88514656, 0.29803494), (0.48442885, -0.8071734, -0.33734235), (0.63582236, -0.6544538, -0.4091699), (0.31782395, -0.94351125, 0.093672305), (0.3573385, -0.88514656, 0.29803494), (-0.31782395, -0.94351125, 0.093672305), (-0.63582236, -0.6544538, -0.4091699), (-0.48442885, -0.8071734, -0.33734235), (-0.3573385, -0.88514656, 0.29803494), (0.6668673, -0.6051988, -0.43476695), (0.32812288, -0.94463503, 0.0002065266), (0.31782395, -0.94351125, 0.093672305), (0.63582236, -0.6544538, -0.4091699), (-0.31782395, -0.94351125, 0.093672305), (-0.32812288, -0.94463503, 0.0002065266), (-0.6668673, -0.6051988, -0.43476695), (-0.63582236, -0.6544538, -0.4091699), (0.6668673, -0.6051988, -0.43476695), (0.5714123, -0.70152, -0.42586118), (0.19835617, -0.9801164, 0.005146106), (0.32812288, -0.94463503, 0.0002065266), (-0.19835617, -0.9801164, 0.005146106), (-0.5714123, -0.70152, -0.42586118), (-0.6668673, -0.6051988, -0.43476695), (-0.32812288, -0.94463503, 0.0002065266), (0.44474024, -0.8138219, 0.37403193), (0.19835617, -0.9801164, 0.005146106), (0.5714123, -0.70152, -0.42586118), (0.78370833, -0.5679951, 0.2513617), (-0.5714123, -0.70152, -0.42586118), (-0.19835617, -0.9801164, 0.005146106), (-0.44474024, -0.8138219, 0.37403193), (-0.78370833, -0.5679951, 0.2513617), (0.6600232, -0.66497374, 0.3495416), (-0.050712332, -0.3023353, 0.95185167), (0.38547793, -0.9153673, 0.1162304), (0.3739002, -0.85101897, 0.36873457), (-0.38547793, -0.9153673, 0.1162304), (0.050712332, -0.3023353, 0.95185167), (-0.6600232, -0.66497374, 0.3495416), (-0.3739002, -0.85101897, 0.36873457), (0.08727333, -0.66683435, 0.740078), (0.43155408, -0.9014785, -0.033129033), (0.38547793, -0.9153673, 0.1162304), (-0.050712332, -0.3023353, 0.95185167), (-0.38547793, -0.9153673, 0.1162304), (-0.43155408, -0.9014785, -0.033129033), (-0.08727333, -0.66683435, 0.740078), (0.050712332, -0.3023353, 0.95185167), (-0.5391838, -0.71147543, 0.45064783), (0.3447384, -0.9355599, -0.07670165), (0.43155408, -0.9014785, -0.033129033), (0.08727333, -0.66683435, 0.740078), (-0.43155408, -0.9014785, -0.033129033), (-0.3447384, -0.9355599, -0.07670165), (0.5391838, -0.71147543, 0.45064783), (-0.08727333, -0.66683435, 0.740078), (-0.7433496, -0.6617841, -0.09733001), (0.436505, -0.8995992, -0.01358448), (0.3447384, -0.9355599, -0.07670165), (-0.5391838, -0.71147543, 0.45064783), (-0.3447384, -0.9355599, -0.07670165), (-0.436505, -0.8995992, -0.01358448), (0.7433496, -0.6617841, -0.09733001), (0.5391838, -0.71147543, 0.45064783), (-0.24848224, -0.7738095, -0.5826452), (0.3573385, -0.88514656, 0.29803494), (0.436505, -0.8995992, -0.01358448), (-0.7433496, -0.6617841, -0.09733001), (-0.436505, -0.8995992, -0.01358448), (-0.3573385, -0.88514656, 0.29803494), (0.24848224, -0.7738095, -0.5826452), (0.7433496, -0.6617841, -0.09733001), (0.48442885, -0.8071734, -0.33734235), (0.3573385, -0.88514656, 0.29803494), (-0.24848224, -0.7738095, -0.5826452), (0.24848224, -0.7738095, -0.5826452), (-0.3573385, -0.88514656, 0.29803494), (-0.48442885, -0.8071734, -0.33734235), (0.4718892, -0.41166666, -0.7796481), (-0.043889236, -0.7602396, -0.64815843), (-0.07976906, 0.52833116, -0.84528285), (-0.041865468, 0.7140085, -0.69888425), (0.07976906, 0.52833116, -0.84528285), (0.043889236, -0.7602396, -0.64815843), (-0.4718892, -0.41166666, -0.7796481), (0.041865468, 0.7140085, -0.69888425), (0.67314273, -0.5450222, -0.49982965), (0.4718892, -0.41166666, -0.7796481), (-0.041865468, 0.7140085, -0.69888425), (0.61496687, 0.61737275, -0.4905778), (0.041865468, 0.7140085, -0.69888425), (-0.4718892, -0.41166666, -0.7796481), (-0.67314273, -0.5450222, -0.49982965), (-0.61496687, 0.61737275, -0.4905778), (0.7895859, -0.58695316, 0.17899732), (0.67314273, -0.5450222, -0.49982965), (0.61496687, 0.61737275, -0.4905778), (0.9234296, 0.37409493, 0.08561908), (-0.61496687, 0.61737275, -0.4905778), (-0.67314273, -0.5450222, -0.49982965), (-0.7895859, -0.58695316, 0.17899732), (-0.9234296, 0.37409493, 0.08561908), (0.36038542, -0.3599974, 0.86053723), (0.7895859, -0.58695316, 0.17899732), (0.9234296, 0.37409493, 0.08561908), (0.3047772, 0.72136754, 0.621884), (-0.9234296, 0.37409493, 0.08561908), (-0.7895859, -0.58695316, 0.17899732), (-0.36038542, -0.3599974, 0.86053723), (-0.3047772, 0.72136754, 0.621884), (0.016273947, -0.4863065, 0.8736367), (0.36038542, -0.3599974, 0.86053723), (0.3047772, 0.72136754, 0.621884), (-0.41764683, 0.71661675, 0.5585979), (-0.3047772, 0.72136754, 0.621884), (-0.36038542, -0.3599974, 0.86053723), (-0.016273947, -0.4863065, 0.8736367), (0.41764683, 0.71661675, 0.5585979), (-0.28777018, -0.6093996, 0.7387967), (0.016273947, -0.4863065, 0.8736367), (-0.41764683, 0.71661675, 0.5585979), (-0.6561817, 0.4927224, 0.5715332), (0.41764683, 0.71661675, 0.5585979), (-0.016273947, -0.4863065, 0.8736367), (0.28777018, -0.6093996, 0.7387967), (0.6561817, 0.4927224, 0.5715332), (-0.41764683, 0.71661675, 0.5585979), (-0.041865468, 0.7140085, -0.69888425), (-0.07976906, 0.52833116, -0.84528285), (-0.6561817, 0.4927224, 0.5715332), (0.07976906, 0.52833116, -0.84528285), (0.041865468, 0.7140085, -0.69888425), (0.41764683, 0.71661675, 0.5585979), (0.6561817, 0.4927224, 0.5715332), (-0.41764683, 0.71661675, 0.5585979), (0.3047772, 0.72136754, 0.621884), (0.61496687, 0.61737275, -0.4905778), (-0.041865468, 0.7140085, -0.69888425), (-0.61496687, 0.61737275, -0.4905778), (-0.3047772, 0.72136754, 0.621884), (0.41764683, 0.71661675, 0.5585979), (0.041865468, 0.7140085, -0.69888425), (0.3047772, 0.72136754, 0.621884), (0.9234296, 0.37409493, 0.08561908), (0.61496687, 0.61737275, -0.4905778), (-0.61496687, 0.61737275, -0.4905778), (-0.9234296, 0.37409493, 0.08561908), (-0.3047772, 0.72136754, 0.621884), (0.62599325, 0.7793965, -0.025953729), (0.89647776, -0.3220163, 0.304357), (-0.28777018, -0.6093996, 0.7387967), (-0.6561817, 0.4927224, 0.5715332), (0.28777018, -0.6093996, 0.7387967), (-0.89647776, -0.3220163, 0.304357), (-0.62599325, 0.7793965, -0.025953729), (0.6561817, 0.4927224, 0.5715332), (0.62599325, 0.7793965, -0.025953729), (-0.6561817, 0.4927224, 0.5715332), (-0.07976906, 0.52833116, -0.84528285), (0.4020338, 0.67676824, -0.61672807), (0.07976906, 0.52833116, -0.84528285), (0.6561817, 0.4927224, 0.5715332), (-0.62599325, 0.7793965, -0.025953729), (-0.4020338, 0.67676824, -0.61672807), (0.27443948, 0.055205088, -0.96001846), (0.4020338, 0.67676824, -0.61672807), (-0.07976906, 0.52833116, -0.84528285), (-0.043889236, -0.7602396, -0.64815843), (0.07976906, 0.52833116, -0.84528285), (-0.4020338, 0.67676824, -0.61672807), (-0.27443948, 0.055205088, -0.96001846), (0.043889236, -0.7602396, -0.64815843)] (
                interpolation = "faceVarying"
            )
            point3f[] points = [(0.4375, -0.765625, 0.1640625), (-0.4375, -0.765625, 0.1640625), (0.5, -0.6875, 0.09375), (-0.5, -0.6875, 0.09375), (0.546875, -0.578125, 0.0546875), (-0.546875, -0.578125, 0.0546875), (0.3515625, -0.6171875, -0.0234375), (-0.3515625, -0.6171875, -0.0234375), (0.3515625, -0.71875, 0.03125), (-0.3515625, -0.71875, 0.03125), (0.3515625, -0.78125, 0.1328125), (-0.3515625, -0.78125, 0.1328125), (0.2734375, -0.796875, 0.1640625), (-0.2734375, -0.796875, 0.1640625), (0.203125, -0.7421875, 0.09375), (-0.203125, -0.7421875, 0.09375), (0.15625, -0.6484375, 0.0546875), (-0.15625, -0.6484375, 0.0546875), (0.078125, -0.65625, 0.2421875), (-0.078125, -0.65625, 0.2421875), (0.140625, -0.7421875, 0.2421875), (-0.140625, -0.7421875, 0.2421875), (0.2421875, -0.796875, 0.2421875), (-0.2421875, -0.796875, 0.2421875), (0.2734375, -0.796875, 0.328125), (-0.2734375, -0.796875, 0.328125), (0.203125, -0.7421875, 0.390625), (-0.203125, -0.7421875, 0.390625), (0.15625, -0.6484375, 0.4375), (-0.15625, -0.6484375, 0.4375), (0.3515625, -0.6171875, 0.515625), (-0.3515625, -0.6171875, 0.515625), (0.3515625, -0.71875, 0.453125), (-0.3515625, -0.71875, 0.453125), (0.3515625, -0.78125, 0.359375), (-0.3515625, -0.78125, 0.359375), (0.4375, -0.765625, 0.328125), (-0.4375, -0.765625, 0.328125), (0.5, -0.6875, 0.390625), (-0.5, -0.6875, 0.390625), (0.546875, -0.578125, 0.4375), (-0.546875, -0.578125, 0.4375), (0.625, -0.5625, 0.2421875), (-0.625, -0.5625, 0.2421875), (0.5625, -0.671875, 0.2421875), (-0.5625, -0.671875, 0.2421875), (0.46875, -0.7578125, 0.2421875), (-0.46875, -0.7578125, 0.2421875), (0.4765625, -0.7734375, 0.2421875), (-0.4765625, -0.7734375, 0.2421875), (0.4453125, -0.78125, 0.3359375), (-0.4453125, -0.78125, 0.3359375), (0.3515625, -0.8046875, 0.375), (-0.3515625, -0.8046875, 0.375), (0.265625, -0.8203125, 0.3359375), (-0.265625, -0.8203125, 0.3359375), (0.2265625, -0.8203125, 0.2421875), (-0.2265625, -0.8203125, 0.2421875), (0.265625, -0.8203125, 0.15625), (-0.265625, -0.8203125, 0.15625), (0.3515625, -0.828125, 0.2421875), (-0.3515625, -0.828125, 0.2421875), (0.3515625, -0.8046875, 0.1171875), (-0.3515625, -0.8046875, 0.1171875), (0.4453125, -0.78125, 0.15625), (-0.4453125, -0.78125, 0.15625), (0, -0.7421875, 0.4296875), (0, -0.8203125, 0.3515625), (0, -0.734375, -0.6796875), (0, -0.78125, -0.3203125), (0, -0.796875, -0.1875), (0, -0.71875, -0.7734375), (0, -0.6015625, 0.40625), (0, -0.5703125, 0.5703125), (0, 0.546875, 0.8984375), (0, 0.8515625, 0.5625), (0, 0.828125, 0.0703125), (0, 0.3515625, -0.3828125), (0.203125, -0.5625, -0.1875), (-0.203125, -0.5625, -0.1875), (0.3125, -0.5703125, -0.4375), (-0.3125, -0.5703125, -0.4375), (0.3515625, -0.5703125, -0.6953125), (-0.3515625, -0.5703125, -0.6953125), (0.3671875, -0.53125, -0.890625), (-0.3671875, -0.53125, -0.890625), (0.328125, -0.5234375, -0.9453125), (-0.328125, -0.5234375, -0.9453125), (0.1796875, -0.5546875, -0.96875), (-0.1796875, -0.5546875, -0.96875), (0, -0.578125, -0.984375), (0.4375, -0.53125, -0.140625), (-0.4375, -0.53125, -0.140625), (0.6328125, -0.5390625, -0.0390625), (-0.6328125, -0.5390625, -0.0390625), (0.828125, -0.4453125, 0.1484375), (-0.828125, -0.4453125, 0.1484375), (0.859375, -0.59375, 0.4296875), (-0.859375, -0.59375, 0.4296875), (0.7109375, -0.625, 0.484375), (-0.7109375, -0.625, 0.484375), (0.4921875, -0.6875, 0.6015625), (-0.4921875, -0.6875, 0.6015625), (0.3203125, -0.734375, 0.7578125), (-0.3203125, -0.734375, 0.7578125), (0.15625, -0.7578125, 0.71875), (-0.15625, -0.7578125, 0.71875), (0.0625, -0.75, 0.4921875), (-0.0625, -0.75, 0.4921875), (0.1640625, -0.7734375, 0.4140625), (-0.1640625, -0.7734375, 0.4140625), (0.125, -0.765625, 0.3046875), (-0.125, -0.765625, 0.3046875), (0.203125, -0.7421875, 0.09375), (-0.203125, -0.7421875, 0.09375), (0.375, -0.703125, 0.015625), (-0.375, -0.703125, 0.015625), (0.4921875, -0.671875, 0.0625), (-0.4921875, -0.671875, 0.0625), (0.625, -0.6484375, 0.1875), (-0.625, -0.6484375, 0.1875), (0.640625, -0.6484375, 0.296875), (-0.640625, -0.6484375, 0.296875), (0.6015625, -0.6640625, 0.375), (-0.6015625, -0.6640625, 0.375), (0.4296875, -0.71875, 0.4375), (-0.4296875, -0.71875, 0.4375), (0.25, -0.7578125, 0.46875), (-0.25, -0.7578125, 0.46875), (0, -0.734375, -0.765625), (0.109375, -0.734375, -0.71875), (-0.109375, -0.734375, -0.71875), (0.1171875, -0.7109375, -0.8359375), (-0.1171875, -0.7109375, -0.8359375), (0.0625, -0.6953125, -0.8828125), (-0.0625, -0.6953125, -0.8828125), (0, -0.6875, -0.890625), (0, -0.75, -0.1953125), (0, -0.7421875, -0.140625), (0.1015625, -0.7421875, -0.1484375), (-0.1015625, -0.7421875, -0.1484375), (0.125, -0.75, -0.2265625), (-0.125, -0.75, -0.2265625), (0.0859375, -0.7421875, -0.2890625), (-0.0859375, -0.7421875, -0.2890625), (0.3984375, -0.671875, -0.046875), (-0.3984375, -0.671875, -0.046875), (0.6171875, -0.625, 0.0546875), (-0.6171875, -0.625, 0.0546875), (0.7265625, -0.6015625, 0.203125), (-0.7265625, -0.6015625, 0.203125), (0.7421875, -0.65625, 0.375), (-0.7421875, -0.65625, 0.375), (0.6875, -0.7265625, 0.4140625), (-0.6875, -0.7265625, 0.4140625), (0.4375, -0.796875, 0.546875), (-0.4375, -0.796875, 0.546875), (0.3125, -0.8359375, 0.640625), (-0.3125, -0.8359375, 0.640625), (0.203125, -0.8515625, 0.6171875), (-0.203125, -0.8515625, 0.6171875), (0.1015625, -0.84375, 0.4296875), (-0.1015625, -0.84375, 0.4296875), (0.125, -0.8125, -0.1015625), (-0.125, -0.8125, -0.1015625), (0.2109375, -0.7109375, -0.4453125), (-0.2109375, -0.7109375, -0.4453125), (0.25, -0.6875, -0.703125), (-0.25, -0.6875, -0.703125), (0.265625, -0.6640625, -0.8203125), (-0.265625, -0.6640625, -0.8203125), (0.234375, -0.6328125, -0.9140625), (-0.234375, -0.6328125, -0.9140625), (0.1640625, -0.6328125, -0.9296875), (-0.1640625, -0.6328125, -0.9296875), (0, -0.640625, -0.9453125), (0, -0.7265625, 0.046875), (0, -0.765625, 0.2109375), (0.328125, -0.7421875, 0.4765625), (-0.328125, -0.7421875, 0.4765625), (0.1640625, -0.75, 0.140625), (-0.1640625, -0.75, 0.140625), (0.1328125, -0.7578125, 0.2109375), (-0.1328125, -0.7578125, 0.2109375), (0.1171875, -0.734375, -0.6875), (-0.1171875, -0.734375, -0.6875), (0.078125, -0.75, -0.4453125), (-0.078125, -0.75, -0.4453125), (0, -0.75, -0.4453125), (0, -0.7421875, -0.328125), (0.09375, -0.78125, -0.2734375), (-0.09375, -0.78125, -0.2734375), (0.1328125, -0.796875, -0.2265625), (-0.1328125, -0.796875, -0.2265625), (0.109375, -0.78125, -0.1328125), (-0.109375, -0.78125, -0.1328125), (0.0390625, -0.78125, -0.125), (-0.0390625, -0.78125, -0.125), (0, -0.828125, -0.203125), (0.046875, -0.8125, -0.1484375), (-0.046875, -0.8125, -0.1484375), (0.09375, -0.8125, -0.15625), (-0.09375, -0.8125, -0.15625), (0.109375, -0.828125, -0.2265625), (-0.109375, -0.828125, -0.2265625), (0.078125, -0.8046875, -0.25), (-0.078125, -0.8046875, -0.25), (0, -0.8046875, -0.2890625), (0.2578125, -0.5546875, -0.3125), (-0.2578125, -0.5546875, -0.3125), (0.1640625, -0.7109375, -0.2421875), (-0.1640625, -0.7109375, -0.2421875), (0.1796875, -0.7109375, -0.3125), (-0.1796875, -0.7109375, -0.3125), (0.234375, -0.5546875, -0.25), (-0.234375, -0.5546875, -0.25), (0, -0.6875, -0.875), (0.046875, -0.6875, -0.8671875), (-0.046875, -0.6875, -0.8671875), (0.09375, -0.7109375, -0.8203125), (-0.09375, -0.7109375, -0.8203125), (0.09375, -0.7265625, -0.7421875), (-0.09375, -0.7265625, -0.7421875), (0, -0.65625, -0.78125), (0.09375, -0.6640625, -0.75), (-0.09375, -0.6640625, -0.75), (0.09375, -0.640625, -0.8125), (-0.09375, -0.640625, -0.8125), (0.046875, -0.6328125, -0.8515625), (-0.046875, -0.6328125, -0.8515625), (0, -0.6328125, -0.859375), (0.171875, -0.78125, 0.21875), (-0.171875, -0.78125, 0.21875), (0.1875, -0.7734375, 0.15625), (-0.1875, -0.7734375, 0.15625), (0.3359375, -0.7578125, 0.4296875), (-0.3359375, -0.7578125, 0.4296875), (0.2734375, -0.7734375, 0.421875), (-0.2734375, -0.7734375, 0.421875), (0.421875, -0.7734375, 0.3984375), (-0.421875, -0.7734375, 0.3984375), (0.5625, -0.6953125, 0.3515625), (-0.5625, -0.6953125, 0.3515625), (0.5859375, -0.6875, 0.2890625), (-0.5859375, -0.6875, 0.2890625), (0.578125, -0.6796875, 0.1953125), (-0.578125, -0.6796875, 0.1953125), (0.4765625, -0.71875, 0.1015625), (-0.4765625, -0.71875, 0.1015625), (0.375, -0.7421875, 0.0625), (-0.375, -0.7421875, 0.0625), (0.2265625, -0.78125, 0.109375), (-0.2265625, -0.78125, 0.109375), (0.1796875, -0.78125, 0.296875), (-0.1796875, -0.78125, 0.296875), (0.2109375, -0.78125, 0.375), (-0.2109375, -0.78125, 0.375), (0.234375, -0.7578125, 0.359375), (-0.234375, -0.7578125, 0.359375), (0.1953125, -0.7578125, 0.296875), (-0.1953125, -0.7578125, 0.296875), (0.2421875, -0.7578125, 0.125), (-0.2421875, -0.7578125, 0.125), (0.375, -0.7265625, 0.0859375), (-0.375, -0.7265625, 0.0859375), (0.4609375, -0.703125, 0.1171875), (-0.4609375, -0.703125, 0.1171875), (0.546875, -0.671875, 0.2109375), (-0.546875, -0.671875, 0.2109375), (0.5546875, -0.671875, 0.28125), (-0.5546875, -0.671875, 0.28125), (0.53125, -0.6796875, 0.3359375), (-0.53125, -0.6796875, 0.3359375), (0.4140625, -0.75, 0.390625), (-0.4140625, -0.75, 0.390625), (0.28125, -0.765625, 0.3984375), (-0.28125, -0.765625, 0.3984375), (0.3359375, -0.75, 0.40625), (-0.3359375, -0.75, 0.40625), (0.203125, -0.75, 0.171875), (-0.203125, -0.75, 0.171875), (0.1953125, -0.75, 0.2265625), (-0.1953125, -0.75, 0.2265625), (0.109375, -0.609375, 0.4609375), (-0.109375, -0.609375, 0.4609375), (0.1953125, -0.6171875, 0.6640625), (-0.1953125, -0.6171875, 0.6640625), (0.3359375, -0.59375, 0.6875), (-0.3359375, -0.59375, 0.6875), (0.484375, -0.5546875, 0.5546875), (-0.484375, -0.5546875, 0.5546875), (0.6796875, -0.4921875, 0.453125), (-0.6796875, -0.4921875, 0.453125), (0.796875, -0.4609375, 0.40625), (-0.796875, -0.4609375, 0.40625), (0.7734375, -0.375, 0.1640625), (-0.7734375, -0.375, 0.1640625), (0.6015625, -0.4140625, 0), (-0.6015625, -0.4140625, 0), (0.4375, -0.46875, -0.09375), (-0.4375, -0.46875, -0.09375), (0, -0.2890625, 0.8984375), (0, 0.078125, 0.984375), (0, 0.671875, -0.1953125), (0, -0.1875, -0.4609375), (0, -0.4609375, -0.9765625), (0, -0.34375, -0.8046875), (0, -0.3203125, -0.5703125), (0, -0.28125, -0.484375), (0.8515625, -0.0546875, 0.234375), (-0.8515625, -0.0546875, 0.234375), (0.859375, 0.046875, 0.3203125), (-0.859375, 0.046875, 0.3203125), (0.7734375, 0.4375, 0.265625), (-0.7734375, 0.4375, 0.265625), (0.4609375, 0.703125, 0.4375), (-0.4609375, 0.703125, 0.4375), (0.734375, -0.0703125, -0.046875), (-0.734375, -0.0703125, -0.046875), (0.59375, 0.1640625, -0.125), (-0.59375, 0.1640625, -0.125), (0.640625, 0.4296875, -0.0078125), (-0.640625, 0.4296875, -0.0078125), (0.3359375, 0.6640625, 0.0546875), (-0.3359375, 0.6640625, 0.0546875), (0.234375, -0.40625, -0.3515625), (-0.234375, -0.40625, -0.3515625), (0.1796875, -0.2578125, -0.4140625), (-0.1796875, -0.2578125, -0.4140625), (0.2890625, -0.3828125, -0.7109375), (-0.2890625, -0.3828125, -0.7109375), (0.25, -0.390625, -0.5), (-0.25, -0.390625, -0.5), (0.328125, -0.3984375, -0.9140625), (-0.328125, -0.3984375, -0.9140625), (0.140625, -0.3671875, -0.7578125), (-0.140625, -0.3671875, -0.7578125), (0.125, -0.359375, -0.5390625), (-0.125, -0.359375, -0.5390625), (0.1640625, -0.4375, -0.9453125), (-0.1640625, -0.4375, -0.9453125), (0.21875, -0.4296875, -0.28125), (-0.21875, -0.4296875, -0.28125), (0.2109375, -0.46875, -0.2265625), (-0.2109375, -0.46875, -0.2265625), (0.203125, -0.5, -0.171875), (-0.203125, -0.5, -0.171875), (0.2109375, -0.1640625, -0.390625), (-0.2109375, -0.1640625, -0.390625), (0.296875, 0.265625, -0.3125), (-0.296875, 0.265625, -0.3125), (0.34375, 0.5390625, -0.1484375), (-0.34375, 0.5390625, -0.1484375), (0.453125, 0.3828125, 0.8671875), (-0.453125, 0.3828125, 0.8671875), (0.453125, 0.0703125, 0.9296875), (-0.453125, 0.0703125, 0.9296875), (0.453125, -0.234375, 0.8515625), (-0.453125, -0.234375, 0.8515625), (0.4609375, -0.4296875, 0.5234375), (-0.4609375, -0.4296875, 0.5234375), (0.7265625, -0.3359375, 0.40625), (-0.7265625, -0.3359375, 0.40625), (0.6328125, -0.28125, 0.453125), (-0.6328125, -0.28125, 0.453125), (0.640625, -0.0546875, 0.703125), (-0.640625, -0.0546875, 0.703125), (0.796875, -0.125, 0.5625), (-0.796875, -0.125, 0.5625), (0.796875, 0.1171875, 0.6171875), (-0.796875, 0.1171875, 0.6171875), (0.640625, 0.1953125, 0.75), (-0.640625, 0.1953125, 0.75), (0.640625, 0.4453125, 0.6796875), (-0.640625, 0.4453125, 0.6796875), (0.796875, 0.359375, 0.5390625), (-0.796875, 0.359375, 0.5390625), (0.6171875, 0.5859375, 0.328125), (-0.6171875, 0.5859375, 0.328125), (0.484375, 0.546875, 0.0234375), (-0.484375, 0.546875, 0.0234375), (0.8203125, 0.203125, 0.328125), (-0.8203125, 0.203125, 0.328125), (0.40625, -0.1484375, -0.171875), (-0.40625, -0.1484375, -0.171875), (0.4296875, 0.2109375, -0.1953125), (-0.4296875, 0.2109375, -0.1953125), (0.890625, 0.234375, 0.40625), (-0.890625, 0.234375, 0.40625), (0.7734375, 0.125, -0.140625), (-0.7734375, 0.125, -0.140625), (1.0390625, 0.328125, -0.1015625), (-1.0390625, 0.328125, -0.1015625), (1.28125, 0.4296875, 0.0546875), (-1.28125, 0.4296875, 0.0546875), (1.3515625, 0.421875, 0.3203125), (-1.3515625, 0.421875, 0.3203125), (1.234375, 0.421875, 0.5078125), (-1.234375, 0.421875, 0.5078125), (1.0234375, 0.3125, 0.4765625), (-1.0234375, 0.3125, 0.4765625), (1.015625, 0.2890625, 0.4140625), (-1.015625, 0.2890625, 0.4140625), (1.1875, 0.390625, 0.4375), (-1.1875, 0.390625, 0.4375), (1.265625, 0.40625, 0.2890625), (-1.265625, 0.40625, 0.2890625), (1.2109375, 0.40625, 0.078125), (-1.2109375, 0.40625, 0.078125), (1.03125, 0.3046875, -0.0390625), (-1.03125, 0.3046875, -0.0390625), (0.828125, 0.1328125, -0.0703125), (-0.828125, 0.1328125, -0.0703125), (0.921875, 0.21875, 0.359375), (-0.921875, 0.21875, 0.359375), (0.9453125, 0.2890625, 0.3046875), (-0.9453125, 0.2890625, 0.3046875), (0.8828125, 0.2109375, -0.0234375), (-0.8828125, 0.2109375, -0.0234375), (1.0390625, 0.3671875, 0), (-1.0390625, 0.3671875, 0), (1.1875, 0.4453125, 0.09375), (-1.1875, 0.4453125, 0.09375), (1.234375, 0.4453125, 0.25), (-1.234375, 0.4453125, 0.25), (1.171875, 0.4375, 0.359375), (-1.171875, 0.4375, 0.359375), (1.0234375, 0.359375, 0.34375), (-1.0234375, 0.359375, 0.34375), (0.84375, 0.2109375, 0.2890625), (-0.84375, 0.2109375, 0.2890625), (0.8359375, 0.2734375, 0.171875), (-0.8359375, 0.2734375, 0.171875), (0.7578125, 0.2734375, 0.09375), (-0.7578125, 0.2734375, 0.09375), (0.8203125, 0.2734375, 0.0859375), (-0.8203125, 0.2734375, 0.0859375), (0.84375, 0.2734375, 0.015625), (-0.84375, 0.2734375, 0.015625), (0.8125, 0.2734375, -0.015625), (-0.8125, 0.2734375, -0.015625), (0.7265625, 0.0703125, 0), (-0.7265625, 0.0703125, 0), (0.71875, 0.171875, -0.0234375), (-0.71875, 0.171875, -0.0234375), (0.71875, 0.1875, 0.0390625), (-0.71875, 0.1875, 0.0390625), (0.796875, 0.2109375, 0.203125), (-0.796875, 0.2109375, 0.203125), (0.890625, 0.265625, 0.2421875), (-0.890625, 0.265625, 0.2421875), (0.890625, 0.3203125, 0.234375), (-0.890625, 0.3203125, 0.234375), (0.8125, 0.3203125, -0.015625), (-0.8125, 0.3203125, -0.015625), (0.8515625, 0.3203125, 0.015625), (-0.8515625, 0.3203125, 0.015625), (0.828125, 0.3203125, 0.078125), (-0.828125, 0.3203125, 0.078125), (0.765625, 0.3203125, 0.09375), (-0.765625, 0.3203125, 0.09375), (0.84375, 0.3203125, 0.171875), (-0.84375, 0.3203125, 0.171875), (1.0390625, 0.4140625, 0.328125), (-1.0390625, 0.4140625, 0.328125), (1.1875, 0.484375, 0.34375), (-1.1875, 0.484375, 0.34375), (1.2578125, 0.4921875, 0.2421875), (-1.2578125, 0.4921875, 0.2421875), (1.2109375, 0.484375, 0.0859375), (-1.2109375, 0.484375, 0.0859375), (1.046875, 0.421875, 0), (-1.046875, 0.421875, 0), (0.8828125, 0.265625, -0.015625), (-0.8828125, 0.265625, -0.015625), (0.953125, 0.34375, 0.2890625), (-0.953125, 0.34375, 0.2890625), (0.890625, 0.328125, 0.109375), (-0.890625, 0.328125, 0.109375), (0.9375, 0.3359375, 0.0625), (-0.9375, 0.3359375, 0.0625), (1, 0.3671875, 0.125), (-1, 0.3671875, 0.125), (0.9609375, 0.3515625, 0.171875), (-0.9609375, 0.3515625, 0.171875), (1.015625, 0.375, 0.234375), (-1.015625, 0.375, 0.234375), (1.0546875, 0.3828125, 0.1875), (-1.0546875, 0.3828125, 0.1875), (1.109375, 0.390625, 0.2109375), (-1.109375, 0.390625, 0.2109375), (1.0859375, 0.390625, 0.2734375), (-1.0859375, 0.390625, 0.2734375), (1.0234375, 0.484375, 0.4375), (-1.0234375, 0.484375, 0.4375), (1.25, 0.546875, 0.46875), (-1.25, 0.546875, 0.46875), (1.3671875, 0.5, 0.296875), (-1.3671875, 0.5, 0.296875), (1.3125, 0.53125, 0.0546875), (-1.3125, 0.53125, 0.0546875), (1.0390625, 0.4921875, -0.0859375), (-1.0390625, 0.4921875, -0.0859375), (0.7890625, 0.328125, -0.125), (-0.7890625, 0.328125, -0.125), (0.859375, 0.3828125, 0.3828125), (-0.859375, 0.3828125, 0.3828125)]
            texCoord2f[] primvars:st = [(0.84325, 0.588863), (0.833697, 0.611927), (0.794218, 0.611927), (0.815334, 0.560948), (0.866314, 0.937441), (0.866314, 0.897962), (0.889378, 0.888409), (0.917293, 0.916324), (0.815334, 0.560948), (0.794218, 0.611927), (0.746541, 0.611927), (0.781622, 0.527235), (0.866314, 0.985118), (0.866314, 0.937441), (0.917293, 0.916324), (0.951006, 0.950037), (0.794218, 0.611927), (0.815334, 0.662907), (0.781622, 0.696619), (0.746541, 0.611927), (0.781622, 0.950037), (0.815334, 0.916325), (0.866314, 0.937441), (0.866314, 0.985118), (0.833697, 0.611927), (0.84325, 0.634991), (0.815334, 0.662907), (0.794218, 0.611927), (0.815334, 0.916325), (0.84325, 0.888409), (0.866314, 0.897962), (0.866314, 0.937441), (0.84325, 0.634991), (0.866314, 0.644544), (0.866314, 0.684023), (0.815334, 0.662907), (0.794218, 0.865345), (0.833697, 0.865345), (0.84325, 0.888409), (0.815334, 0.916325), (0.815334, 0.662907), (0.866314, 0.684023), (0.866314, 0.7317), (0.781622, 0.696619), (0.746541, 0.865345), (0.794218, 0.865345), (0.815334, 0.916325), (0.781622, 0.950037), (0.866314, 0.684023), (0.917293, 0.662907), (0.951006, 0.696619), (0.866314, 0.7317), (0.781622, 0.780653), (0.815334, 0.814366), (0.794218, 0.865345), (0.746541, 0.865345), (0.866314, 0.644544), (0.889378, 0.634991), (0.917293, 0.662907), (0.866314, 0.684023), (0.815334, 0.814366), (0.84325, 0.842281), (0.833697, 0.865345), (0.794218, 0.865345), (0.889378, 0.634991), (0.898931, 0.611927), (0.93841, 0.611927), (0.917293, 0.662907), (0.866314, 0.793249), (0.866314, 0.832728), (0.84325, 0.842281), (0.815334, 0.814366), (0.917293, 0.662907), (0.93841, 0.611927), (0.986087, 0.611927), (0.951006, 0.696619), (0.866314, 0.745572), (0.866314, 0.793249), (0.815334, 0.814366), (0.781622, 0.780653), (0.93841, 0.611927), (0.917294, 0.560947), (0.951006, 0.527235), (0.986087, 0.611927), (0.951006, 0.780653), (0.917294, 0.814365), (0.866314, 0.793249), (0.866314, 0.745572), (0.898931, 0.611927), (0.889378, 0.588863), (0.917294, 0.560947), (0.93841, 0.611927), (0.917294, 0.814365), (0.889378, 0.842281), (0.866314, 0.832728), (0.866314, 0.793249), (0.889378, 0.588863), (0.866314, 0.57931), (0.866314, 0.539831), (0.917294, 0.560947), (0.93841, 0.865345), (0.898931, 0.865345), (0.889378, 0.842281), (0.917294, 0.814365), (0.917294, 0.560947), (0.866314, 0.539831), (0.866314, 0.492154), (0.951006, 0.527235), (0.986087, 0.865345), (0.93841, 0.865345), (0.917294, 0.814365), (0.951006, 0.780653), (0.866314, 0.539831), (0.815334, 0.560948), (0.781622, 0.527235), (0.866314, 0.492154), (0.951006, 0.950037), (0.917293, 0.916324), (0.93841, 0.865345), (0.986087, 0.865345), (0.866314, 0.57931), (0.84325, 0.588863), (0.815334, 0.560948), (0.866314, 0.539831), (0.917293, 0.916324), (0.889378, 0.888409), (0.898931, 0.865345), (0.93841, 0.865345), (0.84325, 0.588863), (0.866314, 0.57931), (0.866314, 0.585461), (0.8476, 0.593213), (0.89278, 0.865345), (0.898931, 0.865345), (0.889378, 0.888409), (0.885028, 0.884059), (0.866314, 0.57931), (0.889378, 0.588863), (0.885028, 0.593213), (0.866314, 0.585461), (0.885028, 0.846631), (0.889378, 0.842281), (0.898931, 0.865345), (0.89278, 0.865345), (0.889378, 0.588863), (0.898931, 0.611927), (0.89278, 0.611927), (0.885028, 0.593213), (0.866314, 0.838879), (0.866314, 0.832728), (0.889378, 0.842281), (0.885028, 0.846631), (0.898931, 0.611927), (0.889378, 0.634991), (0.885028, 0.630641), (0.89278, 0.611927), (0.8476, 0.846631), (0.84325, 0.842281), (0.866314, 0.832728), (0.866314, 0.838879), (0.889378, 0.634991), (0.866314, 0.644544), (0.866314, 0.638393), (0.885028, 0.630641), (0.839848, 0.865345), (0.833697, 0.865345), (0.84325, 0.842281), (0.8476, 0.846631), (0.866314, 0.644544), (0.84325, 0.634991), (0.8476, 0.630641), (0.866314, 0.638393), (0.8476, 0.884059), (0.84325, 0.888409), (0.833697, 0.865345), (0.839848, 0.865345), (0.84325, 0.634991), (0.833697, 0.611927), (0.839848, 0.611927), (0.8476, 0.630641), (0.866314, 0.891811), (0.866314, 0.897962), (0.84325, 0.888409), (0.8476, 0.884059), (0.833697, 0.611927), (0.84325, 0.588863), (0.8476, 0.593213), (0.839848, 0.611927), (0.885028, 0.884059), (0.889378, 0.888409), (0.866314, 0.897962), (0.866314, 0.891811), (0.866314, 0.611927), (0.839848, 0.611927), (0.8476, 0.593213), (0.885028, 0.884059), (0.866314, 0.891811), (0.866314, 0.865345), (0.8476, 0.630641), (0.839848, 0.611927), (0.866314, 0.611927), (0.866314, 0.865345), (0.866314, 0.891811), (0.8476, 0.884059), (0.866314, 0.611927), (0.866314, 0.638393), (0.8476, 0.630641), (0.8476, 0.884059), (0.839848, 0.865345), (0.866314, 0.865345), (0.866314, 0.611927), (0.885028, 0.630641), (0.866314, 0.638393), (0.839848, 0.865345), (0.8476, 0.846631), (0.866314, 0.865345), (0.866314, 0.611927), (0.89278, 0.611927), (0.885028, 0.630641), (0.8476, 0.846631), (0.866314, 0.838879), (0.866314, 0.865345), (0.866314, 0.611927), (0.885028, 0.593213), (0.89278, 0.611927), (0.866314, 0.838879), (0.885028, 0.846631), (0.866314, 0.865345), (0.866314, 0.611927), (0.866314, 0.585461), (0.885028, 0.593213), (0.885028, 0.846631), (0.89278, 0.865345), (0.866314, 0.865345), (0.866314, 0.611927), (0.8476, 0.593213), (0.866314, 0.585461), (0.89278, 0.865345), (0.885028, 0.884059), (0.866314, 0.865345), (0.520711, 0.060503), (0.517028, 0.06849), (0.5, 0.064527), (0.5, 0.054411), (0.5, 0.064527), (0.482972, 0.06849), (0.479289, 0.060503), (0.5, 0.054411), (0.530457, 0.065062), (0.522612, 0.070678), (0.517028, 0.06849), (0.520711, 0.060503), (0.482972, 0.06849), (0.477388, 0.070678), (0.469543, 0.065062), (0.479289, 0.060503), (0.532878, 0.067822), (0.526301, 0.079422), (0.522612, 0.070678), (0.530457, 0.065062), (0.477388, 0.070678), (0.473699, 0.079422), (0.467122, 0.067822), (0.469543, 0.065062), (0.544695, 0.083023), (0.529228, 0.091098), (0.526301, 0.079422), (0.532878, 0.067822), (0.473699, 0.079422), (0.470772, 0.091098), (0.455305, 0.083023), (0.467122, 0.067822), (0.565647, 0.115495), (0.537536, 0.127779), (0.529228, 0.091098), (0.544695, 0.083023), (0.470772, 0.091098), (0.462464, 0.127779), (0.434353, 0.115495), (0.455305, 0.083023), (0.586916, 0.172042), (0.626605, 0.208159), (0.60047, 0.238288), (0.535885, 0.215568), (0.39953, 0.238288), (0.373395, 0.208159), (0.413084, 0.172042), (0.464115, 0.215568), (0.626605, 0.208159), (0.650908, 0.240294), (0.636962, 0.261221), (0.60047, 0.238288), (0.363038, 0.261221), (0.349092, 0.240294), (0.373395, 0.208159), (0.39953, 0.238288), (0.650908, 0.240294), (0.689501, 0.268805), (0.655896, 0.284413), (0.636962, 0.261221), (0.344104, 0.284413), (0.310499, 0.268805), (0.349092, 0.240294), (0.363038, 0.261221), (0.689501, 0.268805), (0.684517, 0.317795), (0.659507, 0.313152), (0.655896, 0.284413), (0.340493, 0.313152), (0.315483, 0.317795), (0.310499, 0.268805), (0.344104, 0.284413), (0.684517, 0.317795), (0.671357, 0.334694), (0.649107, 0.322437), (0.659507, 0.313152), (0.350893, 0.322437), (0.328643, 0.334694), (0.315483, 0.317795), (0.340493, 0.313152), (0.671357, 0.334694), (0.636775, 0.370732), (0.613636, 0.353108), (0.649107, 0.322437), (0.386364, 0.353108), (0.363225, 0.370732), (0.328643, 0.334694), (0.350893, 0.322437), (0.636775, 0.370732), (0.602261, 0.395588), (0.594178, 0.371277), (0.613636, 0.353108), (0.405822, 0.371277), (0.397739, 0.395588), (0.363225, 0.370732), (0.386364, 0.353108), (0.602261, 0.395588), (0.581044, 0.398468), (0.577351, 0.373341), (0.594178, 0.371277), (0.422649, 0.373341), (0.418956, 0.398468), (0.397739, 0.395588), (0.405822, 0.371277), (0.581044, 0.398468), (0.532016, 0.387365), (0.539817, 0.354339), (0.577351, 0.373341), (0.460183, 0.354339), (0.467984, 0.387365), (0.418956, 0.398468), (0.422649, 0.373341), (0.532016, 0.387365), (0.5, 0.38286), (0.5, 0.340417), (0.539817, 0.354339), (0.5, 0.340417), (0.5, 0.38286), (0.467984, 0.387365), (0.460183, 0.354339), (0.559135, 0.334326), (0.579057, 0.335646), (0.577351, 0.373341), (0.539817, 0.354339), (0.422649, 0.373341), (0.420943, 0.335646), (0.440865, 0.334326), (0.460183, 0.354339), (0.579057, 0.335646), (0.59209, 0.332885), (0.594178, 0.371277), (0.577351, 0.373341), (0.405822, 0.371277), (0.40791, 0.332885), (0.420943, 0.335646), (0.422649, 0.373341), (0.606163, 0.325516), (0.613636, 0.353108), (0.594178, 0.371277), (0.59209, 0.332885), (0.405822, 0.371277), (0.386364, 0.353108), (0.393837, 0.325516), (0.40791, 0.332885), (0.628251, 0.311636), (0.649107, 0.322437), (0.613636, 0.353108), (0.606163, 0.325516), (0.386364, 0.353108), (0.350893, 0.322437), (0.371749, 0.311636), (0.393837, 0.325516), (0.635551, 0.300507), (0.659507, 0.313152), (0.649107, 0.322437), (0.628251, 0.311636), (0.350893, 0.322437), (0.340493, 0.313152), (0.364449, 0.300507), (0.371749, 0.311636), (0.631484, 0.283889), (0.655896, 0.284413), (0.659507, 0.313152), (0.635551, 0.300507), (0.340493, 0.313152), (0.344104, 0.284413), (0.368516, 0.283889), (0.364449, 0.300507), (0.611331, 0.264411), (0.636962, 0.261221), (0.655896, 0.284413), (0.631484, 0.283889), (0.344104, 0.284413), (0.363038, 0.261221), (0.388669, 0.264411), (0.368516, 0.283889), (0.592372, 0.254897), (0.60047, 0.238288), (0.636962, 0.261221), (0.611331, 0.264411), (0.363038, 0.261221), (0.39953, 0.238288), (0.407628, 0.254897), (0.388669, 0.264411), (0.559669, 0.267717), (0.535885, 0.215568), (0.60047, 0.238288), (0.592372, 0.254897), (0.39953, 0.238288), (0.464115, 0.215568), (0.440331, 0.267717), (0.407628, 0.254897), (0.559669, 0.267717), (0.550878, 0.277832), (0.5, 0.252445), (0.535885, 0.215568), (0.5, 0.252445), (0.449122, 0.277832), (0.440331, 0.267717), (0.464115, 0.215568), (0.559135, 0.334326), (0.539817, 0.354339), (0.5, 0.340417), (0.544001, 0.314523), (0.5, 0.340417), (0.460183, 0.354339), (0.440865, 0.334326), (0.455999, 0.314523), (0.544001, 0.314523), (0.5, 0.340417), (0.5, 0.295691), (0.543637, 0.293371), (0.5, 0.295691), (0.5, 0.340417), (0.455999, 0.314523), (0.456363, 0.293371), (0.5, 0.252445), (0.550878, 0.277832), (0.543637, 0.293371), (0.5, 0.295691), (0.456363, 0.293371), (0.449122, 0.277832), (0.5, 0.252445), (0.5, 0.295691), (0.506819, 0.075382), (0.5, 0.073497), (0.5, 0.064527), (0.517028, 0.06849), (0.5, 0.064527), (0.5, 0.073497), (0.493181, 0.075382), (0.482972, 0.06849), (0.511782, 0.080633), (0.506819, 0.075382), (0.517028, 0.06849), (0.522612, 0.070678), (0.482972, 0.06849), (0.493181, 0.075382), (0.488218, 0.080633), (0.477388, 0.070678), (0.512172, 0.093457), (0.511782, 0.080633), (0.522612, 0.070678), (0.526301, 0.079422), (0.477388, 0.070678), (0.488218, 0.080633), (0.487828, 0.093457), (0.473699, 0.079422), (0.537536, 0.127779), (0.514257, 0.133422), (0.513874, 0.097191), (0.529228, 0.091098), (0.486126, 0.097191), (0.485743, 0.133422), (0.462464, 0.127779), (0.470772, 0.091098), (0.512172, 0.093457), (0.526301, 0.079422), (0.529228, 0.091098), (0.513874, 0.097191), (0.470772, 0.091098), (0.473699, 0.079422), (0.487828, 0.093457), (0.486126, 0.097191), (0.520226, 0.164615), (0.5, 0.157864), (0.5, 0.134352), (0.514257, 0.133422), (0.5, 0.134352), (0.5, 0.157864), (0.479774, 0.164615), (0.485743, 0.133422), (0.513874, 0.097191), (0.514257, 0.133422), (0.5, 0.134352), (0.5, 0.100063), (0.5, 0.134352), (0.485743, 0.133422), (0.486126, 0.097191), (0.5, 0.100063), (0.5, 0.091346), (0.512172, 0.093457), (0.513874, 0.097191), (0.5, 0.100063), (0.486126, 0.097191), (0.487828, 0.093457), (0.5, 0.091346), (0.5, 0.100063), (0.530258, 0.180239), (0.521901, 0.18156), (0.517666, 0.172353), (0.520226, 0.164615), (0.482334, 0.172353), (0.478099, 0.18156), (0.469742, 0.180239), (0.479774, 0.164615), (0.523673, 0.198817), (0.518957, 0.194728), (0.521901, 0.18156), (0.530258, 0.180239), (0.478099, 0.18156), (0.481043, 0.194728), (0.476327, 0.198817), (0.469742, 0.180239), (0.5, 0.203867), (0.508211, 0.197295), (0.518957, 0.194728), (0.523673, 0.198817), (0.481043, 0.194728), (0.491789, 0.197295), (0.5, 0.203867), (0.476327, 0.198817), (0.5, 0.197278), (0.5, 0.192167), (0.508211, 0.197295), (0.5, 0.203867), (0.491789, 0.197295), (0.5, 0.192167), (0.5, 0.197278), (0.5, 0.203867), (0.5, 0.157864), (0.520226, 0.164615), (0.517666, 0.172353), (0.5, 0.16517), (0.482334, 0.172353), (0.479774, 0.164615), (0.5, 0.157864), (0.5, 0.16517), (0.5, 0.16517), (0.517666, 0.172353), (0.513538, 0.176949), (0.5, 0.171718), (0.486462, 0.176949), (0.482334, 0.172353), (0.5, 0.16517), (0.5, 0.171718), (0.5, 0.192167), (0.5, 0.186182), (0.508818, 0.192407), (0.508211, 0.197295), (0.491182, 0.192407), (0.5, 0.186182), (0.5, 0.192167), (0.491789, 0.197295), (0.508211, 0.197295), (0.508818, 0.192407), (0.515232, 0.190709), (0.518957, 0.194728), (0.484768, 0.190709), (0.491182, 0.192407), (0.491789, 0.197295), (0.481043, 0.194728), (0.518957, 0.194728), (0.515232, 0.190709), (0.516908, 0.181873), (0.521901, 0.18156), (0.483092, 0.181873), (0.484768, 0.190709), (0.481043, 0.194728), (0.478099, 0.18156), (0.521901, 0.18156), (0.516908, 0.181873), (0.513538, 0.176949), (0.517666, 0.172353), (0.486462, 0.176949), (0.483092, 0.181873), (0.478099, 0.18156), (0.482334, 0.172353), (0.5, 0.186182), (0.516908, 0.181873), (0.515232, 0.190709), (0.508818, 0.192407), (0.484768, 0.190709), (0.483092, 0.181873), (0.5, 0.186182), (0.491182, 0.192407), (0.5, 0.186182), (0.5, 0.171718), (0.513538, 0.176949), (0.516908, 0.181873), (0.486462, 0.176949), (0.5, 0.171718), (0.5, 0.186182), (0.483092, 0.181873), (0.5, 0.203867), (0.523673, 0.198817), (0.535885, 0.215568), (0.5, 0.252445), (0.464115, 0.215568), (0.476327, 0.198817), (0.5, 0.203867), (0.5, 0.252445), (0.523673, 0.198817), (0.530258, 0.180239), (0.544209, 0.172814), (0.535885, 0.215568), (0.455791, 0.172814), (0.469742, 0.180239), (0.476327, 0.198817), (0.464115, 0.215568), (0.530258, 0.180239), (0.520226, 0.164615), (0.541327, 0.154899), (0.544209, 0.172814), (0.458673, 0.154899), (0.479774, 0.164615), (0.469742, 0.180239), (0.455791, 0.172814), (0.520226, 0.164615), (0.514257, 0.133422), (0.537536, 0.127779), (0.541327, 0.154899), (0.462464, 0.127779), (0.485743, 0.133422), (0.479774, 0.164615), (0.458673, 0.154899), (0.565647, 0.115495), (0.578661, 0.139176), (0.541327, 0.154899), (0.537536, 0.127779), (0.458673, 0.154899), (0.421339, 0.139176), (0.434353, 0.115495), (0.462464, 0.127779), (0.578661, 0.139176), (0.583245, 0.154155), (0.544209, 0.172814), (0.541327, 0.154899), (0.455791, 0.172814), (0.416755, 0.154155), (0.421339, 0.139176), (0.458673, 0.154899), (0.586916, 0.172042), (0.535885, 0.215568), (0.544209, 0.172814), (0.583245, 0.154155), (0.455791, 0.172814), (0.464115, 0.215568), (0.413084, 0.172042), (0.416755, 0.154155), (0.512172, 0.093457), (0.5, 0.091346), (0.5, 0.089977), (0.509911, 0.090724), (0.5, 0.089977), (0.5, 0.091346), (0.487828, 0.093457), (0.490089, 0.090724), (0.511782, 0.080633), (0.512172, 0.093457), (0.509911, 0.090724), (0.509713, 0.082236), (0.490089, 0.090724), (0.487828, 0.093457), (0.488218, 0.080633), (0.490287, 0.082236), (0.506819, 0.075382), (0.511782, 0.080633), (0.509713, 0.082236), (0.505196, 0.077083), (0.490287, 0.082236), (0.488218, 0.080633), (0.493181, 0.075382), (0.494804, 0.077083), (0.5, 0.073497), (0.506819, 0.075382), (0.505196, 0.077083), (0.5, 0.075473), (0.494804, 0.077083), (0.493181, 0.075382), (0.5, 0.073497), (0.5, 0.075473), (0.5, 0.075473), (0.505196, 0.077083), (0.503445, 0.08084), (0.5, 0.08032), (0.496555, 0.08084), (0.494804, 0.077083), (0.5, 0.075473), (0.5, 0.08032), (0.505196, 0.077083), (0.509713, 0.082236), (0.50666, 0.083289), (0.503445, 0.08084), (0.49334, 0.083289), (0.490287, 0.082236), (0.494804, 0.077083), (0.496555, 0.08084), (0.509713, 0.082236), (0.509911, 0.090724), (0.506822, 0.086791), (0.50666, 0.083289), (0.493178, 0.086791), (0.490089, 0.090724), (0.490287, 0.082236), (0.49334, 0.083289), (0.509911, 0.090724), (0.5, 0.089977), (0.5, 0.085637), (0.506822, 0.086791), (0.5, 0.085637), (0.5, 0.089977), (0.490089, 0.090724), (0.493178, 0.086791), (0.5, 0.085637), (0.5, 0.08032), (0.503445, 0.08084), (0.506822, 0.086791), (0.496555, 0.08084), (0.5, 0.08032), (0.5, 0.085637), (0.493178, 0.086791), (0.506822, 0.086791), (0.503445, 0.08084), (0.50666, 0.083289), (0.49334, 0.083289), (0.496555, 0.08084), (0.493178, 0.086791), (0.543637, 0.293371), (0.550878, 0.277832), (0.562361, 0.284338), (0.55919, 0.294882), (0.437639, 0.284338), (0.449122, 0.277832), (0.456363, 0.293371), (0.44081, 0.294882), (0.544001, 0.314523), (0.543637, 0.293371), (0.55919, 0.294882), (0.56318, 0.307151), (0.44081, 0.294882), (0.456363, 0.293371), (0.455999, 0.314523), (0.43682, 0.307151), (0.559135, 0.334326), (0.544001, 0.314523), (0.56318, 0.307151), (0.570458, 0.318697), (0.43682, 0.307151), (0.455999, 0.314523), (0.440865, 0.334326), (0.429542, 0.318697), (0.550878, 0.277832), (0.559669, 0.267717), (0.569243, 0.278245), (0.562361, 0.284338), (0.430757, 0.278245), (0.440331, 0.267717), (0.449122, 0.277832), (0.437639, 0.284338), (0.559669, 0.267717), (0.592372, 0.254897), (0.589914, 0.271772), (0.569243, 0.278245), (0.410086, 0.271772), (0.407628, 0.254897), (0.440331, 0.267717), (0.430757, 0.278245), (0.592372, 0.254897), (0.611331, 0.264411), (0.60219, 0.27718), (0.589914, 0.271772), (0.39781, 0.27718), (0.388669, 0.264411), (0.407628, 0.254897), (0.410086, 0.271772), (0.611331, 0.264411), (0.631484, 0.283889), (0.61711, 0.287175), (0.60219, 0.27718), (0.38289, 0.287175), (0.368516, 0.283889), (0.388669, 0.264411), (0.39781, 0.27718), (0.631484, 0.283889), (0.635551, 0.300507), (0.618074, 0.299197), (0.61711, 0.287175), (0.381926, 0.299197), (0.364449, 0.300507), (0.368516, 0.283889), (0.38289, 0.287175), (0.635551, 0.300507), (0.628251, 0.311636), (0.615871, 0.307438), (0.618074, 0.299197), (0.384129, 0.307438), (0.371749, 0.311636), (0.364449, 0.300507), (0.381926, 0.299197), (0.628251, 0.311636), (0.606163, 0.325516), (0.598424, 0.313725), (0.615871, 0.307438), (0.401576, 0.313725), (0.393837, 0.325516), (0.371749, 0.311636), (0.384129, 0.307438), (0.606163, 0.325516), (0.59209, 0.332885), (0.590828, 0.319797), (0.598424, 0.313725), (0.409172, 0.319797), (0.40791, 0.332885), (0.393837, 0.325516), (0.401576, 0.313725), (0.59209, 0.332885), (0.579057, 0.335646), (0.58213, 0.320991), (0.590828, 0.319797), (0.41787, 0.320991), (0.420943, 0.335646), (0.40791, 0.332885), (0.409172, 0.319797), (0.579057, 0.335646), (0.559135, 0.334326), (0.570458, 0.318697), (0.58213, 0.320991), (0.429542, 0.318697), (0.440865, 0.334326), (0.420943, 0.335646), (0.41787, 0.320991), (0.58213, 0.320991), (0.570458, 0.318697), (0.578615, 0.309394), (0.583998, 0.312892), (0.421385, 0.309394), (0.429542, 0.318697), (0.41787, 0.320991), (0.416002, 0.312892), (0.590828, 0.319797), (0.58213, 0.320991), (0.583998, 0.312892), (0.589656, 0.312336), (0.416002, 0.312892), (0.41787, 0.320991), (0.409172, 0.319797), (0.410344, 0.312336), (0.598424, 0.313725), (0.590828, 0.319797), (0.589656, 0.312336), (0.596347, 0.309249), (0.410344, 0.312336), (0.409172, 0.319797), (0.401576, 0.313725), (0.403653, 0.309249), (0.615871, 0.307438), (0.598424, 0.313725), (0.596347, 0.309249), (0.606014, 0.302517), (0.403653, 0.309249), (0.401576, 0.313725), (0.384129, 0.307438), (0.393986, 0.302517), (0.618074, 0.299197), (0.615871, 0.307438), (0.606014, 0.302517), (0.607735, 0.29752), (0.393986, 0.302517), (0.384129, 0.307438), (0.381926, 0.299197), (0.392265, 0.29752), (0.61711, 0.287175), (0.618074, 0.299197), (0.607735, 0.29752), (0.606985, 0.291216), (0.392265, 0.29752), (0.381926, 0.299197), (0.38289, 0.287175), (0.393015, 0.291216), (0.60219, 0.27718), (0.61711, 0.287175), (0.606985, 0.291216), (0.598275, 0.283083), (0.393015, 0.291216), (0.38289, 0.287175), (0.39781, 0.27718), (0.401725, 0.283083), (0.589914, 0.271772), (0.60219, 0.27718), (0.598275, 0.283083), (0.589866, 0.280167), (0.401725, 0.283083), (0.39781, 0.27718), (0.410086, 0.271772), (0.410134, 0.280167), (0.569243, 0.278245), (0.589914, 0.271772), (0.589866, 0.280167), (0.576352, 0.284624), (0.410134, 0.280167), (0.410086, 0.271772), (0.430757, 0.278245), (0.423648, 0.284624), (0.562361, 0.284338), (0.569243, 0.278245), (0.576352, 0.284624), (0.572831, 0.289915), (0.423648, 0.284624), (0.430757, 0.278245), (0.437639, 0.284338), (0.427169, 0.289915), (0.570458, 0.318697), (0.56318, 0.307151), (0.573307, 0.303342), (0.578615, 0.309394), (0.426693, 0.303342), (0.43682, 0.307151), (0.429542, 0.318697), (0.421385, 0.309394), (0.56318, 0.307151), (0.55919, 0.294882), (0.572447, 0.295716), (0.573307, 0.303342), (0.427553, 0.295716), (0.44081, 0.294882), (0.43682, 0.307151), (0.426693, 0.303342), (0.55919, 0.294882), (0.562361, 0.284338), (0.572831, 0.289915), (0.572447, 0.295716), (0.427169, 0.289915), (0.437639, 0.284338), (0.44081, 0.294882), (0.427553, 0.295716), (0.5, 0.38286), (0.532016, 0.387365), (0.529647, 0.428636), (0.5, 0.428636), (0.470353, 0.428636), (0.467984, 0.387365), (0.5, 0.38286), (0.5, 0.428636), (0.532016, 0.387365), (0.581044, 0.398468), (0.584616, 0.428636), (0.529647, 0.428636), (0.415384, 0.428636), (0.418956, 0.398468), (0.467984, 0.387365), (0.470353, 0.428636), (0.581044, 0.398468), (0.602261, 0.395588), (0.622301, 0.417889), (0.584616, 0.428636), (0.377699, 0.417889), (0.397739, 0.395588), (0.418956, 0.398468), (0.415384, 0.428636), (0.602261, 0.395588), (0.636775, 0.370732), (0.666214, 0.388954), (0.622301, 0.417889), (0.333786, 0.388954), (0.363225, 0.370732), (0.397739, 0.395588), (0.377699, 0.417889), (0.636775, 0.370732), (0.671357, 0.334694), (0.701481, 0.344467), (0.666214, 0.388954), (0.298519, 0.344467), (0.328643, 0.334694), (0.363225, 0.370732), (0.333786, 0.388954), (0.671357, 0.334694), (0.684517, 0.317795), (0.712163, 0.315527), (0.701481, 0.344467), (0.287837, 0.315527), (0.315483, 0.317795), (0.328643, 0.334694), (0.298519, 0.344467), (0.684517, 0.317795), (0.689501, 0.268805), (0.704305, 0.260225), (0.712163, 0.315527), (0.295695, 0.260225), (0.310499, 0.268805), (0.315483, 0.317795), (0.287837, 0.315527), (0.689501, 0.268805), (0.650908, 0.240294), (0.672947, 0.22488), (0.704305, 0.260225), (0.327053, 0.22488), (0.349092, 0.240294), (0.310499, 0.268805), (0.295695, 0.260225), (0.650908, 0.240294), (0.626605, 0.208159), (0.640497, 0.198841), (0.672947, 0.22488), (0.359503, 0.198841), (0.373395, 0.208159), (0.349092, 0.240294), (0.327053, 0.22488), (0.603553, 0.023452), (0.625128, 0.029461), (0.635753, 0.082198), (0.598617, 0.056841), (0.364247, 0.082198), (0.374872, 0.029461), (0.396447, 0.023452), (0.401383, 0.056841), (0.546781, 0.009442), (0.603553, 0.023452), (0.598617, 0.056841), (0.556354, 0.040906), (0.401383, 0.056841), (0.396447, 0.023452), (0.453219, 0.009442), (0.443646, 0.040906), (0.5, 0.033223), (0.546781, 0.009442), (0.556354, 0.040906), (0.527159, 0.049514), (0.443646, 0.040906), (0.453219, 0.009442), (0.5, 0.033223), (0.472841, 0.049514), (0.520711, 0.060503), (0.5, 0.054411), (0.5, 0.033223), (0.527159, 0.049514), (0.5, 0.033223), (0.5, 0.054411), (0.479289, 0.060503), (0.472841, 0.049514), (0.530457, 0.065062), (0.520711, 0.060503), (0.527159, 0.049514), (0.537222, 0.060794), (0.472841, 0.049514), (0.479289, 0.060503), (0.469543, 0.065062), (0.462778, 0.060794), (0.532878, 0.067822), (0.530457, 0.065062), (0.537222, 0.060794), (0.558499, 0.065137), (0.462778, 0.060794), (0.469543, 0.065062), (0.467122, 0.067822), (0.441501, 0.065137), (0.544695, 0.083023), (0.532878, 0.067822), (0.558499, 0.065137), (0.588127, 0.085177), (0.441501, 0.065137), (0.467122, 0.067822), (0.455305, 0.083023), (0.411873, 0.085177), (0.558499, 0.065137), (0.556354, 0.040906), (0.598617, 0.056841), (0.588127, 0.085177), (0.401383, 0.056841), (0.443646, 0.040906), (0.441501, 0.065137), (0.411873, 0.085177), (0.558499, 0.065137), (0.537222, 0.060794), (0.527159, 0.049514), (0.556354, 0.040906), (0.472841, 0.049514), (0.462778, 0.060794), (0.441501, 0.065137), (0.443646, 0.040906), (0.607239, 0.11394), (0.588127, 0.085177), (0.598617, 0.056841), (0.635753, 0.082198), (0.401383, 0.056841), (0.411873, 0.085177), (0.392761, 0.11394), (0.364247, 0.082198), (0.565647, 0.115495), (0.544695, 0.083023), (0.588127, 0.085177), (0.607239, 0.11394), (0.411873, 0.085177), (0.455305, 0.083023), (0.434353, 0.115495), (0.392761, 0.11394), (0.578661, 0.139176), (0.612663, 0.133675), (0.605467, 0.151503), (0.583245, 0.154155), (0.394533, 0.151503), (0.387337, 0.133675), (0.421339, 0.139176), (0.416755, 0.154155), (0.565647, 0.115495), (0.607239, 0.11394), (0.612663, 0.133675), (0.578661, 0.139176), (0.387337, 0.133675), (0.392761, 0.11394), (0.434353, 0.115495), (0.421339, 0.139176), (0.586916, 0.172042), (0.583245, 0.154155), (0.605467, 0.151503), (0.600708, 0.162985), (0.394533, 0.151503), (0.416755, 0.154155), (0.413084, 0.172042), (0.399292, 0.162985), (0.586916, 0.172042), (0.600708, 0.162985), (0.640497, 0.198841), (0.626605, 0.208159), (0.359503, 0.198841), (0.399292, 0.162985), (0.413084, 0.172042), (0.373395, 0.208159), (0.922374, 0.064228), (0.859647, 0.117994), (0.823287, 0.101559), (0.861342, 0.02723), (0.176713, 0.101559), (0.140353, 0.117994), (0.077626, 0.064228), (0.138658, 0.02723), (0.861342, 0.02723), (0.823287, 0.101559), (0.765863, 0.087001), (0.774604, 0.010837), (0.234137, 0.087001), (0.176713, 0.101559), (0.138658, 0.02723), (0.225396, 0.010837), (0.774604, 0.010837), (0.765863, 0.087001), (0.661952, 0.087561), (0.64701, 0.028716), (0.338048, 0.087561), (0.234137, 0.087001), (0.225396, 0.010837), (0.35299, 0.028716), (0.64701, 0.028716), (0.661952, 0.087561), (0.635753, 0.082198), (0.625128, 0.029461), (0.364247, 0.082198), (0.338048, 0.087561), (0.35299, 0.028716), (0.374872, 0.029461), (0.607239, 0.11394), (0.635753, 0.082198), (0.661952, 0.087561), (0.612663, 0.133675), (0.338048, 0.087561), (0.364247, 0.082198), (0.392761, 0.11394), (0.387337, 0.133675), (0.704305, 0.260225), (0.672947, 0.22488), (0.743592, 0.198572), (0.76641, 0.233065), (0.256408, 0.198572), (0.327053, 0.22488), (0.295695, 0.260225), (0.23359, 0.233065), (0.987633, 0.154243), (0.889478, 0.177602), (0.859647, 0.117994), (0.922374, 0.064228), (0.140353, 0.117994), (0.110522, 0.177602), (0.012367, 0.154243), (0.077626, 0.064228), (0.899807, 0.420886), (0.844317, 0.34737), (0.881169, 0.309153), (0.958963, 0.357385), (0.118831, 0.309153), (0.155683, 0.34737), (0.100193, 0.420886), (0.041037, 0.357385), (0.958963, 0.357385), (0.881169, 0.309153), (0.903302, 0.261367), (0.99986, 0.253531), (0.096698, 0.261367), (0.118831, 0.309153), (0.041037, 0.357385), (0.00014, 0.253531), (0.99986, 0.253531), (0.903302, 0.261367), (0.889478, 0.177602), (0.987633, 0.154243), (0.110522, 0.177602), (0.096698, 0.261367), (0.00014, 0.253531), (0.012367, 0.154243), (0.724763, 0.340212), (0.712163, 0.315527), (0.744725, 0.304629), (0.766113, 0.319494), (0.255275, 0.304629), (0.287837, 0.315527), (0.275237, 0.340212), (0.233887, 0.319494), (0.766113, 0.319494), (0.744725, 0.304629), (0.793427, 0.280495), (0.826663, 0.29781), (0.206573, 0.280495), (0.255275, 0.304629), (0.233887, 0.319494), (0.173337, 0.29781), (0.826663, 0.29781), (0.793427, 0.280495), (0.82362, 0.254612), (0.855331, 0.267956), (0.17638, 0.254612), (0.206573, 0.280495), (0.173337, 0.29781), (0.144669, 0.267956), (0.855331, 0.267956), (0.82362, 0.254612), (0.83586, 0.225225), (0.868309, 0.233525), (0.16414, 0.225225), (0.17638, 0.254612), (0.144669, 0.267956), (0.131691, 0.233525), (0.813499, 0.190705), (0.851288, 0.181145), (0.868309, 0.233525), (0.83586, 0.225225), (0.131691, 0.233525), (0.148712, 0.181145), (0.186501, 0.190705), (0.16414, 0.225225), (0.889478, 0.177602), (0.903302, 0.261367), (0.868309, 0.233525), (0.851288, 0.181145), (0.131691, 0.233525), (0.096698, 0.261367), (0.110522, 0.177602), (0.148712, 0.181145), (0.903302, 0.261367), (0.881169, 0.309153), (0.855331, 0.267956), (0.868309, 0.233525), (0.144669, 0.267956), (0.118831, 0.309153), (0.096698, 0.261367), (0.131691, 0.233525), (0.881169, 0.309153), (0.844317, 0.34737), (0.826663, 0.29781), (0.855331, 0.267956), (0.173337, 0.29781), (0.155683, 0.34737), (0.118831, 0.309153), (0.144669, 0.267956), (0.844317, 0.34737), (0.772263, 0.37401), (0.766113, 0.319494), (0.826663, 0.29781), (0.233887, 0.319494), (0.227737, 0.37401), (0.155683, 0.34737), (0.173337, 0.29781), (0.744519, 0.390057), (0.724763, 0.340212), (0.766113, 0.319494), (0.772263, 0.37401), (0.233887, 0.319494), (0.275237, 0.340212), (0.255481, 0.390057), (0.227737, 0.37401), (0.824765, 0.470987), (0.772263, 0.37401), (0.844317, 0.34737), (0.899807, 0.420886), (0.155683, 0.34737), (0.227737, 0.37401), (0.175235, 0.470987), (0.100193, 0.420886), (0.792141, 0.464714), (0.742181, 0.461543), (0.726855, 0.432574), (0.744519, 0.390057), (0.273145, 0.432574), (0.257819, 0.461543), (0.207859, 0.464714), (0.255481, 0.390057), (0.792141, 0.464714), (0.744519, 0.390057), (0.772263, 0.37401), (0.824765, 0.470987), (0.227737, 0.37401), (0.255481, 0.390057), (0.207859, 0.464714), (0.175235, 0.470987), (0.795638, 0.489991), (0.792141, 0.464714), (0.824765, 0.470987), (0.175235, 0.470987), (0.207859, 0.464714), (0.204362, 0.489991), (0.712163, 0.315527), (0.704305, 0.260225), (0.76641, 0.233065), (0.744725, 0.304629), (0.23359, 0.233065), (0.295695, 0.260225), (0.287837, 0.315527), (0.255275, 0.304629), (0.76641, 0.233065), (0.786137, 0.227788), (0.793427, 0.280495), (0.744725, 0.304629), (0.206573, 0.280495), (0.213863, 0.227788), (0.23359, 0.233065), (0.255275, 0.304629), (0.786137, 0.227788), (0.80295, 0.203415), (0.82362, 0.254612), (0.793427, 0.280495), (0.17638, 0.254612), (0.19705, 0.203415), (0.213863, 0.227788), (0.206573, 0.280495), (0.813499, 0.190705), (0.83586, 0.225225), (0.82362, 0.254612), (0.80295, 0.203415), (0.17638, 0.254612), (0.16414, 0.225225), (0.186501, 0.190705), (0.19705, 0.203415), (0.661952, 0.087561), (0.765863, 0.087001), (0.769334, 0.128771), (0.691484, 0.146686), (0.230666, 0.128771), (0.234137, 0.087001), (0.338048, 0.087561), (0.308516, 0.146686), (0.743592, 0.198572), (0.691484, 0.146686), (0.769334, 0.128771), (0.780113, 0.169386), (0.230666, 0.128771), (0.308516, 0.146686), (0.256408, 0.198572), (0.219887, 0.169386), (0.672947, 0.22488), (0.640497, 0.198841), (0.691484, 0.146686), (0.743592, 0.198572), (0.308516, 0.146686), (0.359503, 0.198841), (0.327053, 0.22488), (0.256408, 0.198572), (0.640497, 0.198841), (0.605467, 0.151503), (0.612663, 0.133675), (0.691484, 0.146686), (0.387337, 0.133675), (0.394533, 0.151503), (0.359503, 0.198841), (0.308516, 0.146686), (0.612663, 0.133675), (0.661952, 0.087561), (0.691484, 0.146686), (0.308516, 0.146686), (0.338048, 0.087561), (0.387337, 0.133675), (0.640497, 0.198841), (0.600708, 0.162985), (0.605467, 0.151503), (0.394533, 0.151503), (0.399292, 0.162985), (0.359503, 0.198841), (0.813499, 0.190705), (0.803789, 0.171181), (0.830917, 0.139518), (0.851288, 0.181145), (0.169083, 0.139518), (0.196211, 0.171181), (0.186501, 0.190705), (0.148712, 0.181145), (0.889478, 0.177602), (0.851288, 0.181145), (0.830917, 0.139518), (0.859647, 0.117994), (0.169083, 0.139518), (0.148712, 0.181145), (0.110522, 0.177602), (0.140353, 0.117994), (0.780113, 0.169386), (0.769334, 0.128771), (0.830917, 0.139518), (0.803789, 0.171181), (0.169083, 0.139518), (0.230666, 0.128771), (0.219887, 0.169386), (0.196211, 0.171181), (0.765863, 0.087001), (0.823287, 0.101559), (0.830917, 0.139518), (0.769334, 0.128771), (0.169083, 0.139518), (0.176713, 0.101559), (0.234137, 0.087001), (0.230666, 0.128771), (0.859647, 0.117994), (0.830917, 0.139518), (0.823287, 0.101559), (0.176713, 0.101559), (0.169083, 0.139518), (0.140353, 0.117994), (0.574628, 0.959188), (0.464516, 0.959188), (0.477326, 0.891852), (0.545439, 0.884582), (0.2729, 0.891852), (0.28571, 0.959188), (0.175598, 0.959188), (0.204787, 0.884582), (0.574628, 0.959188), (0.545439, 0.884582), (0.605134, 0.846978), (0.715894, 0.897069), (0.145092, 0.846978), (0.204787, 0.884582), (0.175598, 0.959188), (0.034332, 0.897069), (0.715894, 0.897069), (0.605134, 0.846978), (0.60536, 0.78441), (0.683874, 0.757011), (0.144866, 0.78441), (0.145092, 0.846978), (0.034332, 0.897069), (0.066352, 0.757011), (0.683874, 0.757011), (0.60536, 0.78441), (0.574835, 0.744212), (0.617867, 0.719156), (0.175391, 0.744212), (0.144866, 0.78441), (0.066352, 0.757011), (0.132359, 0.719156), (0.617867, 0.719156), (0.574835, 0.744212), (0.534996, 0.712528), (0.568728, 0.682132), (0.21523, 0.712528), (0.175391, 0.744212), (0.132359, 0.719156), (0.181498, 0.682132), (0.568728, 0.682132), (0.534996, 0.712528), (0.483006, 0.686791), (0.508539, 0.641024), (0.26722, 0.686791), (0.21523, 0.712528), (0.181498, 0.682132), (0.241687, 0.641024), (0.534996, 0.712528), (0.513415, 0.736977), (0.47888, 0.719593), (0.483006, 0.686791), (0.271346, 0.719593), (0.236811, 0.736977), (0.21523, 0.712528), (0.26722, 0.686791), (0.574835, 0.744212), (0.541117, 0.760754), (0.513415, 0.736977), (0.534996, 0.712528), (0.236811, 0.736977), (0.209109, 0.760754), (0.175391, 0.744212), (0.21523, 0.712528), (0.60536, 0.78441), (0.557599, 0.789442), (0.541117, 0.760754), (0.574835, 0.744212), (0.209109, 0.760754), (0.192627, 0.789442), (0.144866, 0.78441), (0.175391, 0.744212), (0.605134, 0.846978), (0.553841, 0.821849), (0.557599, 0.789442), (0.60536, 0.78441), (0.192627, 0.789442), (0.196385, 0.821849), (0.145092, 0.846978), (0.144866, 0.78441), (0.545439, 0.884582), (0.524671, 0.84238), (0.553841, 0.821849), (0.605134, 0.846978), (0.196385, 0.821849), (0.225555, 0.84238), (0.204787, 0.884582), (0.145092, 0.846978), (0.545439, 0.884582), (0.477326, 0.891852), (0.485193, 0.845321), (0.524671, 0.84238), (0.265033, 0.845321), (0.2729, 0.891852), (0.204787, 0.884582), (0.225555, 0.84238), (0.743592, 0.198572), (0.780113, 0.169386), (0.78615, 0.181127), (0.770208, 0.191225), (0.21385, 0.181127), (0.219887, 0.169386), (0.256408, 0.198572), (0.229792, 0.191225), (0.408153, 0.587507), (0.508539, 0.641024), (0.483006, 0.686791), (0.40961, 0.674022), (0.26722, 0.686791), (0.241687, 0.641024), (0.342073, 0.587507), (0.340616, 0.674022), (0.76641, 0.233065), (0.743592, 0.198572), (0.770208, 0.191225), (0.786137, 0.227788), (0.229792, 0.191225), (0.256408, 0.198572), (0.23359, 0.233065), (0.213863, 0.227788), (0.400301, 0.910556), (0.414155, 0.878318), (0.477326, 0.891852), (0.464516, 0.959188), (0.2729, 0.891852), (0.336071, 0.878318), (0.349925, 0.910556), (0.28571, 0.959188), (0.483006, 0.686791), (0.47888, 0.719593), (0.44363, 0.713731), (0.40961, 0.674022), (0.306596, 0.713731), (0.271346, 0.719593), (0.26722, 0.686791), (0.340616, 0.674022), (0.429725, 0.728622), (0.392812, 0.710774), (0.40961, 0.674022), (0.44363, 0.713731), (0.340616, 0.674022), (0.357414, 0.710774), (0.320501, 0.728622), (0.306596, 0.713731), (0.422979, 0.754609), (0.392812, 0.710774), (0.429725, 0.728622), (0.43264, 0.746527), (0.320501, 0.728622), (0.357414, 0.710774), (0.327247, 0.754609), (0.317586, 0.746527), (0.427719, 0.796173), (0.391578, 0.815187), (0.392812, 0.710774), (0.422979, 0.754609), (0.357414, 0.710774), (0.358648, 0.815187), (0.322507, 0.796173), (0.327247, 0.754609), (0.414155, 0.878318), (0.391578, 0.815187), (0.427719, 0.796173), (0.448277, 0.830976), (0.322507, 0.796173), (0.358648, 0.815187), (0.336071, 0.878318), (0.301949, 0.830976), (0.477326, 0.891852), (0.414155, 0.878318), (0.448277, 0.830976), (0.485193, 0.845321), (0.301949, 0.830976), (0.336071, 0.878318), (0.2729, 0.891852), (0.265033, 0.845321), (0.786137, 0.227788), (0.79771, 0.195652), (0.80258, 0.199758), (0.80295, 0.203415), (0.19742, 0.199758), (0.20229, 0.195652), (0.213863, 0.227788), (0.19705, 0.203415), (0.786137, 0.227788), (0.770208, 0.191225), (0.789609, 0.184671), (0.79771, 0.195652), (0.210391, 0.184671), (0.229792, 0.191225), (0.213863, 0.227788), (0.20229, 0.195652), (0.770208, 0.191225), (0.78615, 0.181127), (0.789609, 0.184671), (0.210391, 0.184671), (0.21385, 0.181127), (0.229792, 0.191225), (0.485193, 0.845321), (0.448277, 0.830976), (0.466042, 0.804091), (0.490498, 0.816075), (0.284184, 0.804091), (0.301949, 0.830976), (0.265033, 0.845321), (0.259728, 0.816075), (0.448277, 0.830976), (0.427719, 0.796173), (0.448042, 0.783921), (0.466042, 0.804091), (0.302184, 0.783921), (0.322507, 0.796173), (0.301949, 0.830976), (0.284184, 0.804091), (0.427719, 0.796173), (0.422979, 0.754609), (0.438745, 0.76496), (0.448042, 0.783921), (0.311481, 0.76496), (0.327247, 0.754609), (0.322507, 0.796173), (0.302184, 0.783921), (0.422979, 0.754609), (0.43264, 0.746527), (0.445216, 0.756351), (0.438745, 0.76496), (0.30501, 0.756351), (0.317586, 0.746527), (0.327247, 0.754609), (0.311481, 0.76496), (0.43264, 0.746527), (0.429725, 0.728622), (0.449819, 0.743458), (0.445216, 0.756351), (0.300407, 0.743458), (0.320501, 0.728622), (0.317586, 0.746527), (0.30501, 0.756351), (0.429725, 0.728622), (0.44363, 0.713731), (0.456307, 0.732687), (0.449819, 0.743458), (0.293919, 0.732687), (0.306596, 0.713731), (0.320501, 0.728622), (0.300407, 0.743458), (0.44363, 0.713731), (0.47888, 0.719593), (0.475471, 0.740871), (0.456307, 0.732687), (0.274755, 0.740871), (0.271346, 0.719593), (0.306596, 0.713731), (0.293919, 0.732687), (0.524671, 0.84238), (0.485193, 0.845321), (0.490498, 0.816075), (0.514211, 0.817769), (0.259728, 0.816075), (0.265033, 0.845321), (0.225555, 0.84238), (0.236015, 0.817769), (0.553841, 0.821849), (0.524671, 0.84238), (0.514211, 0.817769), (0.527961, 0.808598), (0.236015, 0.817769), (0.225555, 0.84238), (0.196385, 0.821849), (0.222265, 0.808598), (0.557599, 0.789442), (0.553841, 0.821849), (0.527961, 0.808598), (0.530079, 0.790754), (0.222265, 0.808598), (0.196385, 0.821849), (0.192627, 0.789442), (0.220147, 0.790754), (0.541117, 0.760754), (0.557599, 0.789442), (0.530079, 0.790754), (0.51862, 0.772385), (0.220147, 0.790754), (0.192627, 0.789442), (0.209109, 0.760754), (0.231606, 0.772385), (0.513415, 0.736977), (0.541117, 0.760754), (0.51862, 0.772385), (0.498668, 0.755033), (0.231606, 0.772385), (0.209109, 0.760754), (0.236811, 0.736977), (0.251558, 0.755033), (0.47888, 0.719593), (0.513415, 0.736977), (0.498668, 0.755033), (0.475471, 0.740871), (0.251558, 0.755033), (0.236811, 0.736977), (0.271346, 0.719593), (0.274755, 0.740871), (0.445216, 0.756351), (0.449819, 0.743458), (0.468029, 0.756171), (0.45966, 0.770459), (0.282197, 0.756171), (0.300407, 0.743458), (0.30501, 0.756351), (0.290566, 0.770459), (0.45966, 0.770459), (0.468029, 0.756171), (0.487167, 0.769899), (0.477354, 0.785393), (0.263059, 0.769899), (0.282197, 0.756171), (0.290566, 0.770459), (0.272872, 0.785393), (0.477354, 0.785393), (0.487167, 0.769899), (0.504617, 0.782999), (0.496545, 0.797122), (0.245609, 0.782999), (0.263059, 0.769899), (0.272872, 0.785393), (0.253681, 0.797122), (0.496545, 0.797122), (0.504617, 0.782999), (0.516137, 0.792591), (0.513713, 0.804019), (0.234089, 0.792591), (0.245609, 0.782999), (0.253681, 0.797122), (0.236513, 0.804019), (0.514211, 0.817769), (0.490498, 0.816075), (0.496545, 0.797122), (0.513713, 0.804019), (0.253681, 0.797122), (0.259728, 0.816075), (0.236015, 0.817769), (0.236513, 0.804019), (0.466042, 0.804091), (0.477354, 0.785393), (0.496545, 0.797122), (0.490498, 0.816075), (0.253681, 0.797122), (0.272872, 0.785393), (0.284184, 0.804091), (0.259728, 0.816075), (0.466042, 0.804091), (0.448042, 0.783921), (0.45966, 0.770459), (0.477354, 0.785393), (0.290566, 0.770459), (0.302184, 0.783921), (0.284184, 0.804091), (0.272872, 0.785393), (0.445216, 0.756351), (0.45966, 0.770459), (0.448042, 0.783921), (0.438745, 0.76496), (0.302184, 0.783921), (0.290566, 0.770459), (0.30501, 0.756351), (0.311481, 0.76496), (0.456307, 0.732687), (0.475471, 0.740871), (0.468029, 0.756171), (0.449819, 0.743458), (0.282197, 0.756171), (0.274755, 0.740871), (0.293919, 0.732687), (0.300407, 0.743458), (0.498668, 0.755033), (0.487167, 0.769899), (0.468029, 0.756171), (0.475471, 0.740871), (0.282197, 0.756171), (0.263059, 0.769899), (0.251558, 0.755033), (0.274755, 0.740871), (0.51862, 0.772385), (0.504617, 0.782999), (0.487167, 0.769899), (0.498668, 0.755033), (0.263059, 0.769899), (0.245609, 0.782999), (0.231606, 0.772385), (0.251558, 0.755033), (0.530079, 0.790754), (0.516137, 0.792591), (0.504617, 0.782999), (0.51862, 0.772385), (0.245609, 0.782999), (0.234089, 0.792591), (0.220147, 0.790754), (0.231606, 0.772385), (0.527961, 0.808598), (0.513713, 0.804019), (0.516137, 0.792591), (0.530079, 0.790754), (0.234089, 0.792591), (0.236513, 0.804019), (0.222265, 0.808598), (0.220147, 0.790754), (0.514211, 0.817769), (0.513713, 0.804019), (0.527961, 0.808598), (0.222265, 0.808598), (0.236513, 0.804019), (0.236015, 0.817769), (0.568728, 0.682132), (0.508539, 0.641024), (0.574269, 0.607668), (0.61351, 0.655816), (0.175957, 0.607668), (0.241687, 0.641024), (0.181498, 0.682132), (0.136716, 0.655816), (0.617867, 0.719156), (0.568728, 0.682132), (0.61351, 0.655816), (0.644031, 0.69327), (0.136716, 0.655816), (0.181498, 0.682132), (0.132359, 0.719156), (0.106195, 0.69327), (0.683874, 0.757011), (0.617867, 0.719156), (0.644031, 0.69327), (0.668163, 0.712097), (0.106195, 0.69327), (0.132359, 0.719156), (0.066352, 0.757011), (0.082063, 0.712097), (0.727131, 0.698475), (0.683874, 0.757011), (0.668163, 0.712097), (0.676584, 0.68601), (0.082063, 0.712097), (0.066352, 0.757011), (0.023095, 0.698475), (0.073642, 0.68601), (0.729804, 0.62437), (0.727131, 0.698475), (0.676584, 0.68601), (0.667013, 0.640198), (0.073642, 0.68601), (0.023095, 0.698475), (0.020422, 0.62437), (0.083213, 0.640198), (0.721292, 0.572934), (0.729804, 0.62437), (0.667013, 0.640198), (0.648152, 0.594596), (0.083213, 0.640198), (0.020422, 0.62437), (0.028934, 0.572934), (0.102074, 0.594596), (0.667013, 0.640198), (0.61351, 0.655816), (0.574269, 0.607668), (0.648152, 0.594596), (0.175957, 0.607668), (0.136716, 0.655816), (0.083213, 0.640198), (0.102074, 0.594596), (0.667013, 0.640198), (0.676584, 0.68601), (0.644031, 0.69327), (0.61351, 0.655816), (0.106195, 0.69327), (0.073642, 0.68601), (0.083213, 0.640198), (0.136716, 0.655816), (0.676584, 0.68601), (0.668163, 0.712097), (0.644031, 0.69327), (0.106195, 0.69327), (0.082063, 0.712097), (0.073642, 0.68601), (0.630034, 0.557583), (0.717709, 0.538143), (0.721292, 0.572934), (0.648152, 0.594596), (0.028934, 0.572934), (0.032517, 0.538143), (0.120192, 0.557583), (0.102074, 0.594596), (0.630034, 0.557583), (0.648152, 0.594596), (0.574269, 0.607668), (0.526877, 0.539235), (0.175957, 0.607668), (0.102074, 0.594596), (0.120192, 0.557583), (0.223349, 0.539235), (0.408153, 0.587507), (0.526877, 0.539235), (0.574269, 0.607668), (0.508539, 0.641024), (0.175957, 0.607668), (0.223349, 0.539235), (0.342073, 0.587507), (0.241687, 0.641024)] (
                interpolation = "faceVarying"
            )
            uniform token subdivisionScheme = "none"
            custom string userProperties:blender:data_name = "Suzanne.001"
        }
    }

    def Scope "_materials"
    {
        def Material "Material_002" (
            prepend apiSchemas = ["MaterialXConfigAPI"]
        )
        {
            string config:mtlx:version = "1.39"
            token outputs:mtlx:surface.connect = </root/_materials/Material_002/Principled_BSDF_mtlx1.outputs:surface>
            token outputs:surface.connect = </root/_materials/Material_002/Principled_BSDF.outputs:surface>
            custom string userProperties:blender:data_name = "Material.002"

            def Shader "Principled_BSDF"
            {
                uniform token info:id = "UsdPreviewSurface"
                float inputs:clearcoat = 0
                float inputs:clearcoatRoughness = 0.02808795
                color3f inputs:diffuseColor = (0.0026763582, 0.10336509, 0.80014896)
                float inputs:ior = 1.5
                float inputs:metallic = 0.7036329
                float inputs:opacity = 1
                float inputs:roughness = 0.28776288
                float inputs:specular = 0.5
                token outputs:surface
            }

            def Shader "Principled_BSDF_mtlx1"
            {
                uniform token info:id = "ND_open_pbr_surface_surfaceshader"
                color3f inputs:base_color = (0.00267636, 0.103365, 0.800149)
                float inputs:base_diffuse_roughness = 0
                float inputs:base_metalness = 0.703633
                float inputs:base_weight = 1
                color3f inputs:coat_color = (1, 1, 1)
                float inputs:coat_darkening
                float inputs:coat_ior = 1.5
                float inputs:coat_roughness = 0.0280879
                float inputs:coat_roughness_anisotropy
                float inputs:coat_weight = 0
                color3f inputs:emission_color = (1, 1, 1)
                float inputs:emission_luminance = 0
                color3f inputs:fuzz_color = (1, 1, 1)
                float inputs:fuzz_roughness = 0.5
                float inputs:fuzz_weight = 0
                float3 inputs:geometry_coat_normal
                float3 inputs:geometry_coat_tangent
                float3 inputs:geometry_normal
                float inputs:geometry_opacity = 1
                float3 inputs:geometry_tangent.connect = </root/_materials/Material_002/NodeGraphs.outputs:node_003_out>
                bool inputs:geometry_thin_walled
                color3f inputs:specular_color = (0, 1, 0.110818)
                float inputs:specular_ior = 1.5
                float inputs:specular_roughness = 0.287763
                float inputs:specular_roughness_anisotropy = 0
                float inputs:specular_weight = 1
                color3f inputs:subsurface_color = (0.00267636, 0.103365, 0.800149)
                float inputs:subsurface_radius = 0.05
                color3f inputs:subsurface_radius_scale = (1, 0.2, 0.1)
                float inputs:subsurface_scatter_anisotropy = 0
                float inputs:subsurface_weight = 0
                float inputs:thin_film_ior = 1.33
                float inputs:thin_film_thickness = 0
                float inputs:thin_film_weight = 0
                color3f inputs:transmission_color = (0.00267636, 0.103365, 0.800149)
                float inputs:transmission_depth
                float inputs:transmission_dispersion_abbe_number
                float inputs:transmission_dispersion_scale
                color3f inputs:transmission_scatter
                float inputs:transmission_scatter_anisotropy
                float inputs:transmission_weight = 0
                token outputs:surface
            }

            def NodeGraph "NodeGraphs"
            {
                float3 outputs:node_003_out.connect = </root/_materials/Material_002/NodeGraphs/node_003.outputs:out>

                def Shader "node"
                {
                    uniform token info:id = "ND_normal_vector3"
                    string inputs:space = "world"
                    float3 outputs:out
                }

                def Shader "node_001"
                {
                    uniform token info:id = "ND_normalize_vector3"
                    float3 inputs:in.connect = </root/_materials/Material_002/NodeGraphs/node.outputs:out>
                    float3 outputs:out
                }

                def Shader "node_002"
                {
                    uniform token info:id = "ND_tangent_vector3"
                    string inputs:space = "world"
                    float3 outputs:out
                }

                def Shader "node_003"
                {
                    uniform token info:id = "ND_normalize_vector3"
                    float3 inputs:in.connect = </root/_materials/Material_002/NodeGraphs/node_002.outputs:out>
                    float3 outputs:out
                }

                def Shader "node_004"
                {
                    uniform token info:id = "ND_rotate3d_vector3"
                    float inputs:amount = -90
                    float3 inputs:axis.connect = </root/_materials/Material_002/NodeGraphs/node_001.outputs:out>
                    float3 inputs:in.connect = </root/_materials/Material_002/NodeGraphs/node_003.outputs:out>
                    float3 outputs:out
                }

                def Shader "node_005"
                {
                    uniform token info:id = "ND_normalize_vector3"
                    float3 inputs:in.connect = </root/_materials/Material_002/NodeGraphs/node_004.outputs:out>
                    float3 outputs:out
                }
            }
        }
    }

    def DomeLight "env_light"
    {
        float inputs:intensity = 1
        asset inputs:texture:file = @.\textures\color_121212.hdr@
        float3 xformOp:rotateXYZ = (90, 1.2722219e-14, 90)
        uniform token[] xformOpOrder = ["xformOp:rotateXYZ"]
    }
}

